# Blender 4.5.1 LTS
# www.blender.org
mtllib rock_4.mtl
o moon_rock_01_LOD1
v 0.111361 0.004937 -0.059274
v 0.101372 0.003878 -0.053710
v 0.135824 0.009723 -0.000890
v 0.131479 0.005151 0.005891
v 0.124188 0.008988 -0.065848
v 0.128423 0.008856 -0.062650
v 0.123789 0.005221 -0.054944
v 0.125841 0.002992 0.004010
v 0.127965 0.002824 -0.005788
v 0.113866 0.004606 -0.056548
v 0.113721 0.004820 0.003340
v 0.111412 0.004713 -0.003731
v 0.127030 0.006006 -0.050692
v 0.108693 0.005046 -0.045987
v 0.128878 0.005942 -0.036135
v 0.124780 0.002993 -0.035303
v 0.127736 0.006849 -0.045016
v 0.121103 0.003454 -0.044046
v 0.109226 0.004988 -0.041241
v 0.133510 0.010727 -0.026694
v 0.127170 0.002655 -0.022399
v 0.132692 0.008329 -0.016317
v 0.137648 0.014893 -0.021840
v 0.115086 0.003571 -0.032868
v 0.112485 0.004513 -0.013698
v 0.114178 0.003379 -0.025902
v 0.112577 0.003879 -0.010696
v 0.082291 0.006341 0.001411
v 0.126679 0.002196 -0.014699
v 0.132253 0.008137 -0.010927
v 0.130043 0.006751 -0.019506
v 0.101965 0.003254 -0.047196
v 0.139876 0.015106 -0.016114
v 0.094643 0.005359 -0.017617
v 0.081700 0.007298 -0.008970
v 0.140210 0.014878 0.002113
v 0.096726 0.006543 0.004800
v 0.104165 0.004762 0.002639
v 0.091147 0.006264 -0.005737
v 0.142954 0.018713 -0.008655
v 0.108623 0.005069 0.008640
v 0.145822 0.020052 -0.002979
v 0.099980 0.005248 -0.006098
v 0.101469 0.004753 -0.014765
v 0.100994 0.004106 -0.010238
v 0.110651 0.004369 -0.021436
v 0.103631 0.008949 -0.064696
v 0.084549 0.006324 -0.018812
v 0.094033 0.003126 -0.047158
v 0.088673 0.003568 -0.041514
v 0.076565 0.003715 -0.042750
v 0.091749 0.006595 -0.022543
v 0.088352 0.007669 -0.029651
v 0.097989 0.004432 -0.020742
v 0.085572 0.004507 -0.050118
v 0.098658 0.005979 -0.038271
v 0.106754 0.004077 -0.027977
v 0.090967 0.004281 -0.052896
v 0.084724 0.006549 -0.033915
v 0.115077 0.008453 -0.066501
v 0.111202 0.010927 -0.067896
v 0.089325 0.013065 -0.067424
v 0.092922 0.007968 -0.061910
v 0.085547 0.010092 -0.063823
v 0.082136 0.006204 -0.055463
v 0.086469 0.007524 -0.059214
v 0.143017 0.016753 0.008291
v 0.081782 0.005710 -0.059324
v 0.092462 0.006874 0.012839
v 0.138473 0.056893 -0.064660
v 0.141128 0.052556 -0.066526
v 0.132988 0.054069 -0.063106
v 0.133716 0.013562 -0.046770
v 0.136891 0.017717 -0.053026
v 0.144746 0.024056 -0.047546
v 0.162519 0.054922 -0.073665
v 0.166257 0.058837 -0.069811
v 0.164723 0.050781 -0.060160
v 0.161103 0.059666 -0.075326
v 0.163392 0.060985 -0.075768
v 0.162302 0.051048 -0.071890
v 0.150222 0.041508 -0.069817
v 0.144819 0.053965 -0.067020
v 0.154807 0.050708 -0.070419
v 0.151045 0.057052 -0.069551
v 0.151776 0.064247 -0.071886
v 0.167288 0.055442 -0.058978
v 0.170865 0.058594 -0.057350
v 0.135145 0.039561 -0.065036
v 0.145513 0.035665 -0.068513
v 0.142413 0.026175 -0.065138
v 0.140701 0.034129 -0.066244
v 0.126536 0.049534 -0.060993
v 0.137802 0.064050 -0.066089
v 0.150527 0.031578 -0.056476
v 0.153019 0.035104 -0.058500
v 0.148958 0.030677 -0.054771
v 0.142849 0.061641 -0.066887
v 0.129738 0.063863 -0.062047
v 0.153000 0.032630 -0.050008
v 0.142880 0.024765 -0.054675
v 0.147249 0.028992 -0.060087
v 0.175422 0.059857 -0.051702
v 0.177041 0.062830 -0.049447
v 0.172607 0.056713 -0.051233
v 0.179218 0.069041 -0.056961
v 0.132139 0.033799 -0.065323
v 0.175445 0.062402 -0.041870
v 0.173783 0.055522 -0.042108
v 0.173622 0.055504 -0.037534
v 0.178537 0.065874 -0.035562
v 0.175483 0.064546 -0.035710
v 0.176023 0.066165 -0.040290
v 0.147056 0.031938 -0.067311
v 0.173912 0.057445 -0.032796
v 0.176473 0.064671 -0.027856
v 0.137976 0.028973 -0.066501
v 0.128710 0.030926 -0.063350
v 0.181543 0.063686 -0.010474
v 0.181122 0.064400 -0.017064
v 0.179239 0.066684 -0.021697
v 0.180828 0.068345 -0.017790
v 0.178219 0.060197 -0.019286
v 0.178436 0.060880 -0.022794
v 0.173715 0.054565 -0.025403
v 0.178535 0.058119 -0.010730
v 0.135678 0.020962 -0.065696
v 0.137753 0.020389 -0.064234
v 0.153244 0.036827 -0.067878
v 0.175024 0.056078 -0.019349
v 0.175774 0.055752 -0.021857
v 0.144823 0.021307 -0.019779
v 0.180404 0.060674 -0.003985
v 0.186272 0.070041 -0.006765
v 0.186897 0.066961 -0.001345
v 0.160236 0.042199 -0.064503
v 0.174804 0.062472 -0.053916
v 0.147016 0.021757 0.004133
v 0.135093 0.016798 -0.064151
v 0.133700 0.014347 -0.059399
v 0.130510 0.014185 -0.066038
v 0.158882 0.046346 -0.070254
v 0.154291 0.045350 -0.070817
v 0.168675 0.049783 -0.055235
v 0.158184 0.030793 0.002074
v 0.156182 0.030143 -0.005701
v 0.162020 0.036584 -0.005993
v 0.151811 0.025406 0.003742
v 0.152758 0.027739 -0.001856
v 0.150406 0.025852 -0.007837
v 0.152230 0.028715 -0.017118
v 0.156219 0.031960 -0.013059
v 0.163336 0.049199 -0.067102
v 0.159860 0.034360 -0.017199
v 0.166965 0.040148 0.001103
v 0.170440 0.043570 -0.005209
v 0.174124 0.045659 -0.003185
v 0.171648 0.043560 0.003927
v 0.173448 0.047050 -0.009358
v 0.175158 0.047434 0.003866
v 0.173351 0.050641 -0.001476
v 0.173266 0.051711 -0.010435
v 0.160074 0.036214 -0.023665
v 0.169210 0.043570 -0.011267
v 0.163821 0.038811 -0.014280
v 0.171468 0.046462 -0.019699
v 0.167282 0.043542 -0.024464
v 0.171636 0.050595 -0.016516
v 0.170939 0.050830 -0.022534
v 0.172456 0.047993 -0.026414
v 0.130225 0.021700 -0.066202
v 0.140144 0.018039 -0.031574
v 0.140134 0.020233 -0.036594
v 0.145856 0.024786 -0.029418
v 0.163110 0.045411 -0.060389
v 0.164711 0.046550 -0.056538
v 0.135651 0.014323 -0.042428
v 0.140085 0.019178 -0.046158
v 0.149022 0.027837 -0.036092
v 0.150478 0.027597 -0.027218
v 0.150888 0.030765 -0.044405
v 0.154486 0.032619 -0.039311
v 0.165569 0.041587 -0.034942
v 0.160956 0.037986 -0.035232
v 0.171307 0.046487 -0.027202
v 0.171237 0.049579 -0.028231
v 0.171057 0.048089 -0.037744
v 0.172984 0.050653 -0.041361
v 0.161763 0.040186 -0.045445
v 0.166158 0.041933 -0.041434
v 0.161650 0.042276 -0.046916
v 0.169503 0.047393 -0.043483
v 0.168866 0.049026 -0.050511
v 0.176419 0.053398 0.004293
v 0.183931 0.063244 0.001671
v 0.122179 0.059980 -0.058761
v 0.115811 0.048271 -0.058144
v 0.109019 0.027300 -0.063480
v 0.107785 0.034477 -0.062119
v 0.103702 0.030011 -0.070094
v 0.102023 0.036426 -0.067645
v 0.110850 0.065228 -0.054786
v 0.093170 0.062380 -0.057786
v 0.102467 0.058991 -0.057491
v 0.101613 0.052283 -0.062643
v 0.103263 0.059739 -0.054472
v 0.105657 0.043774 -0.058985
v 0.102874 0.064817 -0.054404
v 0.105932 0.066943 -0.052800
v 0.105203 0.040688 -0.064048
v 0.111998 0.032473 -0.061851
v 0.099652 0.040024 -0.067841
v 0.112211 0.050840 -0.057664
v 0.117104 0.036719 -0.060559
v 0.119694 0.040100 -0.060745
v 0.121327 0.029900 -0.064253
v 0.116786 0.026510 -0.063703
v 0.095767 0.053105 -0.061063
v 0.094908 0.046017 -0.063971
v 0.091515 0.031862 -0.070539
v 0.087262 0.038417 -0.068677
v 0.123786 0.022534 -0.065422
v 0.126386 0.012357 -0.067482
v 0.120983 0.010463 -0.067697
v 0.118383 0.014497 -0.067738
v 0.112470 0.015915 -0.067119
v 0.078268 0.024045 -0.074347
v 0.103028 0.019981 -0.074287
v 0.096482 0.021735 -0.074582
v 0.111892 0.019653 -0.065053
v 0.101469 0.045496 -0.064212
v 0.106170 0.016925 -0.072019
v 0.100932 0.030897 -0.072118
v 0.097551 0.017288 -0.073284
v 0.106241 0.027183 -0.069876
v 0.084371 0.022323 -0.075010
v 0.089460 0.022240 -0.074880
v 0.107360 0.012567 -0.069653
v 0.108352 0.023984 -0.064030
v 0.104586 0.051713 -0.056831
v 0.096727 0.012418 -0.068890
v 0.158705 0.025368 0.061727
v 0.158410 0.026399 0.064746
v 0.155465 0.023629 0.060298
v 0.104546 0.028748 0.109171
v 0.110738 0.023651 0.107892
v 0.116762 0.013641 0.102254
v 0.141181 0.007810 0.064264
v 0.144158 0.011781 0.060066
v 0.142865 0.010508 0.068411
v 0.094744 0.016595 0.094623
v 0.082527 0.023027 0.095662
v 0.068021 0.025159 0.093048
v 0.148804 0.015204 0.076734
v 0.152099 0.019064 0.069813
v 0.155603 0.021909 0.072433
v 0.150935 0.018294 0.079185
v 0.150039 0.015759 0.084888
v 0.142429 0.006872 0.079972
v 0.151375 0.014691 0.091765
v 0.115759 0.023311 0.109346
v 0.147897 0.013809 0.067332
v 0.144741 0.009936 0.087394
v 0.144400 0.009684 0.108014
v 0.148162 0.011358 0.103270
v 0.148480 0.011158 0.107395
v 0.088159 0.012300 0.088569
v 0.074716 0.012174 0.085194
v 0.088070 0.002941 0.081608
v 0.159201 0.022911 0.085730
v 0.142575 0.008153 0.102676
v 0.101953 0.009099 0.090965
v 0.104559 0.000191 0.085209
v 0.157659 0.021079 0.091975
v 0.119379 0.002135 0.093148
v 0.090548 0.008260 0.087018
v 0.095674 0.001460 0.083023
v 0.087834 -0.000704 0.077464
v 0.096690 0.001074 0.078078
v 0.114718 0.000395 0.089802
v 0.110527 0.000312 0.084506
v 0.112180 0.001824 0.080958
v 0.150120 0.017737 0.053990
v 0.077768 0.036412 0.106418
v 0.090586 0.034558 0.108840
v 0.138080 0.003751 0.069798
v 0.127885 0.004198 0.072700
v 0.157769 0.018797 0.105250
v 0.154762 0.015949 0.099707
v 0.165005 0.024075 0.105328
v 0.151642 0.014381 0.097753
v 0.146685 0.010559 0.098320
v 0.099106 0.032897 0.111050
v 0.136055 0.003596 0.065976
v 0.139427 0.005565 0.060935
v 0.163107 0.024534 0.096214
v 0.158698 0.021260 0.098369
v 0.130771 0.004611 0.063867
v 0.120414 0.005247 0.064064
v 0.137604 0.002123 0.079990
v 0.138147 0.001706 0.089637
v 0.108184 0.003765 0.071041
v 0.107854 0.005784 0.058399
v 0.124895 0.002893 0.078735
v 0.159343 0.026565 0.076479
v 0.152548 0.014341 0.101775
v 0.148657 0.011055 0.099012
v 0.164067 0.029469 0.077818
v 0.088190 0.002665 0.067922
v 0.097951 0.006879 0.054055
v 0.174193 0.031766 0.102741
v 0.170099 0.028720 0.105796
v 0.168961 0.027840 0.100023
v 0.141057 0.008442 0.110651
v 0.130465 0.012168 0.107039
v 0.151772 0.015207 0.106124
v 0.140512 0.005955 0.106291
v 0.133297 0.017368 0.113621
v 0.129261 0.002417 0.084575
v 0.164059 0.030463 0.109230
v 0.163113 0.026238 0.109990
v 0.160807 0.023590 0.109301
v 0.137117 0.000608 0.095673
v 0.132407 0.000134 0.091978
v 0.146987 0.016459 0.110914
v 0.143663 0.013956 0.114707
v 0.122825 -0.000226 0.089685
v 0.150515 0.015355 0.111343
v 0.152226 0.018675 0.107031
v 0.153328 0.019040 0.113262
v 0.130485 0.000653 0.097114
v 0.139936 0.003030 0.102042
v 0.141242 0.004524 0.096345
v 0.139189 0.012328 0.009881
v 0.130139 0.003569 0.012581
v 0.153274 0.020992 0.052939
v 0.152841 0.022107 0.049183
v 0.151637 0.022467 0.043953
v 0.145506 0.014181 0.045184
v 0.133075 0.005057 0.020198
v 0.139535 0.011215 0.018354
v 0.137005 0.008094 0.026007
v 0.121493 0.005022 0.015063
v 0.119120 0.005110 0.012802
v 0.117900 0.004012 0.009473
v 0.081660 0.007273 0.047239
v 0.084782 0.007597 0.040698
v 0.087928 0.006996 0.048026
v 0.102807 0.006160 0.010682
v 0.153186 0.023562 0.040706
v 0.091653 0.005942 0.055871
v 0.105963 0.005424 0.016163
v 0.147431 0.017483 0.039356
v 0.078422 0.008237 0.012026
v 0.093201 0.007531 0.047819
v 0.104768 0.006899 0.049256
v 0.099161 0.007236 0.041326
v 0.112625 0.006982 0.051158
v 0.125076 0.006007 0.050530
v 0.140986 0.012420 0.031219
v 0.135178 0.005581 0.030787
v 0.109352 0.006880 0.042644
v 0.139239 0.008956 0.049160
v 0.141603 0.009894 0.052503
v 0.135561 0.005156 0.047447
v 0.132804 0.004997 0.031752
v 0.130657 0.004931 0.021040
v 0.090989 0.008293 0.021402
v 0.083674 0.008257 0.028639
v 0.089013 0.008110 0.017612
v 0.145727 0.017097 0.026500
v 0.141428 0.014606 0.018299
v 0.116101 0.006556 0.023371
v 0.080119 0.009411 0.021700
v 0.080348 0.007916 0.017432
v 0.091827 0.008326 0.041682
v 0.092157 0.008090 0.035759
v 0.101183 0.007670 0.037247
v 0.105156 0.006936 0.034495
v 0.099369 0.007787 0.023497
v 0.118378 0.006132 0.042276
v 0.120589 0.005964 0.018647
v 0.137409 0.006560 0.046378
v 0.130706 0.005491 0.040462
v 0.150123 0.020514 0.033383
v 0.142748 0.012635 0.035789
v 0.147833 0.019965 0.029296
v 0.121528 0.006683 0.032882
v 0.145925 0.019776 0.016073
v 0.136061 0.004306 0.056697
v 0.126190 0.005951 0.056186
v 0.165305 0.066097 0.080816
v 0.165586 0.062741 0.089426
v 0.170509 0.061266 0.083867
v 0.146093 0.075472 0.080326
v 0.152807 0.075431 0.072685
v 0.137880 0.079570 0.074229
v 0.140370 0.075839 0.083881
v 0.183003 0.045911 0.086486
v 0.176686 0.057132 0.078634
v 0.178953 0.047698 0.093194
v 0.156950 0.067303 0.087234
v 0.174358 0.055027 0.089596
v 0.171900 0.053686 0.096459
v 0.186306 0.048279 0.072812
v 0.141393 0.044939 0.108555
v 0.134540 0.058329 0.099709
v 0.177034 0.036389 0.096600
v 0.173809 0.033984 0.091326
v 0.179669 0.042330 0.085339
v 0.177700 0.040409 0.080535
v 0.183408 0.044442 0.077094
v 0.175250 0.050604 0.099214
v 0.180317 0.039058 0.089782
v 0.168450 0.056125 0.096156
v 0.156442 0.062500 0.095433
v 0.170501 0.036935 0.109663
v 0.181299 0.041345 0.092951
v 0.173378 0.038044 0.080225
v 0.177483 0.045466 0.103629
v 0.177040 0.039135 0.103279
v 0.148218 0.066135 0.091980
v 0.173394 0.041817 0.108829
v 0.143523 0.057744 0.100806
v 0.150947 0.049494 0.108391
v 0.172107 0.047347 0.108224
v 0.172353 0.051051 0.101448
v 0.155524 0.058733 0.102625
v 0.151112 0.062229 0.100006
v 0.142040 0.065545 0.095655
v 0.162986 0.054090 0.106269
v 0.160088 0.059217 0.101755
v 0.171541 0.052225 0.105420
v 0.170690 0.033893 0.084528
v 0.163012 0.071958 0.069824
v 0.158281 0.071195 0.078857
v 0.176652 0.054379 0.021937
v 0.193030 0.065337 0.019261
v 0.174920 0.048926 0.017884
v 0.174936 0.044820 0.020841
v 0.173816 0.045285 0.011310
v 0.190209 0.068710 0.005298
v 0.172993 0.049241 0.007587
v 0.175663 0.053262 0.007206
v 0.181183 0.058627 0.002950
v 0.181491 0.061061 0.010519
v 0.186057 0.055570 0.035114
v 0.181237 0.049262 0.038998
v 0.157135 0.029788 0.009067
v 0.149198 0.021383 0.009384
v 0.165974 0.037605 0.009520
v 0.195140 0.063620 0.026397
v 0.153222 0.027138 0.010676
v 0.179412 0.050043 0.030341
v 0.179179 0.046532 0.033891
v 0.179363 0.051779 0.033073
v 0.158962 0.028347 0.046899
v 0.161568 0.028890 0.053933
v 0.158097 0.028151 0.038732
v 0.170401 0.039961 0.030554
v 0.166325 0.035291 0.042816
v 0.169181 0.037381 0.055082
v 0.162421 0.033717 0.039606
v 0.164842 0.035656 0.039740
v 0.175027 0.042943 0.045153
v 0.191954 0.067449 0.012810
v 0.180530 0.045798 0.045154
v 0.178139 0.044496 0.051924
v 0.173843 0.040868 0.040289
v 0.178418 0.045513 0.040989
v 0.185889 0.055561 0.051961
v 0.186460 0.049337 0.051481
v 0.189372 0.053526 0.046725
v 0.184763 0.064148 0.049330
v 0.188826 0.065514 0.042798
v 0.176459 0.070067 0.053410
v 0.155574 0.027075 0.033332
v 0.193222 0.058299 0.039268
v 0.151140 0.021889 0.026226
v 0.183826 0.059992 0.051959
v 0.159474 0.032050 0.029486
v 0.163677 0.034608 0.029594
v 0.157900 0.029401 0.021561
v 0.165648 0.037923 0.015678
v 0.152184 0.024280 0.015724
v 0.156116 0.029843 0.015480
v 0.168749 0.039497 0.020409
v 0.191238 0.069953 0.034813
v 0.176062 0.077326 0.042363
v 0.175844 0.040279 0.062421
v 0.120947 0.052450 0.101069
v 0.116828 0.045820 0.104263
v 0.134522 0.081378 0.073127
v 0.107933 0.036887 0.110368
v 0.128667 0.042024 0.108889
v 0.129146 0.085157 0.071375
v 0.123715 0.081759 0.076655
v 0.103056 0.074639 0.084784
v 0.100865 0.083731 0.079401
v 0.120449 0.081148 0.080305
v 0.124357 0.077569 0.082873
v 0.113275 0.078337 0.084461
v 0.090401 0.074762 0.083244
v 0.084642 0.038488 0.107053
v 0.127931 0.073390 0.087135
v 0.113195 0.075098 0.085954
v 0.090990 0.087175 0.076375
v 0.121952 0.058438 0.097720
v 0.098562 0.038321 0.108748
v 0.112792 0.055343 0.098373
v 0.113310 0.084620 0.075214
v 0.105819 0.081947 0.080519
v 0.098536 0.046556 0.101588
v 0.106174 0.052248 0.098798
v 0.122291 0.072121 0.089889
v 0.077398 0.050107 0.096716
v 0.100913 0.056076 0.096408
v 0.108059 0.061501 0.093415
v 0.091518 0.066770 0.088031
v 0.087611 0.061568 0.090971
v 0.188149 0.050391 0.065187
v 0.185658 0.052877 0.068224
v 0.166197 0.077115 0.053631
v 0.161407 0.081950 0.052049
v 0.182583 0.059493 0.061297
v 0.178480 0.060615 0.066173
v 0.179050 0.064702 0.058690
v 0.171061 0.066750 0.069188
v 0.158542 0.076482 0.064661
v 0.150103 0.079707 0.067921
v 0.164123 0.029298 0.071840
v 0.161872 0.028465 0.066946
v 0.173609 0.037219 0.076446
v 0.174248 0.037086 0.068545
v 0.185752 0.052874 0.056838
v 0.146359 0.083776 0.060350
v 0.181033 0.044625 0.059267
v 0.179561 0.043230 0.072918
v 0.182006 0.044426 0.067875
v 0.185148 0.046406 0.067768
v 0.181225 0.055208 0.072414
v 0.163735 0.031094 0.061862
v 0.169252 0.034406 0.064112
v 0.179016 0.043010 0.066083
v 0.178260 0.087447 -0.065168
v 0.177132 0.081593 -0.071849
v 0.150027 0.110447 -0.064895
v 0.145797 0.107727 -0.065018
v 0.177636 0.093855 -0.061368
v 0.177576 0.074801 -0.074269
v 0.184638 0.080334 -0.064764
v 0.182949 0.087939 -0.060120
v 0.165982 0.079635 -0.081051
v 0.160414 0.088533 -0.078544
v 0.170965 0.082323 -0.074863
v 0.184548 0.084595 -0.062158
v 0.190234 0.086918 -0.055615
v 0.184660 0.075952 -0.063253
v 0.183010 0.075325 -0.067142
v 0.174385 0.076826 -0.077327
v 0.193574 0.082251 -0.054013
v 0.182277 0.072112 -0.063549
v 0.175248 0.070379 -0.070062
v 0.188806 0.078832 -0.058837
v 0.184727 0.074266 -0.054197
v 0.181007 0.073394 -0.059614
v 0.173363 0.065483 -0.060238
v 0.179226 0.068220 -0.059983
v 0.171400 0.066803 -0.066696
v 0.165593 0.092728 -0.073451
v 0.164144 0.097519 -0.071228
v 0.161021 0.078165 -0.081264
v 0.159998 0.082748 -0.081624
v 0.160448 0.095843 -0.072009
v 0.160123 0.104400 -0.069892
v 0.154663 0.081712 -0.077226
v 0.150841 0.087532 -0.071774
v 0.159464 0.091310 -0.074814
v 0.163876 0.104327 -0.066178
v 0.155848 0.075999 -0.079692
v 0.165976 0.107506 -0.062999
v 0.160098 0.110594 -0.063060
v 0.171147 0.098216 -0.064969
v 0.156870 0.092612 -0.072039
v 0.154852 0.100253 -0.069859
v 0.153394 0.096259 -0.071527
v 0.172464 0.086898 -0.071275
v 0.157640 0.107512 -0.063364
v 0.155936 0.105299 -0.071027
v 0.152611 0.108073 -0.069490
v 0.150017 0.101280 -0.068062
v 0.153343 0.108703 -0.063770
v 0.134037 0.107339 -0.056273
v 0.136112 0.116372 -0.053766
v 0.134129 0.101631 -0.059212
v 0.128199 0.089609 -0.058070
v 0.143365 0.097173 -0.064429
v 0.142766 0.114196 -0.058210
v 0.130722 0.097187 -0.058262
v 0.127386 0.100378 -0.054966
v 0.130177 0.108829 -0.053489
v 0.149877 0.117156 -0.060580
v 0.156328 0.112374 -0.062109
v 0.186926 0.098078 -0.050896
v 0.174181 0.103796 -0.057251
v 0.169650 0.109859 -0.057109
v 0.163685 0.111855 -0.058445
v 0.143469 0.101958 -0.065463
v 0.144457 0.104986 -0.063913
v 0.187871 0.103166 -0.046177
v 0.184560 0.070702 -0.010559
v 0.145983 0.082487 -0.070077
v 0.165677 0.113641 -0.056545
v 0.138215 0.090414 -0.064767
v 0.182713 0.117128 -0.015436
v 0.178693 0.114541 -0.008540
v 0.139359 0.089394 -0.063444
v 0.193186 0.078054 -0.008754
v 0.184076 0.122445 -0.022823
v 0.189767 0.074880 -0.020314
v 0.193249 0.111555 -0.019724
v 0.178800 0.115265 -0.045012
v 0.138480 0.080435 -0.065116
v 0.185026 0.071710 -0.032380
v 0.185104 0.071640 -0.025596
v 0.185149 0.073527 -0.028293
v 0.136211 0.082715 -0.065320
v 0.167831 0.074277 -0.081659
v 0.169656 0.070370 -0.079161
v 0.164728 0.069616 -0.080949
v 0.165449 0.066374 -0.078645
v 0.158341 0.063516 -0.076631
v 0.172337 0.067560 -0.069948
v 0.197014 0.079824 -0.012861
v 0.151331 0.065403 -0.074236
v 0.148248 0.073431 -0.073738
v 0.140071 0.073024 -0.068105
v 0.189729 0.104536 -0.005396
v 0.190025 0.091781 -0.051878
v 0.129559 0.076579 -0.061887
v 0.178571 0.067210 -0.032550
v 0.181099 0.069365 -0.036401
v 0.189067 0.115278 -0.037598
v 0.187313 0.073790 -0.040235
v 0.188787 0.078390 -0.034733
v 0.183691 0.114286 -0.041454
v 0.175943 0.068166 -0.047261
v 0.188639 0.079018 -0.047279
v 0.193215 0.079390 -0.025729
v 0.194683 0.097286 -0.043101
v 0.175442 0.114525 -0.047573
v 0.188622 0.076303 -0.050243
v 0.170496 0.112760 -0.000733
v 0.167765 0.123235 -0.012418
v 0.164496 0.118373 -0.005026
v 0.179542 0.085539 0.029221
v 0.182262 0.081254 0.032783
v 0.186596 0.077808 0.030619
v 0.187312 0.086019 0.021844
v 0.172478 0.086215 0.035751
v 0.191126 0.081803 0.021258
v 0.175325 0.096164 0.019262
v 0.155390 0.127452 -0.011855
v 0.181001 0.089895 0.021818
v 0.158158 0.116626 0.001573
v 0.167391 0.112960 0.002858
v 0.150155 0.123094 -0.004911
v 0.148019 0.133284 -0.017090
v 0.138662 0.132672 -0.017233
v 0.136159 0.130379 -0.009137
v 0.142459 0.130105 -0.010660
v 0.130744 0.131630 -0.015846
v 0.134551 0.128395 -0.004876
v 0.140531 0.123110 -0.000775
v 0.125246 0.127527 -0.002614
v 0.180337 0.107636 0.000325
v 0.183095 0.093164 0.016988
v 0.179036 0.105027 0.003920
v 0.193471 0.098756 -0.000458
v 0.193949 0.072416 0.028223
v 0.188238 0.072952 0.000816
v 0.163456 0.110976 0.006211
v 0.195702 0.079990 0.004779
v 0.123992 0.086910 0.067956
v 0.137385 0.087593 0.061238
v 0.163246 0.108522 0.010266
v 0.145140 0.083453 0.063828
v 0.183828 0.098955 0.008634
v 0.145288 0.120065 0.002828
v 0.134501 0.122172 0.005775
v 0.137972 0.116610 0.010965
v 0.147204 0.114336 0.010782
v 0.133428 0.116289 0.009556
v 0.139253 0.090090 0.052870
v 0.147143 0.087183 0.053913
v 0.151035 0.087254 0.049372
v 0.138169 0.092306 0.046916
v 0.124730 0.093080 0.055438
v 0.124736 0.097896 0.040924
v 0.135835 0.098055 0.039297
v 0.148648 0.094467 0.040681
v 0.190610 0.095925 0.005803
v 0.154276 0.082599 0.057337
v 0.146649 0.110459 0.016476
v 0.161122 0.084444 0.046608
v 0.169291 0.101830 0.016235
v 0.157307 0.088731 0.043608
v 0.163432 0.089945 0.037652
v 0.145654 0.099110 0.035794
v 0.166532 0.097994 0.023591
v 0.154558 0.100199 0.028394
v 0.137784 0.099242 0.036252
v 0.132941 0.104057 0.030414
v 0.139836 0.104828 0.028310
v 0.132246 0.109922 0.023111
v 0.142997 0.105584 0.024053
v 0.142191 0.111742 0.015565
v 0.128485 0.111988 0.019225
v 0.133775 0.112447 0.014775
v 0.120229 0.092353 0.061143
v 0.116340 0.131283 -0.016023
v 0.116695 0.128940 -0.010993
v 0.122632 0.130666 -0.010175
v 0.111823 0.089239 0.067308
v 0.122049 0.131059 -0.014315
v 0.119269 0.125944 -0.002677
v 0.110586 0.130681 -0.012185
v 0.102775 0.126960 -0.005472
v 0.112853 0.128103 -0.004556
v 0.083983 0.127819 -0.006066
v 0.096321 0.133371 -0.021504
v 0.082946 0.132966 -0.018274
v 0.114971 0.093965 0.056169
v 0.084277 0.090178 0.073167
v 0.071294 0.079868 0.077007
v 0.124199 0.122799 0.003183
v 0.094300 0.089764 0.072210
v 0.126371 0.118017 0.008628
v 0.115840 0.122152 0.004265
v 0.089957 0.096234 0.064623
v 0.107300 0.088460 0.072114
v 0.122747 0.117262 0.009294
v 0.091869 0.097953 0.061665
v 0.121489 0.096690 0.048075
v 0.100815 0.122673 0.004215
v 0.116449 0.117527 0.013066
v 0.103105 0.117301 0.012578
v 0.105945 0.113284 0.018170
v 0.100177 0.088060 0.072602
v 0.101700 0.092524 0.068113
v 0.106412 0.094425 0.064616
v 0.117898 0.108277 0.026814
v 0.086725 0.100084 0.053644
v 0.074465 0.100731 0.058227
v 0.096062 0.097077 0.059558
v 0.073937 0.097618 0.062615
v 0.078301 0.102437 0.051169
v 0.106022 0.096343 0.056338
v 0.106418 0.096508 0.051916
v 0.107948 0.099725 0.046164
v 0.123799 0.102699 0.034837
v 0.074712 0.103374 0.038379
v 0.086730 0.100895 0.045609
v 0.089383 0.104422 0.039819
v 0.084067 0.105621 0.036200
v 0.107281 0.120467 0.009595
v 0.125231 0.106607 0.028592
v 0.116277 0.107200 0.030104
v 0.092983 0.124907 0.000647
v 0.102341 0.104103 0.033386
v 0.097761 0.104606 0.032767
v 0.086641 0.106877 0.031274
v 0.110685 0.100663 0.038451
v 0.115996 0.100558 0.036723
v 0.104414 0.110663 0.026137
v 0.088907 0.108801 0.025813
v 0.082393 0.108313 0.024601
v 0.088416 0.112979 0.019671
v 0.080103 0.113200 0.016303
v 0.092685 0.117403 0.010642
v 0.085528 0.120090 0.004929
v 0.078853 0.122699 -0.000738
v 0.076639 0.116056 0.012577
v 0.098806 0.111291 0.023708
v 0.096911 0.112881 0.019260
v 0.094487 0.120775 0.006792
v 0.076279 0.120766 0.002774
v 0.146888 0.132843 -0.041347
v 0.149016 0.128356 -0.045991
v 0.142250 0.126635 -0.047191
v 0.137337 0.132916 -0.042263
v 0.130345 0.126176 -0.048488
v 0.128754 0.131031 -0.045749
v 0.184930 0.117653 -0.038089
v 0.182425 0.118525 -0.035992
v 0.176074 0.129659 -0.027775
v 0.183501 0.124539 -0.026767
v 0.191569 0.118292 -0.026052
v 0.176873 0.116693 -0.041921
v 0.150856 0.135999 -0.041582
v 0.144684 0.138966 -0.038067
v 0.168185 0.133948 -0.030563
v 0.168049 0.128237 -0.035744
v 0.134572 0.137919 -0.040310
v 0.128948 0.140662 -0.036325
v 0.173231 0.119926 -0.041748
v 0.187040 0.119588 -0.032928
v 0.192545 0.116830 -0.032924
v 0.139269 0.141362 -0.035700
v 0.143303 0.140916 -0.033044
v 0.158605 0.136479 -0.035507
v 0.160988 0.137774 -0.032534
v 0.162790 0.115809 -0.053372
v 0.170715 0.130055 -0.023657
v 0.157745 0.119602 -0.051813
v 0.167492 0.119064 -0.046063
v 0.140906 0.122001 -0.052157
v 0.130073 0.118244 -0.051706
v 0.149157 0.121753 -0.055744
v 0.165013 0.136045 -0.028761
v 0.151688 0.123309 -0.052266
v 0.154036 0.130551 -0.044258
v 0.156580 0.132152 -0.040439
v 0.151579 0.127070 -0.048883
v 0.152826 0.138987 -0.038336
v 0.147725 0.141210 -0.036271
v 0.154814 0.140004 -0.032127
v 0.127642 0.135212 -0.019500
v 0.135628 0.136056 -0.021199
v 0.144760 0.132512 -0.019360
v 0.135074 0.137813 -0.025538
v 0.143501 0.136340 -0.024466
v 0.147432 0.138933 -0.027597
v 0.156570 0.135084 -0.022670
v 0.152705 0.132536 -0.018649
v 0.153299 0.138964 -0.027074
v 0.111657 0.135479 -0.037368
v 0.120295 0.137195 -0.037009
v 0.113125 0.137647 -0.032116
v 0.119444 0.130038 -0.044594
v 0.108592 0.119254 -0.034421
v 0.115175 0.121987 -0.040196
v 0.125856 0.085513 -0.057927
v 0.121804 0.123595 -0.048927
v 0.115950 0.116391 -0.044942
v 0.122908 0.111951 -0.052040
v 0.108306 0.134416 -0.034163
v 0.102879 0.132041 -0.030919
v 0.104148 0.126696 -0.031962
v 0.107060 0.111623 -0.037664
v 0.118323 0.112248 -0.049771
v 0.079871 0.067801 -0.056957
v 0.099132 0.066803 -0.055186
v 0.121445 0.136147 -0.027599
v 0.099671 0.112409 -0.037808
v 0.084296 0.075395 -0.053085
v 0.085701 0.089134 -0.047506
v 0.096947 0.124047 -0.034475
v 0.095852 0.074113 -0.051923
v 0.082127 0.122840 -0.036890
v 0.109158 0.075490 -0.051265
v 0.120180 0.079868 -0.055700
v 0.101113 0.079366 -0.049195
v 0.102593 0.073991 -0.051606
v 0.108475 0.083773 -0.046849
v 0.120307 0.131889 -0.019669
v 0.114505 0.087962 -0.051110
v 0.115665 0.079079 -0.053002
v 0.095769 0.089917 -0.045515
v 0.074770 0.096488 -0.045705
v 0.086219 0.100375 -0.043127
v 0.079818 0.111056 -0.041004
v 0.069843 0.086202 -0.050747
v 0.106645 0.096381 -0.042338
v 0.089212 0.130378 -0.032844
v 0.105557 0.101485 -0.041271
v 0.111364 0.096843 -0.045894
v 0.110886 0.089924 -0.046478
v 0.109462 0.106795 -0.038641
v 0.114241 0.109355 -0.044401
v 0.111695 0.108185 -0.043141
v 0.116694 0.097181 -0.050172
v 0.122664 0.105612 -0.052596
v 0.095923 0.136143 -0.029215
v 0.086407 0.136529 -0.028976
v 0.122427 0.099603 -0.053761
v 0.103640 0.136188 -0.029440
v 0.083352 0.133227 -0.033127
v 0.105283 0.134550 -0.023428
v -0.103557 0.056676 -0.089058
v -0.103227 0.064985 -0.087662
v -0.154205 0.039430 -0.075160
v -0.157747 0.043784 -0.067802
v -0.155736 0.048331 -0.067578
v -0.156133 0.033067 -0.071568
v -0.127886 0.024188 -0.075363
v -0.121543 0.020306 -0.065718
v -0.157414 0.060837 -0.061429
v -0.154795 0.064823 -0.065555
v -0.149808 0.059015 -0.072229
v -0.159014 0.044131 -0.062999
v -0.159434 0.052352 -0.061253
v -0.136123 0.026332 -0.077295
v -0.145899 0.024140 -0.070655
v -0.140692 0.028507 -0.084311
v -0.137812 0.060400 -0.090287
v -0.139664 0.062499 -0.086187
v -0.154301 0.051182 -0.070660
v -0.149814 0.064625 -0.071411
v -0.142675 0.063640 -0.084356
v -0.142091 0.055661 -0.086793
v -0.145066 0.055757 -0.081146
v -0.161987 0.049626 -0.056591
v -0.155641 0.073208 -0.061005
v -0.164687 0.063550 -0.051347
v -0.162643 0.077137 -0.052582
v -0.160900 0.060701 -0.056750
v -0.160695 0.035796 -0.062645
v -0.165834 0.044432 -0.051473
v -0.177059 0.015528 -0.007411
v -0.183608 0.018755 -0.006484
v -0.124478 0.018526 -0.059940
v -0.133693 0.020845 -0.060163
v -0.107290 0.027992 -0.089751
v -0.106173 0.024145 -0.080807
v -0.102056 0.041104 -0.090117
v -0.106651 0.051591 -0.089438
v -0.115423 0.029493 -0.091306
v -0.121458 0.063606 -0.090697
v -0.113173 0.060721 -0.089625
v -0.165350 0.051138 -0.052676
v -0.102743 0.018443 -0.066620
v -0.177440 0.017816 -0.037105
v -0.176055 0.012728 -0.038078
v -0.109985 0.030056 -0.091684
v -0.101317 0.034078 -0.089193
v -0.114796 0.037037 -0.092728
v -0.125037 0.026148 -0.080755
v -0.163430 0.037014 -0.054619
v -0.121251 0.033357 -0.093260
v -0.100375 0.025888 -0.087635
v -0.110586 0.014402 -0.051100
v -0.116879 0.014117 -0.048883
v -0.109573 0.018883 -0.064823
v -0.119869 0.027315 -0.083725
v -0.095957 0.022252 -0.079263
v -0.169995 0.007935 -0.007892
v -0.176046 0.022574 -0.000891
v -0.094280 0.010476 -0.043466
v -0.106753 0.010153 -0.041890
v -0.093273 0.018161 -0.067629
v -0.097894 0.014535 -0.054241
v -0.130594 0.028345 -0.083247
v -0.170374 0.014324 -0.045878
v -0.171443 0.013560 -0.041844
v -0.165415 0.013248 -0.041128
v -0.169824 0.010723 -0.041494
v -0.117915 0.012330 -0.048144
v -0.165609 0.009715 -0.041397
v -0.160248 0.015377 -0.054865
v -0.156496 0.020280 -0.064759
v -0.143653 0.020448 -0.062086
v -0.127311 0.015306 -0.056345
v -0.154785 0.013690 -0.044522
v -0.143523 0.013676 -0.043454
v -0.144850 0.010179 -0.042473
v -0.156435 0.009266 -0.043196
v -0.145767 0.022259 -0.063376
v -0.129509 0.057123 -0.093361
v -0.125303 0.061861 -0.092277
v -0.130979 0.038632 -0.092054
v -0.137176 0.034543 -0.090041
v -0.125063 0.049086 -0.093580
v -0.128281 0.046250 -0.092719
v -0.129170 0.049687 -0.091232
v -0.139817 0.050721 -0.089907
v -0.133095 0.062505 -0.092206
v -0.133495 0.013939 -0.044732
v -0.130014 0.010547 -0.044315
v -0.138426 0.010668 -0.042771
v -0.143994 0.045580 -0.087294
v -0.121581 0.014315 -0.049998
v -0.134918 0.046527 -0.091686
v -0.124216 0.041121 -0.092881
v -0.138128 0.044115 -0.092298
v -0.174119 0.026132 0.001448
v -0.181976 0.023610 -0.004096
v -0.140342 0.043249 -0.091235
v -0.184968 0.027500 -0.001781
v -0.125214 0.014045 -0.048571
v -0.129329 0.043612 -0.091533
v -0.123494 0.030389 -0.089768
v -0.145696 0.034641 -0.085123
v -0.150814 0.036097 -0.081389
v -0.147360 0.039795 -0.083593
v -0.134650 0.031535 -0.088280
v -0.140969 0.037373 -0.086258
v -0.143782 0.040053 -0.087477
v -0.139581 0.033738 -0.087345
v -0.150132 0.030357 -0.080412
v -0.149818 0.046802 -0.077489
v -0.140711 0.015827 -0.053248
v -0.184221 0.026227 -0.029396
v -0.184836 0.017708 -0.029017
v -0.179568 0.027604 -0.035787
v -0.183432 0.042158 -0.032001
v -0.178460 0.032331 -0.035312
v -0.175014 0.023143 -0.040825
v -0.175372 0.038071 -0.040314
v -0.180528 0.044499 -0.034308
v -0.171762 0.026235 -0.043335
v -0.174034 0.018193 -0.043370
v -0.149133 0.055151 -0.075744
v -0.181330 0.054544 -0.035425
v -0.177261 0.047978 -0.038909
v -0.148346 0.050379 -0.076998
v -0.174608 0.057866 -0.041056
v -0.181231 0.062968 -0.034812
v -0.152475 0.026036 -0.074095
v -0.172561 0.049485 -0.043173
v -0.179071 0.074126 -0.036778
v -0.153557 0.023462 -0.066603
v -0.170529 0.021143 -0.046701
v -0.162731 0.013493 -0.045455
v -0.165600 0.017621 -0.053195
v -0.158179 0.014616 -0.046365
v -0.151879 0.014478 -0.049015
v -0.165908 0.023132 -0.054558
v -0.167102 0.031565 -0.051217
v -0.165892 0.057037 -0.050459
v -0.170581 0.070645 -0.044426
v -0.162589 0.017143 -0.055860
v -0.164313 0.025945 -0.056553
v -0.160472 0.019670 -0.061888
v -0.159810 0.025280 -0.066407
v -0.122051 0.007035 -0.033323
v -0.128263 0.004420 -0.026185
v -0.112386 0.004509 -0.024459
v -0.112230 0.006995 -0.032904
v -0.116691 0.000968 -0.015329
v -0.102116 0.006733 -0.029724
v -0.094459 0.002333 -0.013370
v -0.098014 0.000486 -0.005084
v -0.185996 0.007799 -0.017168
v -0.176201 0.003027 -0.016288
v -0.191904 0.014909 -0.013686
v -0.179635 0.007459 -0.024723
v -0.183252 0.008726 -0.027259
v -0.177852 0.009294 -0.032636
v -0.160934 0.007620 -0.040399
v -0.160791 0.016396 0.002410
v -0.109849 -0.000543 -0.008670
v -0.153597 -0.003120 -0.008516
v -0.147076 0.000735 -0.001718
v -0.148335 0.011582 0.005400
v -0.160561 0.006510 -0.004204
v -0.168197 -0.001888 -0.017322
v -0.170397 0.001521 -0.012694
v -0.097441 -0.002893 0.012542
v -0.109054 -0.004409 0.008083
v -0.160586 -0.003554 -0.014791
v -0.153784 0.015637 0.006458
v -0.143094 -0.004923 -0.005796
v -0.154529 -0.003929 -0.012939
v -0.141517 0.004851 0.003636
v -0.141439 -0.004696 -0.008076
v -0.149187 0.002121 -0.023809
v -0.135679 -0.001493 -0.013796
v -0.125377 -0.001152 0.005958
v -0.128897 -0.005081 -0.002381
v -0.120785 -0.004801 0.002634
v -0.134993 -0.002946 -0.000298
v -0.122291 -0.002303 -0.006525
v -0.170121 -0.000247 -0.024216
v -0.163596 0.000015 -0.023885
v -0.173002 0.004647 -0.031646
v -0.169089 0.004945 -0.036344
v -0.164019 0.005815 -0.037901
v -0.163214 0.010025 -0.039970
v -0.110834 0.103672 -0.069978
v -0.097464 0.104949 -0.062777
v -0.138156 0.101254 -0.066884
v -0.133588 0.100371 -0.064726
v -0.136324 0.096891 -0.070191
v -0.109153 0.073556 -0.086943
v -0.146060 0.091479 -0.074316
v -0.103032 0.089097 -0.078610
v -0.095452 0.096366 -0.075526
v -0.099137 0.103371 -0.070672
v -0.109659 0.090722 -0.078511
v -0.111130 0.107686 -0.061889
v -0.117176 0.106115 -0.066039
v -0.113285 0.082629 -0.084609
v -0.104497 0.084541 -0.082634
v -0.112945 0.105913 -0.055720
v -0.113438 0.105333 -0.044414
v -0.150986 0.092164 -0.070585
v -0.151063 0.099814 -0.065125
v -0.141544 0.106183 -0.061907
v -0.131682 0.106650 -0.053848
v -0.099133 0.076513 -0.083447
v -0.122793 0.081311 -0.086290
v -0.142296 0.090493 -0.074784
v -0.134093 0.088449 -0.077166
v -0.138644 0.085191 -0.079178
v -0.147381 0.105897 -0.062171
v -0.099453 0.105308 -0.057301
v -0.102400 0.103427 -0.042671
v -0.114129 0.100653 -0.016782
v -0.104644 0.102482 -0.021227
v -0.109662 0.103394 -0.025542
v -0.121699 0.083566 -0.082814
v -0.125483 0.084954 -0.081521
v -0.120513 0.085652 -0.083858
v -0.154943 0.105262 -0.058138
v -0.158387 0.102832 -0.057298
v -0.126698 0.077612 -0.088114
v -0.154629 0.091505 -0.061379
v -0.108881 0.105053 -0.036398
v -0.094785 0.105031 -0.037460
v -0.113906 0.104041 -0.040103
v -0.105026 0.102007 -0.013140
v -0.097039 0.103764 -0.035740
v -0.118150 0.103654 -0.029245
v -0.118916 0.100612 -0.014530
v -0.128484 0.085122 -0.082392
v -0.101547 0.104114 -0.025294
v -0.097396 0.103582 -0.020133
v -0.094419 0.102202 -0.016379
v -0.112655 0.099521 -0.008345
v -0.146583 0.087665 -0.074107
v -0.121951 0.100835 -0.068966
v -0.122092 0.091747 -0.072268
v -0.126304 0.097838 -0.064669
v -0.130094 0.082805 -0.082160
v -0.118716 0.094563 -0.076883
v -0.131516 0.070296 -0.090601
v -0.136749 0.076902 -0.087790
v -0.131610 0.078067 -0.087927
v -0.137382 0.082655 -0.084532
v -0.140092 0.080199 -0.084133
v -0.178987 0.089348 -0.006670
v -0.180788 0.078167 -0.013187
v -0.140203 0.083832 -0.082127
v -0.141426 0.070785 -0.083749
v -0.169469 0.096078 -0.012322
v -0.172376 0.093498 -0.014684
v -0.128127 0.091209 -0.074612
v -0.135961 0.091748 -0.075247
v -0.175819 0.078849 -0.018123
v -0.181748 0.077645 -0.020214
v -0.171521 0.088876 -0.017777
v -0.117341 0.100507 -0.072659
v -0.175802 0.079195 -0.025492
v -0.171223 0.090140 -0.025481
v -0.174815 0.086529 -0.027934
v -0.181196 0.074792 -0.025868
v -0.173258 0.090375 -0.030919
v -0.179453 0.075833 -0.032670
v -0.184763 0.073796 -0.032274
v -0.177717 0.078219 -0.035464
v -0.172839 0.077202 -0.041147
v -0.177102 0.082731 -0.037371
v -0.187943 0.073810 -0.025342
v -0.175863 0.088529 -0.037930
v -0.173069 0.094882 -0.033104
v -0.168600 0.091610 -0.047277
v -0.170499 0.099810 -0.039661
v -0.173051 0.096466 -0.042195
v -0.122850 0.107302 -0.061538
v -0.124218 0.101444 -0.063286
v -0.170985 0.096272 -0.019910
v -0.143335 0.098061 -0.015083
v -0.161664 0.096045 -0.009543
v -0.148797 0.096020 -0.005417
v -0.167898 0.098103 -0.024311
v -0.123852 0.106669 -0.059736
v -0.169563 0.095422 -0.024175
v -0.152347 0.099826 -0.027179
v -0.170716 0.098942 -0.030383
v -0.146297 0.084962 -0.076363
v -0.154093 0.102909 -0.033920
v -0.143986 0.081774 -0.078812
v -0.141639 0.077074 -0.080912
v -0.136055 0.102216 -0.028134
v -0.146971 0.102022 -0.032932
v -0.128832 0.100548 -0.017365
v -0.122267 0.103754 -0.032251
v -0.165294 0.079133 -0.050113
v -0.147687 0.078045 -0.074291
v -0.166609 0.084975 -0.048973
v -0.156228 0.081593 -0.060137
v -0.164161 0.093081 -0.049543
v -0.161300 0.090224 -0.053640
v -0.155787 0.088187 -0.061320
v -0.166547 0.101973 -0.037098
v -0.163535 0.103406 -0.048434
v -0.150141 0.105133 -0.043514
v -0.164925 0.098499 -0.049580
v -0.139316 0.106091 -0.047978
v -0.148391 0.106510 -0.055010
v -0.133931 0.104736 -0.039178
v -0.123184 0.104939 -0.041947
v -0.128070 0.102837 -0.057713
v -0.149777 0.081448 -0.069778
v -0.152345 0.084179 -0.066752
v -0.024150 0.003689 -0.075292
v -0.020799 0.003431 -0.080206
v -0.039029 0.006565 -0.071282
v -0.030810 0.005486 -0.079593
v -0.028319 0.005029 -0.071070
v -0.031802 0.050008 -0.084714
v -0.038798 0.058317 -0.085316
v -0.028515 0.056413 -0.082951
v -0.018094 0.061405 -0.078942
v -0.043740 0.008212 -0.081312
v -0.076007 0.057497 -0.088191
v -0.080975 0.056585 -0.087796
v -0.043951 0.007205 -0.059750
v -0.053046 0.010905 -0.075922
v -0.035366 0.005703 -0.056673
v -0.080283 0.040258 -0.089146
v -0.086760 0.042895 -0.088365
v -0.057363 0.043665 -0.092573
v -0.054914 0.034185 -0.094740
v -0.064232 0.039775 -0.094448
v -0.051080 0.010067 -0.081052
v -0.059626 0.013823 -0.081942
v -0.064229 0.014830 -0.078048
v -0.077762 0.066004 -0.085559
v -0.092381 0.061499 -0.087556
v -0.090701 0.051181 -0.087900
v -0.056218 0.010491 -0.064949
v -0.044640 0.028385 -0.094075
v -0.050884 0.024359 -0.096116
v -0.014295 0.035281 -0.085594
v -0.023245 0.035279 -0.087095
v -0.034538 0.042204 -0.087941
v -0.006629 0.040323 -0.082035
v -0.038059 0.037497 -0.090343
v -0.031620 0.025806 -0.092451
v -0.046661 0.055992 -0.088579
v -0.041511 0.050575 -0.087202
v -0.057514 0.053905 -0.090812
v -0.045695 0.042409 -0.090525
v -0.047674 0.046826 -0.090671
v -0.056431 0.048437 -0.092182
v -0.058261 0.066327 -0.087935
v -0.090557 -0.001364 0.009370
v -0.087572 0.002120 -0.006482
v -0.085350 0.004083 -0.015090
v -0.095247 0.004502 -0.019938
v -0.057737 0.028758 -0.096957
v -0.060788 0.009895 -0.056385
v -0.071799 0.004067 0.000568
v -0.080627 0.003524 -0.007507
v -0.057972 0.006765 -0.003246
v -0.067154 0.005365 -0.003173
v -0.066751 0.050558 -0.091166
v -0.073157 0.050682 -0.090598
v -0.068899 0.060618 -0.089915
v -0.016395 0.016895 -0.092137
v -0.021721 0.022958 -0.091268
v -0.068905 0.004377 -0.007179
v -0.072638 0.004690 -0.012088
v -0.060138 0.005852 -0.010829
v -0.064350 0.005008 -0.014940
v -0.068475 0.005678 -0.021593
v -0.060192 0.005543 -0.007206
v -0.078603 0.005470 -0.021483
v -0.059969 0.005853 -0.016591
v -0.056048 0.020817 -0.094330
v -0.062460 0.025349 -0.096414
v -0.027897 0.020037 -0.092679
v -0.021534 0.014594 -0.092048
v -0.026103 0.015395 -0.089921
v -0.084361 0.004583 -0.019570
v -0.088903 0.007627 -0.034621
v -0.021778 0.011290 -0.088026
v -0.032593 0.012325 -0.087823
v -0.080922 0.008505 -0.035785
v -0.068597 0.006454 -0.028176
v -0.062672 0.005802 -0.026494
v -0.053564 0.006202 -0.028451
v -0.064668 0.007211 -0.035275
v -0.065342 0.009700 -0.048635
v -0.048927 0.007065 -0.046452
v -0.032231 0.016472 -0.093453
v -0.046414 0.006745 0.004369
v -0.013984 0.011296 -0.088988
v -0.043966 0.007308 -0.005384
v -0.039646 0.008032 0.002011
v -0.026352 0.009108 0.003428
v -0.034620 0.007770 0.001972
v -0.027858 0.005886 -0.004524
v -0.034763 0.005782 -0.005453
v -0.046483 0.005422 -0.012693
v -0.055169 0.005109 -0.015545
v -0.038744 0.020311 -0.094165
v -0.034221 0.006086 -0.019522
v -0.026312 0.005353 -0.009783
v -0.029647 0.006391 -0.015710
v -0.041125 0.005132 -0.022949
v -0.033741 0.021422 -0.092518
v -0.017335 0.007605 0.002761
v -0.019920 0.006923 -0.004882
v -0.012460 0.006630 0.003117
v -0.007482 0.007379 -0.084759
v -0.023777 0.006748 -0.010493
v -0.018946 0.007452 -0.014138
v -0.070483 0.041900 -0.092851
v -0.047523 0.018270 -0.093227
v -0.060596 0.048184 -0.090835
v -0.044084 0.026236 -0.092607
v -0.022022 0.004726 -0.022092
v -0.023499 0.007465 -0.018059
v -0.030072 0.005060 -0.025348
v -0.034940 0.005492 -0.029840
v -0.035160 0.004738 -0.039153
v -0.035505 0.005574 -0.049359
v -0.023448 0.004184 -0.032674
v -0.013279 0.005274 -0.026455
v -0.017372 0.004410 -0.036205
v -0.020285 0.004056 -0.050067
v -0.041565 0.012727 -0.087356
v -0.060082 0.017691 -0.086735
v -0.087014 0.012277 -0.049562
v -0.081694 0.013493 -0.057104
v -0.011896 0.003230 -0.053276
v -0.020076 0.003156 -0.067135
v -0.015704 0.003590 -0.062463
v -0.088362 0.015397 -0.059032
v -0.016670 0.052844 -0.081149
v -0.068306 0.035726 -0.094437
v -0.072605 0.012288 -0.057601
v -0.077507 0.016011 -0.068610
v -0.072807 0.031969 -0.095022
v -0.085373 0.021531 -0.084333
v -0.013306 0.056768 -0.078494
v -0.091645 0.026859 -0.088614
v -0.066905 0.017157 -0.086694
v -0.061972 0.018512 -0.088156
v -0.085792 0.026523 -0.088766
v -0.085017 0.023856 -0.085657
v -0.070442 0.019897 -0.087063
v -0.071229 0.024374 -0.090724
v -0.075396 0.029991 -0.093525
v -0.079310 0.031435 -0.090191
v -0.066393 0.023589 -0.091733
v -0.076394 0.033229 -0.092275
v -0.013630 0.101495 -0.063536
v -0.022551 0.102445 -0.060106
v -0.092150 0.092401 -0.077486
v -0.085269 0.095019 -0.075905
v -0.088316 0.088680 -0.078001
v -0.039881 0.065543 -0.083074
v -0.094322 0.087069 -0.080365
v -0.078725 0.093463 -0.075648
v -0.007560 0.102600 -0.060753
v -0.025441 0.100758 -0.067586
v -0.029019 0.088546 -0.074164
v -0.009040 0.077877 -0.071365
v -0.010501 0.087848 -0.068688
v -0.048305 0.095170 -0.076921
v -0.048110 0.083935 -0.082210
v -0.057246 0.089017 -0.077790
v -0.054072 0.093154 -0.075078
v -0.051244 0.088201 -0.081053
v -0.053617 0.082772 -0.081126
v -0.036934 0.100410 -0.071298
v -0.041995 0.101469 -0.069915
v -0.047801 0.100439 -0.069731
v -0.033316 0.100750 -0.067164
v -0.033856 0.101189 -0.060115
v -0.085951 0.087397 -0.075480
v -0.063399 0.099243 -0.067022
v -0.025011 0.064961 -0.079173
v -0.036329 0.099937 -0.066081
v -0.060782 0.100146 -0.060897
v -0.088458 0.101643 -0.074454
v -0.032829 0.075439 -0.080187
v -0.029070 0.068754 -0.080632
v -0.014084 0.074912 -0.074217
v -0.094891 0.102198 -0.061287
v -0.010706 0.063671 -0.076618
v -0.015371 0.067192 -0.077551
v -0.096150 0.100858 -0.072594
v -0.086715 0.101753 -0.067177
v -0.083196 0.098690 -0.076266
v -0.050056 0.078535 -0.083291
v -0.044502 0.072821 -0.084498
v -0.055162 0.075780 -0.085292
v -0.085820 0.103985 -0.012776
v -0.083936 0.101087 -0.059764
v -0.088090 0.103153 -0.022387
v -0.095600 0.104865 -0.029218
v -0.078143 0.103673 -0.026316
v -0.082774 0.102427 -0.019953
v -0.080429 0.102709 -0.013332
v -0.078536 0.100259 -0.011974
v -0.075240 0.098715 -0.009065
v -0.066918 0.098347 -0.009914
v -0.071531 0.100314 -0.015319
v -0.075298 0.079082 -0.085303
v -0.077148 0.083307 -0.080376
v -0.070821 0.086256 -0.081261
v -0.071794 0.100599 -0.060323
v -0.079702 0.101776 -0.073524
v -0.072933 0.101986 -0.017422
v -0.063354 0.087640 -0.080301
v -0.065864 0.067486 -0.087880
v -0.056378 0.101395 -0.018197
v -0.060790 0.100770 -0.017562
v -0.077991 0.100840 -0.017792
v -0.072887 0.102594 -0.024272
v -0.067578 0.073910 -0.086004
v -0.063658 0.101273 -0.023202
v -0.069031 0.102791 -0.031685
v -0.054769 0.102748 -0.026657
v -0.075833 0.092210 -0.072790
v -0.095889 0.103429 -0.043257
v -0.086592 0.102798 -0.036111
v -0.091468 0.104664 -0.042197
v -0.079941 0.101973 -0.034963
v -0.089002 0.102796 -0.042171
v -0.092371 0.104045 -0.047229
v -0.097552 0.105345 -0.051892
v -0.085137 0.103299 -0.050898
v -0.076825 0.102675 -0.040907
v -0.061367 0.100988 -0.047260
v -0.059843 0.101794 -0.042389
v -0.056303 0.100997 -0.049600
v -0.051717 0.101614 -0.037236
v -0.081856 0.072651 -0.085413
v -0.054109 0.099719 -0.006778
v -0.061985 0.094204 -0.073406
v -0.044576 0.101716 -0.010306
v -0.034244 0.100301 -0.011346
v -0.024844 0.099700 -0.009182
v -0.044822 0.101090 -0.017848
v -0.083937 0.080301 -0.082379
v -0.034159 0.100772 -0.024132
v -0.027749 0.099518 -0.019289
v -0.020846 0.099734 -0.025646
v -0.068550 0.094717 -0.070951
v -0.075884 0.072999 -0.086571
v -0.087992 0.078516 -0.082317
v -0.013367 0.099086 -0.013080
v -0.021932 0.099986 -0.021005
v -0.023510 0.100527 -0.033895
v -0.011126 0.099997 -0.030958
v -0.068430 0.100220 -0.068830
v -0.034047 0.100636 -0.036486
v -0.028057 0.101006 -0.037145
v -0.032839 0.100726 -0.049671
v -0.021988 0.100848 -0.049383
v -0.015442 0.099917 -0.037169
v -0.017285 0.101436 -0.051170
v -0.070516 0.099017 -0.072105
v -0.086233 0.072564 -0.083838
v -0.073384 0.098462 -0.074783
v -0.092017 0.077663 -0.084208
v -0.088395 0.069712 -0.085604
v -0.089947 0.084382 -0.079597
v -0.074963 0.100239 -0.070245
v -0.077349 0.096990 -0.076127
v -0.094717 0.068813 -0.085590
v 0.074335 0.130812 -0.015082
v 0.075955 0.106807 0.032981
v 0.068250 0.104779 0.033958
v 0.067564 0.127555 -0.009596
v 0.064543 0.104519 0.043198
v 0.060077 0.108554 0.026952
v 0.051213 0.108900 0.025295
v 0.071229 0.124312 -0.003602
v 0.069014 0.130863 -0.018825
v 0.062679 0.128326 -0.014068
v 0.070568 0.123003 -0.002961
v 0.061520 0.123617 -0.005844
v 0.060108 0.105578 0.048647
v -0.007111 0.089956 0.062875
v -0.013951 0.091476 0.060094
v -0.010066 0.086106 0.066113
v -0.015939 0.088257 0.064669
v 0.052072 0.127140 -0.012299
v 0.056667 0.122010 -0.002162
v 0.063479 0.103834 0.051867
v 0.058348 0.100191 0.058738
v 0.049864 0.129740 -0.019664
v 0.053922 0.132134 -0.025068
v 0.063587 0.131817 -0.019448
v -0.011002 0.096777 0.058762
v 0.046223 0.126023 -0.012204
v -0.003060 0.098378 0.050905
v -0.002379 0.096692 0.059709
v 0.001517 0.084977 0.067429
v -0.012506 0.098222 0.044045
v 0.005683 0.101014 0.049941
v 0.047567 0.127133 -0.018579
v 0.005654 0.099364 0.045158
v 0.041990 0.122472 -0.009834
v 0.044692 0.120034 -0.002700
v 0.037797 0.119160 -0.003908
v -0.010422 0.102984 0.036503
v -0.002714 0.100577 0.044871
v 0.007926 0.101712 0.042058
v -0.001726 0.101743 0.035637
v -0.005300 0.101670 0.029030
v 0.011696 0.101207 0.038953
v 0.043830 0.121481 -0.018765
v 0.035285 0.114276 -0.007791
v -0.007304 0.099704 0.017677
v -0.014886 0.100055 0.011679
v -0.000196 0.099229 0.013882
v 0.037826 0.112731 -0.019473
v 0.034897 0.115675 -0.004298
v 0.008003 0.098562 0.007498
v 0.032674 0.109179 -0.011678
v -0.020089 0.099618 0.000919
v -0.008667 0.099512 -0.016971
v 0.022208 0.099269 -0.008288
v 0.020936 0.099351 -0.016835
v -0.002144 0.099231 -0.019636
v 0.026619 0.102862 -0.014215
v 0.010014 0.098689 -0.010080
v 0.064503 0.097672 0.062006
v 0.028891 0.104213 -0.006319
v 0.039261 0.116644 0.002753
v 0.028410 0.105058 -0.001667
v 0.021604 0.098456 0.003014
v 0.024987 0.100655 -0.002410
v 0.024883 0.101626 0.007249
v 0.012980 0.099381 -0.017306
v 0.054498 0.116680 0.002152
v 0.065201 0.118862 0.001786
v 0.062831 0.111116 0.020419
v 0.068461 0.112633 0.014434
v 0.056572 0.112015 0.015860
v 0.070573 0.118894 0.006446
v 0.060595 0.115333 0.009423
v 0.012101 0.084391 0.068438
v 0.014584 0.079690 0.071970
v 0.022455 0.094393 0.064582
v 0.033505 0.087745 0.068388
v 0.022673 0.081403 0.071378
v 0.033601 0.095218 0.063864
v 0.069674 0.110383 0.019885
v 0.046197 0.112911 0.008714
v 0.037922 0.078169 0.074117
v 0.052043 0.085931 0.071197
v 0.047632 0.082339 0.072141
v 0.050779 0.096840 0.064421
v 0.035233 0.102140 0.060383
v 0.055095 0.097555 0.064662
v 0.057959 0.110238 0.019766
v 0.047369 0.103951 0.059897
v 0.064094 0.109938 0.025809
v 0.072334 0.094765 0.068205
v 0.051105 0.111339 0.019423
v 0.036721 0.114263 0.010506
v 0.044980 0.110765 0.016962
v 0.033338 0.115925 0.005475
v 0.020585 0.100466 0.060255
v 0.011368 0.101567 0.052343
v 0.016330 0.107650 0.045293
v 0.031679 0.103119 0.058407
v 0.009327 0.100590 0.038480
v 0.054742 0.102473 0.060253
v 0.055417 0.104600 0.054973
v 0.026924 0.109010 0.047754
v 0.034656 0.105671 0.053610
v 0.036843 0.109866 0.047167
v 0.024586 0.110594 0.042644
v 0.013453 0.103849 0.043076
v 0.019528 0.106514 0.038078
v 0.017265 0.099781 0.031039
v 0.023034 0.110738 0.039352
v 0.026072 0.111157 0.034532
v 0.043804 0.108510 0.042907
v 0.020773 0.104121 0.032393
v 0.026342 0.111608 0.029332
v 0.043660 0.109059 0.035010
v 0.032395 0.111697 0.030052
v 0.042249 0.106937 0.053896
v 0.049403 0.108148 0.051564
v 0.011489 0.099240 0.021411
v 0.019837 0.098612 0.014841
v 0.029127 0.112558 0.022874
v 0.019775 0.101878 0.023219
v 0.023095 0.103741 0.019135
v 0.031066 0.113714 0.014523
v 0.025601 0.106208 0.013942
v 0.020707 0.099145 0.010074
v 0.028768 0.110499 0.008713
v 0.043175 0.110211 0.024967
v 0.073235 0.068923 -0.057184
v 0.075673 0.055942 -0.062713
v 0.009618 0.085539 -0.064528
v 0.003341 0.090739 -0.063171
v 0.057397 0.127020 -0.039517
v 0.052406 0.130030 -0.029431
v 0.059487 0.131092 -0.035963
v 0.054093 0.077335 -0.057129
v 0.043890 0.118804 -0.023599
v 0.047829 0.124877 -0.024863
v 0.048573 0.077219 -0.058018
v 0.048078 0.069132 -0.061533
v 0.005223 0.101747 -0.057955
v 0.034783 0.073139 -0.062524
v 0.018535 0.089594 -0.059738
v 0.062540 0.059592 -0.062826
v 0.031662 0.086671 -0.058385
v 0.023391 0.075825 -0.064659
v 0.050474 0.127241 -0.024698
v 0.042111 0.116055 -0.029850
v 0.045513 0.117107 -0.035771
v 0.042663 0.055848 -0.067268
v 0.027169 0.067019 -0.066198
v 0.004559 0.099558 -0.027648
v -0.003948 0.099813 -0.036265
v 0.006277 0.100442 -0.036098
v 0.049843 0.124944 -0.035068
v 0.052364 0.103060 -0.047723
v 0.015206 0.076017 -0.066275
v 0.004881 0.072202 -0.070692
v 0.005783 0.078956 -0.067686
v 0.003683 0.100304 -0.040929
v -0.000088 0.101653 -0.046108
v 0.002463 0.102637 -0.053072
v -0.001493 0.103407 -0.058856
v 0.005216 0.067178 -0.071567
v 0.025163 0.058026 -0.069693
v 0.076047 0.114831 -0.040042
v 0.065535 0.121292 -0.040023
v 0.070252 0.129494 -0.036355
v 0.075266 0.131158 -0.034474
v 0.068514 0.132973 -0.033400
v 0.065522 0.132932 -0.035153
v 0.056039 0.110660 -0.045253
v 0.062138 0.115524 -0.042833
v 0.058668 0.085736 -0.052574
v 0.045246 0.109095 -0.047707
v 0.039417 0.101201 -0.051011
v 0.027972 0.109146 -0.050123
v 0.080908 0.135501 -0.027002
v 0.070204 0.131669 -0.031906
v 0.075418 0.134286 -0.031501
v 0.073531 0.132256 -0.028370
v 0.074834 0.134195 -0.025766
v 0.061580 0.134010 -0.030493
v 0.077479 0.130905 -0.018005
v 0.067871 0.132639 -0.022859
v 0.052008 0.120189 -0.042803
v 0.047277 0.116109 -0.044501
v 0.017665 0.100410 -0.024782
v 0.011687 0.100646 -0.025209
v 0.013168 0.100537 -0.029810
v 0.029255 0.105976 -0.024742
v 0.034247 0.109254 -0.021625
v 0.023213 0.103180 -0.028622
v 0.032578 0.108381 -0.030198
v 0.043762 0.115247 -0.040737
v 0.037124 0.110641 -0.033219
v 0.016476 0.101891 -0.035441
v 0.046556 0.091206 -0.053568
v 0.006732 0.102340 -0.047781
v 0.010760 0.101718 -0.041404
v 0.017119 0.101786 -0.038843
v 0.014564 0.102304 -0.046576
v 0.017800 0.103259 -0.042416
v 0.024869 0.106051 -0.036453
v 0.029327 0.109553 -0.042924
v 0.025394 0.107456 -0.039033
v 0.039533 0.113784 -0.038775
v 0.024990 0.108453 -0.047576
v 0.029835 0.094193 -0.055801
v 0.031259 0.111310 -0.045473
v 0.018295 0.105931 -0.051750
v 0.008723 0.103581 -0.054771
v 0.027566 0.106260 -0.051401
v 0.038430 0.113078 -0.042124
v 0.041701 0.113252 -0.038426
v 0.200099 0.106657 -0.034018
v 0.205621 0.090609 -0.010751
v 0.202115 0.094497 -0.006721
v 0.203623 0.091109 -0.004016
v 0.196035 0.101990 -0.009984
v 0.199105 0.098648 -0.014071
v 0.198104 0.112506 -0.028515
v 0.196044 0.086130 -0.051002
v 0.200421 0.101066 -0.020115
v 0.202468 0.091702 -0.026857
v 0.198612 0.088616 -0.032886
v 0.205578 0.094101 -0.032402
v 0.204930 0.098175 -0.035537
v 0.208584 0.099578 -0.028910
v 0.201633 0.085565 -0.011077
v 0.199521 0.090256 -0.045135
v 0.197303 0.084902 -0.046069
v 0.193818 0.082589 -0.047697
v 0.196217 0.096841 -0.003125
v 0.202106 0.085223 0.005583
v 0.201140 0.085722 -0.003544
v 0.205777 0.086560 -0.015519
v 0.201395 0.082188 -0.016581
v 0.192998 0.063481 0.039084
v 0.204338 0.105002 -0.030505
v 0.202507 0.090936 0.002157
v 0.201159 0.091510 -0.038407
v 0.193997 0.061904 0.030459
v 0.197311 0.084163 -0.029329
v 0.201218 0.085185 -0.023492
v 0.196308 0.085562 -0.039321
v 0.193615 0.083334 -0.032996
v 0.196859 0.080566 0.017036
v 0.196788 0.067634 0.025634
v 0.194437 0.067943 0.021854
v 0.198264 0.072546 0.023935
v 0.196378 0.071206 0.019087
v 0.199077 0.075396 0.018097
v 0.189048 0.072206 0.009755
v 0.192351 0.075830 0.005689
v 0.192712 0.074511 0.012100
v 0.194312 0.078395 0.013187
v 0.200127 0.086638 0.008621
v 0.200246 0.082899 0.010838
v 0.198072 0.081884 0.002204
v 0.207678 0.091073 -0.017743
v 0.204948 0.102695 -0.026117
v 0.207605 0.094739 -0.019496
v 0.197802 0.081329 -0.005691
v 0.207905 0.096744 -0.024173
v 0.197735 0.083168 -0.005219
v -0.108184 0.095327 0.026326
v -0.095530 0.096870 0.017808
v -0.098874 0.097857 0.008015
v -0.178275 0.072310 0.038742
v -0.170497 0.071720 0.042355
v -0.176457 0.080844 0.036682
v -0.182192 0.077765 0.034099
v -0.176668 0.076265 0.036827
v -0.171484 0.078283 0.042720
v -0.174032 0.074105 0.040445
v -0.103974 0.097060 0.007448
v -0.124669 0.095685 0.011731
v -0.116194 0.095854 0.017288
v -0.091137 0.095600 0.031995
v -0.098778 0.100869 -0.001038
v -0.097093 0.101881 -0.005524
v -0.182118 0.071645 0.035699
v -0.182728 0.076311 0.029341
v -0.184727 0.071457 0.031663
v -0.183990 0.073572 0.027362
v -0.179608 0.080639 0.029677
v -0.117322 0.097644 0.004225
v -0.184757 0.076724 0.018602
v -0.120241 0.098219 -0.005766
v -0.123253 0.098418 -0.004856
v -0.108346 0.097697 0.003420
v -0.188440 0.072234 0.015182
v -0.087472 0.095138 0.040904
v -0.186163 0.065033 0.024222
v -0.190273 0.072647 0.008778
v -0.188473 0.064546 0.019836
v -0.191239 0.074103 0.001887
v -0.191324 0.064770 0.006131
v -0.188463 0.065278 0.012584
v -0.193547 0.064782 0.000627
v -0.148842 0.078444 0.053688
v -0.142645 0.072330 0.052415
v -0.141853 0.078867 0.056421
v -0.157126 0.081114 0.050620
v -0.159645 0.075466 0.049600
v -0.152428 0.080841 0.053845
v -0.150895 0.073776 0.049956
v -0.147229 0.083007 0.053302
v -0.143492 0.083123 0.054411
v -0.166333 0.074451 0.045502
v -0.166680 0.079042 0.041039
v -0.159064 0.073254 0.048541
v -0.159995 0.081869 0.043672
v -0.099699 0.098082 0.003883
v -0.147012 0.068031 0.050117
v -0.151389 0.093650 0.011185
v -0.090567 0.094595 0.049141
v -0.171645 0.094873 -0.005283
v -0.136986 0.074621 0.057359
v -0.135796 0.077188 0.057344
v -0.129682 0.072375 0.055756
v -0.130006 0.086511 0.058303
v -0.117492 0.070337 0.059542
v -0.125222 0.086276 0.059073
v -0.118960 0.086118 0.062918
v -0.125246 0.067361 0.056078
v -0.172318 0.092722 0.003372
v -0.116440 0.093632 0.055657
v -0.175310 0.091310 -0.002004
v -0.183875 0.080259 -0.004182
v -0.182299 0.080619 0.001363
v -0.183651 0.082952 -0.006487
v -0.110572 0.090499 0.068334
v -0.114827 0.090761 0.066575
v -0.112240 0.082099 0.067261
v -0.180074 0.088045 0.006861
v -0.098783 0.077789 0.078102
v -0.105021 0.083451 0.073204
v -0.098327 0.072700 0.077060
v -0.112094 0.074986 0.065398
v -0.107534 0.069707 0.069848
v -0.108655 0.077892 0.068009
v -0.103733 0.071421 0.072474
v -0.183995 0.078150 -0.009065
v -0.098825 0.081632 0.075457
v -0.099300 0.089258 0.068672
v -0.188655 0.078648 -0.004203
v -0.117256 0.093549 0.061883
v -0.185995 0.080383 0.007309
v -0.191803 0.078857 -0.001967
v -0.193612 0.078645 -0.008667
v -0.102273 0.094783 0.062110
v -0.182660 0.080562 0.007808
v -0.196184 0.073313 -0.005920
v -0.173228 0.086521 0.027531
v -0.174274 0.088216 0.024708
v -0.179051 0.085581 0.022327
v -0.109383 0.093423 0.065524
v -0.183087 0.079733 0.016664
v -0.176209 0.088816 0.017790
v -0.178456 0.087017 0.016806
v -0.169721 0.090040 0.017460
v -0.183734 0.082219 0.014300
v -0.153898 0.083265 0.049740
v -0.151256 0.085889 0.050781
v -0.141906 0.089762 0.054673
v -0.145562 0.089926 0.051777
v -0.167650 0.085209 0.030826
v -0.156649 0.085642 0.041482
v -0.160681 0.084847 0.036171
v -0.145839 0.090971 0.040879
v -0.157422 0.087963 0.030451
v -0.144160 0.092446 0.027169
v -0.136036 0.090146 0.058942
v -0.128764 0.091896 0.056901
v -0.139604 0.087060 0.057853
v -0.128013 0.093134 0.036657
v -0.135894 0.092941 0.026439
v -0.126815 0.094071 0.030824
v -0.167681 0.085857 0.026899
v -0.165802 0.088620 0.024356
v -0.158178 0.090790 0.019470
v -0.149164 0.092064 0.018618
v -0.136322 0.093527 0.018964
v -0.166568 0.091782 0.011946
v -0.158751 0.090886 0.014686
v -0.157380 0.092565 0.011672
v -0.150112 0.091865 0.015913
v -0.088629 0.082457 0.073279
v -0.196674 0.065465 -0.004442
v -0.202635 0.049055 0.000959
v -0.198607 0.042267 0.000523
v -0.196956 0.048679 0.002959
v -0.202265 0.038048 -0.000863
v -0.204827 0.047277 -0.000197
v -0.191963 0.040229 0.003111
v -0.195874 0.036813 -0.001339
v -0.202995 0.037498 -0.002809
v -0.204602 0.043638 -0.003700
v -0.199901 0.062896 0.002564
v -0.199360 0.060025 0.010470
v -0.197103 0.061595 0.004909
v -0.198896 0.064209 -0.004806
v -0.202236 0.060611 0.000182
v -0.199979 0.065059 -0.010735
v -0.201515 0.054931 0.005486
v -0.194767 0.049756 0.007617
v -0.204855 0.054038 -0.001937
v -0.204318 0.055377 0.001438
v -0.195458 0.061952 0.016626
v -0.194719 0.062220 0.012112
v -0.198656 0.058184 0.012569
v -0.202013 0.058798 0.006807
v -0.194886 0.059766 0.018038
v -0.202555 0.055855 -0.004748
v -0.033743 0.100520 -0.000234
v -0.026761 0.097543 0.035160
v -0.023001 0.100722 0.030558
v -0.023665 0.095799 0.046720
v -0.041253 0.101062 -0.004868
v -0.030460 0.095740 0.042734
v -0.080049 0.074690 0.079622
v -0.081616 0.071421 0.081085
v -0.019521 0.095632 0.057816
v -0.041169 0.099072 0.002742
v -0.060060 0.098587 -0.002754
v -0.052572 0.097718 0.003528
v -0.072473 0.099147 0.002284
v -0.067850 0.099201 -0.000444
v -0.076138 0.102041 -0.000734
v -0.085992 0.102042 -0.009383
v -0.062231 0.099751 -0.006333
v -0.023174 0.094471 0.060274
v -0.073576 0.099781 -0.003222
v -0.032604 0.098238 0.029902
v -0.067593 0.077990 0.074580
v -0.081595 0.080751 0.073388
v -0.078299 0.101460 -0.006620
v -0.017042 0.091505 0.063632
v -0.067294 0.072515 0.078939
v -0.061269 0.071729 0.079767
v -0.038357 0.094424 0.060467
v -0.049444 0.069544 0.079879
v -0.052864 0.079271 0.072941
v -0.084992 0.102670 -0.002976
v -0.035363 0.089117 0.064191
v -0.043475 0.074179 0.074662
v -0.057262 0.093927 0.049122
v -0.050540 0.094183 0.037153
v -0.044462 0.083506 0.067596
v -0.039849 0.068979 0.078846
v -0.033930 0.067533 0.078658
v -0.034169 0.073280 0.074300
v -0.052211 0.095269 0.028826
v -0.065977 0.096329 0.032120
v -0.037106 0.078016 0.071861
v -0.088754 0.099663 0.002180
v -0.043039 0.097554 0.026638
v -0.024525 0.099792 0.006487
v -0.024039 0.101818 0.016126
v -0.037486 0.099281 0.024922
v -0.044973 0.095591 0.032282
v -0.014185 0.070482 0.076081
v -0.017966 0.063680 0.081502
v -0.034401 0.100182 0.005468
v -0.016512 0.079498 0.070384
v -0.025092 0.079688 0.069697
v -0.017708 0.101729 0.025192
v -0.029337 0.100055 0.025043
v -0.027598 0.101433 0.018598
v -0.044272 0.093952 0.043723
v -0.045363 0.099174 0.016467
v -0.038347 0.101158 0.013984
v -0.037894 0.101818 0.007641
v -0.030110 0.102779 0.013510
v -0.059950 0.098456 0.009917
v -0.056681 0.097171 0.016811
v -0.031452 0.099981 0.020708
v -0.043810 0.093392 0.053082
v -0.086530 0.090358 0.065407
v -0.050425 0.099870 0.008020
v -0.082004 0.093228 0.062992
v -0.071959 0.084735 0.070170
v -0.075465 0.087618 0.067107
v -0.089984 0.094333 0.062850
v -0.070368 0.091130 0.064203
v -0.061110 0.084906 0.068204
v -0.053456 0.081413 0.069754
v -0.054659 0.088713 0.064309
v -0.068925 0.095073 0.059264
v -0.060647 0.099650 0.006729
v -0.086473 0.094772 0.059396
v -0.075184 0.095202 0.058666
v -0.067735 0.095340 0.039912
v -0.046866 0.096928 0.023756
v -0.050076 0.093863 0.060220
v -0.079140 0.094491 0.047585
v -0.077413 0.094779 0.040067
v -0.083087 0.098057 0.014757
v -0.088184 0.099947 0.005498
v -0.082059 0.100592 0.007623
v -0.069603 0.099059 0.012821
v -0.061812 0.097152 0.024358
v -0.066435 0.097900 0.012138
v -0.068693 0.099938 0.007446
v -0.073031 0.101142 0.004868
v -0.171295 0.025477 0.004482
v -0.135841 0.014061 0.012687
v -0.136106 0.026585 0.022178
v -0.127488 0.023331 0.024088
v -0.118334 0.008136 0.015874
v -0.113459 0.011709 0.021633
v -0.152000 0.031001 0.018373
v -0.111752 -0.002407 0.010906
v -0.117391 0.000024 0.009892
v -0.164210 0.028544 0.010870
v -0.117593 -0.004199 0.006726
v -0.116538 0.007869 0.014437
v -0.187055 0.044801 0.010447
v -0.190130 0.053030 0.015077
v -0.178103 0.047349 0.018001
v -0.180477 0.054716 0.022723
v -0.176305 0.037591 0.010936
v -0.179636 0.043460 0.012271
v -0.178280 0.038431 0.009235
v -0.185112 0.050818 0.015710
v -0.184970 0.064321 0.028859
v -0.188745 0.061497 0.023631
v -0.111532 0.008017 0.016185
v -0.097683 0.053643 0.060886
v -0.120908 0.063051 0.058830
v -0.104561 0.048752 0.053928
v -0.172573 0.032638 0.007314
v -0.170720 0.030850 0.008896
v -0.116556 0.021764 0.028112
v -0.114125 0.066976 0.064329
v -0.117397 0.033542 0.037101
v -0.132551 0.046781 0.040222
v -0.114089 0.044684 0.047600
v -0.140352 0.047115 0.037026
v -0.132502 0.058755 0.050666
v -0.162487 0.066781 0.042620
v -0.147111 0.042311 0.029466
v -0.140759 0.060400 0.046188
v -0.147194 0.059548 0.043468
v -0.133375 0.066063 0.055188
v -0.132903 0.062036 0.051645
v -0.124792 0.057124 0.052665
v -0.126689 0.063717 0.056282
v -0.104453 0.025751 0.036028
v -0.140569 0.058551 0.046738
v -0.165296 0.047776 0.025050
v -0.148380 0.030263 0.020027
v -0.109492 0.009748 0.019711
v -0.026418 0.008602 0.014902
v -0.028746 0.009306 0.008930
v -0.021491 0.010141 0.011553
v -0.027440 0.008519 0.006312
v -0.031106 0.007377 0.018610
v -0.008533 0.008798 0.016876
v -0.018601 0.011483 0.015335
v -0.011017 0.009110 0.011359
v -0.038692 0.006957 0.013529
v -0.044819 0.004933 0.013901
v -0.060447 0.004545 0.006070
v -0.054409 0.004309 0.014041
v -0.060877 0.004779 0.010282
v -0.057546 0.005924 0.017851
v -0.067604 0.004954 0.005494
v -0.084613 0.000486 0.008558
v -0.072453 0.004329 0.007434
v -0.065986 0.004643 0.013221
v -0.051193 0.047179 0.072953
v -0.059868 0.057657 0.078340
v -0.072289 0.058802 0.074364
v -0.084923 0.058558 0.068948
v -0.091968 0.068572 0.075277
v -0.084186 0.036246 0.052581
v -0.072066 0.002376 0.017049
v -0.082050 0.000115 0.013045
v -0.082789 0.000657 0.017627
v -0.107722 0.002008 0.012161
v -0.068379 0.064621 0.080236
v -0.073404 0.068736 0.081914
v -0.063836 0.047210 0.067524
v -0.062354 0.063534 0.081150
v -0.057960 0.064605 0.084529
v -0.069484 0.067033 0.080280
v -0.060447 0.068728 0.082356
v -0.054077 0.025226 0.055892
v -0.070324 0.026842 0.050973
v -0.092285 -0.001572 0.017520
v -0.075255 0.038718 0.057298
v -0.059103 0.034815 0.060326
v -0.101747 0.002554 0.014550
v -0.098347 -0.001094 0.015193
v -0.037217 0.046180 0.076909
v -0.038309 0.057624 0.086304
v -0.033487 0.055535 0.086231
v -0.024403 0.052740 0.087040
v -0.039518 0.032107 0.064866
v -0.014272 0.052619 0.089397
v -0.017861 0.027065 0.068823
v -0.026308 0.025441 0.064807
v -0.020322 0.039123 0.077256
v -0.018429 0.033623 0.072893
v -0.085392 0.031504 0.048880
v -0.018853 0.020590 0.062729
v -0.068450 0.015437 0.043024
v -0.052900 0.067375 0.082591
v -0.030249 0.057560 0.086883
v -0.035349 0.061228 0.083962
v -0.047512 0.058055 0.083006
v -0.045561 0.060678 0.082875
v -0.029311 0.065143 0.080962
v -0.027159 0.059500 0.084290
v -0.019837 0.056821 0.085024
v -0.037673 0.017173 0.055060
v -0.021722 0.059831 0.084534
v -0.008836 0.061845 0.082345
v -0.081153 0.013669 0.037407
v -0.053575 0.013376 0.047550
v -0.061823 0.013337 0.042740
v -0.093055 0.021584 0.038439
v -0.094003 0.008026 0.026904
v -0.093516 0.006584 0.023832
v -0.090202 0.000745 0.019994
v -0.088547 0.005921 0.027488
v -0.080693 0.004474 0.030720
v -0.087202 0.000137 0.023386
v -0.101313 0.009089 0.020534
v -0.084636 -0.001099 0.021265
v -0.105667 0.007744 0.022104
v -0.102667 0.008383 0.023791
v -0.108559 0.010252 0.018176
v -0.097503 0.007214 0.025141
v -0.071707 0.001876 0.031779
v -0.073632 0.010209 0.037585
v -0.064543 0.000594 0.031699
v -0.059979 0.005003 0.034815
v -0.058249 0.002528 0.030733
v -0.063005 0.008650 0.038148
v -0.056188 0.010766 0.042237
v -0.076898 0.001391 0.027306
v -0.081239 0.000409 0.026300
v -0.073639 0.002757 0.020537
v -0.065388 0.002059 0.021804
v -0.056390 0.004578 0.024399
v -0.036355 0.009130 0.049548
v -0.044028 0.010821 0.049478
v -0.045944 0.003844 0.041198
v -0.048836 0.005430 0.042651
v -0.027524 0.011306 0.054116
v -0.031999 0.008863 0.049900
v -0.036581 0.008376 0.043191
v -0.029075 0.010682 0.048737
v -0.030385 0.009611 0.041079
v -0.015918 0.010849 0.056570
v -0.025338 0.011078 0.047779
v -0.013681 0.012178 0.051927
v -0.022585 0.009090 0.039640
v -0.009128 0.010553 0.049164
v -0.089401 0.036613 0.050543
v -0.056033 0.004365 0.039436
v -0.052793 0.002096 0.036763
v -0.048578 0.003401 0.036736
v -0.044684 0.007774 0.029058
v -0.050398 0.006768 0.024246
v -0.038214 0.008059 0.035901
v -0.028347 0.010551 0.039904
v -0.032936 0.009925 0.034982
v -0.035410 0.007037 0.024460
v -0.043508 0.004717 0.020213
v -0.022468 0.008181 0.032764
v -0.006503 0.009964 0.043140
v -0.016910 0.009026 0.029610
v -0.014726 0.011835 0.020739
v -0.095670 0.034398 0.047226
v 0.063250 0.008687 0.008533
v 0.068470 0.008610 0.011252
v 0.064113 0.009785 0.015759
v 0.019977 0.008208 0.018667
v 0.077780 0.008750 0.003860
v 0.070745 0.007717 0.018718
v 0.074518 0.009147 0.009041
v 0.003526 0.007044 0.018373
v 0.010509 0.008923 0.008360
v 0.014089 0.007418 0.027522
v 0.051853 0.009434 0.014589
v 0.054327 0.009784 0.008504
v 0.000639 0.007484 0.012778
v 0.030319 0.009302 0.014333
v 0.070675 0.007923 0.000360
v 0.058852 0.009047 0.016908
v 0.019973 0.007012 0.027027
v 0.042474 0.009387 0.010270
v 0.035944 0.010046 0.017154
v -0.001182 0.009138 0.018234
v 0.037083 0.009634 0.007798
v 0.029661 0.010057 0.008067
v -0.002933 0.011934 0.027364
v 0.005689 0.009759 0.028880
v 0.069729 0.008464 0.025278
v 0.057055 0.009474 0.026006
v 0.020029 0.010213 -0.001015
v 0.004342 0.009351 -0.004608
v -0.009320 0.007289 -0.004721
v -0.010523 0.012431 0.059364
v 0.028115 0.008606 0.038045
v -0.008660 0.017623 0.063199
v 0.080006 0.008495 0.033128
v 0.001246 0.030855 0.077571
v 0.016921 0.012441 0.042334
v -0.006365 0.009517 0.056977
v -0.000505 0.007999 0.058924
v 0.003387 0.009697 0.048793
v 0.075423 0.007193 0.041775
v 0.064800 0.008073 0.030577
v 0.059271 0.008052 0.031448
v -0.006273 0.011744 0.032448
v 0.000551 0.010291 0.041872
v 0.053147 0.006015 0.041428
v 0.064722 0.004105 0.052051
v 0.068112 0.000501 0.066732
v 0.062226 0.001818 0.064944
v 0.076749 -0.000944 0.072973
v 0.054530 0.004699 0.053091
v 0.027079 0.018434 0.076246
v 0.013859 0.031058 0.082658
v 0.012886 0.021577 0.073717
v 0.004017 0.026854 0.076549
v 0.036931 0.024171 0.083823
v 0.047725 0.024817 0.087457
v 0.040265 0.018888 0.080575
v 0.039468 0.010665 0.072354
v 0.043695 0.007810 0.070807
v 0.033335 0.010841 0.070950
v 0.022608 0.015063 0.071093
v 0.051332 0.012485 0.077844
v 0.053686 0.023486 0.087254
v 0.060126 0.014753 0.082421
v 0.064994 0.019102 0.086786
v 0.060700 0.006577 0.073853
v 0.067154 0.007491 0.076305
v 0.063620 0.006882 0.076842
v 0.071107 0.007467 0.079794
v 0.076302 0.000308 0.075851
v 0.043472 0.008187 0.026153
v 0.064426 0.003023 0.071146
v 0.035781 0.007518 0.032246
v 0.053388 0.004724 0.062960
v 0.051325 0.004562 0.069052
v 0.050173 0.008853 0.024284
v 0.050324 0.032551 0.094798
v 0.035665 0.007652 0.036764
v 0.044297 0.006633 0.043497
v 0.030651 0.012992 0.050539
v 0.067003 0.028231 0.095951
v 0.064716 0.032872 0.098583
v 0.044406 0.009368 0.064027
v 0.041242 0.009741 0.066643
v 0.039062 0.012124 0.067355
v 0.074324 0.034580 0.103494
v 0.028431 0.009997 0.066386
v 0.007841 0.009732 0.063503
v 0.009789 0.014259 0.068340
v 0.013710 0.009221 0.064326
v 0.017285 0.008515 0.063238
v 0.023592 0.010938 0.065483
v 0.009576 0.007698 0.058989
v 0.026943 0.011435 0.059864
v 0.013254 0.008876 0.056502
v 0.048445 0.006713 0.072277
v 0.037502 0.012419 0.059762
v 0.042434 0.007856 0.048985
v 0.035658 0.010382 0.003773
v 0.022731 0.027903 -0.080259
v 0.037239 0.022628 -0.080404
v 0.023908 0.018638 -0.083481
v 0.055909 0.009059 -0.078144
v 0.054494 0.055940 -0.065618
v 0.059166 0.015333 -0.079740
v 0.054029 0.013819 -0.081088
v 0.032758 0.041859 -0.073656
v 0.033124 0.060094 -0.068029
v 0.032060 0.054967 -0.068609
v 0.000738 0.057441 -0.075236
v 0.078755 0.050734 -0.064488
v 0.075621 0.045597 -0.066364
v 0.062498 0.051649 -0.065811
v 0.059525 0.012288 -0.076764
v 0.034596 0.013977 -0.083457
v 0.061582 0.020558 -0.077624
v 0.077846 0.037045 -0.070189
v 0.066095 0.039720 -0.069698
v 0.069101 0.026967 -0.074255
v 0.067101 0.024092 -0.075451
v 0.063472 0.020284 -0.075207
v 0.048762 0.037317 -0.073464
v 0.071990 0.042577 -0.068244
v 0.008806 0.039228 -0.078266
v -0.004590 0.047426 -0.079528
v 0.002273 0.031118 -0.082989
v 0.004875 0.046614 -0.076702
v 0.078015 0.018856 -0.070347
v 0.018080 0.037855 -0.077559
v 0.065815 0.021643 -0.071011
v 0.063403 0.017643 -0.071754
v 0.075856 0.010383 -0.065658
v -0.003541 0.019370 -0.088500
v 0.063462 0.011864 -0.072715
v 0.064795 0.013233 -0.068353
v 0.072025 0.006433 -0.064835
v 0.060049 0.004164 -0.070180
v 0.062828 0.004618 -0.066813
v 0.025191 0.007026 -0.083491
v 0.022453 0.011733 -0.086137
v 0.032233 0.004021 -0.078223
v 0.027488 0.048148 -0.072430
v 0.043130 0.012647 -0.083095
v 0.042669 0.007092 -0.081548
v 0.036392 0.008611 -0.082947
v 0.040585 0.003831 -0.076521
v 0.041734 0.042196 -0.072026
v 0.009770 0.020762 -0.084809
v 0.013328 0.013685 -0.087336
v 0.021823 0.003518 -0.080405
v 0.016605 0.003363 -0.081493
v 0.017886 0.009921 -0.086786
v 0.070023 0.008400 -0.021345
v 0.063680 0.007869 -0.020761
v 0.062406 0.005064 -0.029026
v 0.060307 0.003692 -0.063268
v 0.073810 0.003915 -0.038465
v 0.071158 0.005845 -0.057159
v 0.064993 0.004572 -0.049188
v 0.044390 0.002101 -0.073433
v 0.047120 0.002081 -0.067377
v 0.057406 0.010438 -0.013140
v 0.045016 0.009280 -0.014349
v 0.051278 0.005934 -0.027122
v 0.082631 0.004088 -0.051100
v 0.076767 0.004706 -0.055552
v 0.075134 0.005587 -0.031467
v 0.047385 0.003976 -0.073319
v 0.059452 0.004056 -0.057216
v 0.055640 0.005959 -0.045230
v 0.027865 0.002078 -0.079300
v 0.061208 0.004671 -0.036260
v 0.054059 0.005167 -0.039274
v 0.003924 0.008374 -0.085358
v 0.007445 0.004930 -0.083136
v 0.000604 0.000692 -0.079343
v 0.047026 0.011131 -0.006644
v 0.080733 0.007579 -0.024957
v 0.075675 0.006601 -0.011834
v 0.066497 0.008539 -0.012743
v 0.013084 -0.000300 -0.076541
v 0.011301 0.003604 -0.080666
v -0.003030 0.008535 -0.006810
v 0.026566 -0.000443 -0.065974
v 0.030107 0.001030 -0.059210
v 0.024716 0.000437 -0.058733
v -0.003091 0.006220 -0.012026
v 0.060033 0.008890 -0.002336
v -0.001090 0.005402 -0.025953
v 0.002895 0.006039 -0.008060
v 0.074360 0.007249 -0.002176
v 0.005247 0.004773 -0.037716
v 0.006217 0.003770 -0.042334
v -0.007905 0.004015 -0.047216
v 0.030074 0.000786 -0.074259
v 0.001728 0.003268 -0.046922
v 0.045773 0.002420 -0.056977
v 0.047702 0.002887 -0.048332
v -0.003246 0.002209 -0.059426
v -0.003527 0.001764 -0.068050
v 0.022265 0.000398 -0.075659
v 0.029629 0.001858 -0.055059
v -0.005031 0.000866 -0.078419
v 0.037949 0.001444 -0.064338
v 0.034447 0.002316 -0.059453
v -0.009023 0.002342 -0.080611
v 0.033680 -0.000080 -0.070638
v 0.040991 0.001234 -0.057863
v 0.039770 0.002387 -0.051523
v 0.034866 0.001153 -0.045195
v 0.016184 0.002770 -0.051139
v 0.014241 0.000084 -0.067438
v 0.004695 -0.000289 -0.074721
v 0.007360 0.001771 -0.055551
v 0.011163 0.000605 -0.062980
v 0.008868 0.003907 -0.049090
v 0.023024 0.003731 -0.046147
v 0.032580 0.010400 -0.001675
v 0.007510 0.005886 -0.017314
v 0.009903 0.006854 -0.009972
v 0.022764 0.007962 -0.007245
v 0.015233 0.008981 -0.004596
v 0.017373 0.005902 -0.014475
v 0.020780 0.006255 -0.020510
v 0.026154 0.006734 -0.016000
v 0.042829 0.010355 -0.004209
v 0.042006 0.008847 -0.009298
v 0.032954 0.006557 -0.017337
v 0.039701 0.007456 -0.017301
v 0.008656 0.004755 -0.025110
v 0.010601 0.004073 -0.035538
v 0.020076 0.005108 -0.031710
v 0.021506 0.006566 -0.024703
v 0.034157 0.005840 -0.028153
v 0.025790 0.005192 -0.031203
v 0.021825 0.003392 -0.035811
v 0.025867 0.004347 -0.038823
v 0.017733 0.003943 -0.041604
v 0.037972 0.006728 -0.024979
v 0.032640 0.002488 -0.040941
v 0.042287 0.005954 -0.031825
v 0.037826 0.004102 -0.036773
v 0.039056 0.003455 -0.041924
v 0.076777 0.039755 0.104899
v -0.000996 0.045596 0.089208
v -0.009490 0.050280 0.089594
v -0.000803 0.039008 0.083195
v 0.063379 0.038304 0.103865
v 0.060733 0.044315 0.100141
v 0.059328 0.041015 0.102745
v 0.001516 0.040160 0.086032
v -0.004211 0.050867 0.091283
v -0.003764 0.056890 0.086492
v 0.067284 0.039836 0.104048
v 0.049124 0.073985 0.078267
v 0.034296 0.068991 0.080147
v 0.074714 0.040128 0.101902
v 0.073423 0.067483 0.085375
v 0.027441 0.068933 0.079210
v 0.062537 0.035752 0.101335
v -0.003340 0.073762 0.074777
v 0.064770 0.060075 0.088152
v 0.026150 0.052444 0.091016
v 0.030971 0.056800 0.087938
v 0.009125 0.071863 0.076570
v 0.054532 0.058375 0.088680
v 0.070612 0.048809 0.097204
v 0.072879 0.056319 0.092257
v 0.050178 0.048450 0.095570
v 0.055529 0.036888 0.100234
v 0.044248 0.048173 0.095706
v 0.008625 0.046124 0.094012
v 0.017813 0.046744 0.094585
v 0.002714 0.049586 0.091736
v 0.018958 0.038777 0.090566
v 0.030648 0.037260 0.091122
v 0.027365 0.036315 0.091061
v 0.029733 0.041685 0.094475
v 0.023572 0.043225 0.096085
v 0.018066 0.058498 0.085779
v 0.030844 0.045936 0.096046
v 0.040652 0.038670 0.097977
v 0.036390 0.035579 0.093315
v 0.049452 0.041881 0.099737
v 0.034989 0.042759 0.098194
v 0.039913 0.043818 0.095991
v 0.007339 0.063592 0.082502
v 0.024805 0.060731 0.084687
v -0.008709 0.012468 -0.090612
v 0.001899 0.012658 -0.089424
v -0.198400 0.066141 -0.016452
v -0.196828 0.067638 -0.015088
v -0.190589 0.072131 -0.024624
v -0.193518 0.064764 -0.024879
v -0.194793 0.067941 -0.022686
v -0.192940 0.073829 -0.020293
v -0.187361 0.072043 -0.030516
v -0.188751 0.020586 -0.008140
v -0.194905 0.019167 -0.014777
v -0.189300 0.074098 -0.018825
v -0.190035 0.077723 -0.012431
v -0.187565 0.024609 -0.023356
v -0.193928 0.026245 -0.017802
v -0.188256 0.030333 -0.024486
v -0.190594 0.036808 -0.022731
v -0.188171 0.012063 -0.021980
v -0.184257 0.076136 -0.017458
v -0.190113 0.057501 -0.023152
v -0.194388 0.062475 -0.021763
v -0.200140 0.046460 -0.010434
v -0.198588 0.072482 -0.011485
v -0.194457 0.040536 -0.018444
v -0.195851 0.046592 -0.016443
v -0.194590 0.051054 -0.018116
v -0.199010 0.061019 -0.016257
v -0.195097 0.053719 -0.019266
v -0.189167 0.048913 -0.025528
v -0.198617 0.050723 -0.015617
v -0.189633 0.057432 -0.025668
v -0.198068 0.030153 -0.006175
v -0.200801 0.038325 -0.008331
v -0.187148 0.053614 -0.028910
v -0.197418 0.027346 -0.011198
v 0.139239 0.032936 0.116934
v 0.133360 0.029119 0.119146
v 0.140378 0.024314 0.120535
v 0.135504 0.022974 0.120254
v 0.127862 0.028303 0.119372
v 0.122976 0.027527 0.117545
v 0.122446 0.030376 0.117421
v 0.112907 0.030164 0.115146
v 0.144624 0.025979 0.118670
v 0.160944 0.047883 0.108571
v 0.153337 0.021720 0.114504
v 0.130751 0.036342 0.113982
v 0.162080 0.037798 0.109340
v 0.165045 0.034332 0.109563
v 0.155256 0.041790 0.111122
v 0.156565 0.029497 0.111476
v 0.149296 0.023292 0.117883
v 0.149106 0.019597 0.116165
v 0.146163 0.039751 0.112601
v 0.148672 0.035063 0.114375
v 0.143200 0.017518 0.117781
v 0.105556 0.033124 0.112518
v 0.156923 0.028468 0.110467
vn 0.2191 -0.7759 -0.5916
vn 0.5412 -0.7623 -0.3550
vn 0.2130 -0.9612 -0.1751
vn 0.0720 -0.9964 0.0453
vn 0.3483 -0.9372 -0.0167
vn 0.5713 -0.8193 -0.0484
vn -0.0909 -0.9958 0.0126
vn -0.0036 -0.9965 0.0833
vn 0.0967 -0.9888 -0.1139
vn 0.7200 -0.6796 -0.1409
vn 0.2636 -0.9610 -0.0835
vn 0.7369 -0.6757 -0.0196
vn -0.0015 -0.9363 -0.3511
vn 0.5594 -0.8250 -0.0802
vn 0.0195 -0.9908 -0.1342
vn 0.0838 -0.9918 0.0963
vn -0.1023 -0.9930 -0.0593
vn -0.0339 -0.9662 -0.2556
vn 0.7506 -0.6560 -0.0792
vn 0.4391 -0.8979 -0.0293
vn 0.6916 -0.7186 -0.0730
vn 0.7173 -0.6831 -0.1369
vn -0.0896 -0.9948 -0.0492
vn -0.4791 -0.8725 -0.0959
vn -0.1008 -0.9949 0.0074
vn -0.0858 -0.9963 0.0034
vn 0.3391 -0.9407 -0.0077
vn 0.7119 -0.7007 -0.0476
vn 0.7274 -0.6824 -0.0719
vn 0.0949 -0.9860 0.1374
vn 0.7131 -0.6955 -0.0879
vn 0.7094 -0.7005 -0.0779
vn -0.0988 -0.9912 0.0882
vn -0.1138 -0.9904 0.0787
vn -0.0975 -0.9950 0.0224
vn 0.7166 -0.6892 -0.1074
vn -0.0791 -0.9952 0.0580
vn 0.7367 -0.6727 -0.0695
vn -0.1305 -0.9915 -0.0002
vn -0.0268 -0.9973 0.0680
vn -0.2282 -0.9648 0.1308
vn -0.1299 -0.9887 0.0753
vn -0.0865 -0.9943 -0.0626
vn -0.1542 -0.9876 -0.0295
vn -0.1025 -0.9926 0.0647
vn 0.0024 -0.9998 0.0200
vn 0.0549 -0.9710 0.2325
vn -0.0383 -0.9987 -0.0325
vn 0.7256 -0.6878 -0.0219
vn -0.0885 -0.9892 -0.1165
vn -0.1615 -0.9791 -0.1234
vn -0.0389 -0.9981 0.0468
vn -0.0169 -0.9737 -0.2272
vn -0.1290 -0.9884 0.0806
vn -0.0256 -0.9923 0.1210
vn -0.0875 -0.9958 -0.0275
vn -0.1364 -0.9438 -0.3009
vn 0.0351 -0.4597 -0.8874
vn 0.0077 -0.7897 -0.6135
vn -0.1464 -0.6968 -0.7021
vn -0.0815 -0.8715 -0.4836
vn 0.0136 -0.7488 -0.6626
vn 0.0892 -0.9581 0.2720
vn 0.2007 -0.9580 -0.2050
vn 0.0336 -0.9019 -0.4307
vn -0.0611 -0.8438 -0.5332
vn 0.2483 -0.9276 -0.2790
vn -0.2802 -0.0370 -0.9592
vn -0.3040 0.1063 -0.9467
vn -0.3505 0.0163 -0.9364
vn 0.7447 -0.6477 -0.1610
vn 0.7334 -0.6740 -0.0890
vn 0.7072 -0.6948 -0.1306
vn 0.3881 -0.4557 -0.8011
vn 0.8203 -0.4395 -0.3660
vn 0.8664 -0.3417 -0.3641
vn -0.1817 -0.3498 -0.9190
vn 0.3728 -0.4607 -0.8055
vn 0.5607 -0.4020 -0.7239
vn -0.1145 -0.1253 -0.9855
vn -0.3007 0.0243 -0.9534
vn -0.2539 -0.0897 -0.9631
vn -0.3507 -0.1925 -0.9165
vn -0.3627 -0.6315 -0.6853
vn -0.2830 0.1313 -0.9501
vn -0.1355 -0.1705 -0.9760
vn 0.4801 -0.4885 -0.7286
vn -0.1181 -0.4409 -0.8898
vn -0.3038 0.1059 -0.9468
vn -0.4082 -0.1427 -0.9017
vn 0.7972 -0.5524 0.2434
vn 0.7009 -0.7053 -0.1063
vn 0.6926 -0.7144 -0.0994
vn -0.3657 -0.2515 -0.8961
vn -0.4188 -0.0139 -0.9080
vn 0.7120 -0.6573 -0.2470
vn 0.7059 -0.6941 -0.1412
vn 0.7053 -0.6916 -0.1556
vn 0.7975 -0.5835 -0.1535
vn 0.9649 -0.2424 0.1009
vn 0.8320 -0.5050 -0.2294
vn 0.8819 -0.4514 0.1362
vn -0.2359 -0.0066 -0.9718
vn 0.9829 -0.1622 0.0874
vn 0.9563 -0.2847 -0.0669
vn 0.9621 -0.2630 0.0717
vn 0.6182 -0.7860 0.0084
vn 0.8376 -0.5454 -0.0316
vn 0.8362 -0.5310 -0.1369
vn 0.9586 -0.2837 -0.0251
vn -0.0243 -0.0481 -0.9985
vn 0.8397 -0.5015 -0.2086
vn -0.0217 -0.2627 -0.9646
vn 0.8318 -0.5355 -0.1463
vn 0.8919 -0.4378 -0.1136
vn 0.8489 -0.5086 -0.1436
vn 0.9236 -0.2833 -0.2582
vn 0.8653 -0.4898 -0.1071
vn 0.8818 -0.4401 -0.1695
vn 0.8288 -0.5486 -0.1096
vn 0.9131 -0.1968 -0.3571
vn 0.1744 -0.2253 -0.9585
vn 0.7008 -0.7106 -0.0630
vn 0.6516 -0.5676 -0.5033
vn 0.3778 -0.5672 -0.7318
vn 0.4693 -0.6243 -0.6245
vn 0.7669 -0.6417 -0.0088
vn 0.6478 -0.7612 0.0315
vn 0.7040 -0.7011 -0.1133
vn 0.8127 -0.5634 -0.1487
vn 0.9291 -0.1139 -0.3518
vn 0.8395 -0.4633 -0.2839
vn 0.7378 -0.6174 -0.2729
vn 0.6071 -0.5069 -0.6120
vn 0.7871 -0.4543 -0.4172
vn 0.6890 -0.7103 -0.1440
vn 0.6042 -0.5586 -0.5682
vn 0.7404 -0.6592 -0.1311
vn 0.4935 -0.3179 -0.8096
vn 0.3840 -0.3955 -0.8343
vn -0.0410 -0.0916 -0.9949
vn 0.7724 -0.5124 -0.3752
vn 0.6757 -0.7334 -0.0740
vn 0.6538 -0.7481 -0.1140
vn 0.6891 -0.7189 -0.0915
vn 0.6366 -0.7572 -0.1462
vn 0.6103 -0.7868 -0.0914
vn 0.6826 -0.7263 -0.0816
vn 0.6756 -0.7350 -0.0584
vn 0.6399 -0.7674 -0.0406
vn 0.9087 -0.2915 -0.2989
vn 0.6747 -0.7328 -0.0889
vn 0.6132 -0.7775 -0.1395
vn 0.6494 -0.7535 -0.1027
vn 0.8957 -0.4286 -0.1181
vn 0.6844 -0.7279 -0.0422
vn 0.9978 0.0053 0.0658
vn 0.9133 -0.3714 -0.1673
vn 0.9217 -0.3652 -0.1312
vn 0.9706 -0.2260 -0.0830
vn 0.6936 -0.7176 -0.0631
vn 0.6784 -0.7268 -0.1078
vn 0.7097 -0.7005 -0.0752
vn 0.7594 -0.4507 -0.4692
vn 0.9099 -0.4084 -0.0722
vn 0.9527 -0.2526 -0.1690
vn 0.6558 -0.7543 -0.0294
vn 0.9779 -0.2067 0.0325
vn 0.9768 -0.0485 -0.2084
vn 0.0416 0.1057 -0.9935
vn 0.7069 -0.6808 -0.1918
vn 0.7105 -0.7015 -0.0562
vn 0.8857 -0.4105 -0.2169
vn 0.6489 -0.7496 -0.1309
vn 0.7455 -0.6199 -0.2449
vn 0.6872 -0.7225 0.0760
vn 0.6895 -0.7118 -0.1338
vn 0.6541 -0.7532 -0.0698
vn 0.6395 -0.7616 -0.1047
vn 0.6402 -0.7640 -0.0807
vn 0.6579 -0.7513 -0.0510
vn 0.6874 -0.7260 -0.0209
vn 0.6199 -0.7741 -0.1287
vn 0.8115 -0.5704 -0.1264
vn 0.9882 -0.1277 -0.0842
vn 0.8599 -0.5104 -0.0102
vn 0.9088 -0.4086 -0.0851
vn 0.6865 -0.5946 -0.4185
vn 0.6737 -0.7012 -0.2334
vn 0.6964 -0.6134 -0.3724
vn 0.7186 -0.6551 -0.2333
vn 0.7687 -0.6139 -0.1798
vn 0.7700 -0.6379 0.0139
vn 0.7510 -0.6538 -0.0922
vn -0.3404 0.0680 -0.9378
vn -0.0760 0.2373 -0.9685
vn 0.6218 0.3451 -0.7031
vn 0.6469 0.3408 -0.6822
vn 0.5356 0.3012 -0.7889
vn 0.4054 0.4055 -0.8193
vn 0.6621 0.3205 -0.6774
vn 0.5344 0.2093 -0.8189
vn -0.2726 0.1984 -0.9414
vn 0.3958 0.2025 -0.8957
vn -0.0014 0.2604 -0.9655
vn 0.4897 0.2375 -0.8389
vn 0.0288 0.2829 -0.9587
vn -0.0390 0.2177 -0.9752
vn -0.2511 0.1888 -0.9494
vn -0.0396 -0.0400 -0.9984
vn -0.0868 0.2169 -0.9723
vn 0.0028 0.3728 -0.9279
vn 0.1206 0.3738 -0.9197
vn 0.0603 0.3871 -0.9201
vn -0.1776 0.2648 -0.9478
vn -0.0349 0.2336 -0.9717
vn 0.2816 -0.2103 -0.9362
vn 0.0757 -0.4063 -0.9106
vn 0.4899 0.3282 -0.8077
vn 0.2086 0.4382 -0.8744
vn 0.0592 0.1525 -0.9865
vn 0.0645 0.3030 -0.9508
vn -0.0871 -0.1508 -0.9847
vn 0.7437 0.3306 -0.5811
vn 0.0199 0.4298 -0.9027
vn 0.1059 0.3774 -0.9200
vn 0.0168 0.4252 -0.9049
vn 0.4283 0.3710 -0.8240
vn 0.1271 0.3712 -0.9198
vn 0.1172 0.3863 -0.9149
vn 0.0498 0.0483 -0.9976
vn 0.3267 0.2738 -0.9046
vn 0.3024 -0.0532 -0.9517
vn 0.6056 -0.2332 -0.7609
vn -0.0449 -0.5263 -0.8491
vn 0.7326 0.3531 -0.5819
vn -0.0138 -0.0903 -0.9958
vn -0.0621 -0.1538 -0.9861
vn 0.2402 -0.4190 -0.8757
vn 0.6622 0.0834 -0.7447
vn 0.4729 0.3060 -0.8263
vn -0.1007 -0.7234 -0.6831
vn 0.5696 -0.8124 0.1247
vn 0.6541 -0.7562 -0.0169
vn 0.6802 -0.7328 -0.0153
vn 0.7691 -0.6389 0.0185
vn 0.7064 -0.7044 -0.0687
vn 0.6778 -0.7279 -0.1035
vn -0.2852 -0.6374 0.7158
vn -0.2406 -0.6103 0.7548
vn -0.2288 -0.6714 0.7048
vn 0.7415 -0.6643 -0.0936
vn 0.6928 -0.7022 -0.1644
vn 0.7970 -0.6040 -0.0014
vn 0.7392 -0.6729 -0.0268
vn -0.3065 -0.6223 0.7203
vn -0.3301 -0.6181 0.7134
vn -0.3125 -0.6330 0.7083
vn 0.6899 -0.7213 -0.0615
vn 0.5767 -0.7465 0.3319
vn 0.5437 -0.8378 0.0509
vn 0.5118 -0.7919 0.3331
vn -0.2561 -0.5857 0.7690
vn -0.2289 -0.5625 0.7945
vn -0.2375 -0.6598 0.7129
vn 0.6308 -0.7561 -0.1744
vn 0.7056 -0.7004 0.1078
vn 0.7361 -0.6556 -0.1683
vn 0.6941 -0.7199 -0.0082
vn 0.7489 -0.6605 -0.0535
vn 0.6621 -0.7403 -0.1165
vn 0.6731 -0.7209 -0.1651
vn -0.2977 -0.6093 0.7350
vn -0.1499 -0.9372 0.3148
vn -0.2544 -0.7417 0.6206
vn -0.3185 -0.5870 0.7443
vn -0.3146 -0.5496 0.7739
vn -0.1614 -0.8524 0.4974
vn 0.0896 -0.9890 -0.1176
vn 0.0138 -0.9837 0.1793
vn 0.0177 -0.9755 -0.2193
vn -0.1975 -0.8613 0.4682
vn 0.0594 -0.9616 -0.2681
vn -0.2259 -0.2056 0.9522
vn 0.4400 -0.7982 0.4114
vn 0.6350 -0.7671 -0.0913
vn 0.6134 -0.7653 0.1952
vn 0.5722 -0.8106 -0.1241
vn 0.5836 -0.8120 -0.0094
vn -0.2771 -0.2120 0.9372
vn 0.1889 -0.9793 -0.0734
vn 0.6351 -0.7707 -0.0515
vn 0.4350 -0.8932 -0.1143
vn 0.5870 -0.7951 -0.1525
vn 0.6757 -0.7079 -0.2059
vn 0.3425 -0.9312 -0.1245
vn -0.1224 -0.9885 -0.0887
vn -0.0343 -0.9887 -0.1462
vn -0.0035 -0.9938 -0.1109
vn 0.5190 -0.8520 -0.0685
vn 0.0542 -0.9785 -0.1991
vn -0.0203 -0.9901 -0.1392
vn 0.0371 -0.9794 -0.1983
vn 0.6189 -0.7738 0.1351
vn 0.4609 -0.8494 -0.2573
vn 0.6299 -0.7710 -0.0941
vn 0.1196 -0.9539 -0.2752
vn 0.1165 -0.9921 0.0459
vn 0.6113 -0.7843 -0.1055
vn 0.7861 -0.5805 0.2124
vn 0.6517 -0.5949 0.4705
vn 0.6190 -0.7731 -0.1382
vn 0.8823 -0.4280 0.1957
vn 0.9168 -0.3963 0.0500
vn 0.1142 -0.7575 0.6427
vn -0.3698 -0.6309 0.6820
vn -0.4036 -0.6213 0.6717
vn 0.0190 -0.9792 -0.2022
vn 0.3694 -0.2834 0.8850
vn 0.4622 -0.5211 0.7175
vn 0.2888 -0.0938 0.9528
vn 0.0694 -0.9953 -0.0674
vn 0.3499 -0.9331 0.0825
vn 0.3686 -0.6952 0.6171
vn 0.4650 -0.6463 0.6050
vn -0.0241 -0.9990 0.0381
vn 0.3650 -0.6309 0.6846
vn 0.6869 -0.6566 0.3115
vn 0.5475 -0.6782 0.4901
vn -0.1630 -0.8815 0.4432
vn 0.4860 -0.8111 0.3254
vn 0.7463 -0.6655 0.0093
vn 0.7330 -0.6758 -0.0768
vn 0.2886 -0.9571 0.0260
vn 0.7169 -0.6913 -0.0903
vn 0.6838 -0.7177 -0.1313
vn 0.4097 -0.9061 0.1056
vn 0.7967 -0.6030 -0.0401
vn 0.6925 -0.7172 -0.0777
vn -0.0872 -0.9862 0.1405
vn -0.0545 -0.9902 0.1284
vn -0.0747 -0.9801 0.1841
vn 0.0556 -0.9888 -0.1387
vn 0.0336 -0.9971 -0.0679
vn 0.0160 -0.9930 -0.1172
vn 0.6847 -0.6982 -0.2091
vn -0.1315 -0.9912 0.0172
vn 0.0612 -0.9771 -0.2040
vn 0.7185 -0.6896 -0.0908
vn -0.0828 -0.9907 0.1084
vn 0.6886 -0.7238 -0.0438
vn 0.6165 -0.7811 -0.0994
vn 0.7516 -0.6579 -0.0479
vn -0.0968 -0.9936 0.0577
vn -0.1084 -0.9932 -0.0424
vn 0.0441 -0.9983 -0.0371
vn -0.0154 -0.9983 -0.0556
vn -0.0500 -0.9966 -0.0659
vn -0.0445 -0.9951 -0.0885
vn -0.0679 -0.9973 -0.0287
vn 0.7119 -0.6928 -0.1149
vn 0.5070 -0.8607 -0.0464
vn -0.0590 -0.9982 0.0145
vn 0.7065 -0.6961 -0.1278
vn 0.6740 -0.7266 -0.1333
vn 0.3232 -0.9377 -0.1272
vn 0.0903 -0.9947 0.0500
vn 0.0481 -0.9919 0.1179
vn -0.0537 -0.9966 0.0626
vn -0.0378 -0.9983 -0.0434
vn -0.0621 -0.9858 0.1560
vn 0.7786 -0.6236 -0.0698
vn 0.0293 -0.9949 0.0970
vn 0.0157 -0.9900 0.1403
vn -0.0425 -0.9932 -0.1085
vn -0.0278 -0.9996 -0.0103
vn -0.0637 -0.9977 0.0214
vn -0.0877 -0.9960 0.0142
vn -0.0858 -0.9922 0.0901
vn -0.0239 -0.9997 -0.0012
vn -0.0380 -0.9957 0.0839
vn 0.0050 -0.9807 0.1955
vn 0.5936 -0.8047 -0.0055
vn -0.0086 -1.0000 0.0028
vn 0.6564 -0.7390 -0.1516
vn 0.7060 -0.7026 -0.0892
vn 0.6272 -0.7782 -0.0321
vn 0.6925 -0.7210 -0.0252
vn -0.0389 -0.9992 0.0040
vn 0.6738 -0.7365 -0.0607
vn 0.2433 -0.9624 -0.1209
vn -0.0534 -0.9978 -0.0404
vn 0.5189 0.7909 0.3245
vn 0.4205 0.7811 0.4616
vn 0.6254 0.7384 0.2522
vn 0.3076 0.8852 0.3489
vn 0.3623 0.8552 0.3707
vn 0.2565 0.8656 0.4300
vn 0.1746 0.8242 0.5388
vn 0.3215 0.8140 0.4838
vn 0.9789 0.0454 0.1993
vn 0.6870 0.6657 0.2915
vn 0.8147 0.5079 0.2800
vn 0.6846 0.6536 0.3228
vn 0.6003 0.7486 0.2814
vn -0.1079 0.5390 0.8354
vn -0.1254 0.5029 0.8552
vn -0.1405 0.5390 0.8305
vn 0.8220 -0.5302 -0.2078
vn 0.6106 -0.7831 -0.1175
vn 0.6894 -0.7243 0.0124
vn 0.6391 0.7096 0.2967
vn 0.7799 -0.6124 -0.1293
vn 0.6053 -0.7735 -0.1880
vn 0.4760 0.7947 0.3766
vn 0.2978 0.8546 0.4254
vn 0.3588 -0.1392 0.9230
vn 0.9574 -0.1810 0.2250
vn 0.7785 -0.6251 0.0567
vn 0.6797 -0.7335 -0.0037
vn 0.8282 0.3062 0.4693
vn 0.8586 -0.2654 0.4387
vn 0.1899 0.8318 0.5216
vn 0.4930 -0.0037 0.8700
vn -0.1411 0.5296 0.8364
vn -0.0933 0.4738 0.8757
vn 0.4161 0.3658 0.8325
vn 0.6894 0.6635 0.2906
vn -0.0011 0.6954 0.7187
vn 0.0643 0.7377 0.6720
vn 0.0310 0.7418 0.6699
vn 0.1001 0.5526 0.8274
vn 0.2344 0.8469 0.4773
vn 0.6662 0.5835 0.4644
vn 0.6542 -0.7331 -0.1860
vn 0.4767 0.8140 0.3319
vn 0.4080 0.8380 0.3624
vn 0.9724 -0.0340 0.2310
vn 0.8447 -0.5060 -0.1745
vn 0.9215 -0.3804 -0.0785
vn 0.9739 -0.1815 -0.1360
vn 0.9558 -0.2095 -0.2063
vn 0.8233 -0.5118 -0.2453
vn 0.9954 -0.0864 0.0403
vn 0.8221 -0.5654 0.0664
vn 0.7871 -0.6140 -0.0581
vn 0.6885 -0.7207 -0.0812
vn 0.7053 -0.7087 -0.0175
vn 0.6583 -0.7512 -0.0488
vn 0.7295 -0.5947 -0.3379
vn 0.7707 -0.6051 -0.1997
vn 0.5207 -0.7668 -0.3753
vn 0.6993 -0.7148 -0.0020
vn 0.6429 -0.7645 0.0465
vn 0.8557 -0.4200 -0.3024
vn 0.9825 -0.0244 -0.1846
vn 0.8564 -0.4929 -0.1536
vn 0.6738 -0.7222 -0.1561
vn 0.7022 -0.7069 -0.0847
vn 0.7230 -0.6293 -0.2849
vn 0.7077 -0.7001 -0.0954
vn 0.6076 -0.7898 -0.0840
vn 0.6109 -0.7683 -0.1910
vn 0.6421 -0.7559 -0.1274
vn 0.6871 -0.7176 -0.1140
vn 0.5801 -0.7921 -0.1899
vn 0.5992 -0.8006 -0.0031
vn 0.9672 -0.1472 -0.2070
vn 0.5955 -0.7952 -0.1138
vn 0.5854 -0.8011 -0.1250
vn 0.6280 -0.7782 0.0014
vn 0.6802 -0.7263 -0.0988
vn 0.9002 0.2843 0.3297
vn 0.8227 -0.5563 -0.1172
vn 0.9095 -0.3494 0.2251
vn 0.7860 0.3846 0.4840
vn 0.7236 0.4079 0.5568
vn 0.5863 0.6926 0.4202
vn 0.7354 -0.6733 -0.0771
vn 0.9150 -0.3827 0.1277
vn 0.6787 -0.7326 -0.0526
vn 0.9411 0.1472 0.3043
vn 0.6304 -0.7755 -0.0348
vn 0.6323 -0.7736 -0.0410
vn 0.6859 -0.7187 -0.1141
vn 0.5451 -0.8383 0.0067
vn 0.6853 -0.7057 -0.1797
vn 0.6935 -0.7159 -0.0813
vn 0.5869 -0.8077 -0.0561
vn 0.7702 0.4723 0.4286
vn 0.5295 0.6785 0.5091
vn 0.6354 -0.7560 -0.1571
vn -0.1221 0.5593 0.8199
vn -0.0891 0.5816 0.8086
vn -0.1176 0.5948 0.7952
vn 0.2204 0.8553 0.4689
vn -0.0419 0.4379 0.8980
vn 0.1938 0.8213 0.5365
vn 0.2092 0.8158 0.5392
vn 0.1030 0.7515 0.6517
vn 0.0211 0.5879 0.8087
vn -0.1235 0.4379 0.8905
vn -0.4056 -0.1436 0.9027
vn 0.0684 0.7700 0.6344
vn -0.0617 0.5181 0.8531
vn -0.1033 0.5316 0.8407
vn -0.1102 0.5037 0.8568
vn -0.1533 0.4998 0.8525
vn -0.1073 0.5104 0.8532
vn 0.0922 0.7911 0.6047
vn 0.0168 0.7059 0.7081
vn -0.1170 0.5036 0.8560
vn 0.0482 0.6912 0.7211
vn -0.0144 0.6675 0.7445
vn -0.0857 0.5847 0.8067
vn -0.1000 0.5094 0.8547
vn -0.0375 0.6958 0.7172
vn -0.0826 0.5753 0.8137
vn -0.1000 0.5102 0.8543
vn -0.0839 0.5183 0.8511
vn -0.1006 0.5258 0.8446
vn -0.1208 0.5257 0.8420
vn 0.9999 0.0003 0.0121
vn 0.7747 0.5682 0.2777
vn 0.6424 0.6664 0.3785
vn 0.7962 0.5463 0.2599
vn 0.5940 0.7453 0.3028
vn 0.6552 0.6703 0.3486
vn 0.4487 0.7710 0.4520
vn 0.4876 0.7211 0.4922
vn 0.4272 0.8212 0.3784
vn 0.5991 -0.7999 -0.0341
vn 0.6122 -0.7777 -0.1425
vn 0.6713 -0.7401 0.0417
vn 0.9298 0.3679 0.0114
vn 0.6525 -0.7541 -0.0748
vn 0.3653 0.8336 0.4144
vn 0.3802 0.8455 0.3748
vn 0.5671 -0.8236 -0.0139
vn 0.5729 -0.8126 -0.1066
vn 0.5878 -0.8019 -0.1074
vn 0.6282 -0.7312 -0.2658
vn 0.6966 0.6375 0.3291
vn 0.6630 -0.7420 -0.0995
vn 0.5832 -0.7895 -0.1912
vn 0.6076 -0.7649 -0.2137
vn 0.7404 -0.2496 -0.6241
vn 0.5945 0.4498 -0.6665
vn 0.7529 0.1773 -0.6338
vn 0.6125 0.4897 -0.6205
vn 0.6183 0.4426 -0.6494
vn 0.5620 0.5172 -0.6456
vn 0.3206 0.3210 -0.8912
vn -0.1412 0.5909 -0.7943
vn 0.4842 0.5026 -0.7162
vn 0.5552 0.5047 -0.6611
vn 0.5965 0.4316 -0.6767
vn 0.8433 -0.4881 -0.2251
vn 0.8123 -0.3201 -0.4876
vn 0.6061 0.1910 -0.7721
vn 0.8582 -0.3247 -0.3977
vn 0.7812 -0.6182 -0.0871
vn 0.5823 -0.7329 -0.3519
vn 0.7439 -0.5269 -0.4112
vn 0.5421 -0.8212 -0.1782
vn 0.8048 -0.5774 0.1375
vn 0.6759 -0.6514 -0.3447
vn 0.6117 -0.7907 -0.0248
vn 0.6816 -0.6725 -0.2883
vn -0.1389 -0.1163 -0.9835
vn -0.1991 0.2728 -0.9412
vn 0.3924 0.4987 -0.7729
vn 0.3562 0.4340 -0.8275
vn -0.0988 0.3622 -0.9269
vn 0.3150 0.5896 -0.7438
vn -0.6133 0.2856 -0.7364
vn -0.5050 0.2887 -0.8134
vn -0.3205 0.6085 -0.7259
vn 0.4293 0.5865 -0.6868
vn -0.4132 -0.1356 -0.9005
vn 0.4665 0.5902 -0.6588
vn 0.1188 0.6140 -0.7803
vn 0.6003 0.4796 -0.6400
vn 0.6031 0.4663 -0.6471
vn -0.2968 0.3674 -0.8815
vn -0.1757 0.1501 -0.9729
vn -0.1919 0.2587 -0.9467
vn 0.1117 0.6387 -0.7613
vn 0.1078 0.3543 -0.9289
vn -0.0718 0.6409 -0.7643
vn -0.4663 0.1105 -0.8777
vn -0.4853 0.3438 -0.8039
vn 0.3426 0.7296 -0.5918
vn -0.0036 0.7215 -0.6924
vn -0.1530 -0.0566 -0.9866
vn -0.4363 0.4964 -0.7505
vn -0.4976 0.3383 -0.7987
vn -0.2853 0.3868 -0.8769
vn 0.5617 0.4588 -0.6885
vn -0.4361 0.1847 -0.8808
vn -0.5484 0.2888 -0.7848
vn -0.3098 0.1004 -0.9455
vn -0.3532 0.3676 -0.8603
vn -0.0348 0.6519 -0.7575
vn 0.2020 0.5659 -0.7994
vn 0.6079 0.4469 -0.6563
vn 0.5278 0.5705 -0.6293
vn 0.3007 0.7435 -0.5973
vn -0.3647 0.1701 -0.9155
vn 0.4578 -0.1776 -0.8712
vn 0.7959 -0.5565 -0.2385
vn -0.5755 0.2205 -0.7875
vn 0.2237 0.7174 -0.6598
vn -0.0127 0.0156 -0.9998
vn 0.1538 0.0314 -0.9876
vn 0.5854 -0.8086 0.0601
vn 0.6604 0.5934 0.4601
vn 0.4981 0.7313 0.4659
vn 0.4799 0.6914 0.5400
vn 0.6062 0.4563 -0.6514
vn 0.3824 0.7830 -0.4906
vn -0.0354 0.3075 -0.9509
vn 0.7624 -0.6467 0.0237
vn 0.6067 -0.7854 -0.1226
vn 0.7364 -0.6629 -0.1355
vn 0.8889 -0.4459 -0.1055
vn -0.2601 0.1402 -0.9554
vn 0.2985 -0.0573 -0.9527
vn 0.5604 -0.4934 -0.6652
vn -0.0012 -0.3527 -0.9357
vn 0.3638 -0.6035 -0.7095
vn -0.3347 -0.4619 -0.8214
vn 0.5629 -0.8088 -0.1704
vn 0.5359 -0.8388 0.0963
vn -0.4253 -0.5483 -0.7200
vn -0.5895 -0.0075 -0.8077
vn 0.5594 0.6916 0.4569
vn -0.5164 0.0345 -0.8556
vn -0.5083 0.0817 -0.8573
vn 0.6369 -0.7708 -0.0149
vn 0.5893 0.4722 -0.6555
vn 0.6195 -0.7812 -0.0769
vn 0.7952 -0.6050 -0.0407
vn 0.7938 -0.6059 -0.0515
vn 0.4097 0.6386 -0.6515
vn 0.5047 0.5548 -0.6614
vn 0.8970 -0.4401 0.0398
vn 0.8553 -0.5025 0.1264
vn 0.6192 -0.7304 -0.2883
vn 0.5642 0.4607 -0.6851
vn 0.3082 0.7997 -0.5152
vn 0.7540 -0.6569 0.0051
vn 0.3690 0.8174 0.4424
vn 0.4259 0.7327 0.5308
vn 0.3339 0.7472 0.5747
vn 0.5300 0.6831 0.5025
vn 0.6267 0.6104 0.4844
vn 0.6031 0.5904 0.5364
vn 0.5412 0.6139 0.5747
vn 0.4528 0.6858 0.5698
vn 0.5907 0.5455 0.5946
vn 0.4412 0.7174 0.5391
vn 0.4621 0.6852 0.5630
vn 0.2425 0.7747 0.5840
vn 0.3096 0.7579 0.5742
vn 0.2749 0.7773 0.5659
vn 0.3330 0.7897 0.5153
vn 0.2130 0.7932 0.5705
vn 0.0913 0.8934 0.4398
vn 0.0593 0.9321 0.3572
vn 0.1577 0.8669 0.4728
vn -0.0123 0.8707 0.4916
vn 0.0109 0.8972 0.4416
vn 0.1394 0.8576 0.4951
vn 0.2852 0.8235 0.4904
vn -0.1120 0.8601 0.4977
vn 0.4471 0.7069 0.5480
vn 0.4651 0.6826 0.5637
vn 0.4258 0.7005 0.5728
vn 0.5728 0.7190 0.3936
vn 0.7178 0.3881 0.5781
vn 0.8931 -0.3984 -0.2087
vn 0.3007 0.7530 0.5853
vn 0.6598 -0.7502 -0.0445
vn 0.3565 0.8666 0.3490
vn 0.1791 0.9015 0.3940
vn 0.0645 0.7530 0.6548
vn 0.2585 0.8271 0.4991
vn 0.2732 0.8560 0.4389
vn -0.0366 0.6818 0.7306
vn 0.3307 0.7856 0.5230
vn -0.0469 0.7188 0.6936
vn 0.3268 0.8731 0.3618
vn 0.3210 0.8420 0.4335
vn 0.2733 0.9115 0.3075
vn 0.2161 0.8746 0.4340
vn 0.2067 0.9242 0.3212
vn 0.1447 0.8291 0.5401
vn 0.1214 0.8867 0.4461
vn 0.2563 0.7871 0.5610
vn 0.2615 0.8001 0.5399
vn 0.4895 0.6964 0.5248
vn 0.3722 0.8152 0.4437
vn 0.4815 0.7232 0.4952
vn 0.2175 0.7818 0.5844
vn 0.3709 0.7635 0.5287
vn 0.4221 0.7778 0.4656
vn 0.3573 0.7560 0.5485
vn 0.3985 0.7395 0.5426
vn 0.3643 0.7719 0.5210
vn 0.1551 0.8319 0.5328
vn 0.1200 0.8084 0.5763
vn 0.1865 0.8002 0.5700
vn 0.1984 0.8467 0.4936
vn 0.3158 0.8442 0.4331
vn 0.2518 0.8532 0.4568
vn 0.1730 0.8729 0.4562
vn 0.2069 0.8335 0.5124
vn 0.0363 0.7632 0.6452
vn 0.1822 0.9004 0.3950
vn 0.0366 0.9570 0.2879
vn -0.0265 0.9257 0.3773
vn -0.1383 0.9398 0.3126
vn 0.2247 0.8227 0.5222
vn 0.0231 0.9216 0.3875
vn -0.0751 0.9761 0.2040
vn 0.0333 0.9391 0.3421
vn -0.0245 0.9115 0.4107
vn 0.0232 0.9075 0.4193
vn -0.0826 0.9338 0.3482
vn -0.0909 0.8793 0.4676
vn 0.1567 0.9504 0.2687
vn -0.1257 0.5153 0.8477
vn -0.0341 0.7097 0.7037
vn -0.0457 0.7742 0.6313
vn 0.0981 0.7736 0.6260
vn 0.0445 0.8067 0.5893
vn 0.0507 0.8553 0.5157
vn 0.1332 0.7750 0.6178
vn 0.0966 0.8415 0.5315
vn 0.1313 0.8856 0.4456
vn 0.1878 0.9302 0.3152
vn -0.0268 0.8813 0.4717
vn 0.1132 0.8578 0.5013
vn -0.0597 0.7915 0.6082
vn 0.0090 0.8717 0.4899
vn 0.0944 0.6344 0.7672
vn 0.1295 0.7830 0.6084
vn 0.0333 0.8070 0.5897
vn 0.2171 0.8508 0.4786
vn 0.1462 0.9326 0.3301
vn 0.1746 0.9725 0.1543
vn 0.0297 0.9056 0.4231
vn 0.1935 0.9698 0.1488
vn 0.0061 0.8465 0.5324
vn 0.2073 0.9681 0.1407
vn 0.0866 0.9555 0.2818
vn 0.1192 0.9469 0.2985
vn 0.0901 0.8915 0.4440
vn 0.1271 0.9265 0.3542
vn 0.0343 0.9243 0.3800
vn -0.0286 0.9287 0.3698
vn 0.1069 0.8254 0.5544
vn 0.0864 0.8392 0.5370
vn 0.0206 0.9538 0.2999
vn 0.1517 0.9608 0.2319
vn -0.0480 0.8510 0.5230
vn 0.0263 0.8729 0.4873
vn 0.0749 0.9110 0.4055
vn 0.0553 0.9600 0.2743
vn 0.1631 0.9092 0.3832
vn 0.1072 0.8182 0.5648
vn 0.0601 0.7965 0.6017
vn -0.0688 0.8747 0.4798
vn -0.0563 0.9232 0.3801
vn -0.0183 0.8662 0.4993
vn -0.0155 0.8447 0.5350
vn -0.1000 0.8715 0.4801
vn -0.0880 0.8349 0.5434
vn -0.0777 0.8482 0.5239
vn -0.1048 0.8241 0.5566
vn -0.0897 0.8162 0.5707
vn -0.0950 0.8520 0.5149
vn -0.0528 0.8833 0.4659
vn 0.0038 0.9100 0.4146
vn -0.0787 0.8432 0.5319
vn -0.0807 0.9034 0.4212
vn -0.1804 0.5469 -0.8176
vn -0.1266 0.7539 -0.6447
vn -0.0020 0.7042 -0.7100
vn 0.2469 0.8011 -0.5452
vn 0.5473 0.8361 -0.0369
vn 0.5436 0.8385 -0.0375
vn 0.4327 0.7627 -0.4806
vn 0.0615 0.5736 -0.8168
vn -0.0483 0.7079 -0.7046
vn 0.4082 0.7137 -0.5692
vn 0.3636 0.8439 -0.3945
vn 0.5813 0.7300 -0.3595
vn 0.1196 0.7824 -0.6112
vn -0.1680 0.9562 -0.2398
vn 0.0278 0.9805 -0.1946
vn 0.0236 0.6557 -0.7546
vn 0.0213 0.9945 0.1027
vn 0.5294 0.7472 -0.4019
vn 0.4519 0.6736 -0.5848
vn 0.4180 0.8430 -0.3385
vn 0.6307 0.7496 0.2007
vn 0.1517 0.5581 -0.8158
vn 0.3760 0.7700 0.5154
vn 0.4126 0.6732 -0.6137
vn 0.2597 0.7954 -0.5477
vn -0.0578 0.5899 -0.8054
vn -0.1646 0.6292 -0.7596
vn -0.2045 0.2969 -0.9328
vn -0.0548 0.4793 -0.8759
vn 0.3803 0.7246 -0.5748
vn 0.4134 0.8823 0.2251
vn 0.2162 0.7353 -0.6423
vn -0.0071 0.7883 -0.6152
vn 0.3210 0.6351 -0.7025
vn 0.0825 0.7312 -0.6771
vn 0.4653 0.5934 -0.6568
vn 0.3458 0.7542 -0.5582
vn -0.0205 0.9557 -0.2935
vn 0.2547 0.9670 -0.0056
vn 0.5046 0.6136 -0.6074
vn -0.1085 0.8924 0.4381
vn 0.0394 0.8760 0.4807
vn -0.1992 0.8557 0.4775
vn -0.0183 0.8219 0.5694
vn -0.1176 0.9149 0.3862
vn -0.0005 0.9109 0.4127
vn 0.2363 0.7502 0.6176
vn 0.2177 0.8022 0.5560
vn 0.0730 0.8887 0.4526
vn -0.3608 0.2005 -0.9108
vn -0.4651 0.1755 -0.8677
vn -0.4226 0.3310 -0.8437
vn -0.7514 0.2741 -0.6001
vn -0.7318 0.1885 -0.6550
vn -0.3071 0.2498 -0.9183
vn -0.4439 0.4290 -0.7867
vn -0.5587 0.4383 -0.7041
vn -0.5216 0.5744 -0.6309
vn -0.2327 0.2702 -0.9343
vn -0.1586 0.1900 -0.9689
vn -0.3138 0.2662 -0.9114
vn -0.6212 0.1843 -0.7617
vn -0.2094 0.7842 -0.5840
vn 0.1192 0.3810 -0.9169
vn 0.2136 0.3069 -0.9274
vn -0.1010 0.9177 0.3843
vn -0.1779 0.9837 -0.0250
vn 0.1058 0.3219 -0.9409
vn 0.1586 0.3546 -0.9215
vn -0.2698 0.3002 -0.9149
vn 0.1277 0.3997 -0.9077
vn 0.0743 0.3378 -0.9383
vn 0.0794 -0.0167 -0.9967
vn 0.0976 0.4078 -0.9079
vn -0.5607 0.2098 -0.8010
vn -0.4689 0.3377 -0.8162
vn -0.3173 0.3695 -0.8734
vn -0.4785 0.1635 -0.8627
vn -0.3916 0.2872 -0.8742
vn 0.1100 0.3816 -0.9178
vn 0.1459 0.3235 -0.9349
vn 0.1083 0.2919 -0.9503
vn -0.1481 0.9318 0.3314
vn 0.1445 0.3717 -0.9171
vn 0.1378 0.3016 -0.9434
vn 0.1603 0.3536 -0.9215
vn -0.2578 0.1928 -0.9468
vn -0.1947 0.3207 -0.9269
vn 0.1308 0.3207 -0.9381
vn -0.6086 0.1682 -0.7755
vn -0.6346 0.2007 -0.7463
vn -0.5869 0.3013 -0.7515
vn -0.6956 0.1797 -0.6956
vn -0.6327 0.3110 -0.7092
vn -0.5891 0.1724 -0.7895
vn -0.3498 0.1388 -0.9265
vn 0.0268 0.9286 -0.3702
vn 0.1268 0.4326 -0.8926
vn -0.0095 0.9650 -0.2621
vn -0.4631 0.1902 -0.8657
vn 0.0025 0.9373 0.3484
vn 0.0853 0.5879 -0.8044
vn -0.2052 0.9243 -0.3217
vn -0.0149 0.9449 0.3271
vn -0.8454 0.1341 -0.5170
vn -0.8998 0.2019 -0.3867
vn -0.8878 0.1223 -0.4437
vn -0.1357 -0.9312 -0.3384
vn -0.1060 -0.9525 -0.2855
vn -0.1187 -0.9391 -0.3225
vn -0.8199 0.1497 -0.5526
vn -0.8166 0.1233 -0.5639
vn -0.8815 0.1509 -0.4474
vn -0.8560 -0.0399 -0.5155
vn -0.8830 0.1311 -0.4507
vn -0.8670 0.1019 -0.4877
vn -0.0509 -0.9448 -0.3236
vn -0.0750 -0.9556 -0.2849
vn -0.2062 -0.7601 -0.6163
vn -0.8298 0.1906 -0.5245
vn -0.8279 0.1033 -0.5512
vn -0.7039 0.1638 -0.6912
vn -0.7792 0.1663 -0.6043
vn -0.8421 0.1008 -0.5298
vn -0.8356 0.0682 -0.5450
vn -0.8114 0.0716 -0.5801
vn -0.7963 0.1221 -0.5925
vn -0.7612 0.0736 -0.6443
vn -0.9013 0.0803 -0.4256
vn -0.8101 0.0229 -0.5858
vn -0.0996 -0.8817 -0.4611
vn 0.0076 -0.7604 -0.6494
vn -0.0749 -0.6751 -0.7339
vn 0.1039 -0.6793 -0.7265
vn -0.1344 -0.9269 -0.3503
vn 0.1078 0.0965 -0.9895
vn 0.0827 0.0973 -0.9918
vn 0.2163 -0.0033 -0.9763
vn 0.1379 0.1387 -0.9807
vn -0.0834 0.0278 -0.9961
vn 0.1923 0.2202 -0.9563
vn 0.1400 -0.3561 -0.9239
vn 0.1858 -0.1015 -0.9773
vn 0.1268 -0.0242 -0.9916
vn -0.1459 -0.8368 -0.5276
vn -0.8834 -0.0019 -0.4686
vn -0.0705 -0.3283 -0.9419
vn -0.8677 0.0223 -0.4967
vn -0.0681 -0.6773 -0.7326
vn -0.0401 -0.9220 -0.3850
vn -0.1026 -0.6515 -0.7517
vn -0.4034 -0.5596 0.7240
vn -0.4870 -0.4106 0.7709
vn -0.3528 -0.5774 0.7363
vn -0.0219 -0.9501 -0.3111
vn 0.0078 -0.9376 -0.3477
vn -0.1036 -0.9076 -0.4070
vn -0.1493 -0.9397 -0.3078
vn -0.0984 -0.9496 -0.2976
vn -0.0676 -0.9490 -0.3081
vn -0.6144 -0.4955 -0.6141
vn -0.4917 -0.7009 -0.5168
vn -0.1534 -0.8667 -0.4747
vn -0.1692 -0.6585 -0.7334
vn -0.3162 -0.3964 -0.8619
vn 0.0120 -0.7753 -0.6315
vn 0.1943 -0.3277 -0.9246
vn -0.1514 -0.9182 -0.3661
vn -0.1012 -0.7001 -0.7068
vn 0.1151 -0.6695 -0.7338
vn 0.1017 -0.7128 -0.6940
vn 0.0069 -0.7382 -0.6745
vn 0.0663 -0.6765 -0.7334
vn 0.0556 -0.8848 -0.4626
vn -0.1254 -0.0606 -0.9903
vn -0.4031 -0.3771 -0.8338
vn -0.2597 -0.0183 -0.9655
vn -0.3030 0.0198 -0.9528
vn -0.1032 0.0070 -0.9946
vn -0.4788 0.1297 -0.8683
vn -0.2029 0.1631 -0.9655
vn 0.1508 0.3434 -0.9270
vn -0.1448 -0.7817 -0.6066
vn -0.1573 -0.7915 -0.5906
vn -0.0466 -0.7096 -0.7030
vn -0.7509 0.0724 -0.6564
vn -0.6122 0.1334 -0.7793
vn -0.7472 0.1256 -0.6526
vn -0.0338 0.2028 -0.9786
vn -0.0995 -0.0303 -0.9946
vn -0.2243 0.0274 -0.9741
vn 0.0113 -0.8721 -0.4892
vn -0.5747 -0.3502 0.7396
vn -0.3619 -0.4592 0.8113
vn -0.5845 -0.1616 -0.7952
vn -0.3448 -0.4870 0.8024
vn -0.1559 -0.0925 -0.9834
vn -0.1673 -0.8104 -0.5615
vn -0.4717 -0.2187 -0.8542
vn -0.7498 0.0154 -0.6615
vn -0.7358 0.1176 -0.6669
vn 0.0802 -0.7639 -0.6403
vn -0.5214 -0.1999 -0.8296
vn -0.1791 -0.0757 -0.9809
vn -0.6011 -0.2305 -0.7652
vn -0.1625 -0.8464 -0.5071
vn -0.6242 -0.4253 -0.6554
vn -0.0762 -0.9036 -0.4215
vn -0.0307 -0.9321 -0.3609
vn -0.8017 0.0099 -0.5976
vn -0.8008 -0.0582 -0.5961
vn -0.8174 -0.0796 -0.5705
vn -0.1239 -0.7178 -0.6851
vn -0.7723 0.2452 -0.5860
vn -0.7604 0.0027 -0.6495
vn -0.7675 0.0909 -0.6346
vn -0.7676 0.0921 -0.6343
vn -0.7278 -0.0733 -0.6818
vn -0.7717 -0.0604 -0.6332
vn -0.6787 -0.0410 -0.7333
vn -0.7933 0.0764 -0.6040
vn -0.7812 -0.0632 -0.6211
vn -0.8039 0.1629 -0.5720
vn -0.7090 -0.0066 -0.7051
vn -0.7309 -0.0324 -0.6817
vn -0.6745 0.2922 -0.6780
vn -0.6958 0.0268 -0.7178
vn -0.6959 0.0024 -0.7181
vn -0.4832 -0.7025 -0.5225
vn -0.7305 0.0740 -0.6789
vn -0.6943 0.2851 -0.6608
vn -0.0367 -0.8012 -0.5973
vn -0.8021 0.0347 -0.5961
vn -0.1582 -0.8987 -0.4089
vn -0.6669 -0.4079 -0.6236
vn 0.0546 -0.7104 -0.7017
vn 0.0677 -0.8823 -0.4657
vn -0.0048 -0.9837 -0.1798
vn -0.7792 -0.0781 -0.6219
vn -0.8148 0.0797 -0.5743
vn -0.8091 0.0670 -0.5838
vn -0.6054 -0.6054 -0.5168
vn -0.7126 0.0521 -0.6997
vn -0.8552 0.0096 -0.5182
vn -0.6174 -0.5690 -0.5432
vn -0.7379 -0.2781 -0.6149
vn 0.0507 -0.9293 -0.3658
vn 0.0118 -0.9470 -0.3212
vn 0.0608 -0.9518 -0.3007
vn 0.0317 -0.9531 -0.3011
vn 0.0282 -0.9641 -0.2641
vn 0.1603 -0.9502 -0.2674
vn 0.1197 -0.9715 -0.2046
vn -0.5695 -0.7975 0.1990
vn -0.5382 -0.7931 0.2852
vn -0.5614 -0.7069 -0.4303
vn -0.4116 -0.8802 -0.2364
vn -0.4946 -0.7055 -0.5076
vn -0.1878 -0.7783 -0.5991
vn -0.4530 -0.7755 0.4397
vn -0.3278 -0.6077 0.7234
vn -0.3234 -0.5675 0.7572
vn -0.3992 -0.5680 0.7197
vn -0.3342 -0.5908 0.7343
vn -0.3088 -0.9486 0.0690
vn -0.3667 -0.6791 0.6359
vn -0.1526 -0.9743 0.1654
vn 0.1403 -0.9496 -0.2803
vn -0.3599 -0.5745 0.7351
vn -0.1581 -0.9319 0.3266
vn -0.1520 -0.9883 -0.0142
vn -0.2964 -0.5840 0.7557
vn 0.0565 -0.9636 -0.2614
vn 0.0920 -0.9092 -0.4060
vn 0.0956 -0.9180 -0.3849
vn 0.0337 -0.9852 0.1679
vn 0.0747 -0.9620 0.2627
vn 0.0840 -0.9420 -0.3251
vn -0.3067 -0.6851 0.6607
vn 0.0087 -0.9990 0.0445
vn -0.0889 -0.9911 0.0987
vn -0.2364 -0.7460 0.6225
vn -0.3332 -0.5750 0.7473
vn 0.1232 -0.9449 -0.3033
vn -0.2951 -0.9185 -0.2631
vn 0.0673 -0.9277 -0.3672
vn -0.5335 -0.7361 -0.4166
vn -0.2847 -0.7854 -0.5496
vn 0.0504 -0.8066 -0.5889
vn -0.2373 -0.5503 -0.8005
vn 0.1156 0.2025 -0.9724
vn 0.1129 0.6928 -0.7122
vn 0.1949 0.7043 -0.6826
vn 0.3304 0.7661 -0.5512
vn 0.1514 0.2352 -0.9601
vn 0.1692 0.8376 -0.5195
vn 0.0284 0.7776 -0.6281
vn 0.4794 0.8730 -0.0899
vn 0.0797 0.9903 -0.1139
vn -0.1406 0.8482 -0.5107
vn 0.1226 0.4241 -0.8973
vn 0.0985 0.4583 -0.8833
vn -0.1100 0.4579 -0.8822
vn 0.0233 0.5701 -0.8212
vn 0.1088 0.5761 -0.8101
vn -0.7248 0.1525 -0.6719
vn -0.5940 0.4219 -0.6849
vn -0.3326 0.2806 -0.9004
vn 0.1010 0.9034 -0.4168
vn 0.0454 0.9858 -0.1619
vn 0.0015 0.2319 -0.9727
vn -0.0115 0.5140 -0.8577
vn -0.1478 0.4896 -0.8593
vn -0.3913 0.4144 -0.8217
vn -0.3104 0.7415 -0.5948
vn -0.1846 0.8515 -0.4909
vn 0.0287 0.9869 0.1588
vn 0.0540 0.9836 0.1722
vn 0.2642 0.9642 0.0233
vn 0.0308 0.9990 -0.0336
vn 0.0350 0.9682 0.2476
vn -0.1358 0.9713 0.1952
vn -0.0350 0.9873 0.1550
vn -0.5353 0.4830 -0.6929
vn -0.0318 0.7603 -0.6488
vn -0.2337 0.5143 -0.8251
vn -0.3921 0.8432 -0.3678
vn -0.7069 0.3802 -0.5965
vn -0.8351 0.1759 -0.5212
vn 0.0091 0.9997 0.0237
vn 0.0066 1.0000 0.0038
vn 0.0071 0.9965 0.0834
vn -0.1793 0.9504 0.2543
vn -0.0631 0.9847 0.1627
vn -0.0183 0.9784 0.2060
vn -0.1996 0.6311 -0.7496
vn -0.1081 0.9893 0.0975
vn -0.0036 0.9784 0.2069
vn -0.1848 0.9778 0.0988
vn -0.0327 0.9994 0.0143
vn -0.1199 0.9785 0.1679
vn -0.6682 0.2771 -0.6905
vn -0.6480 0.4983 -0.5760
vn -0.4856 0.6619 -0.5711
vn -0.2428 0.7429 -0.6238
vn 0.0389 0.4181 -0.9076
vn -0.2429 0.5952 -0.7660
vn -0.3597 0.6041 -0.7111
vn 0.0371 0.2168 -0.9755
vn -0.4150 0.2883 -0.8629
vn -0.0002 0.5352 -0.8447
vn -0.1738 0.6515 -0.7385
vn -0.6940 0.2193 -0.6858
vn -0.7325 0.6485 -0.2072
vn -0.5447 0.7476 -0.3801
vn -0.9005 0.3789 -0.2134
vn -0.4515 0.7360 -0.5045
vn -0.7841 0.1198 -0.6090
vn -0.3414 0.9352 0.0941
vn -0.8523 0.4887 -0.1866
vn 0.1594 0.7719 -0.6154
vn -0.0866 0.6200 -0.7798
vn -0.5187 0.8312 -0.2001
vn -0.6547 0.7147 -0.2461
vn -0.9472 0.2033 -0.2479
vn -0.8061 0.5909 0.0319
vn -0.9286 0.3268 0.1755
vn -0.8689 0.3609 0.3388
vn -0.4001 0.9067 -0.1337
vn -0.9109 0.3098 0.2725
vn -0.2093 0.6455 -0.7345
vn -0.6137 0.7783 -0.1326
vn -0.6143 0.5355 -0.5796
vn -0.9145 0.3012 -0.2700
vn -0.7197 0.0698 -0.6908
vn -0.9261 0.1171 -0.3585
vn -0.4275 0.8768 -0.2201
vn -0.9689 0.1546 -0.1933
vn -0.9161 0.3446 0.2048
vn -0.6538 0.0221 -0.7563
vn -0.6750 0.7370 -0.0352
vn -0.8636 0.3569 -0.3563
vn -0.4839 0.8539 -0.1918
vn -0.7528 0.4676 -0.4632
vn -0.8449 0.5202 -0.1248
vn -0.1119 0.9777 0.1778
vn -0.0581 0.9827 0.1758
vn -0.0825 0.9841 0.1574
vn -0.4200 0.8865 0.1944
vn -0.4419 0.8693 -0.2216
vn -0.9291 0.3699 0.0036
vn -0.0536 0.9550 0.2916
vn -0.6628 0.7009 0.2636
vn -0.6449 0.2732 -0.7138
vn -0.0314 0.9540 0.2981
vn -0.6790 0.2431 -0.6927
vn -0.5802 0.2251 -0.7827
vn -0.0883 0.9737 0.2102
vn -0.0355 0.9623 0.2698
vn -0.0853 0.9765 0.1979
vn -0.0554 0.9900 0.1299
vn -0.7155 -0.0235 -0.6982
vn -0.7354 0.0130 -0.6775
vn -0.6395 0.0346 -0.7680
vn -0.6786 -0.0123 -0.7345
vn -0.7671 0.0442 -0.6400
vn -0.8360 0.0946 -0.5405
vn -0.3102 0.9395 0.1453
vn -0.7930 -0.0371 -0.6081
vn -0.5341 0.8068 -0.2526
vn -0.0625 0.9839 0.1673
vn -0.7292 0.1610 -0.6651
vn -0.0182 0.9897 0.1421
vn -0.1081 0.9940 0.0133
vn -0.0213 0.9804 0.1957
vn 0.0225 0.9905 0.1354
vn -0.2431 0.6550 -0.7155
vn -0.8578 -0.0383 -0.5126
vn -0.8444 0.0414 -0.5341
vn -0.8288 -0.1056 -0.5495
vn -0.2060 -0.9778 -0.0393
vn -0.1687 -0.9246 -0.3416
vn -0.2007 -0.9797 -0.0025
vn -0.2030 -0.9792 -0.0056
vn -0.3034 -0.9512 -0.0565
vn -0.2086 -0.9103 -0.3575
vn -0.2422 -0.9702 0.0117
vn -0.1478 -0.9890 -0.0111
vn -0.2290 0.2120 -0.9500
vn -0.2515 0.0969 -0.9630
vn -0.0367 0.0536 -0.9979
vn 0.0938 0.2208 -0.9708
vn 0.1486 0.2574 -0.9548
vn -0.0268 0.1849 -0.9824
vn -0.2751 -0.8992 -0.3403
vn -0.2645 -0.9505 -0.1629
vn -0.0222 0.1307 -0.9912
vn -0.0357 0.1204 -0.9921
vn 0.0466 0.1553 -0.9868
vn 0.2436 -0.0436 -0.9689
vn 0.1987 -0.1503 -0.9685
vn 0.2374 0.2854 -0.9285
vn 0.2305 0.2237 -0.9470
vn 0.2020 0.3061 -0.9303
vn -0.2086 -0.9687 -0.1350
vn 0.2262 0.2949 -0.9283
vn 0.1539 0.1800 -0.9715
vn 0.2119 0.2835 -0.9353
vn 0.2474 0.1493 -0.9574
vn 0.2868 0.2167 -0.9332
vn 0.0921 0.2169 -0.9718
vn 0.2809 0.2409 -0.9290
vn 0.1896 0.2470 -0.9503
vn 0.2056 0.1684 -0.9640
vn 0.2377 0.2079 -0.9488
vn 0.0229 0.1392 -0.9900
vn 0.1086 0.2372 -0.9654
vn 0.2066 -0.9720 -0.1123
vn -0.1116 -0.9927 -0.0447
vn 0.1572 -0.9713 -0.1785
vn 0.0750 -0.9861 -0.1483
vn 0.0616 -0.9657 -0.2522
vn 0.0589 0.0437 -0.9973
vn -0.1585 -0.9778 -0.1370
vn 0.1087 -0.9936 0.0314
vn 0.1720 -0.9831 -0.0628
vn 0.1390 -0.9903 0.0086
vn -0.0413 0.1772 -0.9833
vn -0.2656 0.1604 -0.9507
vn -0.1806 0.2780 -0.9435
vn 0.1083 -0.0296 -0.9937
vn 0.1804 0.2467 -0.9522
vn 0.1377 -0.9828 -0.1233
vn 0.0959 -0.9947 0.0383
vn 0.0621 -0.9928 -0.1021
vn 0.0707 -0.9975 0.0031
vn 0.0960 -0.9949 -0.0306
vn 0.1253 -0.9900 0.0650
vn 0.0450 -0.9863 -0.1586
vn 0.0117 -0.9956 -0.0925
vn -0.0309 -0.9995 -0.0090
vn -0.1461 -0.6785 -0.7199
vn -0.2152 -0.4119 -0.8854
vn 0.1279 -0.0461 -0.9907
vn -0.1254 -0.4384 -0.8900
vn -0.1127 -0.6059 -0.7875
vn 0.0662 -0.9871 -0.1458
vn 0.0250 -0.9632 -0.2676
vn -0.1306 -0.7173 -0.6844
vn -0.0313 -0.7678 -0.6400
vn -0.0130 -0.9741 -0.2258
vn -0.0527 -0.9872 -0.1504
vn -0.0214 -0.9952 -0.0955
vn -0.0912 -0.9847 -0.1488
vn -0.1325 -0.9778 -0.1622
vn -0.1234 -0.9867 -0.1055
vn 0.1290 -0.4114 -0.9023
vn -0.0580 -0.6888 -0.7227
vn -0.0366 -0.9871 0.1558
vn -0.0179 -0.9797 -0.1995
vn 0.1130 -0.9864 -0.1191
vn -0.1477 -0.8951 -0.4207
vn 0.0781 -0.9877 0.1354
vn 0.0583 -0.9889 0.1364
vn 0.0927 -0.9737 0.2080
vn -0.0467 -0.9898 0.1345
vn -0.0044 -0.9943 0.1062
vn -0.0270 -0.9994 0.0218
vn -0.0301 -0.9972 -0.0678
vn 0.0232 -0.9980 0.0586
vn 0.2679 -0.9626 -0.0407
vn 0.0915 -0.9957 -0.0164
vn 0.0156 -0.9999 -0.0007
vn 0.0214 0.0183 -0.9996
vn 0.1887 0.0507 -0.9807
vn -0.0712 -0.9898 0.1237
vn -0.1658 -0.9660 0.1984
vn 0.0281 -0.9984 0.0486
vn 0.0107 -0.7047 -0.7094
vn 0.2091 -0.9746 -0.0800
vn -0.2513 0.1881 -0.9495
vn -0.0563 -0.5620 -0.8252
vn -0.0502 -0.0589 -0.9970
vn 0.1777 -0.2386 -0.9547
vn -0.1012 -0.9650 0.2419
vn -0.0921 -0.9711 0.2200
vn -0.0362 -0.9897 0.1384
vn -0.0776 -0.9725 0.2194
vn 0.0597 0.1140 -0.9917
vn -0.0544 -0.9975 0.0454
vn -0.0813 -0.9912 0.1045
vn -0.0640 -0.9976 -0.0251
vn -0.0086 -0.9999 0.0109
vn 0.0430 -0.9977 0.0526
vn 0.0039 -0.9995 0.0317
vn -0.0748 -0.9963 0.0433
vn -0.1307 -0.7805 -0.6114
vn -0.0720 -0.9590 -0.2742
vn -0.1527 -0.9557 -0.2515
vn -0.1116 -0.9934 0.0279
vn -0.0501 -0.9961 0.0728
vn -0.0919 -0.8278 -0.5535
vn -0.0636 -0.9946 0.0816
vn -0.1226 -0.9541 -0.2732
vn -0.0994 -0.9538 -0.2834
vn -0.2859 -0.9106 -0.2983
vn 0.2287 0.2334 -0.9451
vn 0.2307 0.2361 -0.9439
vn -0.1575 0.2153 -0.9638
vn -0.1657 -0.9663 -0.1970
vn -0.1925 -0.9534 -0.2325
vn -0.1513 -0.8239 -0.5461
vn 0.2495 0.3048 -0.9191
vn 0.2229 0.2216 -0.9493
vn -0.0239 -0.3468 -0.9376
vn -0.1969 -0.8057 -0.5587
vn -0.0945 -0.7997 -0.5930
vn -0.1061 -0.3838 -0.9173
vn 0.2209 -0.6274 -0.7467
vn -0.2513 -0.5251 -0.8131
vn -0.5747 -0.3310 -0.7485
vn -0.2965 -0.6191 -0.7272
vn -0.4009 -0.0562 -0.9144
vn -0.2728 -0.7327 -0.6235
vn -0.3447 0.1569 -0.9255
vn 0.2479 0.2627 -0.9325
vn -0.5120 0.1656 -0.8429
vn 0.0626 0.3603 -0.9307
vn 0.1697 -0.0182 -0.9853
vn 0.4048 0.0899 -0.9100
vn 0.2554 0.1422 -0.9563
vn 0.1443 0.4329 -0.8898
vn 0.3245 -0.3287 -0.8869
vn 0.1455 0.7382 -0.6587
vn -0.0337 0.9982 -0.0491
vn 0.0760 0.9330 -0.3518
vn 0.1545 0.7735 -0.6147
vn 0.2831 0.3369 -0.8980
vn 0.2827 0.3560 -0.8907
vn 0.2574 0.3228 -0.9108
vn -0.0949 0.6395 -0.7629
vn -0.0745 0.5929 -0.8018
vn -0.2755 0.7028 -0.6559
vn -0.1406 0.3812 -0.9137
vn 0.0704 0.2947 -0.9530
vn -0.0672 0.3709 -0.9262
vn 0.1784 0.7596 -0.6254
vn -0.0599 0.9638 -0.2599
vn -0.1570 0.9255 -0.3446
vn -0.0782 0.9967 0.0232
vn -0.0430 0.9978 -0.0496
vn 0.3505 0.1431 -0.9256
vn 0.0177 0.9091 -0.4161
vn 0.2249 0.0084 -0.9743
vn 0.1362 0.9906 0.0087
vn -0.1027 0.8242 -0.5569
vn -0.0241 0.9959 -0.0875
vn 0.3707 0.9250 -0.0831
vn 0.3060 0.3166 -0.8978
vn 0.2586 0.2173 -0.9412
vn 0.2848 0.2323 -0.9300
vn 0.2608 0.1353 -0.9559
vn -0.0011 0.7834 -0.6215
vn 0.0170 0.9998 0.0104
vn 0.0540 0.2979 -0.9531
vn 0.0225 0.3321 -0.9430
vn 0.2230 0.1503 -0.9631
vn 0.3328 0.2764 -0.9016
vn 0.0892 0.3484 -0.9331
vn 0.0711 0.9930 -0.0946
vn 0.0942 0.9523 0.2902
vn -0.0362 0.9993 -0.0012
vn 0.0810 0.9946 0.0656
vn 0.1932 0.9778 0.0811
vn 0.1082 0.9793 0.1713
vn 0.5417 0.8366 -0.0816
vn 0.5121 0.8589 -0.0085
vn 0.3161 0.9474 -0.0511
vn -0.0272 0.9992 0.0290
vn 0.1601 0.9158 0.3684
vn -0.1027 0.4204 -0.9015
vn -0.2146 0.6900 -0.6913
vn -0.1900 0.6644 -0.7228
vn 0.0796 0.9947 -0.0650
vn 0.1672 0.8895 -0.4252
vn 0.0710 0.9595 0.2727
vn 0.0476 0.6039 -0.7956
vn -0.0751 0.2698 -0.9600
vn -0.0813 0.9867 0.1404
vn -0.0755 0.9800 0.1840
vn 0.0260 0.9866 0.1610
vn 0.0895 0.9856 0.1432
vn 0.0043 0.2593 -0.9658
vn -0.0036 0.9875 0.1578
vn 0.0330 0.9994 0.0055
vn 0.0196 0.9986 0.0483
vn 0.2820 0.1244 -0.9513
vn -0.0839 0.9947 -0.0603
vn 0.1610 0.9867 -0.0228
vn 0.2233 0.9654 -0.1350
vn 0.0394 0.9989 -0.0255
vn 0.3185 0.9450 -0.0745
vn 0.1124 0.9936 0.0061
vn 0.0991 0.9951 -0.0017
vn 0.0849 0.9930 -0.0817
vn 0.0040 0.9933 -0.1154
vn 0.0360 0.9993 -0.0028
vn 0.0371 0.9941 -0.1023
vn -0.0137 0.9981 -0.0601
vn 0.0638 0.9962 -0.0587
vn -0.1622 0.2105 -0.9640
vn -0.0873 0.7376 -0.6695
vn 0.0016 0.9985 0.0545
vn -0.1009 0.9792 0.1758
vn 0.0716 0.9973 0.0165
vn -0.1299 0.5078 -0.8516
vn 0.0813 0.9958 0.0425
vn 0.0476 0.9987 0.0189
vn 0.1223 0.5114 -0.8506
vn -0.0553 0.0341 -0.9979
vn 0.0897 0.9954 -0.0324
vn 0.0137 0.9953 0.0959
vn 0.0584 0.9982 0.0130
vn 0.0533 0.9985 -0.0118
vn 0.0232 0.9996 0.0178
vn -0.0061 0.9992 0.0396
vn 0.3297 0.8458 -0.4194
vn 0.0165 0.9995 0.0277
vn -0.0024 0.9985 0.0553
vn 0.0746 0.9956 0.0575
vn -0.0142 0.9994 0.0312
vn -0.0151 0.9890 0.1474
vn -0.0043 0.9987 0.0515
vn -0.0285 0.9919 0.1235
vn 0.5535 0.3929 -0.7344
vn -0.0753 0.3947 -0.9157
vn 0.0765 0.3654 -0.9277
vn 0.5406 0.2894 -0.7899
vn 0.3287 0.4527 -0.8289
vn 0.2743 0.9417 -0.1950
vn 0.2127 0.0880 -0.9732
vn 0.1472 0.3073 -0.9402
vn 0.0828 0.1859 -0.9791
vn -0.0206 0.2978 -0.9544
vn 0.1741 0.9843 0.0285
vn 0.0124 0.9359 0.3522
vn -0.0926 0.8840 0.4583
vn 0.1082 0.9606 0.2559
vn -0.0870 0.9617 0.2600
vn -0.2782 0.7990 0.5331
vn -0.2729 0.6965 0.6637
vn -0.0322 0.9347 0.3539
vn -0.1105 0.8861 0.4502
vn -0.2112 0.7567 0.6187
vn -0.0318 0.9159 0.4003
vn -0.1252 0.5692 0.8126
vn 0.0812 0.6100 0.7883
vn -0.0223 0.6273 0.7785
vn 0.1019 0.5951 0.7972
vn -0.0809 0.8992 0.4299
vn -0.1558 0.8630 0.4806
vn -0.1287 0.8544 0.5035
vn 0.1233 0.8985 0.4213
vn -0.4369 0.8987 0.0389
vn -0.0636 0.9151 0.3982
vn -0.1576 0.8079 0.5678
vn 0.2020 0.9717 0.1224
vn -0.1266 0.7846 0.6069
vn -0.0543 0.5545 0.8304
vn -0.1513 0.9713 0.1836
vn -0.4310 0.8387 0.3330
vn -0.7137 0.6997 -0.0311
vn -0.3437 0.9388 0.0236
vn -0.1982 0.9670 0.1598
vn -0.5592 0.8233 0.0968
vn -0.1103 0.8855 0.4513
vn -0.5232 0.8492 0.0716
vn -0.2223 0.9207 0.3209
vn -0.0656 0.9289 0.3645
vn -0.1009 0.9834 0.1509
vn 0.3684 0.8462 0.3849
vn 0.0863 0.9903 -0.1088
vn -0.2903 0.9347 -0.2053
vn 0.0504 0.9953 -0.0830
vn -0.7944 0.5608 -0.2335
vn -0.8018 0.5478 -0.2389
vn 0.0901 0.9870 -0.1333
vn 0.0722 0.9934 -0.0890
vn 0.0485 0.9969 -0.0621
vn -0.7332 0.6605 -0.1617
vn 0.3012 0.7950 0.5265
vn -0.7707 0.6275 -0.1109
vn 0.0260 0.9994 -0.0236
vn -0.7867 0.5685 -0.2408
vn 0.0640 0.9847 0.1624
vn 0.0417 0.9968 0.0675
vn 0.0265 0.8634 0.5038
vn -0.0040 0.9991 0.0417
vn -0.7128 0.6948 -0.0953
vn -0.6195 0.7829 0.0574
vn -0.3546 0.9335 0.0534
vn -0.8120 0.5658 -0.1432
vn -0.3260 0.9440 -0.0516
vn -0.6941 0.7165 0.0697
vn -0.7445 0.6340 -0.2090
vn -0.0328 0.9952 0.0927
vn -0.1137 0.8340 0.5399
vn -0.1476 0.8668 0.4763
vn -0.0268 0.9651 0.2604
vn -0.0674 0.8779 0.4741
vn 0.0084 0.9335 0.3584
vn -0.1519 0.9071 0.3926
vn -0.1411 0.9031 0.4056
vn -0.1199 0.5225 0.8442
vn -0.0855 0.5279 0.8450
vn -0.0524 0.5244 0.8499
vn -0.0079 0.5029 0.8643
vn -0.0395 0.4964 0.8672
vn 0.0433 0.9497 0.3101
vn -0.0144 0.9385 0.3449
vn 0.0242 0.9175 0.3970
vn -0.0617 0.5372 0.8412
vn -0.1111 0.5064 0.8551
vn -0.0211 0.3314 0.9432
vn -0.1046 0.5011 0.8590
vn -0.0797 0.6887 0.7206
vn 0.0295 0.6472 0.7617
vn 0.0072 0.7499 0.6615
vn -0.0977 0.9554 0.2786
vn -0.0704 0.9340 0.3504
vn 0.0121 0.9572 0.2891
vn -0.0149 0.7468 0.6649
vn -0.4541 0.8863 0.0916
vn 0.1320 0.9578 0.2554
vn 0.0319 0.9842 0.1741
vn -0.1219 0.7768 0.6178
vn -0.2139 0.8865 0.4103
vn -0.1064 0.8752 0.4719
vn -0.1823 0.8702 0.4578
vn 0.3667 0.7378 0.5667
vn 0.3330 0.8427 0.4230
vn -0.1321 0.8636 0.4865
vn -0.4302 0.9021 -0.0343
vn -0.1310 0.8593 0.4944
vn 0.0242 0.9814 0.1902
vn -0.2069 0.9658 0.1564
vn -0.5549 0.7617 -0.3346
vn -0.6123 0.7335 -0.2949
vn -0.3054 0.9515 -0.0382
vn 0.1573 0.9875 -0.0048
vn -0.7199 0.6418 -0.2643
vn -0.5410 0.8394 0.0528
vn -0.3969 0.8910 -0.2205
vn -0.5049 0.8625 -0.0326
vn 0.1531 0.9833 0.0988
vn 0.0165 0.9333 0.3587
vn -0.0761 0.8825 0.4641
vn 0.1605 0.9618 0.2217
vn -0.4335 0.8980 -0.0748
vn 0.0401 0.9965 -0.0731
vn -0.7567 0.6348 -0.1561
vn -0.7631 0.6250 -0.1645
vn -0.4420 0.8970 -0.0061
vn -0.4450 0.8936 0.0582
vn -0.8121 0.5671 -0.1375
vn 0.0419 0.9990 -0.0131
vn -0.4161 0.9028 -0.1089
vn -0.8385 0.5324 -0.1165
vn 0.1394 0.9816 0.1308
vn 0.1010 0.2835 -0.9536
vn 0.1192 0.3718 -0.9206
vn -0.1737 0.5975 -0.7828
vn -0.6352 0.7387 -0.2253
vn -0.2601 0.7683 -0.5849
vn -0.5526 0.8295 0.0808
vn -0.7844 0.5823 -0.2137
vn -0.7826 0.5944 -0.1848
vn 0.1652 0.3529 -0.9210
vn 0.1613 0.3673 -0.9160
vn 0.1590 0.3630 -0.9181
vn 0.2243 0.3263 -0.9183
vn 0.2187 0.3951 -0.8922
vn 0.2238 0.3854 -0.8952
vn 0.1113 0.3059 -0.9455
vn 0.2070 0.3586 -0.9102
vn 0.2052 0.3283 -0.9220
vn 0.2075 0.3167 -0.9256
vn -0.7370 0.6660 -0.1153
vn -0.6416 0.7599 -0.1038
vn -0.6858 0.7003 -0.1981
vn 0.1438 0.3235 -0.9352
vn 0.2012 0.3104 -0.9290
vn -0.0520 0.9971 0.0555
vn -0.1136 0.9901 0.0818
vn 0.0905 0.9857 0.1424
vn -0.6884 0.6349 -0.3508
vn 0.2363 0.3202 -0.9174
vn 0.2548 0.2758 -0.9268
vn 0.2075 0.3622 -0.9087
vn -0.0703 0.9869 0.1455
vn -0.0297 0.9874 0.1557
vn 0.0652 0.9185 -0.3900
vn 0.1333 0.7277 -0.6728
vn -0.0545 0.9975 0.0457
vn 0.1965 0.2783 -0.9402
vn 0.2492 0.2326 -0.9401
vn 0.1853 0.3256 -0.9272
vn 0.1463 0.4819 -0.8639
vn -0.0037 0.6569 -0.7540
vn 0.1795 0.2755 -0.9444
vn 0.2602 0.9222 -0.2860
vn 0.0521 0.7773 -0.6270
vn 0.1647 0.3069 -0.9374
vn 0.1606 0.3135 -0.9359
vn 0.1796 0.3321 -0.9260
vn -0.2947 0.7033 -0.6470
vn -0.1273 0.9916 0.0244
vn 0.5631 0.7802 -0.2723
vn -0.4714 0.7895 -0.3930
vn -0.3829 0.8987 -0.2137
vn -0.2996 0.9508 0.0793
vn -0.1382 0.9857 -0.0969
vn -0.2454 0.9662 0.0789
vn 0.0020 0.9770 0.2130
vn -0.2795 0.9527 0.1198
vn -0.1549 0.5278 -0.8351
vn -0.1930 0.6604 -0.7257
vn -0.1937 0.9680 0.1598
vn -0.0869 0.9933 0.0764
vn -0.1038 0.9915 0.0790
vn -0.5133 0.8504 0.1157
vn -0.6284 0.7771 -0.0357
vn -0.3950 0.9017 0.1757
vn -0.4303 0.8992 0.0796
vn -0.4714 0.8807 -0.0464
vn 0.1512 0.2804 -0.9479
vn -0.5665 0.8172 0.1061
vn 0.1911 0.3576 -0.9141
vn -0.2638 0.9619 0.0713
vn 0.2170 0.3672 -0.9045
vn 0.1694 0.3661 -0.9150
vn -0.0685 0.9835 0.1676
vn -0.1332 0.9844 0.1146
vn -0.2785 0.9551 0.1011
vn -0.2598 0.9511 0.1669
vn -0.3641 0.9061 0.2154
vn -0.4324 0.8721 0.2290
vn -0.4099 0.8994 0.1521
vn -0.3059 0.8953 0.3238
vn -0.2205 0.9603 -0.1710
vn -0.3647 0.9233 -0.1203
vn -0.4075 0.9126 0.0337
vn -0.2272 0.9598 -0.1648
vn -0.1382 0.9798 -0.1447
vn 0.0362 0.5143 -0.8568
vn -0.1859 0.8935 -0.4088
vn -0.3047 0.9512 0.0497
vn 0.6272 0.5259 -0.5745
vn 0.9322 0.0186 0.3616
vn 0.7090 0.6436 0.2882
vn 0.9612 0.1829 0.2066
vn 0.7574 0.6494 0.0689
vn 0.6997 0.6229 0.3499
vn 0.8355 -0.0236 -0.5490
vn 0.6513 0.5891 0.4782
vn 0.7478 0.6137 0.2533
vn 0.7661 -0.5981 -0.2352
vn 0.7171 -0.6790 -0.1571
vn 0.8113 -0.5349 -0.2360
vn 0.7851 0.1535 -0.6000
vn 0.9760 0.2019 -0.0812
vn 0.7687 -0.5670 0.2959
vn 0.8809 0.0284 -0.4724
vn 0.6273 -0.7787 0.0016
vn 0.7776 -0.6257 -0.0627
vn 0.9409 -0.2909 0.1734
vn 0.7878 -0.6138 -0.0501
vn 0.6246 0.7269 0.2855
vn 0.8195 -0.5657 0.0916
vn 0.6708 -0.7409 -0.0325
vn 0.8761 0.2314 0.4230
vn 0.8057 -0.5775 -0.1315
vn 0.8033 0.4796 0.3530
vn 0.7717 0.5989 -0.2142
vn 0.8891 -0.4573 0.0204
vn 0.4709 -0.6628 -0.5822
vn 0.7264 -0.5677 -0.3872
vn 0.7385 -0.6714 0.0610
vn 0.7276 -0.6709 -0.1430
vn 0.9596 -0.2538 0.1212
vn 0.8232 -0.4899 -0.2870
vn 0.9382 0.0818 0.3362
vn 0.7599 -0.5184 -0.3921
vn 0.9030 0.3013 0.3063
vn 0.9720 -0.0388 -0.2317
vn 0.9403 -0.2114 -0.2667
vn 0.7373 -0.6599 -0.1448
vn 0.7665 -0.4662 -0.4419
vn 0.8268 -0.4506 -0.3367
vn 0.7013 0.4715 0.5347
vn 0.9046 -0.2959 0.3069
vn 0.6727 -0.7381 -0.0513
vn 0.9778 -0.1923 -0.0836
vn 0.6895 0.5969 0.4102
vn 0.9664 0.2295 0.1155
vn 0.8172 -0.5540 0.1591
vn 0.9900 -0.0986 0.1005
vn 0.9030 -0.4086 0.1325
vn -0.0495 0.9952 0.0848
vn -0.0657 0.9893 0.1301
vn -0.1213 0.9870 0.1058
vn -0.1132 0.9384 0.3266
vn -0.4996 0.6118 0.6133
vn -0.8028 0.4373 0.4052
vn -0.5493 0.2751 0.7890
vn -0.5711 0.1211 0.8119
vn -0.1345 0.9798 0.1481
vn -0.0832 0.9864 0.1415
vn -0.0698 0.9944 0.0788
vn -0.4971 -0.1804 0.8488
vn -0.4526 -0.3783 0.8075
vn -0.1002 0.9833 0.1522
vn -0.7044 -0.1550 0.6927
vn -0.8973 0.4185 0.1402
vn -0.0352 0.9949 0.0940
vn -0.9192 0.1919 0.3438
vn -0.9443 0.3012 0.1328
vn -0.7498 0.6147 0.2450
vn -0.8278 0.5040 0.2466
vn -0.0440 0.9845 0.1700
vn 0.0170 0.9856 0.1685
vn -0.0208 0.9865 0.1624
vn -0.0623 0.9775 0.2014
vn 0.0094 0.9986 0.0525
vn -0.8970 0.3252 0.2995
vn -0.8991 0.3161 0.3027
vn -0.9809 0.0396 0.1905
vn -0.7663 0.5251 0.3703
vn -0.9432 0.0944 0.3186
vn -0.7372 0.6054 0.3000
vn -0.8956 0.4301 0.1141
vn -0.6756 0.6444 0.3582
vn -0.2574 -0.2670 0.9287
vn -0.3883 -0.3181 0.8649
vn -0.2565 0.0359 0.9659
vn -0.6273 0.4886 0.6064
vn -0.4952 -0.1051 0.8624
vn -0.3107 0.1219 0.9427
vn -0.2254 -0.3237 0.9189
vn -0.2746 0.2291 0.9339
vn -0.3741 0.1168 0.9200
vn -0.4527 0.0887 0.8873
vn -0.0910 0.6466 0.7574
vn -0.3780 0.4468 0.8109
vn -0.2909 -0.4652 0.8360
vn -0.5838 0.6540 0.4810
vn -0.0845 0.9606 0.2647
vn -0.3208 -0.4175 0.8501
vn -0.1148 0.9477 0.2978
vn -0.3495 0.9276 0.1320
vn -0.1492 0.9642 0.2194
vn -0.1460 -0.2205 0.9644
vn -0.0147 -0.0787 0.9968
vn -0.0972 -0.1410 0.9852
vn -0.0247 0.0331 0.9991
vn -0.5809 0.0020 0.8140
vn -0.3585 -0.0159 0.9334
vn -0.5807 -0.0400 0.8131
vn -0.2567 0.0076 0.9665
vn -0.3352 0.9288 0.1579
vn -0.5671 0.8160 0.1121
vn -0.7548 0.6559 0.0079
vn -0.7367 0.6737 0.0587
vn -0.2548 0.4514 0.8552
vn -0.5066 0.3586 0.7841
vn -0.5742 -0.1660 0.8017
vn -0.7007 0.7092 0.0776
vn -0.0928 0.9956 0.0154
vn -0.6539 0.7479 0.1144
vn -0.3576 0.1534 0.9212
vn -0.4179 0.2625 0.8697
vn -0.4158 -0.4416 0.7950
vn -0.6403 -0.0674 0.7652
vn -0.4976 -0.3054 0.8119
vn -0.6132 -0.1426 0.7770
vn -0.5058 -0.3505 0.7882
vn -0.0158 0.6197 0.7847
vn -0.4420 0.8212 -0.3609
vn -0.0138 0.9998 0.0163
vn -0.0855 0.9903 -0.1099
vn -0.4795 0.8714 0.1031
vn 0.0034 0.9607 0.2775
vn -0.5829 0.7960 -0.1632
vn -0.5633 0.8067 0.1788
vn -0.4705 0.8802 -0.0625
vn -0.8695 0.3126 0.3824
vn -0.3671 0.8206 0.4381
vn -0.0086 0.8642 0.5031
vn -0.2851 0.8940 0.3458
vn -0.7190 0.6531 0.2378
vn -0.0639 0.8543 0.5158
vn -0.6838 0.5159 0.5159
vn -0.4500 0.8818 0.1410
vn -0.1104 0.9715 0.2100
vn -0.8394 0.5095 0.1894
vn -0.5736 0.6679 0.4742
vn -0.5448 0.6415 0.5400
vn -0.4102 0.7386 0.5349
vn -0.3835 0.8554 0.3483
vn -0.1449 0.9310 0.3351
vn -0.4944 0.8204 0.2873
vn -0.3760 0.8646 0.3333
vn -0.2638 0.9562 0.1269
vn -0.3047 0.9342 0.1857
vn -0.1766 0.5820 0.7937
vn -0.1622 0.9834 0.0814
vn -0.1984 0.8169 0.5416
vn -0.4979 0.0590 0.8652
vn -0.1108 0.9905 0.0812
vn -0.0945 0.9926 0.0758
vn 0.0272 0.8897 0.4558
vn 0.1505 0.7881 0.5969
vn -0.0848 0.9594 0.2691
vn -0.1979 0.9686 0.1505
vn -0.0918 0.9890 0.1157
vn -0.0821 0.9678 0.2378
vn -0.0941 0.9631 0.2520
vn -0.6084 0.7485 0.2639
vn -0.1046 0.9894 0.1010
vn 0.0523 0.6910 0.7210
vn 0.1315 0.6287 0.7665
vn -0.7431 0.4980 0.4470
vn -0.3910 -0.2884 0.8740
vn -0.2854 -0.2717 0.9191
vn -0.5434 -0.4594 0.7026
vn -0.4853 -0.4216 0.7660
vn -0.8202 -0.1460 0.5532
vn -0.4677 -0.4899 0.7357
vn -0.2658 -0.4958 0.8268
vn -0.8896 -0.4523 0.0643
vn -0.9642 -0.1298 -0.2312
vn -0.5066 0.8264 0.2458
vn -0.6370 0.6327 0.4404
vn -0.2807 0.8402 0.4639
vn -0.5069 0.8354 0.2124
vn -0.8595 0.5106 0.0213
vn -0.9491 0.2987 -0.0999
vn -0.7161 -0.4202 0.5573
vn -0.6210 -0.5559 0.5526
vn -0.9553 0.1942 -0.2229
vn -0.9498 0.0944 0.2982
vn -0.7163 0.6061 0.3457
vn -0.6269 0.7783 0.0347
vn -0.7907 -0.0869 0.6060
vn -0.8911 0.2317 0.3903
vn -0.6909 -0.2161 0.6899
vn -0.9157 0.1784 -0.3600
vn -0.0001 0.9987 0.0509
vn -0.2080 0.9336 0.2916
vn -0.1262 0.9841 0.1249
vn -0.0236 0.9896 0.1418
vn -0.1082 0.9836 0.1445
vn 0.0805 0.5620 0.8232
vn -0.1429 -0.1079 0.9838
vn -0.1176 0.9901 -0.0766
vn -0.0376 0.9905 -0.1324
vn 0.0489 0.9817 0.1839
vn 0.4262 0.9040 -0.0328
vn 0.1490 0.9667 0.2080
vn 0.2499 0.9674 -0.0402
vn -0.2353 0.9521 0.1955
vn 0.1018 0.9696 0.2225
vn 0.0203 0.9975 -0.0675
vn 0.2700 0.9235 -0.2724
vn 0.0717 0.6219 0.7798
vn 0.0849 0.6824 0.7260
vn 0.3170 0.9388 -0.1349
vn 0.1449 0.5346 0.8326
vn -0.0175 0.9398 0.3414
vn 0.0085 0.7720 0.6356
vn 0.0045 0.4864 0.8737
vn -0.0260 0.6045 0.7962
vn 0.1732 0.5628 0.8082
vn 0.0963 0.6830 0.7240
vn -0.0288 0.9967 0.0757
vn -0.0023 0.5636 0.8261
vn -0.0402 0.8960 0.4423
vn 0.1161 0.6195 0.7764
vn 0.0199 0.5896 0.8074
vn 0.0808 0.5864 0.8060
vn 0.1347 0.7398 0.6592
vn 0.0585 0.5740 0.8168
vn 0.0403 0.5456 0.8371
vn -0.2899 0.9378 0.1912
vn -0.2187 0.9528 0.2107
vn -0.0366 0.9888 0.1447
vn -0.0157 0.9932 0.1155
vn 0.0713 0.9911 -0.1125
vn 0.0803 0.9965 -0.0250
vn 0.5431 0.5343 -0.6477
vn -0.1358 0.9726 0.1888
vn -0.0531 0.9618 0.2687
vn 0.0531 0.5477 0.8350
vn -0.0181 0.5534 0.8327
vn 0.0444 0.5592 0.8278
vn -0.0219 0.5373 0.8431
vn -0.0410 0.9986 -0.0322
vn -0.1642 0.9762 0.1415
vn -0.0498 0.9687 0.2430
vn -0.0676 0.9940 0.0864
vn 0.0367 0.9764 -0.2128
vn -0.1701 0.9651 0.1991
vn -0.1925 0.9617 0.1949
vn -0.0485 0.9709 -0.2344
vn 0.0111 0.9999 0.0035
vn -0.0358 0.9586 0.2826
vn -0.0458 0.9839 0.1727
vn 0.0413 0.9991 0.0131
vn 0.0038 0.9981 -0.0612
vn 0.1206 0.6952 0.7086
vn -0.1058 0.9887 -0.1058
vn -0.0221 0.7946 0.6067
vn 0.0594 0.6801 0.7307
vn 0.0348 0.6559 0.7540
vn 0.1632 0.8605 0.4825
vn 0.0901 0.6652 0.7412
vn 0.0930 0.7052 0.7029
vn 0.0327 0.6208 0.7833
vn 0.0420 0.9429 0.3305
vn 0.1094 0.7564 0.6449
vn 0.0446 0.9989 -0.0167
vn -0.1696 0.9704 0.1718
vn 0.0259 0.9736 0.2269
vn 0.0247 0.9717 0.2348
vn 0.0349 0.9895 0.1404
vn 0.0113 0.9938 0.1108
vn -0.2175 0.9584 0.1849
vn -0.0133 0.8908 0.4542
vn 0.0102 0.9999 0.0031
vn -0.0195 0.9967 0.0789
vn -0.0630 0.9776 0.2007
vn -0.1978 0.9691 0.1475
vn -0.0862 0.9610 0.2626
vn 0.1466 0.9775 0.1519
vn 0.0997 0.9887 0.1121
vn 0.1910 0.9687 0.1586
vn 0.1489 0.9873 0.0559
vn 0.2951 0.9534 -0.0625
vn -0.5461 -0.4704 0.6931
vn -0.3587 -0.5852 0.7273
vn -0.3491 -0.5798 0.7362
vn -0.1347 -0.7641 0.6309
vn -0.3032 -0.6746 0.6731
vn -0.3839 -0.5699 0.7265
vn -0.2224 -0.8390 0.4966
vn -0.4190 -0.5751 0.7026
vn -0.4692 -0.6030 0.6451
vn -0.5726 -0.6183 0.5385
vn -0.4827 -0.5910 0.6463
vn -0.4941 -0.5648 0.6609
vn -0.3963 -0.6155 0.6813
vn -0.4869 -0.5906 0.6435
vn -0.6881 -0.3641 0.6276
vn -0.4085 -0.5991 0.6886
vn -0.7110 -0.0727 0.6994
vn -0.3725 -0.5671 0.7346
vn -0.2959 -0.4788 0.8265
vn -0.0796 -0.7428 0.6647
vn -0.0550 -0.8115 0.5818
vn -0.2913 -0.5788 0.7617
vn -0.4319 -0.2800 0.8573
vn -0.2979 -0.5783 0.7595
vn -0.0474 -0.5342 0.8441
vn -0.6399 -0.5898 0.4926
vn -0.5718 -0.5361 0.6210
vn -0.5674 -0.2335 0.7896
vn -0.3482 -0.5978 0.7221
vn -0.3308 -0.5903 0.7363
vn -0.3136 -0.5800 0.7519
vn -0.3229 -0.5255 0.7872
vn -0.3457 -0.5864 0.7325
vn -0.4482 -0.2490 0.8585
vn -0.3736 -0.4296 0.8221
vn -0.3622 -0.5777 0.7315
vn -0.3603 -0.5877 0.7244
vn -0.4145 -0.2338 0.8795
vn -0.2804 -0.3794 0.8817
vn -0.4127 -0.5208 0.7473
vn -0.3258 -0.5584 0.7629
vn -0.3095 -0.2507 0.9173
vn -0.3628 -0.5813 0.7283
vn -0.3848 -0.5788 0.7190
vn -0.3268 -0.5875 0.7403
vn -0.3339 -0.5873 0.7373
vn -0.3250 -0.5594 0.7625
vn -0.1760 -0.8949 0.4100
vn -0.0813 -0.9962 0.0323
vn 0.2184 -0.9717 -0.0901
vn 0.1009 -0.9932 0.0574
vn 0.0614 -0.9891 0.1340
vn 0.1271 -0.9886 0.0805
vn -0.0863 -0.9840 0.1557
vn 0.0296 -0.9829 0.1816
vn -0.1187 -0.9799 0.1604
vn 0.2030 -0.9708 -0.1280
vn 0.1758 -0.9815 -0.0753
vn 0.1804 -0.9735 -0.1402
vn 0.0463 -0.9964 -0.0713
vn -0.0461 -0.9958 0.0787
vn -0.0334 -0.9972 0.0664
vn 0.0930 -0.9957 0.0048
vn 0.0213 -0.9981 0.0573
vn 0.2398 -0.9646 -0.1099
vn 0.2239 -0.9714 -0.0788
vn 0.1593 -0.9801 -0.1184
vn -0.2860 -0.6151 0.7348
vn -0.2844 -0.6177 0.7332
vn -0.2910 -0.5889 0.7540
vn -0.2783 -0.6571 0.7006
vn -0.2823 -0.6136 0.7375
vn 0.1418 -0.9880 -0.0609
vn 0.0563 -0.9976 -0.0399
vn 0.2988 -0.9523 -0.0623
vn -0.1984 -0.5046 0.8403
vn -0.1722 -0.3304 0.9280
vn 0.0028 -0.0897 0.9960
vn -0.3361 -0.3460 0.8760
vn -0.2213 -0.0432 0.9743
vn 0.2830 0.1208 0.9515
vn -0.2199 0.4404 0.8705
vn -0.1210 -0.8899 0.4397
vn -0.2703 -0.5577 0.7848
vn -0.2704 -0.5388 0.7978
vn -0.2698 -0.5373 0.7990
vn -0.4351 -0.4318 0.7901
vn -0.3426 -0.6617 0.6669
vn -0.1567 -0.0009 0.9876
vn -0.2597 -0.6188 0.7414
vn -0.2243 -0.2496 0.9420
vn -0.2607 -0.5582 0.7877
vn -0.2620 -0.6330 0.7285
vn -0.2018 -0.6064 0.7691
vn -0.2468 -0.5874 0.7708
vn -0.2394 -0.5688 0.7869
vn -0.2668 -0.5906 0.7615
vn -0.1329 -0.2080 0.9691
vn -0.2863 -0.5569 0.7797
vn -0.0320 0.3030 0.9525
vn -0.0356 0.5305 0.8470
vn 0.1949 0.5041 0.8414
vn -0.2017 -0.3468 0.9160
vn -0.0316 0.3182 0.9475
vn 0.0614 0.6694 0.7404
vn 0.1287 0.5630 0.8164
vn -0.2865 -0.6029 0.7446
vn 0.0098 0.4851 0.8744
vn 0.0885 0.3665 0.9262
vn -0.0562 0.5789 0.8135
vn -0.1382 0.1691 0.9759
vn -0.2913 -0.5577 0.7772
vn -0.2927 -0.5482 0.7835
vn -0.2290 -0.5637 0.7936
vn -0.2427 -0.6204 0.7458
vn -0.2912 -0.5704 0.7680
vn -0.3310 -0.6279 0.7044
vn -0.2916 -0.7314 0.6165
vn -0.2942 -0.7312 0.6154
vn -0.3508 -0.7920 0.4996
vn -0.3809 -0.6335 0.6735
vn -0.4120 -0.7211 0.5571
vn -0.2846 -0.6650 0.6905
vn -0.3397 -0.5783 0.7418
vn -0.4247 -0.7783 0.4625
vn -0.2761 -0.9274 0.2525
vn 0.1106 -0.9902 0.0856
vn -0.1793 -0.9781 0.1060
vn 0.0477 -0.9469 0.3180
vn -0.2723 -0.8743 0.4019
vn -0.1490 -0.8758 0.4591
vn -0.2181 -0.5951 0.7735
vn 0.0502 -0.9321 0.3586
vn -0.2352 -0.7430 0.6267
vn 0.1633 -0.9860 0.0324
vn -0.1725 -0.7093 0.6835
vn -0.2726 -0.7376 0.6177
vn 0.0611 -0.9760 0.2090
vn -0.0635 -0.8708 0.4875
vn 0.0827 -0.9964 0.0176
vn 0.1367 -0.9732 -0.1848
vn 0.3114 -0.9187 -0.2429
vn -0.0794 -0.8397 0.5372
vn -0.2127 -0.6259 0.7503
vn 0.0759 -0.9643 0.2538
vn -0.2164 -0.7559 0.6179
vn -0.0899 -0.8461 0.5254
vn 0.1897 -0.9651 0.1805
vn 0.3065 -0.9515 0.0266
vn 0.2902 -0.9569 0.0095
vn 0.2809 -0.9586 -0.0474
vn 0.0193 -0.9371 0.3486
vn 0.0952 -0.9949 0.0333
vn -0.0255 -0.9961 0.0841
vn -0.1124 -0.9642 0.2403
vn -0.2102 -0.9720 0.1046
vn -0.2985 -0.5466 0.7824
vn -0.4748 -0.6310 0.6135
vn -0.2928 -0.5610 0.7743
vn 0.0281 -0.9903 0.1362
vn 0.2817 -0.9577 -0.0591
vn 0.2214 -0.9750 -0.0172
vn 0.1251 -0.9921 0.0007
vn 0.3322 -0.9277 -0.1706
vn 0.0615 -0.9916 0.1140
vn 0.0918 -0.9940 0.0589
vn 0.0795 -0.9890 0.1251
vn 0.0945 -0.9803 0.1733
vn 0.0263 -0.9969 0.0735
vn 0.0425 -0.9985 -0.0339
vn 0.2192 -0.9673 -0.1278
vn 0.0418 -0.9983 0.0397
vn -0.0510 -0.9977 0.0442
vn -0.0533 -0.9986 -0.0043
vn -0.0548 -0.9972 0.0516
vn -0.1246 -0.9921 0.0146
vn -0.0057 -1.0000 -0.0003
vn -0.1463 -0.9863 0.0761
vn 0.0787 -0.9928 -0.0899
vn -0.1072 -0.9826 0.1519
vn -0.2311 -0.9635 0.1351
vn -0.0051 -0.9993 -0.0372
vn -0.0731 -0.9958 -0.0558
vn -0.0445 -0.9981 0.0432
vn 0.0379 -0.9978 0.0549
vn 0.0419 -0.9928 -0.1121
vn -0.0175 -0.9998 -0.0030
vn -0.0316 -0.9983 -0.0499
vn -0.2298 -0.9519 0.2025
vn -0.0180 -0.9974 -0.0697
vn -0.0367 -0.9971 -0.0669
vn -0.0029 -0.9984 -0.0570
vn 0.0709 -0.9970 -0.0317
vn -0.0390 -0.9987 -0.0324
vn 0.0508 -0.9859 -0.1596
vn 0.0080 -0.9956 -0.0930
vn -0.2545 -0.9025 0.3475
vn 0.0328 -0.9463 0.3215
vn 0.1036 -0.9898 -0.0978
vn -0.1155 -0.9838 0.1368
vn -0.2543 -0.7704 0.5847
vn -0.1009 -0.9571 0.2716
vn -0.2396 -0.5773 0.7806
vn -0.0138 -0.9983 -0.0562
vn -0.4116 -0.5863 0.6978
vn -0.0221 -0.9957 0.0898
vn -0.3353 -0.9327 0.1331
vn -0.2014 -0.9407 0.2730
vn 0.0257 -0.9877 -0.1545
vn 0.0713 -0.9891 -0.1285
vn -0.0185 -0.9895 -0.1437
vn 0.0062 -0.9755 -0.2200
vn 0.0743 -0.9899 -0.1204
vn 0.0948 -0.9883 -0.1197
vn -0.0189 -0.9911 -0.1318
vn 0.0198 -0.9785 -0.2053
vn -0.1269 -0.9914 -0.0318
vn -0.2011 -0.9795 0.0107
vn -0.1651 -0.9835 -0.0738
vn -0.2328 -0.6560 0.7180
vn -0.2270 -0.6233 0.7483
vn -0.1672 -0.6250 0.7625
vn -0.2593 -0.6376 0.7254
vn -0.2993 -0.8659 0.4009
vn -0.4132 -0.8744 0.2545
vn -0.0795 -0.9228 0.3771
vn -0.2150 -0.6225 0.7525
vn -0.1912 -0.6545 0.7315
vn -0.1879 -0.6431 0.7424
vn -0.2371 -0.6201 0.7479
vn -0.2003 -0.7483 0.6324
vn -0.2464 -0.8932 0.3761
vn -0.1670 -0.9108 0.3775
vn -0.3063 -0.6599 0.6861
vn -0.2674 -0.7909 0.5505
vn -0.2270 -0.5925 0.7729
vn -0.1698 -0.7080 0.6855
vn -0.0052 -0.9915 -0.1304
vn -0.2785 -0.8325 0.4790
vn -0.0806 -0.9967 0.0126
vn -0.2877 -0.9440 0.1615
vn 0.0747 -0.9904 -0.1161
vn -0.2050 -0.6128 0.7632
vn -0.1559 -0.9798 0.1255
vn -0.2015 -0.9780 0.0540
vn -0.1060 -0.9896 0.0969
vn -0.2301 -0.6514 0.7230
vn -0.4543 -0.8887 -0.0623
vn -0.5966 -0.6949 -0.4015
vn -0.2927 -0.9414 -0.1677
vn -0.2731 -0.3730 0.8867
vn -0.2125 -0.7099 0.6715
vn -0.1482 -0.6258 0.7658
vn -0.0629 -0.8647 0.4983
vn -0.2085 -0.7149 0.6674
vn -0.4015 -0.6071 0.6857
vn 0.0871 -0.9704 0.2252
vn 0.0208 -0.9427 0.3330
vn 0.0937 -0.9954 0.0195
vn -0.0711 -0.9920 0.1040
vn 0.1377 -0.9817 -0.1312
vn 0.1665 -0.9736 -0.1559
vn -0.2564 -0.7659 0.5895
vn -0.3480 -0.9359 -0.0553
vn -0.2130 -0.9758 0.0498
vn -0.3634 -0.9252 0.1097
vn -0.0572 -0.9964 -0.0619
vn 0.1468 0.3434 -0.9276
vn 0.2123 0.3304 -0.9196
vn 0.1775 0.3148 -0.9324
vn 0.1469 0.3303 -0.9324
vn 0.1248 0.3243 -0.9377
vn 0.1392 0.3469 -0.9275
vn 0.1958 0.2925 -0.9360
vn 0.1564 0.2680 -0.9506
vn 0.2344 0.2431 -0.9412
vn 0.1033 0.3229 -0.9408
vn 0.1764 0.4054 -0.8970
vn 0.2550 -0.0610 -0.9650
vn 0.6449 -0.3695 -0.6691
vn 0.3986 -0.5601 -0.7263
vn 0.4589 0.0468 -0.8873
vn 0.5376 -0.1575 -0.8284
vn 0.1449 0.3367 -0.9304
vn 0.0814 0.3610 -0.9290
vn 0.1410 0.2339 -0.9620
vn 0.1054 0.3826 -0.9179
vn 0.1315 0.0205 -0.9911
vn 0.6531 -0.2269 -0.7225
vn 0.7745 -0.4514 -0.4432
vn 0.1252 0.3747 -0.9187
vn 0.2377 0.2840 -0.9289
vn -0.0992 -0.5691 -0.8163
vn 0.4730 -0.5639 -0.6770
vn 0.9224 -0.1841 -0.3395
vn 0.2062 0.3117 -0.9275
vn 0.8449 -0.2538 -0.4708
vn 0.6162 -0.2526 -0.7460
vn 0.1735 -0.5016 -0.8475
vn 0.1407 0.3153 -0.9385
vn 0.2079 -0.7524 -0.6250
vn 0.4101 -0.8137 -0.4119
vn 0.4436 -0.8142 -0.3746
vn 0.2272 -0.4229 -0.8772
vn 0.2019 -0.0978 -0.9745
vn 0.2073 -0.7342 -0.6465
vn 0.1678 0.3242 -0.9310
vn 0.1397 0.1559 -0.9778
vn 0.1589 0.0725 -0.9846
vn 0.1615 -0.6308 -0.7590
vn 0.0754 -0.4694 -0.8798
vn 0.1380 -0.8044 -0.5778
vn 0.1378 0.3867 -0.9118
vn 0.1698 0.3409 -0.9246
vn 0.1701 0.2317 -0.9578
vn 0.0580 -0.7331 -0.6777
vn 0.0567 -0.7387 -0.6716
vn 0.1563 -0.3650 -0.9178
vn -0.0030 -0.9934 0.1144
vn 0.0075 -0.9720 0.2347
vn 0.0032 -0.9788 0.2047
vn 0.1703 -0.9854 -0.0083
vn 0.0094 -0.9976 -0.0686
vn -0.0838 -0.9906 0.1081
vn 0.1768 -0.9613 0.2114
vn -0.0145 -0.9857 0.1681
vn 0.1309 -0.9687 -0.2108
vn -0.0687 -0.9976 -0.0121
vn 0.1003 -0.9675 0.2322
vn 0.0116 -0.9931 0.1166
vn 0.2791 -0.8535 -0.4400
vn -0.0246 -0.9995 -0.0219
vn 0.1014 -0.9907 0.0908
vn 0.0981 -0.9951 0.0127
vn 0.2198 -0.7661 -0.6040
vn -0.0729 -0.9973 0.0132
vn 0.0495 -0.9984 0.0254
vn -0.0107 -0.6483 -0.7613
vn 0.0403 -0.6242 -0.7803
vn -0.0699 -0.8409 -0.5367
vn -0.0154 -0.9995 0.0287
vn -0.0978 -0.9951 0.0104
vn 0.0417 -0.9496 -0.3108
vn 0.0286 -0.8113 -0.5839
vn -0.0187 -0.9859 0.1663
vn 0.0371 -0.9987 0.0359
vn 0.1873 -0.9620 0.1988
vn 0.0286 -0.9787 0.2032
vn -0.1321 -0.9907 -0.0309
vn 0.0947 -0.9943 0.0492
vn 0.3079 -0.8507 -0.4261
vn -0.0533 -0.9197 0.3890
vn 0.1438 -0.9858 -0.0869
vn -0.0274 -0.9981 0.0546
vn -0.0756 -0.9901 0.1184
vn -0.0345 -0.9952 0.0910
vn 0.1186 -0.9412 -0.3164
vn -0.0359 -0.9960 0.0815
vn -0.0226 -0.9892 0.1451
vn 0.1644 -0.9822 0.0908
vn 0.1943 -0.9791 0.0596
vn -0.0921 -0.9927 0.0775
vn -0.1156 -0.9894 0.0877
vn 0.0407 -0.9577 -0.2850
vn 0.0422 -0.9919 0.1197
vn -0.0800 -0.9406 -0.3301
vn 0.0786 -0.9946 0.0680
vn 0.0923 -0.9802 0.1752
vn -0.0151 -0.7682 -0.6400
vn 0.1023 -0.9901 -0.0962
vn 0.0259 -0.9945 0.1018
vn 0.0738 -0.9957 0.0565
vn -0.0163 -0.9801 0.1977
vn 0.0863 -0.9865 0.1389
vn -0.0333 -0.9979 0.0562
vn -0.0717 -0.9974 0.0052
vn -0.0709 -0.9935 0.0887
vn -0.1069 -0.9894 0.0987
vn -0.0606 -0.9900 0.1272
vn -0.0368 -0.9822 0.1840
vn 0.0300 -0.9915 0.1264
vn 0.0016 -0.9915 0.1302
vn -0.1539 -0.9880 0.0096
vn -0.0529 -0.9951 0.0830
vn 0.0364 -0.9933 0.1100
vn 0.0855 -0.9784 0.1884
vn -0.0011 -0.9290 0.3700
vn 0.0447 -0.9597 0.2773
vn 0.0425 -0.9937 0.1038
vn 0.0617 -0.9976 0.0302
vn 0.0328 -0.9926 0.1172
vn -0.0197 -0.9922 0.1228
vn 0.1728 -0.9814 0.0841
vn 0.2122 -0.9623 0.1703
vn 0.0668 -0.9904 0.1207
vn 0.1233 -0.9816 0.1455
vn 0.0114 -0.9957 0.0923
vn -0.0413 -0.9962 0.0773
vn 0.0262 -0.9698 0.2424
vn 0.2489 -0.9675 0.0434
vn 0.0550 -0.9869 0.1514
vn 0.0256 -0.9793 0.2006
vn -0.0069 -0.9939 0.1101
vn 0.0349 -0.9986 0.0385
vn 0.0787 -0.9905 0.1129
vn 0.0638 -0.9924 0.1053
vn -0.0560 -0.9470 0.3163
vn 0.0451 -0.9843 0.1707
vn 0.0734 -0.9732 0.2179
vn 0.1568 -0.9709 0.1809
vn -0.5033 0.3294 0.7989
vn -0.3109 -0.5299 0.7890
vn -0.1788 -0.1729 0.9686
vn -0.3710 -0.6000 0.7088
vn -0.2769 -0.1641 0.9468
vn -0.0560 0.6194 0.7830
vn -0.1420 0.1984 0.9698
vn -0.3761 -0.6060 0.7009
vn -0.1789 0.1401 0.9738
vn 0.0240 0.2958 0.9549
vn -0.1028 0.5435 0.8331
vn -0.0836 0.5465 0.8332
vn -0.0515 0.5759 0.8159
vn -0.4309 0.2104 0.8775
vn -0.0428 0.4938 0.8685
vn -0.0606 0.5687 0.8203
vn -0.2572 -0.6549 0.7106
vn -0.0458 0.5577 0.8288
vn -0.0961 0.5551 0.8262
vn -0.0812 0.5346 0.8412
vn -0.0363 0.5581 0.8290
vn -0.1493 0.5167 0.8430
vn -0.0637 0.5853 0.8083
vn -0.1224 0.5643 0.8164
vn -0.0899 0.5516 0.8293
vn -0.2796 -0.4921 0.8244
vn -0.2296 -0.1337 0.9641
vn -0.1758 0.2220 0.9591
vn -0.2017 -0.6357 0.7451
vn -0.2205 -0.6496 0.7276
vn -0.2712 -0.1055 0.9567
vn -0.1611 -0.3002 0.9402
vn -0.2103 -0.5268 0.8236
vn -0.0681 -0.2244 0.9721
vn -0.0421 0.4436 0.8953
vn -0.1772 0.2926 0.9397
vn -0.0538 0.5770 0.8150
vn -0.0597 0.5848 0.8090
vn -0.0361 0.5743 0.8178
vn -0.1935 -0.3011 0.9337
vn -0.2962 -0.6045 0.7395
vn -0.0022 0.3551 0.9348
vn -0.2483 0.1091 0.9625
vn -0.1909 -0.0443 0.9806
vn 0.1970 0.0599 0.9786
vn -0.0208 0.5756 0.8174
vn -0.0540 0.5745 0.8167
vn 0.1146 -0.2447 -0.9628
vn 0.0422 -0.4917 -0.8697
vn -0.6445 0.6310 -0.4318
vn -0.7716 -0.1160 -0.6254
vn -0.8250 0.2242 -0.5187
vn -0.4824 0.7416 -0.4663
vn -0.6987 -0.6005 0.3890
vn -0.4343 -0.5030 0.7473
vn -0.5515 0.7332 -0.3978
vn -0.0573 0.9507 -0.3048
vn -0.7838 -0.0988 -0.6131
vn -0.8135 -0.0563 -0.5788
vn -0.7464 -0.1107 -0.6562
vn -0.7725 -0.0807 -0.6298
vn -0.8209 -0.4066 -0.4011
vn -0.6771 0.2566 -0.6897
vn -0.2499 0.9450 -0.2109
vn -0.9158 -0.4009 -0.0244
vn -0.8860 0.3345 -0.3210
vn -0.7982 -0.2248 -0.5589
vn -0.7669 -0.2150 -0.6046
vn -0.7955 -0.0502 -0.6039
vn -0.7755 -0.1077 -0.6221
vn -0.7868 -0.2668 -0.5566
vn -0.9237 0.3685 -0.1051
vn -0.8835 0.0470 -0.4661
vn -0.6968 -0.1319 -0.7050
vn -0.9430 0.3290 0.0499
vn -0.7711 -0.0274 -0.6361
vn -0.7850 -0.1884 -0.5901
vn -0.8512 -0.2988 -0.4314
vn -0.7189 -0.5219 0.4591
vn -0.8641 -0.1978 -0.4629
vn -0.8544 -0.0759 -0.5140
vn -0.9525 -0.2031 -0.2270
vn -0.7884 -0.0490 -0.6131
vn 0.0549 0.4792 0.8760
vn -0.0113 0.3911 0.9203
vn 0.1768 0.0184 0.9841
vn -0.1969 -0.3049 0.9318
vn -0.1826 0.1639 0.9694
vn -0.3533 -0.3684 0.8599
vn -0.1941 0.3411 0.9198
vn -0.3322 -0.1382 0.9330
vn 0.2658 0.1726 0.9484
vn 0.0774 0.2527 0.9644
vn 0.5967 -0.1803 0.7819
vn -0.0949 0.6034 0.7917
vn 0.1410 0.1019 0.9847
vn 0.0613 -0.0138 0.9980
vn 0.1951 0.2263 0.9543
vn 0.5506 -0.0880 0.8301
vn 0.4061 -0.0593 0.9119
vn 0.4351 -0.5854 0.6841
vn -0.0019 0.4641 0.8858
vn 0.2610 0.3020 0.9169
vn 0.1509 -0.4846 0.8616
vn -0.2427 0.0542 0.9686
vn 0.5493 -0.1593 0.8203
vt 0.942958 0.650689
vt 0.938018 0.658297
vt 0.923149 0.650214
vt 0.818837 0.659951
vt 0.836428 0.661974
vt 0.815875 0.670098
vt 0.816739 0.636993
vt 0.830779 0.632672
vt 0.923216 0.633150
vt 0.877126 0.688399
vt 0.874085 0.680076
vt 0.892337 0.684631
vt 0.930273 0.627984
vt 0.914057 0.656098
vt 0.903510 0.646119
vt 0.906901 0.623255
vt 0.896966 0.625907
vt 0.919217 0.608844
vt 0.888379 0.653669
vt 0.900411 0.682031
vt 0.862366 0.703930
vt 0.855241 0.684900
vt 0.842174 0.703352
vt 0.856999 0.715347
vt 0.885357 0.635433
vt 0.848853 0.633316
vt 0.870365 0.634731
vt 0.843270 0.634020
vt 0.837752 0.688869
vt 0.832333 0.704653
vt 0.822206 0.694124
vt 0.846916 0.659382
vt 0.848323 0.696832
vt 0.908796 0.611147
vt 0.846840 0.720749
vt 0.817008 0.714233
vt 0.818988 0.620523
vt 0.812755 0.607309
vt 0.832155 0.598438
vt 0.866930 0.651753
vt 0.802535 0.705389
vt 0.835838 0.731668
vt 0.809113 0.629881
vt 0.828111 0.739045
vt 0.853445 0.600312
vt 0.836440 0.578358
vt 0.833490 0.611721
vt 0.817800 0.580816
vt 0.848819 0.613707
vt 0.841162 0.613399
vt 0.861932 0.629397
vt 0.908224 0.596753
vt 0.897880 0.587084
vt 0.900324 0.564886
vt 0.814310 0.727451
vt 0.856142 0.580134
vt 0.862302 0.595596
vt 0.875300 0.587589
vt 0.914099 0.580660
vt 0.864459 0.608878
vt 0.890733 0.605414
vt 0.874300 0.620167
vt 0.919180 0.590956
vt 0.948695 0.628174
vt 0.944370 0.634910
vt 0.951483 0.588230
vt 0.937329 0.594514
vt 0.943109 0.578485
vt 0.882536 0.580880
vt 0.924570 0.574059
vt 0.932488 0.582012
vt 0.942066 0.611969
vt 0.931593 0.572391
vt 0.358314 0.554388
vt 0.348760 0.557840
vt 0.356045 0.543015
vt 0.899613 0.700344
vt 0.913378 0.706701
vt 0.908075 0.727437
vt 0.968201 0.780806
vt 0.963466 0.790998
vt 0.942911 0.782996
vt 0.343876 0.599558
vt 0.352912 0.597273
vt 0.353902 0.604885
vt 0.335721 0.596606
vt 0.975488 0.789199
vt 0.324152 0.568013
vt 0.349622 0.565045
vt 0.338846 0.582515
vt 0.351945 0.578340
vt 0.363862 0.584065
vt 0.962505 0.775027
vt 0.328356 0.540209
vt 0.316037 0.558303
vt 0.300036 0.549399
vt 0.314499 0.548103
vt 0.352213 0.525557
vt 0.372082 0.558009
vt 0.926042 0.740825
vt 0.930719 0.747969
vt 0.922058 0.738288
vt 0.364286 0.565415
vt 0.376692 0.541842
vt 0.914778 0.747607
vt 0.918724 0.722868
vt 0.932053 0.731855
vt 0.931808 0.809703
vt 0.929132 0.816269
vt 0.929354 0.802561
vt 0.945218 0.824321
vt 0.318306 0.531988
vt 0.915458 0.818428
vt 0.912609 0.805856
vt 0.904066 0.808105
vt 0.906615 0.830698
vt 0.905595 0.824728
vt 0.914421 0.825696
vt 0.896865 0.814082
vt 0.306654 0.540731
vt 0.893796 0.826764
vt 0.313792 0.522920
vt 0.876445 0.842886
vt 0.874723 0.827354
vt 0.882515 0.837391
vt 0.881053 0.826892
vt 0.881951 0.812951
vt 0.862450 0.838691
vt 0.858795 0.826741
vt 0.872369 0.837034
vt 0.292901 0.532452
vt 0.804329 0.736249
vt 0.292798 0.542595
vt 0.945139 0.733057
vt 0.947770 0.748490
vt 0.872753 0.818166
vt 0.877304 0.817784
vt 0.938822 0.722505
vt 0.856409 0.733560
vt 0.847939 0.836451
vt 0.857099 0.854998
vt 0.845886 0.853452
vt 0.308167 0.559198
vt 0.944602 0.764244
vt 0.937542 0.811620
vt 0.941403 0.800072
vt 0.814272 0.745071
vt 0.931855 0.699919
vt 0.922362 0.696673
vt 0.933988 0.690024
vt 0.957845 0.765155
vt 0.284722 0.529762
vt 0.329447 0.578972
vt 0.328801 0.587666
vt 0.315560 0.575027
vt 0.932306 0.713335
vt 0.925165 0.681858
vt 0.933267 0.787151
vt 0.824184 0.770412
vt 0.835852 0.764123
vt 0.839126 0.780000
vt 0.815481 0.756071
vt 0.827688 0.758021
vt 0.837198 0.751017
vt 0.854675 0.753795
vt 0.849592 0.764236
vt 0.953207 0.775070
vt 0.858259 0.769945
vt 0.841591 0.798651
vt 0.827905 0.792471
vt 0.839443 0.806321
vt 0.826148 0.803588
vt 0.828256 0.812012
vt 0.850721 0.805813
vt 0.854887 0.813368
vt 0.838717 0.815758
vt 0.870379 0.770180
vt 0.852331 0.795293
vt 0.855456 0.781881
vt 0.943153 0.791844
vt 0.868886 0.798921
vt 0.865399 0.808083
vt 0.875476 0.787841
vt 0.875761 0.805726
vt 0.880649 0.799308
vt 0.296354 0.522410
vt 0.874984 0.719386
vt 0.884590 0.720396
vt 0.939679 0.772640
vt 0.874843 0.735986
vt 0.932768 0.777767
vt 0.892445 0.705253
vt 0.901541 0.715738
vt 0.888244 0.740732
vt 0.872796 0.744314
vt 0.896479 0.752406
vt 0.903855 0.744448
vt 0.890249 0.781413
vt 0.893853 0.769088
vt 0.881955 0.795519
vt 0.885019 0.801180
vt 0.901170 0.794046
vt 0.908783 0.797562
vt 0.910378 0.769509
vt 0.904509 0.778831
vt 0.914922 0.771529
vt 0.910861 0.788915
vt 0.922217 0.788733
vt 0.830666 0.827234
vt 0.839051 0.845843
vt 0.372707 0.523568
vt 0.354248 0.508107
vt 0.322845 0.468498
vt 0.335191 0.471038
vt 0.332129 0.485736
vt 0.365689 0.477054
vt 0.379145 0.483743
vt 0.381260 0.489208
vt 0.388213 0.506183
vt 0.390940 0.488793
vt 0.394612 0.495971
vt 0.317407 0.485600
vt 0.326380 0.493357
vt 0.361157 0.502129
vt 0.339876 0.513762
vt 0.316811 0.510201
vt 0.311749 0.498320
vt 0.332995 0.450112
vt 0.344859 0.445197
vt 0.357512 0.462426
vt 0.332648 0.504862
vt 0.301445 0.510626
vt 0.282401 0.519318
vt 0.280717 0.510522
vt 0.279899 0.499763
vt 0.350503 0.487247
vt 0.342415 0.467046
vt 0.948631 0.655449
vt 0.288460 0.496826
vt 0.294510 0.486445
vt 0.936562 0.681858
vt 0.284656 0.482401
vt 0.947423 0.645590
vt 0.278209 0.487892
vt 0.322989 0.420300
vt 0.343027 0.479245
vt 0.302178 0.487739
vt 0.366242 0.429112
vt 0.372781 0.467311
vt 0.353689 0.476105
vt 0.389335 0.467415
vt 0.406025 0.445564
vt 0.309066 0.453330
vt 0.324578 0.463666
vt 0.968546 0.613272
vt 0.962282 0.618617
vt 0.963328 0.603171
vt 0.303740 0.462456
vt 0.316435 0.472640
vt 0.971499 0.603669
vt 0.972757 0.589589
vt 0.314073 0.439172
vt 0.318112 0.427926
vt 0.289477 0.474788
vt 0.311290 0.483617
vt 0.365793 0.488407
vt 0.297829 0.468947
vt 0.951675 0.601872
vt 0.953105 0.620878
vt 0.972685 0.579295
vt 0.714670 0.786485
vt 0.708515 0.788496
vt 0.715723 0.779465
vt 0.701023 0.742738
vt 0.711689 0.750281
vt 0.694871 0.749723
vt 0.614306 0.586765
vt 0.601986 0.565053
vt 0.606071 0.535811
vt 0.679554 0.773847
vt 0.668267 0.771465
vt 0.681954 0.765131
vt 0.696501 0.773141
vt 0.591659 0.618309
vt 0.611668 0.627846
vt 0.593283 0.630866
vt 0.698587 0.760106
vt 0.046458 0.838958
vt 0.036834 0.832528
vt 0.043946 0.831486
vt 0.626907 0.573727
vt 0.630739 0.548698
vt 0.646876 0.571500
vt 0.667546 0.791300
vt 0.037095 0.844195
vt 0.661234 0.756402
vt 0.693581 0.781804
vt 0.674116 0.749618
vt 0.657352 0.789027
vt 0.656184 0.773872
vt 0.629359 0.599261
vt 0.640044 0.607940
vt 0.638974 0.632287
vt 0.582645 0.607717
vt 0.635108 0.578049
vt 0.649381 0.586881
vt 0.671761 0.616607
vt 0.681330 0.616476
vt 0.670003 0.630797
vt 0.680412 0.601144
vt 0.658178 0.571760
vt 0.671801 0.643227
vt 0.663294 0.651540
vt 0.645639 0.622750
vt 0.679568 0.645739
vt 0.573505 0.582824
vt 0.038042 0.810113
vt 0.031904 0.811479
vt 0.037521 0.796999
vt 0.644885 0.775989
vt 0.641913 0.764748
vt 0.573867 0.597928
vt 0.695794 0.731526
vt 0.705905 0.736669
vt 0.689323 0.735820
vt 0.652394 0.804357
vt 0.637823 0.806510
vt 0.647357 0.793936
vt 0.644198 0.784115
vt 0.670689 0.736516
vt 0.712216 0.675812
vt 0.697291 0.672650
vt 0.710736 0.657692
vt 0.655581 0.741114
vt 0.709508 0.685839
vt 0.702995 0.689933
vt 0.684648 0.690352
vt 0.697345 0.637434
vt 0.718870 0.635132
vt 0.684314 0.668858
vt 0.637856 0.778664
vt 0.640734 0.768588
vt 0.033421 0.823017
vt 0.688298 0.793786
vt 0.698633 0.601623
vt 0.028358 0.836740
vt 0.725863 0.618300
vt 0.688003 0.804170
vt 0.644699 0.828831
vt 0.637020 0.820536
vt 0.647537 0.816558
vt 0.028982 0.832764
vt 0.041288 0.823133
vt 0.044096 0.849281
vt 0.052529 0.845204
vt 0.611617 0.655148
vt 0.597598 0.660578
vt 0.675246 0.676460
vt 0.039558 0.780907
vt 0.047501 0.793813
vt 0.046593 0.800338
vt 0.050974 0.786543
vt 0.670039 0.693392
vt 0.662350 0.683334
vt 0.659878 0.693058
vt 0.053135 0.827873
vt 0.059627 0.834314
vt 0.664543 0.665917
vt 0.648212 0.637209
vt 0.049783 0.823856
vt 0.044187 0.817740
vt 0.053590 0.816431
vt 0.022528 0.890545
vt 0.021893 0.872190
vt 0.032405 0.873231
vt 0.637645 0.653192
vt 0.036363 0.854185
vt 0.612860 0.675105
vt 0.026072 0.851760
vt 0.026244 0.862168
vt 0.643048 0.749897
vt 0.645619 0.739979
vt 0.799293 0.725953
vt 0.792719 0.704365
vt 0.723813 0.762487
vt 0.727309 0.770773
vt 0.777312 0.712743
vt 0.784855 0.727807
vt 0.771358 0.722965
vt 0.804068 0.667814
vt 0.798276 0.652718
vt 0.803104 0.647728
vt 0.808179 0.645786
vt 0.735112 0.586053
vt 0.747215 0.590819
vt 0.734071 0.598071
vt 0.734807 0.770107
vt 0.803799 0.618946
vt 0.721022 0.605427
vt 0.738282 0.748652
vt 0.794381 0.625381
vt 0.750066 0.769031
vt 0.744492 0.766964
vt 0.751336 0.753530
vt 0.796553 0.600886
vt 0.798651 0.574937
vt 0.734431 0.607141
vt 0.733522 0.627809
vt 0.747804 0.615911
vt 0.733405 0.642651
vt 0.737343 0.662403
vt 0.761717 0.736209
vt 0.759072 0.720537
vt 0.747323 0.634864
vt 0.727982 0.736111
vt 0.722636 0.741560
vt 0.728884 0.726101
vt 0.772108 0.679690
vt 0.769323 0.673755
vt 0.788504 0.669426
vt 0.781811 0.599546
vt 0.768324 0.586531
vt 0.789213 0.594953
vt 0.785554 0.735375
vt 0.783183 0.679686
vt 0.790961 0.674086
vt 0.780554 0.579732
vt 0.788591 0.579339
vt 0.746603 0.603504
vt 0.757563 0.601815
vt 0.755341 0.618944
vt 0.761267 0.625883
vt 0.779813 0.614454
vt 0.749289 0.650893
vt 0.780201 0.640434
vt 0.791755 0.652233
vt 0.744738 0.685730
vt 0.754365 0.672830
vt 0.753686 0.740469
vt 0.762155 0.758646
vt 0.768592 0.753630
vt 0.772465 0.746467
vt 0.766162 0.656146
vt 0.791867 0.746001
vt 0.725828 0.684281
vt 0.725648 0.666750
vt 0.711655 0.729295
vt 0.742364 0.682295
vt 0.731948 0.729771
vt 0.258321 0.667589
vt 0.276093 0.670936
vt 0.266978 0.681272
vt 0.256164 0.631915
vt 0.240699 0.642656
vt 0.245425 0.618504
vt 0.263827 0.620451
vt 0.270750 0.650677
vt 0.281828 0.713142
vt 0.259552 0.695074
vt 0.290665 0.703004
vt 0.280524 0.690646
vt 0.290368 0.687643
vt 0.132211 0.776118
vt 0.142589 0.799721
vt 0.103155 0.791764
vt 0.680649 0.844018
vt 0.688141 0.836964
vt 0.696813 0.847872
vt 0.298242 0.692742
vt 0.670923 0.841646
vt 0.666192 0.827638
vt 0.269892 0.723220
vt 0.284944 0.721902
vt 0.291529 0.679016
vt 0.288185 0.655519
vt 0.051095 0.769256
vt 0.322807 0.714126
vt 0.326363 0.698470
vt 0.329862 0.710246
vt 0.294646 0.720012
vt 0.296159 0.713404
vt 0.308471 0.716261
vt 0.687350 0.827889
vt 0.657342 0.836318
vt 0.307379 0.698227
vt 0.312815 0.705447
vt 0.282203 0.639019
vt 0.317781 0.695944
vt 0.115542 0.767321
vt 0.091942 0.774649
vt 0.312800 0.689287
vt 0.301474 0.688072
vt 0.098260 0.754707
vt 0.297191 0.646473
vt 0.290077 0.628667
vt 0.109344 0.753286
vt 0.081346 0.754688
vt 0.310203 0.671415
vt 0.299794 0.663639
vt 0.302859 0.656554
vt 0.128100 0.756435
vt 0.306033 0.684601
vt 0.679178 0.820419
vt 0.238804 0.664496
vt 0.254027 0.654381
vt 0.257432 0.721976
vt 0.797490 0.816302
vt 0.814655 0.812087
vt 0.806886 0.821833
vt 0.835103 0.860736
vt 0.800524 0.833550
vt 0.822819 0.817367
vt 0.823416 0.828311
vt 0.835021 0.836886
vt 0.822771 0.842503
vt 0.805059 0.749830
vt 0.810885 0.790678
vt 0.810098 0.866603
vt 0.796971 0.869585
vt 0.777770 0.850331
vt 0.805875 0.761472
vt 0.809278 0.770982
vt 0.780723 0.836831
vt 0.783882 0.832088
vt 0.775613 0.828616
vt 0.742521 0.784448
vt 0.726924 0.791305
vt 0.766882 0.839600
vt 0.759060 0.779475
vt 0.779169 0.806437
vt 0.752612 0.802862
vt 0.731936 0.812384
vt 0.758700 0.791557
vt 0.758543 0.798890
vt 0.753159 0.823807
vt 0.820801 0.864489
vt 0.755157 0.834985
vt 0.742206 0.832155
vt 0.761298 0.817603
vt 0.762405 0.829860
vt 0.746110 0.862555
vt 0.745429 0.850567
vt 0.755953 0.856925
vt 0.204606 0.711124
vt 0.191967 0.717624
vt 0.207432 0.693563
vt 0.765213 0.773193
vt 0.772616 0.864865
vt 0.776741 0.760819
vt 0.213748 0.716408
vt 0.774357 0.782768
vt 0.775997 0.792300
vt 0.786408 0.777354
vt 0.800494 0.792518
vt 0.753469 0.868656
vt 0.794937 0.759634
vt 0.797526 0.772097
vt 0.794186 0.801570
vt 0.175730 0.719744
vt 0.184318 0.685101
vt 0.721257 0.826142
vt 0.141995 0.813404
vt 0.141848 0.835846
vt 0.116794 0.810768
vt 0.236559 0.596184
vt 0.241085 0.607187
vt 0.253240 0.588935
vt 0.257091 0.583255
vt 0.263585 0.591769
vt 0.267115 0.571886
vt 0.565933 0.572649
vt 0.570965 0.558101
vt 0.272913 0.600170
vt 0.274521 0.573459
vt 0.156888 0.848481
vt 0.176773 0.859645
vt 0.164032 0.860249
vt 0.147908 0.786282
vt 0.159224 0.801898
vt 0.183733 0.768932
vt 0.193949 0.767953
vt 0.199203 0.779659
vt 0.248055 0.568922
vt 0.260930 0.557288
vt 0.219061 0.795175
vt 0.214705 0.767336
vt 0.234238 0.772825
vt 0.170638 0.831715
vt 0.164859 0.813918
vt 0.165862 0.765121
vt 0.203490 0.847306
vt 0.204425 0.764480
vt 0.280658 0.590662
vt 0.178440 0.813743
vt 0.207056 0.805043
vt 0.209254 0.814842
vt 0.173761 0.796029
vt 0.244746 0.725163
vt 0.246075 0.717398
vt 0.223420 0.699031
vt 0.229238 0.709628
vt 0.238959 0.680308
vt 0.237473 0.700251
vt 0.200839 0.655549
vt 0.208650 0.666623
vt 0.225412 0.653131
vt 0.698362 0.802130
vt 0.706453 0.795947
vt 0.694266 0.825810
vt 0.720657 0.856777
vt 0.737190 0.858179
vt 0.225945 0.724474
vt 0.707530 0.824579
vt 0.230447 0.635867
vt 0.215828 0.627396
vt 0.703224 0.839876
vt 0.713178 0.843076
vt 0.728651 0.838653
vt 0.707954 0.854515
vt 0.714570 0.849516
vt 0.251807 0.709518
vt 0.716151 0.800298
vt 0.714598 0.812494
vt 0.216216 0.723703
vt 0.715639 0.836615
vt 0.376709 0.640045
vt 0.390382 0.640669
vt 0.391375 0.660038
vt 0.403816 0.646990
vt 0.417563 0.648416
vt 0.409679 0.659460
vt 0.386030 0.617462
vt 0.399365 0.610763
vt 0.393053 0.629224
vt 0.401658 0.661061
vt 0.409774 0.676087
vt 0.384567 0.664609
vt 0.381459 0.656981
vt 0.380002 0.631591
vt 0.400951 0.680141
vt 0.958692 0.838777
vt 0.957634 0.830909
vt 0.965239 0.834805
vt 0.977855 0.825018
vt 0.967662 0.816574
vt 0.393046 0.673995
vt 0.953174 0.849340
vt 0.942396 0.841064
vt 0.950622 0.832851
vt 0.949849 0.812000
vt 0.950384 0.823465
vt 0.961866 0.809240
vt 0.384092 0.609109
vt 0.390596 0.608981
vt 0.409016 0.619721
vt 0.418977 0.618526
vt 0.415385 0.611347
vt 0.429696 0.611702
vt 0.392686 0.599235
vt 0.404887 0.593006
vt 0.406556 0.609224
vt 0.432649 0.619776
vt 0.383058 0.600430
vt 0.439516 0.624665
vt 0.444832 0.615547
vt 0.437980 0.642006
vt 0.423064 0.632874
vt 0.411117 0.604504
vt 0.424380 0.602957
vt 0.417797 0.599801
vt 0.440837 0.611193
vt 0.431398 0.605756
vt 0.435877 0.601990
vt 0.427791 0.595281
vt 0.440535 0.590447
vt 0.442743 0.604944
vt 0.443776 0.599233
vt 0.425224 0.581272
vt 0.456651 0.586896
vt 0.451048 0.569119
vt 0.465837 0.574998
vt 0.401618 0.633251
vt 0.434362 0.558064
vt 0.438976 0.566793
vt 0.423117 0.550430
vt 0.443580 0.552790
vt 0.457165 0.599518
vt 0.448754 0.609293
vt 0.432168 0.669510
vt 0.447569 0.633934
vt 0.450516 0.623306
vt 0.432808 0.584282
vt 0.435554 0.588702
vt 0.864731 0.853316
vt 0.398690 0.581531
vt 0.454505 0.627241
vt 0.417095 0.570470
vt 0.414921 0.572394
vt 0.865237 0.873921
vt 0.051491 0.694850
vt 0.038620 0.671397
vt 0.054347 0.673787
vt 0.445922 0.673942
vt 0.466450 0.655679
vt 0.401112 0.567700
vt 0.904900 0.846094
vt 0.885979 0.861128
vt 0.892413 0.849803
vt 0.898013 0.851568
vt 0.405098 0.563994
vt 0.376714 0.618430
vt 0.368812 0.621913
vt 0.370471 0.612900
vt 0.362900 0.611650
vt 0.361630 0.597957
vt 0.985370 0.808104
vt 0.967815 0.810773
vt 0.873296 0.879681
vt 0.982627 0.797284
vt 0.369193 0.585408
vt 0.382561 0.584381
vt 0.077992 0.694351
vt 0.386238 0.567220
vt 0.397263 0.548723
vt 0.901650 0.833225
vt 0.422016 0.676912
vt 0.909694 0.837521
vt 0.920504 0.848729
vt 0.911633 0.859052
vt 0.468504 0.666289
vt 0.472210 0.678280
vt 0.926490 0.825970
vt 0.932763 0.855700
vt 0.896061 0.871464
vt 0.439311 0.689741
vt 0.463447 0.648403
vt 0.937201 0.849916
vt 0.085113 0.653945
vt 0.069820 0.666271
vt 0.057458 0.643149
vt 0.154097 0.686209
vt 0.162835 0.693655
vt 0.161343 0.704665
vt 0.140835 0.699785
vt 0.166003 0.674253
vt 0.141128 0.709734
vt 0.130307 0.673635
vt 0.138012 0.685915
vt 0.059693 0.616642
vt 0.074711 0.640477
vt 0.088879 0.631358
vt 0.091466 0.647970
vt 0.075348 0.612563
vt 0.050523 0.586250
vt 0.066292 0.584257
vt 0.062088 0.595262
vt 0.047491 0.603000
vt 0.056429 0.572252
vt 0.076774 0.583246
vt 0.084260 0.595991
vt 0.081957 0.567502
vt 0.089178 0.673481
vt 0.126306 0.686614
vt 0.097184 0.673167
vt 0.091315 0.702268
vt 0.159751 0.722369
vt 0.845874 0.865473
vt 0.099282 0.642534
vt 0.842928 0.884279
vt 0.221451 0.624100
vt 0.231685 0.586383
vt 0.096554 0.586451
vt 0.092549 0.606138
vt 0.217575 0.609188
vt 0.108703 0.595170
vt 0.106960 0.643043
vt 0.109380 0.586136
vt 0.203487 0.626275
vt 0.193564 0.633850
vt 0.198584 0.610021
vt 0.185125 0.606044
vt 0.205378 0.583764
vt 0.172202 0.600742
vt 0.178039 0.580880
vt 0.175224 0.626097
vt 0.108291 0.612153
vt 0.104688 0.700019
vt 0.210190 0.644316
vt 0.107851 0.684887
vt 0.120168 0.613590
vt 0.121328 0.657475
vt 0.189294 0.655263
vt 0.181151 0.644720
vt 0.167168 0.655904
vt 0.137844 0.655168
vt 0.165408 0.603529
vt 0.153129 0.591001
vt 0.162559 0.617621
vt 0.147151 0.604260
vt 0.147302 0.631424
vt 0.135850 0.610328
vt 0.136317 0.588075
vt 0.120586 0.589108
vt 0.119775 0.604536
vt 0.217028 0.576643
vt 0.060165 0.546634
vt 0.070426 0.548613
vt 0.069125 0.560384
vt 0.231391 0.563676
vt 0.085121 0.556327
vt 0.061151 0.557550
vt 0.068916 0.537461
vt 0.084642 0.526264
vt 0.082365 0.544049
vt 0.066872 0.487626
vt 0.088754 0.491941
vt 0.208354 0.566724
vt 0.256829 0.801575
vt 0.248056 0.775393
vt 0.095218 0.567194
vt 0.246120 0.509123
vt 0.253108 0.526355
vt 0.246293 0.531642
vt 0.107596 0.573353
vt 0.100845 0.552924
vt 0.240162 0.556540
vt 0.110972 0.567015
vt 0.129545 0.580268
vt 0.191585 0.576129
vt 0.104811 0.525481
vt 0.120202 0.556381
vt 0.121773 0.532303
vt 0.133327 0.539444
vt 0.245067 0.544299
vt 0.258033 0.546725
vt 0.232595 0.544874
vt 0.227939 0.522613
vt 0.223637 0.551768
vt 0.221189 0.525055
vt 0.208361 0.514037
vt 0.218679 0.493199
vt 0.216702 0.532448
vt 0.227912 0.493635
vt 0.210249 0.549527
vt 0.192478 0.512432
vt 0.201768 0.549652
vt 0.148373 0.561232
vt 0.189873 0.550819
vt 0.179572 0.515968
vt 0.175600 0.504532
vt 0.150052 0.577384
vt 0.156046 0.563399
vt 0.182231 0.489305
vt 0.204085 0.498057
vt 0.099436 0.510374
vt 0.164779 0.539330
vt 0.167226 0.528379
vt 0.165079 0.508521
vt 0.174936 0.554560
vt 0.171128 0.563668
vt 0.163839 0.576848
vt 0.153194 0.511067
vt 0.154196 0.499281
vt 0.148303 0.538868
vt 0.112593 0.538323
vt 0.140713 0.508528
vt 0.137589 0.492863
vt 0.123237 0.513856
vt 0.102371 0.484552
vt 0.130434 0.485983
vt 0.112340 0.498719
vt 0.145655 0.528140
vt 0.137614 0.522982
vt 0.112173 0.515125
vt 0.110694 0.481698
vt 0.499333 0.597865
vt 0.488361 0.600912
vt 0.486171 0.590480
vt 0.481414 0.666577
vt 0.508507 0.657724
vt 0.500639 0.671439
vt 0.473129 0.653944
vt 0.502722 0.605210
vt 0.511219 0.595786
vt 0.477928 0.647114
vt 0.485163 0.676360
vt 0.479690 0.686117
vt 0.476559 0.670207
vt 0.518205 0.570225
vt 0.517489 0.587179
vt 0.508722 0.578475
vt 0.520797 0.594620
vt 0.510148 0.640607
vt 0.509563 0.620075
vt 0.514673 0.625128
vt 0.492161 0.690726
vt 0.500147 0.582489
vt 0.035223 0.688001
vt 0.029806 0.667497
vt 0.026799 0.654213
vt 0.033455 0.644379
vt 0.469186 0.615530
vt 0.461448 0.623894
vt 0.496772 0.567699
vt 0.474243 0.585295
vt 0.470921 0.565439
vt 0.485857 0.568752
vt 0.473281 0.633992
vt 0.517711 0.635164
vt 0.473950 0.604354
vt 0.467893 0.599301
vt 0.492478 0.610471
vt 0.482716 0.604967
vt 0.498441 0.616042
vt 0.509489 0.608907
vt 0.514899 0.601465
vt 0.518762 0.614459
vt 0.497415 0.639229
vt 0.048083 0.563850
vt 0.041708 0.579539
vt 0.045597 0.596467
vt 0.035014 0.592632
vt 0.536643 0.581152
vt 0.034412 0.576857
vt 0.026638 0.598587
vt 0.530075 0.603522
vt 0.022294 0.631243
vt 0.044461 0.611742
vt 0.034835 0.617080
vt 0.025320 0.609350
vt 0.528488 0.614570
vt 0.456148 0.561324
vt 0.417082 0.544729
vt 0.485080 0.553559
vt 0.478571 0.538176
vt 0.490551 0.536562
vt 0.464715 0.550777
vt 0.497805 0.551757
vt 0.517287 0.531877
vt 0.513756 0.540311
vt 0.518789 0.520228
vt 0.508440 0.518954
vt 0.480015 0.516474
vt 0.468055 0.542433
vt 0.515196 0.555065
vt 0.422463 0.459582
vt 0.538424 0.572915
vt 0.399121 0.483020
vt 0.536090 0.558426
vt 0.523826 0.542306
vt 0.483947 0.505106
vt 0.506871 0.504244
vt 0.410024 0.505775
vt 0.443318 0.468547
vt 0.409991 0.492688
vt 0.541563 0.566062
vt 0.412700 0.479667
vt 0.422950 0.493150
vt 0.429889 0.521953
vt 0.412746 0.520092
vt 0.428854 0.507370
vt 0.411388 0.527512
vt 0.493449 0.521352
vt 0.444923 0.487761
vt 0.464177 0.452288
vt 0.466623 0.474690
vt 0.040099 0.551072
vt 0.052294 0.552300
vt 0.446787 0.437702
vt 0.487409 0.467456
vt 0.500445 0.463394
vt 0.452138 0.509398
vt 0.462221 0.509698
vt 0.511987 0.477133
vt 0.448946 0.519449
vt 0.437314 0.514525
vt 0.471520 0.516867
vt 0.468560 0.530860
vt 0.468732 0.525202
vt 0.444589 0.531818
vt 0.454673 0.546910
vt 0.530065 0.510091
vt 0.522699 0.494613
vt 0.534392 0.499408
vt 0.444094 0.544046
vt 0.046876 0.488193
vt 0.055922 0.508236
vt 0.530026 0.484711
vt 0.526357 0.523961
vt 0.049448 0.523885
vt 0.042564 0.506541
vt 0.035659 0.538636
vt 0.038655 0.518710
vt 0.446908 0.761749
vt 0.460876 0.771019
vt 0.458251 0.779584
vt 0.931638 0.186249
vt 0.913256 0.220402
vt 0.914946 0.197848
vt 0.465427 0.805327
vt 0.456331 0.810252
vt 0.442504 0.798064
vt 0.455703 0.750280
vt 0.467998 0.772284
vt 0.470580 0.788754
vt 0.936223 0.170655
vt 0.922027 0.154483
vt 0.948623 0.160512
vt 0.452614 0.782845
vt 0.442666 0.808806
vt 0.415869 0.802813
vt 0.413310 0.787670
vt 0.423467 0.789249
vt 0.479503 0.785312
vt 0.461539 0.823210
vt 0.476976 0.805347
vt 0.489975 0.812084
vt 0.474451 0.757641
vt 0.494796 0.776778
vt 0.902741 0.194071
vt 0.905054 0.174707
vt 0.964457 0.207155
vt 0.960943 0.222136
vt 0.942997 0.224098
vt 0.439731 0.100779
vt 0.449173 0.108335
vt 0.420489 0.103616
vt 0.458604 0.092858
vt 0.440958 0.065516
vt 0.466522 0.078923
vt 0.403540 0.085336
vt 0.406454 0.107504
vt 0.397842 0.089476
vt 0.417167 0.079544
vt 0.943070 0.190489
vt 0.403821 0.075730
vt 0.488043 0.761298
vt 0.413425 0.067126
vt 0.490019 0.789157
vt 0.390575 0.100966
vt 0.886216 0.220884
vt 0.882465 0.209027
vt 0.956938 0.234664
vt 0.754484 0.097767
vt 0.729862 0.079904
vt 0.747007 0.078475
vt 0.871772 0.252259
vt 0.868527 0.229646
vt 0.949835 0.199127
vt 0.941439 0.243571
vt 0.917100 0.233480
vt 0.896262 0.242729
vt 0.853492 0.105508
vt 0.868606 0.115149
vt 0.860777 0.113917
vt 0.861266 0.124082
vt 0.856558 0.117834
vt 0.878700 0.208623
vt 0.856068 0.124336
vt 0.886210 0.131464
vt 0.905654 0.136714
vt 0.903408 0.159501
vt 0.868924 0.143715
vt 0.869209 0.162954
vt 0.861305 0.162105
vt 0.894107 0.189329
vt 0.425796 0.051913
vt 0.419858 0.038870
vt 0.438193 0.059472
vt 0.444633 0.058515
vt 0.457332 0.061716
vt 0.450232 0.040347
vt 0.468098 0.057410
vt 0.464037 0.071207
vt 0.872775 0.179862
vt 0.868838 0.187276
vt 0.865595 0.173788
vt 0.416803 0.769035
vt 0.402463 0.795390
vt 0.409640 0.800421
vt 0.466670 0.047422
vt 0.440729 0.048061
vt 0.427825 0.064754
vt 0.437506 0.042049
vt 0.883200 0.201421
vt 0.721807 0.082106
vt 0.732285 0.067852
vt 0.437039 0.037762
vt 0.442697 0.029541
vt 0.742610 0.066625
vt 0.433828 0.056411
vt 0.407371 0.777943
vt 0.406806 0.060940
vt 0.424408 0.749725
vt 0.435364 0.753739
vt 0.427427 0.759643
vt 0.908077 0.155862
vt 0.426907 0.029702
vt 0.423219 0.020408
vt 0.433161 0.026093
vt 0.419860 0.032357
vt 0.880225 0.194316
vt 0.417717 0.758979
vt 0.962088 0.191994
vt 0.437100 0.743337
vt 0.949876 0.178900
vt 0.887753 0.166496
vt 0.551623 0.750211
vt 0.534730 0.732634
vt 0.554655 0.735246
vt 0.959047 0.170848
vt 0.413415 0.041076
vt 0.437644 0.773423
vt 0.410197 0.026674
vt 0.534777 0.759738
vt 0.536609 0.750970
vt 0.525331 0.741305
vt 0.543023 0.779075
vt 0.522771 0.768839
vt 0.535611 0.782442
vt 0.517157 0.746356
vt 0.521761 0.731695
vt 0.533037 0.722722
vt 0.427757 0.736707
vt 0.437318 0.791193
vt 0.532262 0.799884
vt 0.524352 0.788006
vt 0.435609 0.781022
vt 0.514948 0.804539
vt 0.532022 0.815908
vt 0.926959 0.142748
vt 0.512700 0.788991
vt 0.525271 0.837321
vt 0.515605 0.723593
vt 0.912607 0.141057
vt 0.512281 0.735850
vt 0.868327 0.129195
vt 0.498193 0.727313
vt 0.862097 0.141271
vt 0.871454 0.137292
vt 0.877950 0.147711
vt 0.495346 0.736963
vt 0.499244 0.753628
vt 0.496830 0.798003
vt 0.884079 0.121315
vt 0.890373 0.127508
vt 0.502180 0.826843
vt 0.489361 0.741639
vt 0.489163 0.725753
vt 0.478935 0.728479
vt 0.469695 0.737752
vt 0.900521 0.129981
vt 0.913398 0.129937
vt 0.447865 0.738053
vt 0.941009 0.143267
vt 0.834759 0.195192
vt 0.849535 0.203454
vt 0.834202 0.223973
vt 0.849924 0.221647
vt 0.846597 0.240719
vt 0.816393 0.256419
vt 0.801801 0.251621
vt 0.770523 0.064934
vt 0.773726 0.081955
vt 0.815716 0.093531
vt 0.832440 0.094127
vt 0.826800 0.100965
vt 0.841907 0.103888
vt 0.557902 0.718495
vt 0.854924 0.134079
vt 0.770364 0.125583
vt 0.757755 0.137668
vt 0.735189 0.134530
vt 0.734209 0.108036
vt 0.753710 0.113561
vt 0.811071 0.108030
vt 0.811906 0.124579
vt 0.803742 0.118689
vt 0.807922 0.133430
vt 0.804500 0.229257
vt 0.729250 0.122437
vt 0.769744 0.144906
vt 0.777478 0.123004
vt 0.771296 0.094448
vt 0.776487 0.107766
vt 0.745845 0.147312
vt 0.774160 0.141244
vt 0.825932 0.156796
vt 0.797533 0.172523
vt 0.804124 0.148530
vt 0.810337 0.181035
vt 0.768421 0.254187
vt 0.774124 0.232831
vt 0.818485 0.213879
vt 0.750799 0.180050
vt 0.766706 0.170638
vt 0.760273 0.185771
vt 0.759547 0.159781
vt 0.725429 0.157917
vt 0.782357 0.210849
vt 0.798946 0.206140
vt 0.788987 0.195733
vt 0.789756 0.182008
vt 0.823501 0.121102
vt 0.824207 0.132502
vt 0.837497 0.114498
vt 0.844512 0.120586
vt 0.848973 0.129161
vt 0.856797 0.128497
vt 0.462648 0.111941
vt 0.542733 0.062222
vt 0.552916 0.060331
vt 0.553424 0.069073
vt 0.479653 0.103778
vt 0.055408 0.129312
vt 0.060534 0.109076
vt 0.068653 0.134479
vt 0.076198 0.111199
vt 0.070532 0.099447
vt 0.498792 0.100305
vt 0.499856 0.117355
vt 0.543263 0.115048
vt 0.521779 0.139071
vt 0.510222 0.122438
vt 0.515910 0.108945
vt 0.438924 0.858391
vt 0.444884 0.873990
vt 0.427918 0.856112
vt 0.566031 0.056174
vt 0.567243 0.068535
vt 0.482287 0.123929
vt 0.499179 0.082086
vt 0.529687 0.048290
vt 0.521817 0.063488
vt 0.516014 0.054324
vt 0.533133 0.042915
vt 0.566336 0.044652
vt 0.556680 0.037059
vt 0.088912 0.111844
vt 0.107921 0.113403
vt 0.078583 0.132999
vt 0.106477 0.132695
vt 0.159665 0.126054
vt 0.147171 0.141094
vt 0.140841 0.129556
vt 0.506060 0.084109
vt 0.510981 0.079122
vt 0.507100 0.088568
vt 0.573071 0.031984
vt 0.463659 0.880858
vt 0.457979 0.885980
vt 0.455282 0.860822
vt 0.121772 0.126768
vt 0.113352 0.150757
vt 0.116518 0.115671
vt 0.118076 0.147447
vt 0.138761 0.114154
vt 0.165826 0.118520
vt 0.510697 0.073572
vt 0.137903 0.144672
vt 0.145198 0.154316
vt 0.160169 0.146106
vt 0.150219 0.160807
vt 0.174781 0.136742
vt 0.526564 0.039923
vt 0.545140 0.094378
vt 0.530977 0.085690
vt 0.548683 0.082471
vt 0.493270 0.074171
vt 0.507988 0.069313
vt 0.526564 0.095980
vt 0.481354 0.062754
vt 0.495180 0.055993
vt 0.495497 0.065247
vt 0.505542 0.058141
vt 0.503674 0.051139
vt 0.567049 0.883284
vt 0.560557 0.861779
vt 0.572668 0.870920
vt 0.510217 0.052402
vt 0.489061 0.045348
vt 0.549058 0.898139
vt 0.547885 0.889683
vt 0.527640 0.074050
vt 0.529291 0.061447
vt 0.552269 0.854285
vt 0.550517 0.864312
vt 0.544437 0.879932
vt 0.539429 0.858698
vt 0.531397 0.877438
vt 0.529854 0.867693
vt 0.544519 0.847630
vt 0.522373 0.872615
vt 0.538411 0.102199
vt 0.531715 0.843872
vt 0.537933 0.835633
vt 0.523672 0.846568
vt 0.509216 0.841258
vt 0.517064 0.854047
vt 0.551519 0.840477
vt 0.413489 0.815825
vt 0.512223 0.863479
vt 0.514963 0.878344
vt 0.491203 0.864372
vt 0.501367 0.881799
vt 0.500541 0.873557
vt 0.080778 0.091049
vt 0.554217 0.088300
vt 0.553494 0.105171
vt 0.536579 0.891218
vt 0.176550 0.074556
vt 0.197188 0.044918
vt 0.196377 0.070770
vt 0.172435 0.025033
vt 0.195534 0.028865
vt 0.565429 0.091933
vt 0.562656 0.095639
vt 0.175544 0.019002
vt 0.183295 0.021850
vt 0.529534 0.887260
vt 0.159156 0.051551
vt 0.516514 0.887404
vt 0.520167 0.040120
vt 0.162119 0.017150
vt 0.146729 0.045496
vt 0.421355 0.837332
vt 0.415849 0.828603
vt 0.148812 0.081335
vt 0.145718 0.060518
vt 0.512456 0.043491
vt 0.502254 0.043135
vt 0.165501 0.098060
vt 0.134625 0.103752
vt 0.487061 0.842543
vt 0.481737 0.836837
vt 0.488290 0.852713
vt 0.482429 0.866037
vt 0.474569 0.859935
vt 0.458068 0.854312
vt 0.146764 0.022000
vt 0.462455 0.842065
vt 0.500848 0.889713
vt 0.481660 0.883991
vt 0.126421 0.047732
vt 0.482032 0.875551
vt 0.112826 0.064966
vt 0.131265 0.021528
vt 0.104747 0.031586
vt 0.106257 0.044828
vt 0.094925 0.040475
vt 0.127326 0.079350
vt 0.090451 0.052383
vt 0.117124 0.098219
vt 0.097251 0.076195
vt 0.564524 0.081586
vt 0.085207 0.079133
vt 0.085204 0.089848
vt 0.440965 0.839641
vt 0.433516 0.831577
vt 0.447212 0.845102
vt 0.426741 0.843779
vt 0.429784 0.849362
vt 0.931544 0.348462
vt 0.946935 0.364724
vt 0.932029 0.368594
vt 0.941747 0.376071
vt 0.938492 0.322709
vt 0.948447 0.340911
vt 0.909651 0.341376
vt 0.905591 0.359669
vt 0.438108 0.158092
vt 0.408691 0.143210
vt 0.417389 0.131694
vt 0.406167 0.185972
vt 0.388980 0.186735
vt 0.401268 0.172925
vt 0.948590 0.309937
vt 0.939260 0.301798
vt 0.453928 0.159067
vt 0.438609 0.148892
vt 0.452689 0.130389
vt 0.375322 0.201983
vt 0.371301 0.189396
vt 0.395800 0.224931
vt 0.409914 0.233855
vt 0.376823 0.257777
vt 0.916148 0.318931
vt 0.382758 0.271889
vt 0.365369 0.223377
vt 0.389104 0.216293
vt 0.424671 0.209271
vt 0.413865 0.217048
vt 0.424503 0.189660
vt 0.427178 0.225667
vt 0.379811 0.243839
vt 0.398428 0.206555
vt 0.408103 0.203248
vt 0.414296 0.189216
vt 0.443341 0.195610
vt 0.775373 0.269858
vt 0.890372 0.357771
vt 0.805192 0.268844
vt 0.821937 0.273080
vt 0.829228 0.253434
vt 0.433682 0.127750
vt 0.900416 0.310789
vt 0.803481 0.326425
vt 0.792178 0.302283
vt 0.803072 0.308544
vt 0.421391 0.173166
vt 0.424533 0.160810
vt 0.438970 0.172010
vt 0.344696 0.247637
vt 0.357307 0.240546
vt 0.808671 0.284535
vt 0.809832 0.304417
vt 0.818218 0.296822
vt 0.818509 0.320035
vt 0.825223 0.311791
vt 0.810415 0.320606
vt 0.834556 0.284769
vt 0.836158 0.303063
vt 0.828175 0.318990
vt 0.366678 0.177790
vt 0.376446 0.171344
vt 0.354066 0.228018
vt 0.342688 0.238084
vt 0.343388 0.229146
vt 0.830068 0.274182
vt 0.857489 0.262057
vt 0.333403 0.233974
vt 0.338688 0.216205
vt 0.863011 0.277806
vt 0.849527 0.300466
vt 0.846645 0.313998
vt 0.859006 0.307718
vt 0.888067 0.303868
vt 0.883277 0.335909
vt 0.350428 0.218669
vt 0.332639 0.249832
vt 0.318083 0.216915
vt 0.810483 0.350659
vt 0.797618 0.359553
vt 0.790948 0.346705
vt 0.313794 0.233876
vt 0.798282 0.383766
vt 0.798609 0.368264
vt 0.811839 0.379993
vt 0.812417 0.367157
vt 0.823872 0.345122
vt 0.827533 0.328573
vt 0.852472 0.334106
vt 0.837714 0.363643
vt 0.821304 0.381511
vt 0.831720 0.375173
vt 0.842411 0.351501
vt 0.359140 0.209386
vt 0.359106 0.218599
vt 0.949910 0.381097
vt 0.800840 0.409862
vt 0.799074 0.401757
vt 0.812355 0.394374
vt 0.319708 0.259960
vt 0.823054 0.386581
vt 0.410039 0.160555
vt 0.358255 0.194421
vt 0.414994 0.181811
vt 0.370754 0.202549
vt 0.844982 0.388327
vt 0.831646 0.424059
vt 0.830898 0.395018
vt 0.836562 0.385894
vt 0.380538 0.179729
vt 0.856654 0.363376
vt 0.850184 0.375019
vt 0.872227 0.360467
vt 0.863835 0.383284
vt 0.854225 0.402919
vt 0.873319 0.393790
vt 0.895594 0.386844
vt 0.344525 0.199135
vt 0.886386 0.264730
vt 0.900843 0.272355
vt 0.926081 0.385261
vt 0.917475 0.393729
vt 0.354780 0.168153
vt 0.903695 0.401186
vt 0.328667 0.193671
vt 0.903898 0.260329
vt 0.919452 0.250622
vt 0.334469 0.180107
vt 0.421847 0.244640
vt 0.410169 0.262592
vt 0.395810 0.164736
vt 0.902723 0.291144
vt 0.922223 0.278331
vt 0.344636 0.165834
vt 0.947224 0.326401
vt 0.951710 0.262251
vt 0.416952 0.270711
vt 0.426869 0.263035
vt 0.373337 0.124926
vt 0.388793 0.116744
vt 0.358956 0.157223
vt 0.953111 0.298764
vt 0.359269 0.166082
vt 0.385980 0.127635
vt 0.377412 0.127065
vt 0.364760 0.151407
vt 0.387972 0.151651
vt 0.375011 0.153152
vt 0.391510 0.142621
vt 0.372117 0.161960
vt 0.390821 0.157454
vt 0.395414 0.279646
vt 0.393935 0.149948
vt 0.512279 0.143704
vt 0.515128 0.156900
vt 0.504154 0.149931
vt 0.439347 0.226027
vt 0.501595 0.136549
vt 0.511653 0.167329
vt 0.032038 0.282568
vt 0.041500 0.269644
vt 0.035311 0.294095
vt 0.029812 0.261218
vt 0.474839 0.289840
vt 0.501522 0.266212
vt 0.500154 0.288036
vt 0.476672 0.255124
vt 0.454222 0.287357
vt 0.494422 0.222562
vt 0.489483 0.204558
vt 0.496918 0.212163
vt 0.483064 0.214650
vt 0.474244 0.217958
vt 0.475757 0.207529
vt 0.502461 0.244685
vt 0.507860 0.236997
vt 0.508996 0.227462
vt 0.507197 0.253142
vt 0.033817 0.231492
vt 0.036135 0.222333
vt 0.047002 0.249317
vt 0.501213 0.155590
vt 0.518487 0.200327
vt 0.434828 0.252506
vt 0.033983 0.247396
vt 0.037464 0.242939
vt 0.528689 0.153271
vt 0.057799 0.203524
vt 0.047446 0.195489
vt 0.069620 0.141422
vt 0.449539 0.275423
vt 0.429857 0.276177
vt 0.437530 0.270361
vt 0.446523 0.243722
vt 0.531268 0.139519
vt 0.049932 0.135079
vt 0.055988 0.153770
vt 0.043830 0.147941
vt 0.521143 0.161196
vt 0.466079 0.212095
vt 0.455939 0.217819
vt 0.456688 0.241035
vt 0.537821 0.135289
vt 0.461598 0.199751
vt 0.067383 0.161487
vt 0.137328 0.169983
vt 0.127961 0.154181
vt 0.126734 0.185300
vt 0.139621 0.180554
vt 0.153330 0.177774
vt 0.150596 0.186854
vt 0.151177 0.192730
vt 0.154531 0.200160
vt 0.149916 0.213395
vt 0.142386 0.203150
vt 0.475804 0.168544
vt 0.487114 0.168763
vt 0.487493 0.179573
vt 0.062046 0.181374
vt 0.042084 0.163607
vt 0.138786 0.199144
vt 0.487422 0.192819
vt 0.451328 0.180055
vt 0.131080 0.230088
vt 0.133595 0.220243
vt 0.140993 0.190494
vt 0.127373 0.197357
vt 0.464520 0.178845
vt 0.124993 0.212288
vt 0.112193 0.199654
vt 0.113998 0.227574
vt 0.507073 0.174068
vt 0.103202 0.146162
vt 0.111672 0.166515
vt 0.103573 0.154546
vt 0.110803 0.178982
vt 0.101776 0.159918
vt 0.094372 0.150782
vt 0.088191 0.139498
vt 0.082755 0.163481
vt 0.082003 0.206742
vt 0.100013 0.181226
vt 0.090371 0.211814
vt 0.073545 0.215246
vt 0.094524 0.227078
vt 0.467819 0.154682
vt 0.503412 0.199050
vt 0.139616 0.251937
vt 0.150279 0.236849
vt 0.124140 0.249420
vt 0.484101 0.154041
vt 0.109872 0.264327
vt 0.101221 0.287253
vt 0.510202 0.188114
vt 0.465682 0.164753
vt 0.132649 0.270357
vt 0.116135 0.277643
vt 0.110603 0.286984
vt 0.131943 0.287707
vt 0.119962 0.307221
vt 0.088588 0.303074
vt 0.520706 0.190821
vt 0.045833 0.185635
vt 0.088314 0.259899
vt 0.084756 0.269335
vt 0.088161 0.279969
vt 0.065005 0.256799
vt 0.063701 0.274665
vt 0.079584 0.291516
vt 0.056396 0.282493
vt 0.518393 0.184009
vt 0.471113 0.146155
vt 0.482812 0.145762
vt 0.518261 0.177309
vt 0.495937 0.145365
vt 0.526541 0.179775
vt 0.516954 0.170463
vt 0.527034 0.168874
vt 0.482788 0.136414
vt 0.466765 0.129058
vt 0.465858 0.140937
vt 0.045780 0.173665
vt 0.190248 0.472593
vt 0.175927 0.476860
vt 0.162707 0.461910
vt 0.161571 0.446145
vt 0.076133 0.472903
vt 0.088449 0.463096
vt 0.099640 0.472202
vt 0.071975 0.462413
vt 0.083709 0.454314
vt 0.102556 0.469440
vt 0.172060 0.486745
vt 0.386163 0.862872
vt 0.399248 0.865786
vt 0.385133 0.873408
vt 0.396858 0.875816
vt 0.100568 0.452485
vt 0.088314 0.437547
vt 0.107569 0.446561
vt 0.211718 0.471654
vt 0.068388 0.436943
vt 0.072461 0.453240
vt 0.400132 0.855102
vt 0.202998 0.464659
vt 0.386698 0.847205
vt 0.366890 0.864032
vt 0.243371 0.357069
vt 0.227336 0.352676
vt 0.245564 0.342136
vt 0.091226 0.426955
vt 0.080413 0.427038
vt 0.220417 0.368381
vt 0.212660 0.365187
vt 0.097688 0.419627
vt 0.111722 0.429466
vt 0.112136 0.413717
vt 0.219536 0.332830
vt 0.213332 0.349735
vt 0.204490 0.333154
vt 0.204323 0.366020
vt 0.198347 0.347369
vt 0.197955 0.372031
vt 0.188070 0.338547
vt 0.083709 0.415655
vt 0.106873 0.402200
vt 0.170707 0.329340
vt 0.163644 0.314791
vt 0.160692 0.338872
vt 0.087447 0.399583
vt 0.224174 0.464525
vt 0.102195 0.390706
vt 0.146654 0.299988
vt 0.113031 0.405560
vt 0.111853 0.312081
vt 0.103971 0.322479
vt 0.229477 0.476863
vt 0.117279 0.345298
vt 0.113934 0.382403
vt 0.101601 0.374798
vt 0.114777 0.368038
vt 0.121737 0.384790
vt 0.133321 0.371023
vt 0.122866 0.375206
vt 0.138260 0.380583
vt 0.103075 0.347922
vt 0.120230 0.442902
vt 0.115031 0.462777
vt 0.149498 0.462120
vt 0.137950 0.472019
vt 0.142372 0.451004
vt 0.120140 0.473759
vt 0.129734 0.456579
vt 0.349951 0.853337
vt 0.338178 0.857862
vt 0.346040 0.827249
vt 0.322392 0.826343
vt 0.331256 0.812677
vt 0.149313 0.475611
vt 0.134553 0.431741
vt 0.123126 0.418025
vt 0.303401 0.837927
vt 0.289096 0.808189
vt 0.294018 0.820866
vt 0.306457 0.793826
vt 0.336696 0.805798
vt 0.290297 0.783978
vt 0.236119 0.460563
vt 0.225288 0.444459
vt 0.238671 0.452954
vt 0.151259 0.454921
vt 0.159865 0.467384
vt 0.151577 0.443437
vt 0.272114 0.777829
vt 0.239218 0.489517
vt 0.130142 0.407803
vt 0.138748 0.415340
vt 0.148935 0.431290
vt 0.356255 0.818091
vt 0.225265 0.380406
vt 0.235109 0.398489
vt 0.227612 0.417431
vt 0.198408 0.367053
vt 0.232171 0.424362
vt 0.225008 0.457200
vt 0.215250 0.457475
vt 0.208439 0.407120
vt 0.207123 0.388286
vt 0.217447 0.421258
vt 0.203958 0.423449
vt 0.198440 0.401504
vt 0.205560 0.380163
vt 0.192335 0.388981
vt 0.185739 0.401406
vt 0.195778 0.434941
vt 0.182298 0.386258
vt 0.193454 0.398288
vt 0.181018 0.376031
vt 0.175191 0.401510
vt 0.180354 0.433021
vt 0.174923 0.414627
vt 0.214785 0.434776
vt 0.209221 0.445188
vt 0.153981 0.373517
vt 0.168976 0.362482
vt 0.159104 0.384750
vt 0.167195 0.379920
vt 0.162813 0.404363
vt 0.147085 0.405699
vt 0.149106 0.389127
vt 0.146323 0.351050
vt 0.145275 0.372940
vt 0.138340 0.396772
vt 0.163624 0.430101
vt 0.410912 0.434873
vt 0.384220 0.430534
vt 0.042231 0.431806
vt 0.061063 0.431186
vt 0.048440 0.439006
vt 0.077050 0.431770
vt 0.074750 0.409546
vt 0.070957 0.421352
vt 0.435967 0.387640
vt 0.436810 0.404498
vt 0.418984 0.389566
vt 0.469171 0.343988
vt 0.462743 0.325231
vt 0.474575 0.317066
vt 0.397609 0.411029
vt 0.456681 0.366610
vt 0.432567 0.366008
vt 0.441225 0.347052
vt 0.069623 0.427403
vt 0.065809 0.400162
vt 0.054127 0.404714
vt 0.398304 0.371594
vt 0.423685 0.349461
vt 0.089270 0.330600
vt 0.073781 0.329889
vt 0.076214 0.312881
vt 0.053040 0.420713
vt 0.443655 0.335023
vt 0.439745 0.310101
vt 0.453736 0.315574
vt 0.065473 0.323565
vt 0.057590 0.315007
vt 0.501560 0.313132
vt 0.496341 0.325322
vt 0.501906 0.299530
vt 0.044485 0.316688
vt 0.034141 0.317212
vt 0.035347 0.307290
vt 0.408088 0.341072
vt 0.430909 0.308303
vt 0.513628 0.445759
vt 0.527730 0.458331
vt 0.529509 0.468854
vt 0.483171 0.412516
vt 0.039343 0.454472
vt 0.048085 0.454340
vt 0.041276 0.464450
vt 0.047606 0.448810
vt 0.503580 0.436455
vt 0.497170 0.402848
vt 0.483786 0.387176
vt 0.505824 0.380199
vt 0.039305 0.479998
vt 0.051989 0.479471
vt 0.048484 0.458912
vt 0.047450 0.468916
vt 0.052834 0.464905
vt 0.056176 0.470220
vt 0.056666 0.445936
vt 0.069885 0.476546
vt 0.063613 0.458713
vt 0.100596 0.362803
vt 0.516381 0.420106
vt 0.527647 0.433369
vt 0.510871 0.409562
vt 0.037254 0.403917
vt 0.037983 0.415688
vt 0.088225 0.354704
vt 0.089463 0.343757
vt 0.080794 0.344671
vt 0.082589 0.374364
vt 0.085651 0.388711
vt 0.078601 0.363005
vt 0.070783 0.380718
vt 0.045317 0.399158
vt 0.497079 0.423286
vt 0.063205 0.388370
vt 0.473552 0.366417
vt 0.070332 0.348037
vt 0.462795 0.396376
vt 0.449315 0.417219
vt 0.051887 0.326370
vt 0.061582 0.335820
vt 0.063389 0.347711
vt 0.050722 0.340573
vt 0.056686 0.347888
vt 0.064155 0.364204
vt 0.049219 0.370466
vt 0.057979 0.364495
vt 0.051862 0.392302
vt 0.043041 0.360660
vt 0.038034 0.365107
vt 0.043402 0.373658
vt 0.039430 0.345829
vt 0.038670 0.327434
vt 0.499268 0.368416
vt 0.502571 0.352175
vt 0.034791 0.361519
vt 0.050059 0.395770
vt 0.046099 0.388211
vt 0.501103 0.333084
vt 0.463359 0.703077
vt 0.079154 0.731734
vt 0.083351 0.720866
vt 0.089185 0.724679
vt 0.477875 0.702106
vt 0.073011 0.706447
vt 0.412723 0.689747
vt 0.056391 0.717792
vt 0.068418 0.715960
vt 0.904770 0.895250
vt 0.913258 0.885346
vt 0.916177 0.900585
vt 0.923109 0.905674
vt 0.912754 0.912761
vt 0.877432 0.905153
vt 0.867737 0.906615
vt 0.874405 0.893780
vt 0.424997 0.699039
vt 0.944128 0.871320
vt 0.936316 0.865605
vt 0.946044 0.860095
vt 0.934890 0.873886
vt 0.936386 0.883193
vt 0.844385 0.900917
vt 0.861013 0.897046
vt 0.088278 0.708873
vt 0.767043 0.873086
vt 0.884014 0.896856
vt 0.882454 0.885806
vt 0.774435 0.873686
vt 0.925317 0.889819
vt 0.099171 0.721226
vt 0.448124 0.713417
vt 0.463419 0.713358
vt 0.110153 0.727056
vt 0.789241 0.867754
vt 0.904996 0.879711
vt 0.895308 0.887417
vt 0.172701 0.734199
vt 0.185749 0.727037
vt 0.924788 0.875575
vt 0.911219 0.872238
vt 0.800365 0.876704
vt 0.807190 0.872954
vt 0.159463 0.733668
vt 0.806426 0.884331
vt 0.813212 0.878006
vt 0.150805 0.729352
vt 0.133575 0.720475
vt 0.816371 0.884556
vt 0.830908 0.870097
vt 0.839156 0.876432
vt 0.827609 0.877177
vt 0.827481 0.884865
vt 0.113974 0.720962
vt 0.821645 0.891455
vt 0.833856 0.897260
vt 0.120892 0.724758
vt 0.848776 0.889930
vt 0.889453 0.903063
vt 0.045979 0.723068
vt 0.061534 0.733513
vt 0.862748 0.885801
vt 0.052389 0.733879
vt 0.042395 0.733431
vt 0.036173 0.722306
vt 0.456134 0.724866
vt 0.903084 0.909585
vt 0.894019 0.908144
vt 0.034916 0.704960
vt 0.862254 0.889198
vt 0.232700 0.156334
vt 0.213182 0.174960
vt 0.197357 0.163659
vt 0.181480 0.160794
vt 0.645288 0.904086
vt 0.644093 0.892473
vt 0.651703 0.899271
vt 0.659880 0.903036
vt 0.199616 0.155582
vt 0.217345 0.123412
vt 0.222409 0.138088
vt 0.658140 0.893594
vt 0.669777 0.909167
vt 0.169589 0.161234
vt 0.652206 0.886160
vt 0.638276 0.886781
vt 0.234273 0.188828
vt 0.646493 0.879750
vt 0.635404 0.878316
vt 0.634546 0.895491
vt 0.619995 0.876504
vt 0.198472 0.130322
vt 0.182504 0.120760
vt 0.184547 0.113795
vt 0.193587 0.145763
vt 0.250537 0.199926
vt 0.618525 0.864186
vt 0.640290 0.862049
vt 0.608192 0.857364
vt 0.632931 0.855840
vt 0.597109 0.853169
vt 0.611504 0.844020
vt 0.620578 0.851448
vt 0.603474 0.839006
vt 0.585939 0.120370
vt 0.594941 0.133457
vt 0.581465 0.133142
vt 0.585995 0.103578
vt 0.597389 0.102098
vt 0.583826 0.113183
vt 0.597081 0.118226
vt 0.576892 0.120364
vt 0.575230 0.127197
vt 0.668249 0.918739
vt 0.655818 0.921094
vt 0.657373 0.912226
vt 0.675587 0.923822
vt 0.675035 0.932544
vt 0.661809 0.935744
vt 0.671000 0.943541
vt 0.190509 0.161251
vt 0.603284 0.104253
vt 0.605113 0.127639
vt 0.232670 0.062595
vt 0.209135 0.028432
vt 0.228650 0.072621
vt 0.586244 0.143269
vt 0.580750 0.144557
vt 0.586847 0.157751
vt 0.561695 0.149723
vt 0.583168 0.180718
vt 0.558689 0.159894
vt 0.555378 0.172421
vt 0.593419 0.168091
vt 0.225409 0.031034
vt 0.572260 0.893253
vt 0.579059 0.901697
vt 0.562976 0.899496
vt 0.577898 0.867573
vt 0.586560 0.873304
vt 0.542347 0.188137
vt 0.544252 0.180111
vt 0.557634 0.189389
vt 0.590871 0.888523
vt 0.286179 0.155330
vt 0.607770 0.895749
vt 0.554636 0.221009
vt 0.550367 0.204484
vt 0.563385 0.223266
vt 0.571433 0.192533
vt 0.578321 0.205403
vt 0.563552 0.197378
vt 0.569644 0.212590
vt 0.517721 0.983092
vt 0.501282 0.986850
vt 0.506008 0.980055
vt 0.569929 0.861847
vt 0.266917 0.198800
vt 0.580746 0.859854
vt 0.598523 0.871039
vt 0.293876 0.183144
vt 0.596917 0.876669
vt 0.587635 0.855687
vt 0.578889 0.849221
vt 0.586499 0.843184
vt 0.301033 0.157759
vt 0.625847 0.911457
vt 0.619712 0.908263
vt 0.618741 0.896135
vt 0.303850 0.173155
vt 0.613894 0.881834
vt 0.607759 0.901924
vt 0.264553 0.038049
vt 0.247598 0.044193
vt 0.253376 0.031399
vt 0.608012 0.881751
vt 0.579148 0.105991
vt 0.574818 0.110461
vt 0.562670 0.125744
vt 0.563973 0.117421
vt 0.632896 0.919212
vt 0.652724 0.943850
vt 0.642769 0.934318
vt 0.277839 0.097088
vt 0.287371 0.082703
vt 0.292823 0.091489
vt 0.667520 0.950264
vt 0.666921 0.956912
vt 0.634401 0.940346
vt 0.297738 0.102369
vt 0.558314 0.138479
vt 0.269613 0.071509
vt 0.253758 0.093500
vt 0.550558 0.150105
vt 0.565362 0.134012
vt 0.298485 0.136076
vt 0.264705 0.129887
vt 0.305062 0.123561
vt 0.300667 0.110155
vt 0.541400 0.170025
vt 0.248283 0.108559
vt 0.269279 0.042533
vt 0.267260 0.051165
vt 0.259910 0.052513
vt 0.624915 0.920650
vt 0.247630 0.064095
vt 0.241599 0.080030
vt 0.234032 0.101836
vt 0.236564 0.047444
vt 0.239627 0.060813
vt 0.237240 0.075906
vt 0.251074 0.126786
vt 0.515561 0.966099
vt 0.534444 0.976349
vt 0.536713 0.969142
vt 0.309916 0.163862
vt 0.542228 0.978499
vt 0.299027 0.195626
vt 0.492488 0.967331
vt 0.594190 0.834073
vt 0.695993 0.024238
vt 0.704177 0.034257
vt 0.692819 0.033705
vt 0.711783 0.030433
vt 0.700417 0.022103
vt 0.703037 0.046706
vt 0.713062 0.040146
vt 0.714248 0.028391
vt 0.708136 0.021313
vt 0.608532 0.829560
vt 0.622359 0.831183
vt 0.612843 0.833544
vt 0.595452 0.829107
vt 0.606053 0.822872
vt 0.585090 0.826584
vt 0.682867 0.023885
vt 0.686550 0.038361
vt 0.693231 0.012961
vt 0.687684 0.016489
vt 0.630373 0.841431
vt 0.623201 0.840255
vt 0.627349 0.831233
vt 0.618007 0.824648
vt 0.611554 0.814298
vt 0.669466 0.030346
vt 0.676295 0.020530
vt 0.634747 0.840387
vt 0.599789 0.812425
vt 0.606704 0.809809
vt 0.152312 0.275576
vt 0.212984 0.304109
vt 0.230120 0.314436
vt 0.146625 0.260226
vt 0.227900 0.300689
vt 0.470426 0.974043
vt 0.468732 0.979526
vt 0.160752 0.263707
vt 0.166883 0.244213
vt 0.159677 0.228542
vt 0.173747 0.209780
vt 0.167041 0.215667
vt 0.170961 0.200580
vt 0.200937 0.308538
vt 0.159892 0.179526
vt 0.154238 0.223087
vt 0.164472 0.204878
vt 0.457948 0.952571
vt 0.480771 0.960547
vt 0.160902 0.194450
vt 0.402046 0.873054
vt 0.411915 0.864359
vt 0.414908 0.872872
vt 0.247425 0.326873
vt 0.448690 0.962334
vt 0.438591 0.958622
vt 0.419359 0.947153
vt 0.436976 0.934732
vt 0.170724 0.183551
vt 0.425212 0.896401
vt 0.435408 0.888471
vt 0.418465 0.931012
vt 0.430928 0.916061
vt 0.404320 0.937217
vt 0.395987 0.931631
vt 0.405034 0.921319
vt 0.414766 0.917702
vt 0.182161 0.179368
vt 0.204405 0.271409
vt 0.213173 0.256371
vt 0.226951 0.264383
vt 0.160170 0.293645
vt 0.175652 0.300255
vt 0.205144 0.291150
vt 0.199175 0.278407
vt 0.215404 0.270786
vt 0.366945 0.918924
vt 0.386459 0.892936
vt 0.370123 0.904040
vt 0.399065 0.899823
vt 0.188918 0.315086
vt 0.194818 0.294937
vt 0.182411 0.294678
vt 0.236142 0.275488
vt 0.162058 0.277041
vt 0.186778 0.263915
vt 0.178634 0.274250
vt 0.168482 0.272196
vt 0.174620 0.288014
vt 0.183831 0.234479
vt 0.195449 0.242459
vt 0.251338 0.259206
vt 0.250687 0.281790
vt 0.500967 0.949074
vt 0.174783 0.250378
vt 0.497705 0.939104
vt 0.471912 0.945443
vt 0.480732 0.943669
vt 0.510922 0.945965
vt 0.459446 0.932276
vt 0.478486 0.932275
vt 0.453793 0.916914
vt 0.482088 0.919270
vt 0.442071 0.928950
vt 0.177040 0.231702
vt 0.189308 0.288399
vt 0.507877 0.937339
vt 0.289860 0.205826
vt 0.281712 0.210459
vt 0.274450 0.228323
vt 0.222455 0.234375
vt 0.238423 0.234008
vt 0.201164 0.262727
vt 0.496269 0.928921
vt 0.453718 0.902641
vt 0.255252 0.218353
vt 0.273637 0.242047
vt 0.266879 0.274379
vt 0.244096 0.217206
vt 0.197834 0.197300
vt 0.187451 0.182325
vt 0.185760 0.194789
vt 0.194432 0.218371
vt 0.208668 0.237684
vt 0.189630 0.224135
vt 0.181859 0.217379
vt 0.179228 0.208351
vt 0.260838 0.294989
vt 0.253680 0.321206
vt 0.719428 0.088790
vt 0.694684 0.173472
vt 0.694665 0.154225
vt 0.726095 0.191030
vt 0.713539 0.199933
vt 0.705009 0.101923
vt 0.775066 0.217539
vt 0.688190 0.055587
vt 0.672319 0.048843
vt 0.695934 0.077574
vt 0.675395 0.071711
vt 0.687030 0.069281
vt 0.674026 0.057972
vt 0.700680 0.072560
vt 0.640221 0.057116
vt 0.659229 0.067162
vt 0.622012 0.060799
vt 0.613146 0.085564
vt 0.650330 0.049806
vt 0.642234 0.854028
vt 0.648741 0.865458
vt 0.692946 0.124268
vt 0.617055 0.068338
vt 0.744706 0.193766
vt 0.725574 0.203002
vt 0.728207 0.193993
vt 0.608740 0.224136
vt 0.598467 0.179627
vt 0.624982 0.211876
vt 0.746219 0.203501
vt 0.753634 0.193451
vt 0.751597 0.208462
vt 0.626844 0.053993
vt 0.660279 0.038344
vt 0.706803 0.083595
vt 0.706893 0.088893
vt 0.585747 0.192925
vt 0.644987 0.160201
vt 0.666315 0.189287
vt 0.638496 0.194995
vt 0.624168 0.129522
vt 0.651315 0.141788
vt 0.622652 0.141908
vt 0.615617 0.157548
vt 0.618586 0.102545
vt 0.668596 0.131605
vt 0.619078 0.140547
vt 0.601463 0.153699
vt 0.609624 0.155383
vt 0.614496 0.172260
vt 0.600810 0.167615
vt 0.663627 0.097959
vt 0.693136 0.131317
vt 0.669099 0.215357
vt 0.689626 0.192969
vt 0.723654 0.060788
vt 0.713880 0.219868
vt 0.718592 0.207315
vt 0.776569 0.387377
vt 0.785591 0.380974
vt 0.782582 0.394312
vt 0.791489 0.382494
vt 0.775345 0.417921
vt 0.774947 0.399955
vt 0.784573 0.412922
vt 0.776634 0.362382
vt 0.768413 0.377006
vt 0.774930 0.351409
vt 0.786664 0.322007
vt 0.773212 0.334294
vt 0.778819 0.321763
vt 0.765503 0.329090
vt 0.786543 0.308966
vt 0.779884 0.277927
vt 0.782250 0.300456
vt 0.772608 0.312914
vt 0.586299 0.269730
vt 0.600348 0.311600
vt 0.577973 0.294556
vt 0.571132 0.234527
vt 0.592678 0.246572
vt 0.560408 0.252398
vt 0.764420 0.301800
vt 0.770276 0.282900
vt 0.761898 0.282190
vt 0.738417 0.209974
vt 0.569155 0.277830
vt 0.561659 0.267806
vt 0.568607 0.289015
vt 0.562874 0.297301
vt 0.446720 0.974382
vt 0.454501 0.976714
vt 0.442384 0.977096
vt 0.431969 0.973579
vt 0.424091 0.966741
vt 0.432819 0.963398
vt 0.760510 0.264592
vt 0.632077 0.268449
vt 0.649629 0.309040
vt 0.630124 0.298894
vt 0.734752 0.220092
vt 0.737825 0.226536
vt 0.569242 0.336496
vt 0.600382 0.339924
vt 0.572301 0.345479
vt 0.625570 0.333031
vt 0.602702 0.370574
vt 0.744212 0.229240
vt 0.647350 0.374892
vt 0.631842 0.376440
vt 0.641432 0.359773
vt 0.618816 0.374663
vt 0.574593 0.359570
vt 0.657010 0.276261
vt 0.378669 0.952235
vt 0.375879 0.945492
vt 0.388164 0.945536
vt 0.420739 0.956767
vt 0.572155 0.318423
vt 0.566529 0.321118
vt 0.363261 0.946464
vt 0.387706 0.954863
vt 0.402958 0.956687
vt 0.385080 0.931837
vt 0.374869 0.938641
vt 0.608402 0.286334
vt 0.361383 0.934892
vt 0.367450 0.932574
vt 0.352555 0.914584
vt 0.345942 0.935635
vt 0.640547 0.252435
vt 0.652544 0.250973
vt 0.661780 0.342710
vt 0.681568 0.282721
vt 0.691023 0.260150
vt 0.680032 0.308893
vt 0.683762 0.295911
vt 0.709763 0.237246
vt 0.717642 0.235590
vt 0.729877 0.242623
vt 0.713354 0.246171
vt 0.711568 0.261242
vt 0.679217 0.236861
vt 0.736064 0.239206
vt 0.725726 0.249638
vt 0.719837 0.220527
vt 0.730594 0.253427
vt 0.715582 0.214594
vt 0.754794 0.278643
vt 0.721477 0.208872
vt 0.713873 0.229078
vt 0.712976 0.278564
vt 0.695266 0.273896
vt 0.714727 0.291572
vt 0.703434 0.300500
vt 0.713680 0.303309
vt 0.695775 0.293628
vt 0.689454 0.307248
vt 0.745645 0.294773
vt 0.746422 0.286053
vt 0.721966 0.260568
vt 0.719003 0.269567
vt 0.744724 0.303758
vt 0.757859 0.299387
vt 0.756772 0.314189
vt 0.740798 0.328010
vt 0.738531 0.316906
vt 0.752671 0.330832
vt 0.679536 0.344233
vt 0.678427 0.328357
vt 0.696723 0.327376
vt 0.693986 0.321871
vt 0.704499 0.389361
vt 0.710482 0.371975
vt 0.711508 0.379744
vt 0.722370 0.370608
vt 0.670639 0.360959
vt 0.714007 0.385360
vt 0.727196 0.381512
vt 0.701907 0.409710
vt 0.716226 0.391894
vt 0.666780 0.382730
vt 0.709530 0.412500
vt 0.731291 0.395488
vt 0.716053 0.419960
vt 0.643321 0.241972
vt 0.699199 0.309345
vt 0.652308 0.229072
vt 0.704661 0.314114
vt 0.705177 0.320970
vt 0.747810 0.357057
vt 0.731734 0.346250
vt 0.754886 0.343007
vt 0.735315 0.366378
vt 0.729762 0.385306
vt 0.740093 0.376561
vt 0.723497 0.352318
vt 0.764201 0.354632
vt 0.757383 0.370157
vt 0.744156 0.394674
vt 0.727934 0.424830
vt 0.750698 0.404221
vt 0.764169 0.408228
vt 0.802952 0.547584
vt 0.798040 0.557041
vt 0.788908 0.549198
vt 0.784922 0.562434
vt 0.802816 0.567626
vt 0.775479 0.440679
vt 0.791113 0.452987
vt 0.760299 0.460406
vt 0.812441 0.572475
vt 0.789358 0.527545
vt 0.801041 0.530861
vt 0.784496 0.433626
vt 0.785902 0.541907
vt 0.779566 0.470504
vt 0.762483 0.471328
vt 0.755053 0.499946
vt 0.774416 0.431665
vt 0.795582 0.511387
vt 0.801348 0.499155
vt 0.782616 0.499066
vt 0.786584 0.488282
vt 0.774906 0.562429
vt 0.770274 0.538161
vt 0.798226 0.486145
vt 0.757259 0.446071
vt 0.816633 0.438402
vt 0.814845 0.413690
vt 0.756177 0.428990
vt 0.661696 0.391202
vt 0.743685 0.486682
vt 0.648704 0.393761
vt 0.760115 0.581118
vt 0.617562 0.409112
vt 0.733261 0.465270
vt 0.697456 0.420070
vt 0.703362 0.428496
vt 0.701587 0.438365
vt 0.716150 0.444350
vt 0.744115 0.572775
vt 0.761611 0.553439
vt 0.760005 0.544164
vt 0.731092 0.436742
vt 0.746864 0.423024
vt 0.743689 0.535104
vt 0.723828 0.556815
vt 0.696423 0.563552
vt 0.700253 0.549316
vt 0.719702 0.537402
vt 0.632286 0.460376
vt 0.604122 0.434609
vt 0.631330 0.433749
vt 0.627113 0.484582
vt 0.646957 0.483046
vt 0.652384 0.491304
vt 0.648613 0.471250
vt 0.615903 0.480139
vt 0.638016 0.505067
vt 0.612086 0.509709
vt 0.630800 0.519398
vt 0.650519 0.522461
vt 0.648275 0.533438
vt 0.646737 0.527686
vt 0.644236 0.541319
vt 0.657787 0.550193
vt 0.618114 0.530543
vt 0.611460 0.497100
vt 0.767220 0.513775
vt 0.659600 0.528275
vt 0.687219 0.581823
vt 0.681989 0.579928
vt 0.687213 0.558513
vt 0.659252 0.504253
vt 0.772079 0.526252
vt 0.589859 0.503543
vt 0.746608 0.500891
vt 0.735440 0.517778
vt 0.719178 0.491877
vt 0.595608 0.534490
vt 0.697965 0.519208
vt 0.692369 0.514674
vt 0.691686 0.509148
vt 0.575821 0.549335
vt 0.658505 0.424004
vt 0.696444 0.447045
vt 0.647731 0.428653
vt 0.659153 0.435940
vt 0.644297 0.452505
vt 0.621158 0.417466
vt 0.692845 0.462737
vt 0.661422 0.442277
vt 0.655723 0.453581
vt 0.702045 0.454936
vt 0.655608 0.462480
vt 0.690676 0.490254
vt 0.692029 0.481458
vt 0.701645 0.486082
vt 0.695009 0.469130
vt 0.706698 0.461417
vt 0.652024 0.499878
vt 0.689905 0.534823
vt 0.685365 0.520716
vt 0.701210 0.537333
vt 0.706921 0.504448
vt 0.683018 0.510924
vt 0.688817 0.500978
vt 0.719656 0.514983
vt 0.806927 0.496322
vt 0.352039 0.323322
vt 0.363224 0.285767
vt 0.375394 0.301436
vt 0.333388 0.320216
vt 0.338291 0.347348
vt 0.393663 0.393815
vt 0.408492 0.356985
vt 0.399669 0.353019
vt 0.411191 0.296675
vt 0.372555 0.435553
vt 0.382193 0.406288
vt 0.315221 0.371848
vt 0.309390 0.382888
vt 0.303780 0.373919
vt 0.323617 0.388441
vt 0.316385 0.380713
vt 0.373572 0.347573
vt 0.347428 0.426256
vt 0.357768 0.406425
vt 0.359760 0.418061
vt 0.332585 0.405357
vt 0.327973 0.399646
vt 0.321442 0.393563
vt 0.360673 0.373456
vt 0.393117 0.299965
vt 0.965354 0.568417
vt 0.976189 0.569989
vt 0.975193 0.539945
vt 0.972044 0.547933
vt 0.967927 0.541709
vt 0.982403 0.554429
vt 0.980866 0.547042
vt 0.345870 0.277535
vt 0.961124 0.534882
vt 0.966644 0.526845
vt 0.958329 0.542813
vt 0.947710 0.562938
vt 0.373624 0.322582
vt 0.959779 0.517491
vt 0.941080 0.552911
vt 0.949431 0.525987
vt 0.943868 0.533137
vt 0.311307 0.318659
vt 0.321568 0.315110
vt 0.300732 0.331315
vt 0.388365 0.341253
vt 0.321827 0.338422
vt 0.316922 0.352794
vt 0.307303 0.350645
vt 0.311816 0.339908
vt 0.296740 0.346632
vt 0.372466 0.364082
vt 0.343512 0.296794
vt 0.330184 0.299067
vt 0.303689 0.311806
vt 0.305762 0.302324
vt 0.320577 0.306210
vt 0.857574 0.555252
vt 0.855844 0.543656
vt 0.871482 0.540205
vt 0.935574 0.529768
vt 0.925168 0.551369
vt 0.840538 0.533616
vt 0.842767 0.510406
vt 0.865493 0.518807
vt 0.916237 0.573853
vt 0.923480 0.563535
vt 0.876996 0.563737
vt 0.890845 0.559869
vt 0.950989 0.503305
vt 0.909603 0.542219
vt 0.922749 0.528934
vt 0.904655 0.525642
vt 0.299937 0.322218
vt 0.886145 0.535955
vt 0.890462 0.521582
vt 0.317390 0.281291
vt 0.310432 0.286327
vt 0.302601 0.272542
vt 0.866716 0.573544
vt 0.841038 0.567169
vt 0.295028 0.294981
vt 0.305693 0.292656
vt 0.819947 0.425091
vt 0.933023 0.467752
vt 0.921245 0.475246
vt 0.919121 0.465283
vt 0.821205 0.539758
vt 0.827340 0.515812
vt 0.955171 0.490782
vt 0.949174 0.496697
vt 0.824947 0.435601
vt 0.939496 0.504072
vt 0.855867 0.425926
vt 0.877797 0.434546
vt 0.886199 0.435700
vt 0.290833 0.326484
vt 0.892655 0.411974
vt 0.893998 0.426760
vt 0.920578 0.503790
vt 0.904872 0.509178
vt 0.914610 0.416096
vt 0.932447 0.413561
vt 0.293166 0.312051
vt 0.908183 0.473521
vt 0.949227 0.407960
vt 0.931790 0.488253
vt 0.922226 0.483248
vt 0.952575 0.401815
vt 0.942078 0.479282
vt 0.948187 0.472383
vt 0.921092 0.495142
vt 0.308868 0.255270
vt 0.908427 0.492802
vt 0.304153 0.260608
vt 0.903675 0.452227
vt 0.897195 0.486432
vt 0.949162 0.458274
vt 0.933081 0.445462
vt 0.948898 0.441705
vt 0.944290 0.427347
vt 0.951749 0.419282
vt 0.922310 0.439964
vt 0.824422 0.567989
vt 0.896000 0.464926
vt 0.908078 0.435614
vt 0.812801 0.466466
vt 0.815875 0.488833
vt 0.841371 0.549949
vt 0.818442 0.557921
vt 0.840265 0.443732
vt 0.829145 0.447362
vt 0.819118 0.457892
vt 0.827264 0.471210
vt 0.838196 0.460118
vt 0.849308 0.465455
vt 0.842032 0.475961
vt 0.898839 0.439194
vt 0.822487 0.508194
vt 0.833151 0.501749
vt 0.845238 0.487632
vt 0.847803 0.499696
vt 0.854857 0.443382
vt 0.874841 0.444730
vt 0.869021 0.462089
vt 0.857173 0.466451
vt 0.867281 0.487137
vt 0.869509 0.472682
vt 0.883417 0.471475
vt 0.887022 0.456419
vt 0.877395 0.464491
vt 0.860021 0.495932
vt 0.888679 0.483250
vt 0.873516 0.502697
vt 0.882584 0.493496
vt 0.892737 0.493939
vt 0.566053 0.555946
vt 0.580988 0.405991
vt 0.585156 0.390527
vt 0.597060 0.406614
vt 0.192474 0.867109
vt 0.571573 0.527844
vt 0.561963 0.519032
vt 0.568964 0.519672
vt 0.591880 0.411925
vt 0.329524 0.929638
vt 0.337519 0.935295
vt 0.320018 0.935452
vt 0.567654 0.534096
vt 0.281910 0.833322
vt 0.294288 0.856128
vt 0.337926 0.918955
vt 0.564316 0.547931
vt 0.329901 0.847443
vt 0.254187 0.855706
vt 0.577991 0.526325
vt 0.360745 0.889858
vt 0.238624 0.840226
vt 0.307810 0.864103
vt 0.336528 0.877513
vt 0.233825 0.821779
vt 0.216008 0.858429
vt 0.221854 0.841055
vt 0.198796 0.867610
vt 0.244902 0.878989
vt 0.224807 0.875468
vt 0.208479 0.877249
vt 0.577860 0.513366
vt 0.305290 0.922924
vt 0.316960 0.924729
vt 0.576340 0.428925
vt 0.585729 0.444463
vt 0.585362 0.530313
vt 0.586755 0.465711
vt 0.589586 0.460389
vt 0.577200 0.464110
vt 0.573492 0.452252
vt 0.292167 0.913898
vt 0.279804 0.913133
vt 0.568652 0.465970
vt 0.287295 0.895075
vt 0.285059 0.881545
vt 0.271629 0.901850
vt 0.307530 0.895972
vt 0.578083 0.485197
vt 0.588060 0.476842
vt 0.254389 0.884591
vt 0.570588 0.500776
vt 0.572784 0.474671
vt 0.563824 0.482939
vt 0.568950 0.482514
vt 0.557803 0.498702
vt 0.326598 0.896515
vt 0.301941 0.878628
vt 0.330818 0.278479
vt 0.334502 0.259738
vt 0.555936 0.834737
vt 0.557199 0.820679
vt 0.562963 0.827091
vt 0.564882 0.836699
vt 0.756352 0.052517
vt 0.742563 0.056515
vt 0.562360 0.842781
vt 0.570928 0.850229
vt 0.564239 0.749209
vt 0.578305 0.754727
vt 0.561911 0.759686
vt 0.565875 0.773263
vt 0.771592 0.052714
vt 0.544545 0.833088
vt 0.558318 0.852557
vt 0.571000 0.727184
vt 0.752688 0.043960
vt 0.585884 0.742695
vt 0.575259 0.828731
vt 0.786382 0.057085
vt 0.559449 0.808372
vt 0.564625 0.818061
vt 0.574300 0.779392
vt 0.577563 0.791947
vt 0.572660 0.798949
vt 0.579685 0.837069
vt 0.577118 0.817758
vt 0.570624 0.804007
vt 0.573930 0.825233
vt 0.557271 0.793372
vt 0.580570 0.800281
vt 0.554691 0.808878
vt 0.728001 0.037139
vt 0.721169 0.022494
vt 0.707343 0.014394
vt 0.737694 0.034997
vt 0.548808 0.800913
vt 0.592382 0.759358
vt 0.597161 0.779557
vt 0.589692 0.794701
vt 0.089653 0.813858
vt 0.092974 0.827296
vt 0.078424 0.826052
vt 0.582488 0.666568
vt 0.574022 0.652585
vt 0.578048 0.643157
vt 0.099740 0.834547
vt 0.083123 0.834228
vt 0.110151 0.836398
vt 0.125595 0.845817
vt 0.075941 0.819156
vt 0.317216 0.679738
vt 0.571868 0.642249
vt 0.574764 0.624528
vt 0.057632 0.813362
vt 0.105998 0.817414
vt 0.073501 0.767117
vt 0.328849 0.687428
vt 0.062424 0.778847
vt 0.054936 0.779890
vt 0.077735 0.782244
vt 0.060697 0.797861
vt 0.066108 0.816873
vt 0.061092 0.821227
vt 0.088729 0.795656
vt 0.077073 0.797834
vt 0.150211 0.855034
vt 0.066399 0.830545
vt 0.572392 0.609708
vt 0.140411 0.848305
vt 0.058089 0.798279
s 1
usemtl moon_rock_01
f 5/1/1 6/2/2 7/3/3
f 8/4/4 9/5/5 4/6/6
f 8/4/4 11/7/7 12/8/8
f 10/9/9 5/1/1 7/3/3
f 15/10/10 16/11/11 17/12/12
f 10/9/9 1/13/13 5/1/1
f 13/14/14 18/15/15 7/3/3
f 13/14/14 7/3/3 6/2/2
f 14/16/16 10/9/9 7/3/3
f 7/3/3 19/17/17 14/16/16
f 7/3/3 18/15/15 19/17/17
f 10/9/9 2/18/18 1/13/13
f 13/14/14 16/19/11 18/15/15
f 16/11/11 13/20/14 17/12/12
f 15/10/10 17/12/12 20/21/19
f 21/22/20 16/11/11 15/10/10
f 22/23/21 20/21/19 23/24/22
f 24/25/23 19/17/17 18/15/15
f 12/8/8 9/5/5 8/4/4
f 25/26/24 26/27/25 27/28/26
f 29/29/27 30/30/28 9/31/5
f 29/32/27 27/28/26 26/27/25
f 22/23/21 31/33/29 20/21/19
f 29/32/27 9/5/5 12/8/8
f 10/9/9 14/16/16 32/34/30
f 22/23/21 30/30/28 29/29/27
f 33/35/31 22/23/21 23/24/22
f 21/22/20 15/10/10 20/21/19
f 30/30/28 3/36/32 9/31/5
f 29/32/27 12/8/8 27/28/26
f 10/9/9 32/34/30 2/18/18
f 38/37/33 37/38/34 39/39/35
f 21/40/20 29/32/27 26/27/25
f 9/31/5 3/36/32 4/41/6
f 40/42/36 30/30/28 33/35/31
f 11/7/7 41/43/37 38/37/33
f 42/44/38 30/30/28 40/42/36
f 34/45/39 39/39/35 35/46/40
f 38/37/33 39/39/35 43/47/41
f 28/48/42 35/46/40 39/39/35
f 37/38/34 28/48/42 39/39/35
f 11/7/7 38/37/33 12/8/8
f 39/39/35 44/49/43 45/50/44
f 44/49/43 39/39/35 34/45/39
f 39/39/35 45/50/44 43/47/41
f 45/50/44 38/37/33 43/47/41
f 38/37/33 45/50/44 27/28/26
f 34/45/39 46/51/45 44/49/43
f 12/8/8 38/37/33 27/28/26
f 27/28/26 44/49/43 25/26/24
f 44/49/43 27/28/26 45/50/44
f 33/35/31 30/30/28 22/23/21
f 3/36/32 30/30/28 42/44/38
f 49/52/46 50/53/47 51/54/48
f 36/55/49 3/36/32 42/44/38
f 48/56/50 52/57/51 34/45/39
f 53/58/52 52/57/51 48/56/50
f 51/54/48 55/59/53 49/52/46
f 54/60/54 46/51/45 34/45/39
f 54/60/54 34/45/39 52/57/51
f 56/61/55 54/60/54 52/57/51
f 26/27/25 46/51/45 57/62/56
f 46/51/45 54/60/54 57/62/56
f 49/52/46 55/59/53 58/63/57
f 57/62/56 54/60/54 56/61/55
f 24/25/23 26/27/25 57/62/56
f 1/13/13 61/64/58 60/65/59
f 46/51/45 25/26/24 44/49/43
f 22/23/21 29/29/27 31/33/29
f 26/27/25 25/26/24 46/51/45
f 62/66/60 63/67/61 64/68/62
f 53/58/52 56/61/55 52/57/51
f 53/58/52 59/69/63 56/61/55
f 14/16/16 56/61/55 32/34/30
f 56/61/55 14/16/16 19/17/17
f 32/34/30 56/61/55 49/52/46
f 24/25/23 57/62/56 19/17/17
f 19/17/17 57/62/56 56/61/55
f 56/61/55 59/69/63 50/53/47
f 65/70/64 66/71/65 63/67/61
f 21/40/20 26/27/25 24/25/23
f 61/64/58 1/13/13 47/72/66
f 55/59/53 65/70/64 63/67/61
f 21/22/20 31/33/29 29/29/27
f 24/25/23 18/15/15 16/19/11
f 21/22/20 20/21/19 31/33/29
f 63/67/61 58/63/57 55/59/53
f 21/40/20 24/25/23 16/19/11
f 64/68/62 66/71/65 68/73/67
f 64/68/62 63/67/61 66/71/65
f 58/63/57 2/18/18 49/52/46
f 63/67/61 47/72/66 58/63/57
f 47/72/66 2/18/18 58/63/57
f 1/13/13 2/18/18 47/72/66
f 56/61/55 50/53/47 49/52/46
f 49/52/46 2/18/18 32/34/30
f 70/74/68 71/75/69 72/76/70
f 73/77/71 74/78/72 75/79/73
f 76/80/74 77/81/75 78/82/76
f 76/83/74 79/84/77 80/85/78
f 79/84/77 76/83/74 81/86/79
f 80/87/78 77/81/75 76/80/74
f 82/88/80 71/75/69 83/89/81
f 79/84/77 84/90/82 85/91/83
f 79/84/77 85/91/83 86/92/84
f 76/80/74 78/82/76 81/93/79
f 71/75/69 82/88/80 72/76/70
f 82/88/80 89/94/85 72/76/70
f 90/95/86 91/96/87 92/97/88
f 72/76/70 89/94/85 93/98/89
f 94/99/90 70/74/68 72/76/70
f 95/100/91 96/101/92 97/102/93
f 98/103/94 83/89/81 70/74/68
f 99/104/95 94/99/90 72/76/70
f 70/74/68 83/89/81 71/75/69
f 100/105/96 101/106/97 97/102/93
f 95/100/91 97/102/93 102/107/98
f 103/108/99 104/109/100 105/110/101
f 106/111/102 104/109/100 103/108/99
f 90/95/86 89/94/85 82/88/80
f 107/112/103 89/94/85 90/95/86
f 108/113/104 109/114/105 104/109/100
f 109/114/105 105/110/101 104/109/100
f 109/114/105 108/113/104 110/115/106
f 111/116/107 112/117/108 113/118/109
f 107/112/103 90/95/86 92/97/88
f 113/118/109 112/117/108 108/113/104
f 115/119/110 110/115/106 108/113/104
f 92/97/88 117/120/111 107/112/103
f 92/97/88 91/96/87 117/120/111
f 116/121/112 115/119/110 112/117/108
f 107/112/103 117/120/111 118/122/113
f 122/123/114 123/124/115 121/125/116
f 116/121/112 121/125/116 124/126/117
f 116/121/112 124/126/117 125/127/118
f 119/128/119 126/129/120 123/124/115
f 119/128/119 123/124/115 120/130/121
f 123/124/115 124/126/117 121/125/116
f 127/131/122 118/122/113 117/120/111
f 67/132/123 36/55/49 42/44/38
f 120/130/121 122/123/114 119/128/119
f 122/123/114 120/130/121 123/124/115
f 128/133/124 127/131/122 91/96/87
f 102/107/98 114/134/125 96/101/92
f 96/101/92 95/100/91 102/107/98
f 114/134/125 129/135/126 96/101/92
f 123/124/115 130/136/127 131/137/128
f 114/134/125 102/107/98 91/138/87
f 132/139/129 40/42/36 33/35/31
f 133/140/130 119/128/119 134/141/131
f 134/141/131 135/142/132 133/140/130
f 90/95/86 114/143/125 91/96/87
f 136/144/133 96/101/92 129/135/126
f 137/145/134 103/108/99 88/146/135
f 42/44/38 138/147/136 67/132/123
f 139/148/137 140/149/138 141/150/139
f 91/96/87 127/131/122 117/120/111
f 136/144/133 129/135/126 142/151/140
f 128/133/124 139/152/137 127/131/122
f 143/153/141 142/154/140 129/155/126
f 102/107/98 128/156/124 91/138/87
f 115/119/110 108/113/104 112/117/108
f 141/150/139 140/149/138 6/157/2
f 103/108/99 105/110/101 88/146/135
f 105/110/101 144/158/142 88/146/135
f 145/159/143 146/160/144 147/161/145
f 148/162/146 138/147/136 149/163/147
f 149/163/147 146/160/144 145/159/143
f 138/147/136 150/164/148 149/163/147
f 146/160/144 149/163/147 150/164/148
f 138/147/136 42/44/38 150/164/148
f 145/159/143 148/162/146 149/163/147
f 150/164/148 42/44/38 40/42/36
f 150/164/148 151/165/149 152/166/150
f 150/164/148 152/166/150 146/160/144
f 150/164/148 40/42/36 151/165/149
f 153/167/151 142/151/140 81/93/79
f 132/139/129 151/165/149 40/42/36
f 143/153/141 84/90/82 142/154/140
f 142/154/140 84/90/82 81/86/79
f 152/166/150 151/165/149 154/168/152
f 84/90/82 143/153/141 82/88/80
f 152/166/150 147/161/145 146/160/144
f 79/84/77 81/86/79 84/90/82
f 128/156/124 102/107/98 101/106/97
f 147/161/145 156/169/153 155/170/154
f 155/170/154 145/159/143 147/161/145
f 155/170/154 156/169/153 157/171/155
f 158/172/156 155/170/154 157/171/155
f 129/155/126 90/95/86 82/88/80
f 158/172/156 157/171/155 160/173/157
f 159/174/158 157/171/155 156/169/153
f 157/171/155 162/175/159 161/176/160
f 157/171/155 159/174/158 162/175/159
f 160/173/157 157/171/155 161/176/160
f 163/177/161 154/168/152 151/165/149
f 164/178/162 156/169/153 165/179/163
f 165/179/163 147/161/145 154/168/152
f 152/166/150 154/168/152 147/161/145
f 78/82/76 87/180/164 144/158/142
f 166/181/165 164/178/162 165/179/163
f 156/169/153 147/161/145 165/179/163
f 165/179/163 154/168/152 163/177/161
f 159/174/158 166/181/165 168/182/166
f 161/176/160 162/175/159 126/129/120
f 166/181/165 159/174/158 164/178/162
f 166/181/165 165/179/163 167/183/167
f 131/137/128 130/136/127 125/127/118
f 168/182/166 166/181/165 169/184/168
f 130/136/127 169/184/168 125/127/118
f 129/155/126 82/88/80 143/153/141
f 170/185/169 169/184/168 166/181/165
f 78/82/76 153/167/151 81/93/79
f 128/156/124 101/106/97 139/148/137
f 127/131/122 171/186/170 118/122/113
f 124/126/117 123/124/115 131/137/128
f 13/20/14 6/157/2 140/149/138
f 156/169/153 164/178/162 159/174/158
f 162/175/159 159/174/158 168/182/166
f 20/21/19 172/187/171 23/24/22
f 172/187/171 20/21/19 173/188/172
f 129/155/126 114/143/125 90/95/86
f 136/144/133 153/167/151 175/189/173
f 23/24/22 172/187/171 174/190/174
f 132/139/129 33/35/31 23/24/22
f 88/146/135 144/158/142 87/180/164
f 176/191/175 175/189/173 78/82/76
f 173/188/172 174/190/174 172/187/171
f 78/82/76 175/189/173 153/167/151
f 78/82/76 144/158/142 176/191/175
f 153/167/151 136/144/133 142/151/140
f 139/152/137 171/186/170 127/131/122
f 177/192/176 17/12/12 13/20/14
f 13/20/14 73/77/71 177/192/176
f 173/188/172 17/12/12 177/192/176
f 101/106/97 75/79/73 74/78/72
f 173/188/172 177/192/176 178/193/177
f 73/77/71 178/193/177 177/192/176
f 178/193/177 73/77/71 75/79/73
f 174/190/174 173/188/172 179/194/178
f 178/193/177 179/194/178 173/188/172
f 151/165/149 132/139/129 180/195/179
f 174/190/174 180/195/179 132/139/129
f 78/82/76 77/81/75 87/180/164
f 174/190/174 179/194/178 180/195/179
f 174/190/174 132/139/129 23/24/22
f 182/196/180 179/194/178 181/197/181
f 179/194/178 178/193/177 75/79/73
f 163/177/161 151/165/149 183/198/182
f 75/79/73 181/197/181 179/194/178
f 179/194/178 182/196/180 184/199/183
f 180/195/179 183/198/182 151/165/149
f 130/136/127 168/182/166 169/184/168
f 163/177/161 183/198/182 167/183/167
f 163/177/161 167/183/167 165/179/163
f 167/183/167 185/200/184 166/181/165
f 166/181/165 185/200/184 170/185/169
f 186/201/185 170/185/169 185/200/184
f 184/199/183 180/195/179 179/194/178
f 186/201/185 125/127/118 169/184/168
f 169/184/168 170/185/169 186/201/185
f 115/119/110 116/121/112 125/127/118
f 185/200/184 187/202/186 186/201/185
f 185/200/184 167/183/167 183/198/182
f 183/198/182 180/195/179 184/199/183
f 115/119/110 125/127/118 186/201/185
f 187/202/186 115/119/110 186/201/185
f 115/119/110 187/202/186 110/115/106
f 187/202/186 188/203/187 110/115/106
f 182/196/180 181/197/181 100/105/96
f 75/79/73 101/106/97 100/105/96
f 100/105/96 181/197/181 75/79/73
f 189/204/188 190/205/189 184/199/183
f 191/206/190 100/105/96 97/102/93
f 97/102/93 96/101/92 191/206/190
f 189/204/188 182/196/180 100/105/96
f 190/205/189 189/204/188 191/206/190
f 184/199/183 182/196/180 189/204/188
f 187/202/186 183/198/182 190/205/189
f 183/198/182 184/199/183 190/205/189
f 188/203/187 192/207/191 193/208/192
f 191/206/190 193/208/192 192/207/191
f 110/115/106 188/203/187 109/114/105
f 109/114/105 188/203/187 193/208/192
f 193/208/192 191/206/190 176/191/175
f 192/207/191 190/205/189 191/206/190
f 187/202/186 190/205/189 192/207/191
f 189/204/188 100/105/96 191/206/190
f 192/207/191 188/203/187 187/202/186
f 144/158/142 193/208/192 176/191/175
f 109/114/105 193/208/192 105/110/101
f 105/110/101 193/208/192 144/158/142
f 176/191/175 96/101/92 136/144/133
f 101/106/97 102/107/98 97/102/93
f 101/106/97 140/149/138 139/148/137
f 136/144/133 175/189/173 176/191/175
f 126/129/120 133/140/130 194/209/193
f 101/106/97 74/78/72 140/149/138
f 133/140/130 126/129/120 119/128/119
f 194/209/193 161/176/160 126/129/120
f 130/136/127 126/129/120 168/182/166
f 185/200/184 183/198/182 187/202/186
f 82/88/80 83/89/81 84/90/82
f 83/89/81 85/91/83 84/90/82
f 124/126/117 131/137/128 125/127/118
f 126/129/120 130/136/127 123/124/115
f 176/191/175 191/206/190 96/101/92
f 162/175/159 168/182/166 126/129/120
f 74/78/72 13/20/14 140/149/138
f 74/78/72 73/77/71 13/20/14
f 173/188/172 20/21/19 17/12/12
f 133/140/130 135/142/132 195/210/194
f 196/211/195 93/98/89 197/212/196
f 72/76/70 93/98/89 196/211/195
f 200/213/197 201/214/198 199/215/199
f 72/76/70 196/211/195 99/104/95
f 205/216/200 204/217/201 206/218/202
f 197/212/196 202/219/203 196/211/195
f 208/220/204 209/221/205 206/218/202
f 206/218/202 209/221/205 202/219/203
f 198/222/206 199/215/199 211/223/207
f 206/218/202 202/219/203 213/224/208
f 204/217/201 208/220/204 206/218/202
f 89/94/85 215/225/209 93/98/89
f 93/98/89 215/225/209 197/212/196
f 216/226/210 118/122/113 217/227/211
f 118/122/113 171/186/170 217/227/211
f 220/228/212 221/229/213 219/230/214
f 215/225/209 89/94/85 107/112/103
f 216/226/210 214/231/215 215/225/209
f 107/112/103 216/226/210 215/225/209
f 216/226/210 217/227/211 211/223/207
f 216/226/210 107/112/103 118/122/113
f 216/226/210 211/223/207 214/231/215
f 222/232/216 141/233/139 223/234/217
f 171/186/170 141/233/139 222/232/216
f 223/234/217 224/235/218 222/232/216
f 214/231/215 211/223/207 207/236/219
f 139/152/137 141/233/139 171/186/170
f 212/237/220 220/228/212 219/230/214
f 223/238/217 6/2/2 5/1/1
f 225/239/221 226/240/222 222/232/216
f 222/232/216 226/240/222 217/227/211
f 141/150/139 6/157/2 223/241/217
f 224/235/218 225/239/221 222/232/216
f 224/235/218 61/242/58 225/239/221
f 223/238/217 5/1/1 224/243/218
f 61/242/58 226/240/222 225/239/221
f 5/1/1 1/13/13 224/243/218
f 61/242/58 224/235/218 60/244/59
f 60/65/59 224/243/218 1/13/13
f 221/229/213 220/228/212 227/245/223
f 210/246/224 207/236/219 199/215/199
f 217/227/211 171/186/170 222/232/216
f 230/247/225 217/227/211 226/240/222
f 199/215/199 201/214/198 210/246/224
f 207/236/219 211/223/207 199/215/199
f 221/229/213 2257/248/226 218/249/227
f 205/216/200 218/249/227 204/217/201
f 231/250/228 212/237/220 219/230/214
f 204/217/201 218/249/227 203/251/229
f 218/249/227 852/252/230 203/251/229
f 231/250/228 201/214/198 212/237/220
f 219/230/214 221/229/213 218/249/227
f 200/213/197 229/253/231 233/254/232
f 205/216/200 219/230/214 218/249/227
f 205/216/200 231/250/228 219/230/214
f 228/255/233 232/256/234 234/257/235
f 198/222/206 200/213/197 199/215/199
f 200/213/197 228/258/233 229/253/231
f 200/213/197 233/254/232 201/214/198
f 200/213/197 198/222/206 235/259/236
f 235/259/236 228/258/233 200/213/197
f 229/253/231 220/228/212 233/254/232
f 212/237/220 233/254/232 220/228/212
f 201/214/198 233/254/232 212/237/220
f 202/219/203 197/212/196 213/224/208
f 229/260/231 234/257/235 237/261/237
f 237/262/237 227/245/223 220/228/212
f 236/263/238 227/245/223 237/262/237
f 201/214/198 231/250/228 210/246/224
f 238/264/239 239/265/240 226/240/222
f 207/236/219 210/246/224 231/250/228
f 213/224/208 207/236/219 240/266/241
f 205/216/200 206/218/202 240/266/241
f 235/259/236 232/267/234 228/258/233
f 215/225/209 214/231/215 213/224/208
f 240/266/241 206/218/202 213/224/208
f 207/236/219 213/224/208 214/231/215
f 205/216/200 207/236/219 231/250/228
f 234/257/235 62/66/60 237/261/237
f 197/212/196 215/225/209 213/224/208
f 207/236/219 205/216/200 240/266/241
f 235/259/236 198/222/206 232/267/234
f 239/265/240 217/227/211 230/247/225
f 226/240/222 239/265/240 230/247/225
f 239/265/240 198/222/206 217/227/211
f 239/265/240 232/267/234 198/222/206
f 63/67/61 241/268/242 47/72/66
f 211/223/207 217/227/211 198/222/206
f 63/67/61 62/66/60 241/268/242
f 61/64/58 47/72/66 238/269/239
f 226/240/222 61/242/58 238/264/239
f 234/257/235 232/256/234 241/268/242
f 236/270/238 237/261/237 62/66/60
f 241/268/242 238/269/239 47/72/66
f 238/269/239 241/268/242 232/256/234
f 234/257/235 241/268/242 62/66/60
f 236/270/238 62/66/60 64/68/62
f 229/260/231 228/255/233 234/257/235
f 239/265/240 238/264/239 232/267/234
f 220/228/212 229/253/231 237/262/237
f 242/271/243 243/272/244 244/273/245
f 248/274/246 249/275/247 250/276/248
f 251/277/249 252/278/250 253/279/251
f 257/280/252 258/281/253 254/282/254
f 243/272/244 255/283/255 244/273/245
f 246/284/256 247/285/257 261/286/258
f 244/273/245 255/283/255 262/287/259
f 264/288/260 265/289/261 266/290/262
f 267/291/263 268/292/264 269/293/265
f 270/294/266 258/281/253 257/280/252
f 264/288/260 271/295/267 265/289/261
f 258/281/253 263/296/268 254/282/254
f 243/272/244 256/297/269 255/283/255
f 263/296/268 259/298/270 254/282/254
f 274/299/271 260/300/272 258/281/253
f 272/301/273 273/302/274 275/303/275
f 251/277/249 246/284/256 252/278/250
f 267/291/263 272/301/273 251/277/249
f 255/283/255 254/282/254 262/287/259
f 246/284/256 245/304/276 252/278/250
f 251/277/249 247/285/257 246/284/256
f 251/277/249 272/301/273 247/285/257
f 276/305/277 267/291/263 269/293/265
f 272/301/273 277/306/278 273/302/274
f 277/306/278 272/301/273 276/305/277
f 277/306/278 276/305/277 269/293/265
f 277/307/278 279/308/279 273/309/274
f 277/307/278 278/310/280 279/308/279
f 277/306/278 269/293/265 278/311/280
f 273/309/274 281/312/281 280/313/282
f 280/314/282 275/303/275 273/302/274
f 282/315/283 281/312/281 273/309/274
f 272/301/273 267/291/263 276/305/277
f 250/276/248 249/275/247 262/287/259
f 273/309/274 279/308/279 282/315/283
f 259/298/270 262/287/259 254/282/254
f 262/287/259 259/298/270 250/276/248
f 263/296/268 258/281/253 260/300/272
f 285/316/284 252/278/250 245/304/276
f 288/317/285 289/318/286 290/319/287
f 291/320/288 292/321/289 260/300/272
f 245/304/276 293/322/290 285/316/284
f 248/274/246 294/323/291 295/324/292
f 294/323/291 248/274/246 286/325/293
f 296/326/294 290/327/287 297/328/295
f 259/298/270 286/325/293 250/276/248
f 289/329/286 260/300/272 274/299/271
f 290/327/287 289/329/286 297/328/295
f 297/328/295 289/329/286 274/299/271
f 248/274/246 250/276/248 286/325/293
f 260/300/272 289/329/286 291/320/288
f 259/298/270 300/330/296 286/325/293
f 298/331/297 287/332/298 299/333/299
f 300/330/296 259/298/270 301/334/300
f 298/331/297 294/335/291 287/332/298
f 286/336/293 287/332/298 294/335/291
f 286/336/293 300/337/296 287/332/298
f 302/338/301 299/333/299 287/332/298
f 302/338/301 303/339/302 299/333/299
f 301/334/300 263/296/268 260/300/272
f 287/332/298 304/340/303 282/315/283
f 287/332/298 282/315/283 302/338/301
f 260/300/272 292/321/289 301/334/300
f 306/341/304 291/320/288 289/329/286
f 291/320/288 306/341/304 307/342/305
f 289/318/286 288/317/285 306/343/304
f 305/344/306 257/280/252 256/297/269
f 309/345/307 279/308/279 278/310/280
f 292/346/289 265/289/261 271/295/267
f 282/315/283 279/308/279 302/338/301
f 309/345/307 302/338/301 279/308/279
f 310/347/308 302/338/301 309/345/307
f 302/338/301 310/347/308 303/339/302
f 270/294/266 257/280/252 305/344/306
f 308/348/309 270/294/266 305/344/306
f 297/328/295 274/299/271 270/294/266
f 311/349/310 312/350/311 313/351/312
f 307/352/305 306/343/304 265/289/261
f 270/294/266 296/326/294 297/328/295
f 292/346/289 307/352/305 265/289/261
f 306/343/304 316/353/313 265/289/261
f 313/351/312 290/327/287 296/326/294
f 317/354/314 264/288/260 314/355/315
f 315/356/316 318/357/317 247/285/257
f 264/288/260 317/354/314 271/295/267
f 263/296/268 301/334/300 259/298/270
f 261/286/258 247/285/257 318/357/317
f 319/358/318 304/340/303 300/337/296
f 287/332/298 300/337/296 304/340/303
f 312/359/311 321/360/319 290/319/287
f 290/327/287 313/351/312 312/350/311
f 290/319/287 322/361/320 288/317/285
f 320/362/321 321/360/319 312/359/311
f 301/363/300 324/364/322 300/337/296
f 323/365/323 324/364/322 301/363/300
f 290/319/287 321/360/319 322/361/320
f 324/364/322 319/358/318 300/337/296
f 264/288/260 325/366/324 326/367/325
f 257/280/252 255/283/255 256/297/269
f 292/321/289 291/320/288 307/342/305
f 327/368/326 319/358/318 324/364/322
f 274/299/271 258/281/253 270/294/266
f 257/280/252 254/282/254 255/283/255
f 280/314/282 327/369/326 275/303/275
f 266/290/262 325/366/324 264/288/260
f 325/366/324 266/290/262 328/370/327
f 328/370/327 266/290/262 316/353/313
f 316/353/313 266/290/262 265/289/261
f 306/343/304 288/317/285 329/371/328
f 322/361/320 329/371/328 288/317/285
f 329/371/328 322/361/320 330/372/329
f 329/371/328 328/370/327 316/353/313
f 329/371/328 316/353/313 306/343/304
f 327/373/326 324/374/322 331/375/330
f 247/285/257 272/301/273 275/303/275
f 331/376/330 315/356/316 275/303/275
f 332/377/331 317/354/314 314/355/315
f 314/378/315 315/356/316 331/376/330
f 247/285/257 275/303/275 315/356/316
f 332/377/331 333/379/332 271/295/267
f 271/295/267 317/354/314 332/377/331
f 331/375/330 324/374/322 323/380/323
f 332/377/331 314/355/315 331/375/330
f 332/377/331 331/375/330 323/380/323
f 332/377/331 323/380/323 333/379/332
f 301/334/300 333/381/332 323/382/323
f 292/321/289 333/381/332 301/334/300
f 275/303/275 327/369/326 331/376/330
f 304/340/303 327/368/326 282/315/283
f 281/312/281 327/368/326 280/313/282
f 282/315/283 327/368/326 281/312/281
f 333/379/332 292/346/289 271/295/267
f 304/340/303 319/358/318 327/368/326
f 334/383/333 4/41/6 3/36/32
f 335/384/334 4/41/6 334/383/333
f 244/273/245 283/385/335 336/386/336
f 36/55/49 334/383/333 3/36/32
f 67/132/123 334/383/333 36/55/49
f 340/387/337 341/388/338 342/389/339
f 4/6/6 335/390/334 8/4/4
f 335/390/334 343/391/340 344/392/341
f 8/4/4 344/392/341 345/393/342
f 335/390/334 344/392/341 8/4/4
f 244/273/245 262/287/259 283/385/335
f 11/7/7 8/4/4 345/393/342
f 41/43/37 345/393/342 344/392/341
f 346/394/343 347/395/344 348/396/345
f 337/397/346 336/386/336 283/385/335
f 41/43/37 11/7/7 345/393/342
f 37/38/34 38/37/33 349/398/347
f 310/347/308 309/345/307 351/399/348
f 283/385/335 339/400/349 337/397/346
f 41/43/37 352/401/350 349/398/347
f 350/402/351 338/403/352 353/404/353
f 38/37/33 41/43/37 349/398/347
f 69/405/354 354/406/355 37/38/34
f 355/407/356 351/399/348 348/396/345
f 310/347/308 351/399/348 356/408/357
f 357/409/358 355/407/356 348/396/345
f 358/410/359 303/339/302 356/408/357
f 303/339/302 310/347/308 356/408/357
f 351/399/348 355/407/356 356/408/357
f 359/411/360 303/339/302 358/410/359
f 349/398/347 69/405/354 37/38/34
f 360/412/361 361/413/362 342/389/339
f 362/414/363 358/410/359 356/408/357
f 356/408/357 355/407/356 357/409/358
f 354/406/355 28/48/42 37/38/34
f 356/408/357 357/409/358 362/414/363
f 363/415/364 364/416/365 365/417/366
f 361/418/362 366/419/367 367/420/368
f 368/421/369 369/422/370 370/423/371
f 372/424/372 360/412/361 342/389/339
f 367/420/368 342/425/339 361/418/362
f 340/387/337 335/384/334 341/388/338
f 367/420/368 340/426/337 342/425/339
f 370/423/371 374/427/373 375/428/374
f 69/405/354 375/428/374 354/406/355
f 367/420/368 335/390/334 340/426/337
f 348/396/345 347/395/344 376/429/375
f 370/423/371 375/428/374 69/405/354
f 376/429/375 347/395/344 377/430/376
f 357/409/358 377/430/376 378/431/377
f 357/409/358 376/429/375 377/430/376
f 369/422/370 377/430/376 347/395/344
f 379/432/378 378/431/377 377/430/376
f 357/409/358 348/396/345 376/429/375
f 380/433/379 379/432/378 377/430/376
f 381/434/380 379/432/378 373/435/381
f 381/434/380 358/410/359 362/414/363
f 362/414/363 357/409/358 378/431/377
f 379/432/378 362/414/363 378/431/377
f 381/434/380 362/414/363 379/432/378
f 367/420/368 382/436/382 343/391/340
f 368/421/369 380/433/379 377/430/376
f 369/422/370 368/421/369 377/430/376
f 380/433/379 368/421/369 352/401/350
f 352/401/350 69/405/354 349/398/347
f 352/401/350 368/421/369 69/405/354
f 373/435/381 380/433/379 352/401/350
f 373/435/381 379/432/378 380/433/379
f 352/401/350 41/43/37 344/392/341
f 343/391/340 373/435/381 352/401/350
f 361/418/362 383/437/383 384/438/384
f 386/439/385 360/412/361 385/440/386
f 69/405/354 368/421/369 370/423/371
f 385/440/386 360/412/361 387/441/387
f 387/441/387 360/412/361 371/442/388
f 367/420/368 343/391/340 335/390/334
f 353/404/353 338/403/352 339/400/349
f 334/383/333 341/388/338 335/384/334
f 334/383/333 372/424/372 341/388/338
f 366/419/367 382/436/382 367/420/368
f 343/391/340 352/401/350 344/392/341
f 339/400/349 338/403/352 337/397/346
f 366/419/367 388/443/389 382/436/382
f 389/444/390 371/442/388 372/424/372
f 353/404/353 386/439/385 385/440/386
f 372/424/372 334/383/333 67/132/123
f 67/132/123 389/444/390 372/424/372
f 390/445/391 294/335/291 298/331/297
f 249/275/247 248/274/246 295/324/292
f 342/389/339 341/388/338 372/424/372
f 373/435/381 343/391/340 382/436/382
f 391/446/392 299/333/299 359/411/360
f 295/324/292 294/323/291 390/447/391
f 359/411/360 299/333/299 303/339/302
f 390/445/391 391/446/392 359/411/360
f 359/411/360 358/410/359 381/434/380
f 390/445/391 298/331/297 391/446/392
f 364/416/365 390/447/391 365/417/366
f 391/446/392 298/331/297 299/333/299
f 364/416/365 249/275/247 295/324/292
f 364/416/365 295/324/292 390/447/391
f 359/411/360 365/448/366 390/445/391
f 365/417/366 383/449/383 363/415/364
f 363/415/364 339/400/349 364/416/365
f 371/442/388 360/412/361 372/424/372
f 383/449/383 339/400/349 363/415/364
f 249/275/247 364/416/365 339/400/349
f 283/385/335 262/287/259 249/275/247
f 283/385/335 249/275/247 339/400/349
f 388/443/389 359/411/360 381/434/380
f 384/438/384 359/411/360 388/443/389
f 388/443/389 366/419/367 384/438/384
f 388/443/389 381/434/380 373/435/381
f 359/411/360 384/438/384 365/448/366
f 383/437/383 365/448/366 384/438/384
f 386/439/385 339/400/349 383/449/383
f 339/400/349 386/439/385 353/404/353
f 383/449/383 361/413/362 360/412/361
f 383/449/383 360/412/361 386/439/385
f 361/418/362 384/438/384 366/419/367
f 382/436/382 388/443/389 373/435/381
f 392/450/393 393/451/394 394/452/395
f 395/453/396 396/454/397 397/455/398
f 397/455/398 398/456/399 395/453/396
f 402/457/400 393/451/394 392/450/393
f 399/458/401 400/459/402 401/460/403
f 401/460/403 403/461/404 404/462/405
f 401/460/403 400/459/402 403/461/404
f 407/463/406 491/464/407 406/465/408
f 410/466/409 411/467/410 412/468/411
f 401/460/403 404/462/405 413/469/412
f 414/470/413 409/471/414 411/467/410
f 412/472/411 399/458/401 410/473/409
f 415/474/415 402/457/400 416/475/416
f 312/359/311 417/476/417 320/362/321
f 395/453/396 398/456/399 402/457/400
f 414/470/413 411/467/410 410/466/409
f 311/477/310 417/478/417 312/479/311
f 414/480/413 410/473/409 399/458/401
f 399/458/401 401/460/403 418/481/418
f 418/481/418 414/480/413 399/458/401
f 414/480/413 418/481/418 408/482/419
f 411/467/410 409/471/414 419/483/420
f 409/471/414 414/470/413 408/484/419
f 313/351/312 409/471/414 408/484/419
f 401/460/403 413/469/412 420/485/421
f 418/481/418 401/460/403 420/485/421
f 421/486/422 408/482/419 418/481/418
f 421/486/422 311/477/310 408/482/419
f 311/349/310 313/351/312 408/484/419
f 416/475/416 402/457/400 422/487/423
f 421/486/422 420/485/421 423/488/424
f 402/457/400 398/456/399 422/487/423
f 311/477/310 423/488/424 417/478/417
f 407/463/406 406/465/408 424/489/425
f 425/490/426 424/489/425 406/465/408
f 426/491/427 420/485/421 427/492/428
f 418/481/418 420/485/421 421/486/422
f 425/490/426 428/493/429 424/489/425
f 403/461/404 393/451/394 404/462/405
f 420/485/421 413/469/412 427/492/428
f 429/494/430 422/487/423 430/495/431
f 429/496/430 424/489/425 428/493/429
f 431/497/432 428/493/429 425/490/426
f 416/475/416 422/487/423 429/494/430
f 431/498/432 432/499/433 428/500/429
f 430/501/431 424/489/425 429/496/430
f 403/461/404 394/452/395 393/451/394
f 428/500/429 416/475/416 429/494/430
f 432/499/433 416/475/416 428/500/429
f 427/492/428 433/502/434 426/491/427
f 421/486/422 423/488/424 311/477/310
f 431/498/432 433/502/434 432/499/433
f 415/474/415 432/499/433 433/502/434
f 434/503/435 313/351/312 296/326/294
f 435/504/436 436/505/437 392/450/393
f 296/326/294 270/294/266 434/503/435
f 409/471/414 313/351/312 434/503/435
f 395/453/396 402/457/400 436/505/437
f 270/294/266 308/348/309 434/503/435
f 415/474/415 416/475/416 432/499/433
f 394/452/395 400/459/402 392/450/393
f 419/483/420 409/471/414 434/503/435
f 404/462/405 393/451/394 415/474/415
f 415/474/415 393/451/394 402/457/400
f 424/489/425 430/501/431 407/463/406
f 402/457/400 392/450/393 436/505/437
f 400/459/402 394/452/395 403/461/404
f 427/492/428 415/474/415 433/502/434
f 415/474/415 413/469/412 404/462/405
f 413/469/412 415/474/415 427/492/428
f 399/458/401 412/472/411 405/506/438
f 440/507/439 441/508/440 439/509/441
f 442/510/442 195/210/194 135/142/132
f 437/511/443 440/507/439 439/509/441
f 443/512/444 444/513/445 439/509/441
f 194/209/193 133/140/130 445/514/446
f 446/515/447 437/511/443 444/513/445
f 444/513/445 437/511/443 439/509/441
f 445/514/446 444/513/445 194/209/193
f 133/140/130 195/210/194 445/514/446
f 443/512/444 161/176/160 194/209/193
f 194/209/193 444/513/445 443/512/444
f 160/173/157 161/176/160 443/512/444
f 67/132/123 138/147/136 450/516/448
f 158/172/156 451/517/449 155/170/154
f 438/518/450 452/519/451 447/520/452
f 438/518/450 437/511/443 446/515/447
f 450/516/448 148/162/146 453/521/453
f 160/173/157 443/512/444 441/508/440
f 155/170/154 451/517/449 449/522/454
f 160/173/157 441/508/440 158/172/156
f 449/522/454 145/159/143 155/170/154
f 447/520/452 456/523/455 437/511/443
f 148/162/146 450/516/448 138/147/136
f 453/521/453 148/162/146 449/522/454
f 148/162/146 145/159/143 449/522/454
f 437/511/443 438/518/450 447/520/452
f 389/444/390 67/132/123 450/516/448
f 456/523/455 454/524/456 437/511/443
f 455/525/457 440/507/439 454/524/456
f 457/526/458 458/527/459 336/386/336
f 457/526/458 336/386/336 337/397/346
f 457/526/458 337/397/346 350/402/351
f 338/403/352 350/402/351 337/397/346
f 454/524/456 456/523/455 455/525/457
f 447/520/452 448/528/460 456/523/455
f 446/515/447 195/210/194 442/510/442
f 459/529/461 457/526/458 350/402/351
f 460/530/462 440/507/439 455/525/457
f 458/527/459 461/531/463 462/532/464
f 457/526/458 463/533/465 461/531/463
f 463/533/465 457/526/458 459/529/461
f 461/531/463 463/533/465 464/534/466
f 461/531/463 458/527/459 457/526/458
f 462/532/464 461/531/463 465/535/467
f 442/510/442 466/536/468 446/515/447
f 465/535/467 467/537/469 468/538/470
f 448/528/460 455/525/457 456/523/455
f 469/539/471 460/530/462 455/525/457
f 470/540/472 469/539/471 455/525/457
f 469/539/471 470/540/472 465/535/467
f 471/541/473 472/542/474 473/543/475
f 474/544/476 475/545/477 476/546/478
f 459/529/461 350/402/351 477/547/479
f 469/539/471 465/535/467 461/531/463
f 447/520/452 478/548/480 448/528/460
f 387/441/387 371/442/388 479/549/481
f 350/402/351 353/404/353 385/440/386
f 475/545/477 474/544/476 480/550/482
f 477/547/479 350/402/351 385/440/386
f 481/551/483 459/529/461 477/547/479
f 477/547/479 385/440/386 479/549/481
f 482/552/484 459/529/461 481/551/483
f 477/547/479 479/549/481 483/553/485
f 481/551/483 477/547/479 483/553/485
f 460/530/462 464/534/466 463/533/465
f 469/539/471 461/531/463 464/534/466
f 387/441/387 479/549/481 385/440/386
f 482/552/484 463/533/465 459/529/461
f 460/530/462 482/552/484 484/554/486
f 482/552/484 483/553/485 484/554/486
f 473/543/475 480/555/482 471/541/473
f 460/530/462 463/533/465 482/552/484
f 371/442/388 389/444/390 479/549/481
f 453/521/453 389/444/390 450/516/448
f 481/551/483 483/553/485 482/552/484
f 453/521/453 485/556/487 389/444/390
f 486/557/488 479/549/481 485/556/487
f 473/543/475 448/528/460 478/548/480
f 469/539/471 464/534/466 460/530/462
f 484/554/486 483/553/485 486/557/488
f 483/553/485 479/549/481 486/557/488
f 451/517/449 484/554/486 486/557/488
f 451/517/449 486/557/488 449/522/454
f 484/554/486 487/558/489 460/530/462
f 460/530/462 487/558/489 440/507/439
f 440/507/439 487/558/489 441/508/440
f 441/508/440 451/517/449 158/172/156
f 439/509/441 441/508/440 443/512/444
f 479/549/481 389/444/390 485/556/487
f 487/558/489 484/554/486 451/517/449
f 453/521/453 486/557/488 485/556/487
f 475/545/477 488/559/490 476/546/478
f 467/537/469 448/528/460 473/543/475
f 449/522/454 486/557/488 453/521/453
f 488/559/490 489/560/491 476/546/478
f 448/528/460 470/540/472 455/525/457
f 437/511/443 454/524/456 440/507/439
f 446/515/447 445/514/446 195/210/194
f 467/537/469 465/535/467 470/540/472
f 446/515/447 444/513/445 445/514/446
f 468/538/470 490/561/492 465/535/467
f 438/518/450 446/515/447 466/536/468
f 448/528/460 467/537/469 470/540/472
f 441/508/440 487/558/489 451/517/449
f 473/543/475 468/538/470 467/537/469
f 473/543/475 472/542/474 468/538/470
f 492/562/493 494/563/494 495/564/495
f 491/464/407 492/562/493 495/564/495
f 397/455/398 496/565/496 493/566/497
f 397/455/398 493/566/497 497/567/498
f 397/455/398 497/567/498 398/456/399
f 497/567/498 500/568/499 501/569/500
f 501/569/500 500/568/499 502/570/501
f 504/571/502 284/572/503 285/316/284
f 501/569/500 398/456/399 497/567/498
f 505/573/504 398/456/399 501/569/500
f 506/574/505 501/569/500 502/570/501
f 509/575/506 504/576/502 285/577/284
f 491/464/407 508/578/507 510/579/508
f 508/578/507 491/464/407 407/463/406
f 506/580/505 502/581/501 498/582/509
f 500/568/499 511/583/510 512/584/511
f 503/585/512 499/586/513 507/587/514
f 509/575/506 513/588/515 504/576/502
f 492/562/493 513/588/515 494/563/494
f 514/589/516 513/588/515 492/562/493
f 492/562/493 510/579/508 514/589/516
f 513/588/515 509/575/506 494/563/494
f 515/590/517 510/579/508 508/578/507
f 502/570/501 500/568/499 512/584/511
f 516/591/518 504/576/502 513/588/515
f 502/581/501 512/592/511 498/582/509
f 498/582/509 512/592/511 499/586/513
f 491/464/407 510/579/508 492/562/493
f 515/593/517 430/495/431 505/573/504
f 501/569/500 506/574/505 505/573/504
f 514/589/516 517/594/519 513/588/515
f 515/590/517 508/578/507 430/501/431
f 508/578/507 407/463/406 430/501/431
f 422/487/423 505/573/504 430/495/431
f 505/573/504 506/574/505 515/593/517
f 422/487/423 398/456/399 505/573/504
f 519/595/520 520/596/521 513/588/515
f 516/591/518 513/588/515 520/596/521
f 514/589/516 518/597/522 517/594/519
f 498/582/509 519/595/520 517/594/519
f 518/597/522 514/589/516 510/579/508
f 515/590/517 506/580/505 518/597/522
f 498/582/509 499/586/513 519/595/520
f 513/588/515 517/594/519 519/595/520
f 499/586/513 503/585/512 519/595/520
f 498/582/509 517/594/519 518/597/522
f 518/597/522 510/579/508 515/590/517
f 506/580/505 498/582/509 518/597/522
f 405/506/438 521/598/523 522/599/524
f 527/600/525 525/601/526 474/544/476
f 528/602/527 526/603/528 527/600/525
f 524/604/529 523/605/530 476/546/478
f 476/546/478 523/605/530 435/504/436
f 523/605/530 529/606/531 435/504/436
f 531/607/532 305/344/306 532/608/533
f 532/608/533 305/344/306 256/297/269
f 419/483/420 434/503/435 533/609/534
f 308/348/309 305/344/306 531/607/532
f 521/610/523 472/542/474 535/611/535
f 396/454/397 395/453/396 436/505/437
f 436/505/437 435/504/436 396/454/397
f 521/598/523 535/612/535 522/599/524
f 533/609/534 308/348/309 534/613/536
f 533/609/534 434/503/435 308/348/309
f 392/450/393 400/459/402 528/602/527
f 396/454/397 529/606/531 530/614/537
f 435/504/436 392/450/393 528/602/527
f 396/454/397 435/504/436 529/606/531
f 533/609/534 411/467/410 419/483/420
f 529/606/531 536/615/538 530/614/537
f 534/613/536 538/616/539 533/609/534
f 538/616/539 539/617/540 412/468/411
f 411/467/410 538/616/539 412/468/411
f 411/467/410 533/609/534 538/616/539
f 539/617/540 537/618/541 521/610/523
f 405/619/438 412/468/411 540/620/542
f 522/599/524 541/621/543 405/506/438
f 528/602/527 400/459/402 526/603/528
f 397/455/398 396/454/397 530/614/537
f 541/621/543 400/459/402 399/458/401
f 400/459/402 541/621/543 526/603/528
f 541/621/543 525/601/526 526/603/528
f 525/601/526 541/621/543 522/599/524
f 522/599/524 535/612/535 525/601/526
f 474/544/476 476/546/478 527/600/525
f 525/601/526 480/550/482 474/544/476
f 532/608/533 256/297/269 243/272/244
f 537/618/541 490/561/492 468/538/470
f 458/527/459 242/271/243 244/273/245
f 531/607/532 532/608/533 542/622/544
f 532/608/533 243/272/244 542/622/544
f 542/622/544 243/272/244 242/271/243
f 531/607/532 542/622/544 543/623/545
f 534/613/536 308/348/309 543/623/545
f 242/271/243 458/527/459 542/622/544
f 308/348/309 531/607/532 543/623/545
f 534/613/536 543/623/545 490/561/492
f 541/621/543 399/458/401 405/506/438
f 542/622/544 462/532/464 543/623/545
f 490/561/492 543/623/545 462/532/464
f 472/542/474 521/610/523 537/618/541
f 462/532/464 542/622/544 458/527/459
f 521/610/523 540/620/542 539/617/540
f 472/542/474 471/541/473 535/611/535
f 458/527/459 244/273/245 336/386/336
f 537/618/541 468/538/470 472/542/474
f 540/620/542 412/468/411 539/617/540
f 465/535/467 490/561/492 462/532/464
f 535/612/535 471/624/473 480/550/482
f 435/504/436 528/602/527 527/600/525
f 535/612/535 480/550/482 525/601/526
f 539/617/540 538/616/539 534/613/536
f 534/613/536 544/625/546 539/617/540
f 525/601/526 527/600/525 526/603/528
f 544/625/546 534/613/536 490/561/492
f 476/546/478 435/504/436 527/600/525
f 405/619/438 540/620/542 521/610/523
f 537/618/541 544/625/546 490/561/492
f 539/617/540 544/625/546 537/618/541
f 550/626/547 546/627/548 551/628/549
f 551/628/549 546/627/548 545/629/550
f 549/630/551 552/631/552 545/629/550
f 553/632/553 554/633/554 555/634/555
f 556/635/556 545/629/550 552/631/552
f 557/636/557 551/628/549 556/635/556
f 551/628/549 558/637/558 559/638/559
f 552/631/552 557/636/557 556/635/556
f 546/627/548 550/626/547 560/639/560
f 561/640/561 551/628/549 557/636/557
f 558/641/558 562/642/562 559/643/559
f 556/635/556 551/628/549 545/629/550
f 559/643/559 562/642/562 550/644/547
f 562/642/562 563/645/563 550/644/547
f 550/626/547 551/628/549 559/638/559
f 558/637/558 551/628/549 564/646/564
f 564/647/564 565/648/565 566/649/566
f 562/642/562 558/641/558 566/649/566
f 564/646/564 551/628/549 561/640/561
f 558/641/558 564/647/564 566/649/566
f 562/642/562 566/649/566 106/111/102
f 137/145/134 567/650/567 106/111/102
f 562/642/562 568/651/568 563/645/563
f 563/645/563 567/650/567 569/652/569
f 562/642/562 106/111/102 568/651/568
f 568/651/568 567/650/567 563/645/563
f 546/627/548 560/639/560 555/634/555
f 106/111/102 567/650/567 568/651/568
f 553/632/553 572/653/570 573/654/571
f 555/634/555 560/639/560 553/632/553
f 554/633/554 553/632/553 573/654/571
f 570/655/572 555/634/555 554/633/554
f 571/656/573 574/657/574 575/658/575
f 576/659/576 577/660/577 578/661/578
f 575/658/575 579/662/579 571/656/573
f 554/633/554 573/654/571 576/659/576
f 573/654/571 580/663/580 576/659/576
f 576/659/576 578/661/578 554/633/554
f 574/657/574 571/656/573 570/655/572
f 581/664/581 579/662/579 582/665/582
f 605/666/583 583/667/584 581/664/581
f 605/666/583 549/630/551 583/667/584
f 574/657/574 584/668/585 585/669/586
f 584/668/585 586/670/587 585/669/586
f 579/662/579 583/667/584 571/656/573
f 583/667/584 579/662/579 581/664/581
f 582/665/582 579/662/579 588/671/588
f 589/672/589 590/673/590 588/671/588
f 589/672/589 575/658/575 585/669/586
f 585/669/586 575/658/575 574/657/574
f 575/658/575 588/671/588 579/662/579
f 585/669/586 586/670/587 591/674/591
f 591/674/591 548/675/592 590/673/590
f 575/658/575 589/672/589 588/671/588
f 589/672/589 585/669/586 591/674/591
f 590/673/590 589/672/589 591/674/591
f 590/673/590 592/676/593 588/671/588
f 590/673/590 548/675/592 547/677/594
f 547/677/594 592/676/593 590/673/590
f 578/661/578 584/668/585 574/657/574
f 586/670/587 597/678/595 591/674/591
f 598/679/596 593/680/597 594/681/598
f 548/675/592 593/680/597 598/679/596
f 587/682/599 555/634/555 570/655/572
f 545/629/550 587/682/599 583/667/584
f 599/683/600 595/684/601 596/685/602
f 578/661/578 570/655/572 554/633/554
f 583/667/584 587/682/599 571/656/573
f 570/655/572 578/661/578 574/657/574
f 600/686/603 593/680/597 595/684/601
f 602/687/604 603/688/605 592/676/593
f 546/627/548 587/682/599 545/629/550
f 588/671/588 592/676/593 603/688/605
f 595/684/601 593/680/597 548/675/592
f 605/666/583 604/689/606 549/630/551
f 570/655/572 571/656/573 587/682/599
f 606/690/607 581/664/581 607/691/608
f 549/630/551 545/629/550 583/667/584
f 578/661/578 577/660/577 584/668/585
f 546/627/548 555/634/555 587/682/599
f 581/664/581 606/690/607 605/666/583
f 597/678/595 586/670/587 577/660/577
f 584/668/585 577/660/577 586/670/587
f 603/688/605 582/665/582 588/671/588
f 591/674/591 608/692/609 609/693/610
f 134/141/131 119/128/119 611/694/611
f 576/659/576 612/695/612 577/660/577
f 606/690/607 607/691/608 613/696/613
f 609/693/610 548/675/592 591/674/591
f 581/664/581 582/665/582 607/691/608
f 597/678/595 614/697/614 608/692/609
f 608/692/609 595/684/601 548/675/592
f 609/693/610 608/692/609 548/675/592
f 548/675/592 598/679/596 547/677/594
f 614/697/614 595/684/601 608/692/609
f 608/692/609 591/674/591 597/678/595
f 577/660/577 612/695/612 617/698/615
f 617/698/615 614/697/614 597/678/595
f 577/660/577 617/698/615 597/678/595
f 122/123/114 618/699/616 611/694/611
f 621/700/617 619/701/618 615/702/619
f 610/703/620 604/689/606 622/704/621
f 611/694/611 119/128/119 122/123/114
f 614/697/614 596/685/602 595/684/601
f 617/698/615 623/705/622 614/697/614
f 624/706/623 121/125/116 116/121/112
f 620/707/624 625/708/625 626/709/626
f 617/698/615 612/695/612 623/705/622
f 620/707/624 121/125/116 625/708/625
f 121/125/116 620/707/624 122/123/114
f 622/704/621 604/689/606 605/666/583
f 623/705/622 627/710/627 614/697/614
f 628/711/628 629/712/629 630/713/630
f 614/697/614 627/710/627 596/685/602
f 550/626/547 628/711/628 560/639/560
f 631/714/631 632/715/632 630/713/630
f 550/626/547 629/712/629 628/711/628
f 553/632/553 560/639/560 628/711/628
f 628/711/628 630/713/630 572/653/570
f 553/632/553 628/711/628 572/653/570
f 563/645/563 629/716/629 550/644/547
f 563/645/563 633/717/633 629/716/629
f 634/718/634 122/123/114 620/707/624
f 633/717/633 631/719/631 629/716/629
f 629/712/629 631/714/631 630/713/630
f 121/125/116 624/706/623 625/708/625
f 572/653/570 630/713/630 635/720/635
f 572/653/570 635/720/635 580/663/580
f 576/659/576 580/663/580 636/721/636
f 573/654/571 572/653/570 580/663/580
f 632/715/632 79/84/77 86/92/84
f 632/715/632 635/720/635 630/713/630
f 635/720/635 636/721/636 580/663/580
f 80/85/78 632/715/632 631/714/631
f 635/720/635 632/715/632 86/92/84
f 622/704/621 605/666/583 606/690/607
f 80/87/78 631/719/631 77/81/75
f 638/722/637 621/700/617 615/702/619
f 80/85/78 79/84/77 632/715/632
f 87/180/164 77/81/75 88/146/135
f 633/717/633 569/652/569 631/719/631
f 137/145/134 88/146/135 567/650/567
f 576/659/576 636/721/636 612/695/612
f 635/720/635 637/723/638 636/721/636
f 569/652/569 88/146/135 77/81/75
f 633/717/633 563/645/563 569/652/569
f 640/724/639 94/99/90 99/104/95
f 624/706/623 116/121/112 641/725/640
f 569/652/569 77/81/75 631/719/631
f 639/726/641 552/631/552 604/689/606
f 639/726/641 557/636/557 552/631/552
f 552/631/552 549/630/551 604/689/606
f 641/725/640 642/727/642 624/706/623
f 112/117/108 641/725/640 116/121/112
f 567/650/567 88/146/135 569/652/569
f 641/725/640 112/117/108 111/116/107
f 111/116/107 642/727/642 641/725/640
f 86/92/84 94/99/90 635/720/635
f 624/706/623 642/727/642 644/728/643
f 645/729/644 626/709/626 624/706/623
f 644/728/643 642/727/642 113/118/109
f 625/708/625 624/706/623 626/709/626
f 642/727/642 111/116/107 113/118/109
f 635/720/635 94/99/90 637/723/638
f 624/706/623 644/728/643 645/729/644
f 610/703/620 646/730/645 643/731/646
f 644/728/643 113/118/109 647/732/647
f 648/733/648 645/729/644 644/728/643
f 83/89/81 86/92/84 85/91/83
f 645/729/644 649/734/649 626/709/626
f 104/109/100 647/732/647 108/113/104
f 83/89/81 98/103/94 86/92/84
f 647/732/647 113/118/109 108/113/104
f 86/92/84 98/103/94 94/99/90
f 650/735/650 639/726/641 604/689/606
f 104/109/100 106/111/102 647/732/647
f 636/721/636 637/723/638 612/695/612
f 610/703/620 622/704/621 646/730/645
f 637/723/638 623/705/622 612/695/612
f 651/736/651 622/704/621 606/690/607
f 137/145/134 106/111/102 103/108/99
f 565/648/565 652/737/652 647/732/647
f 648/733/648 644/728/643 652/737/652
f 637/723/638 640/724/639 627/710/627
f 565/648/565 647/732/647 566/649/566
f 566/649/566 647/732/647 106/111/102
f 564/647/564 652/737/652 565/648/565
f 623/705/622 637/723/638 627/710/627
f 637/723/638 94/99/90 640/724/639
f 652/737/652 644/728/643 647/732/647
f 627/710/627 640/724/639 596/685/602
f 94/99/90 98/103/94 70/74/68
f 653/738/653 616/739/654 654/740/655
f 656/741/656 657/742/657 658/743/658
f 659/744/659 656/741/656 658/743/658
f 657/742/657 656/741/656 660/745/660
f 661/746/661 659/744/659 658/743/658
f 660/745/660 656/741/656 662/747/662
f 662/747/662 656/741/656 664/748/663
f 663/749/664 655/750/665 654/740/655
f 665/751/666 666/752/667 653/738/653
f 655/750/665 663/749/664 665/751/666
f 665/751/666 663/749/664 667/753/668
f 669/754/669 670/755/670 671/756/671
f 671/756/671 663/749/664 668/757/672
f 669/754/669 672/758/673 670/755/670
f 663/749/664 671/756/671 667/753/668
f 671/756/671 673/759/674 667/753/668
f 671/756/671 670/755/670 673/759/674
f 674/760/675 667/753/668 673/759/674
f 673/759/674 670/755/670 675/761/676
f 660/745/660 489/560/491 657/742/657
f 616/739/654 638/722/637 615/702/619
f 638/722/637 616/739/654 676/762/677
f 664/748/663 677/763/678 662/747/662
f 658/743/658 657/742/657 489/560/491
f 678/764/679 679/765/680 676/762/677
f 664/748/663 656/741/656 659/744/659
f 676/762/677 679/765/680 638/722/637
f 489/560/491 488/559/490 658/743/658
f 680/766/681 658/743/658 488/559/490
f 134/141/131 611/694/611 681/767/682
f 677/763/678 664/748/663 659/744/659
f 682/768/683 666/752/667 665/751/666
f 681/767/682 611/694/611 683/769/684
f 681/767/682 135/142/132 134/141/131
f 681/767/682 442/510/442 135/142/132
f 676/762/677 653/738/653 666/752/667
f 397/455/398 687/770/685 496/565/496
f 616/739/654 653/738/653 676/762/677
f 653/738/653 654/740/655 655/750/665
f 653/738/653 655/750/665 665/751/666
f 687/770/685 684/771/686 496/565/496
f 674/760/675 690/772/687 689/773/688
f 689/773/688 665/751/666 667/753/668
f 676/762/677 666/752/667 678/764/679
f 678/764/679 666/752/667 682/768/683
f 690/772/687 674/760/675 673/759/674
f 667/753/668 674/760/675 689/773/688
f 687/770/685 397/455/398 530/614/537
f 685/774/689 684/771/686 687/770/685
f 689/773/688 690/772/687 691/775/690
f 673/759/674 675/761/676 690/772/687
f 685/774/689 687/770/685 536/615/538
f 686/776/691 678/764/679 682/768/683
f 690/772/687 693/777/692 691/775/690
f 665/751/666 689/773/688 682/768/683
f 685/774/689 536/615/538 695/778/693
f 695/778/693 696/779/694 694/780/695
f 694/780/695 696/779/694 697/781/696
f 698/782/697 694/780/695 697/781/696
f 700/783/698 699/784/699 697/781/696
f 696/779/694 701/785/700 697/781/696
f 536/615/538 687/770/685 530/614/537
f 689/773/688 692/786/701 682/768/683
f 701/785/700 700/783/698 697/781/696
f 702/787/702 679/765/680 678/764/679
f 524/604/529 703/788/703 523/605/530
f 529/606/531 703/788/703 536/615/538
f 523/605/530 703/788/703 529/606/531
f 703/788/703 695/778/693 536/615/538
f 688/789/704 702/787/702 678/764/679
f 686/776/691 682/768/683 692/786/701
f 703/788/703 524/604/529 695/778/693
f 686/776/691 692/786/701 704/790/705
f 686/776/691 706/791/706 678/764/679
f 695/778/693 694/780/695 685/774/689
f 524/604/529 696/779/694 695/778/693
f 524/604/529 705/792/707 696/779/694
f 524/604/529 476/546/478 489/560/491
f 696/779/694 707/793/708 701/785/700
f 707/793/708 696/779/694 705/792/707
f 707/793/708 708/794/709 701/785/700
f 705/792/707 708/794/709 707/793/708
f 524/604/529 489/560/491 705/792/707
f 705/792/707 489/560/491 708/794/709
f 708/794/709 660/745/660 710/795/710
f 660/745/660 708/794/709 489/560/491
f 702/787/702 688/789/704 677/763/678
f 700/783/698 712/796/711 713/797/712
f 701/785/700 709/798/713 712/796/711
f 701/785/700 708/794/709 709/798/713
f 712/796/711 714/799/714 713/797/712
f 701/785/700 712/796/711 700/783/698
f 712/796/711 709/798/713 714/799/714
f 709/798/713 708/794/709 711/800/715
f 714/799/714 709/798/713 711/800/715
f 710/795/710 660/745/660 662/747/662
f 706/791/706 688/789/704 678/764/679
f 714/799/714 716/801/716 715/802/717
f 677/763/678 688/789/704 662/747/662
f 688/789/704 706/791/706 662/747/662
f 716/801/716 719/803/718 715/802/717
f 717/804/719 719/803/718 716/801/716
f 717/804/719 704/790/705 691/775/690
f 704/790/705 710/795/710 706/791/706
f 692/786/701 691/775/690 704/790/705
f 717/804/719 693/777/692 719/803/718
f 691/775/690 693/777/692 717/804/719
f 692/786/701 689/773/688 691/775/690
f 713/797/712 714/799/714 715/802/717
f 714/799/714 711/800/715 716/801/716
f 704/790/705 716/801/716 710/795/710
f 662/747/662 706/791/706 710/795/710
f 716/801/716 704/790/705 717/804/719
f 711/800/715 708/794/709 710/795/710
f 716/801/716 711/800/715 710/795/710
f 706/791/706 686/776/691 704/790/705
f 684/771/686 685/774/689 720/805/720
f 721/806/721 722/807/722 723/808/723
f 684/771/686 720/805/720 724/809/724
f 672/758/673 723/808/723 670/755/670
f 720/805/720 685/774/689 698/782/697
f 670/755/670 723/808/723 675/761/676
f 722/807/722 726/810/725 675/761/676
f 725/811/726 721/806/721 723/808/723
f 723/808/723 722/807/722 675/761/676
f 727/812/727 728/813/728 729/814/729
f 722/807/722 727/812/727 729/814/729
f 722/807/722 729/814/729 726/810/725
f 732/815/730 730/816/731 728/813/728
f 698/782/697 733/817/732 720/805/720
f 698/782/697 685/774/689 694/780/695
f 735/818/733 507/587/514 734/819/734
f 736/820/735 675/761/676 726/810/725
f 675/761/676 736/820/735 690/772/687
f 734/821/734 507/822/514 737/823/736
f 693/777/692 690/772/687 736/820/735
f 493/566/497 496/565/496 497/567/498
f 738/824/737 736/820/735 739/825/738
f 726/810/725 729/814/729 736/820/735
f 736/820/735 738/824/737 693/777/692
f 500/568/499 497/567/498 511/583/510
f 496/565/496 684/771/686 741/826/739
f 736/820/735 729/814/729 739/825/738
f 738/824/737 742/827/740 718/828/741
f 496/565/496 741/826/739 497/567/498
f 741/826/739 511/583/510 497/567/498
f 744/829/742 733/817/732 698/782/697
f 739/825/738 728/813/728 745/830/743
f 738/824/737 739/825/738 742/827/740
f 741/826/739 684/771/686 724/809/724
f 746/831/744 747/832/745 748/833/746
f 746/831/744 742/827/740 739/825/738
f 697/781/696 744/829/742 698/782/697
f 512/584/511 749/834/747 499/835/513
f 507/822/514 749/834/747 737/823/736
f 512/584/511 511/583/510 749/834/747
f 737/823/736 750/836/748 740/837/749
f 749/834/747 511/583/510 741/826/739
f 749/834/747 507/822/514 499/835/513
f 750/836/748 737/823/736 741/826/739
f 750/836/748 741/826/739 724/809/724
f 750/836/748 751/838/750 743/839/751
f 750/836/748 743/839/751 740/837/749
f 750/836/748 724/809/724 751/838/750
f 719/803/718 693/777/692 718/828/741
f 741/826/739 737/823/736 749/834/747
f 718/828/741 742/827/740 746/831/744
f 693/777/692 738/824/737 718/828/741
f 743/839/751 753/840/752 754/841/753
f 753/840/752 743/839/751 755/842/754
f 740/837/749 754/841/753 756/843/755
f 744/829/742 697/781/696 699/784/699
f 740/837/749 743/839/751 754/841/753
f 758/844/756 753/840/752 755/842/754
f 751/838/750 758/844/756 755/842/754
f 763/845/757 753/840/752 759/846/758
f 733/817/732 751/838/750 720/805/720
f 751/838/750 733/817/732 758/844/756
f 724/809/724 720/805/720 751/838/750
f 718/828/741 746/831/744 752/847/759
f 733/817/732 759/846/758 758/844/756
f 715/802/717 719/803/718 718/828/741
f 733/817/732 744/829/742 760/848/760
f 718/828/741 752/847/759 715/802/717
f 739/825/738 729/814/729 728/813/728
f 759/846/758 733/817/732 760/848/760
f 763/845/757 764/849/761 765/850/762
f 767/851/763 713/797/712 715/802/717
f 767/851/763 752/847/759 768/852/764
f 765/850/762 762/853/765 763/845/757
f 752/847/759 767/851/763 715/802/717
f 753/840/752 763/845/757 757/854/766
f 764/849/761 759/846/758 760/848/760
f 728/813/728 730/816/731 769/855/767
f 760/848/760 770/856/768 771/857/769
f 764/849/761 772/858/770 765/850/762
f 751/838/750 755/842/754 743/839/751
f 760/848/760 744/829/742 773/859/771
f 771/857/769 772/858/770 764/849/761
f 759/846/758 764/849/761 763/845/757
f 760/848/760 773/859/771 770/856/768
f 764/849/761 760/848/760 771/857/769
f 699/784/699 774/860/772 773/859/771
f 768/852/764 774/860/772 761/861/773
f 768/852/764 770/856/768 773/859/771
f 713/797/712 767/851/763 761/861/773
f 771/857/769 776/862/774 772/858/770
f 776/862/774 777/863/775 772/858/770
f 759/846/758 753/840/752 758/844/756
f 775/864/776 770/856/768 768/852/764
f 761/861/773 767/851/763 768/852/764
f 766/865/777 739/825/738 745/830/743
f 774/860/772 768/852/764 773/859/771
f 777/863/775 778/866/778 779/867/779
f 699/784/699 700/783/698 761/861/773
f 776/862/774 778/866/778 777/863/775
f 778/866/778 780/868/780 779/867/779
f 761/861/773 700/783/698 713/797/712
f 745/830/743 728/813/728 769/855/767
f 761/861/773 774/860/772 699/784/699
f 769/855/767 730/816/731 782/869/781
f 783/870/782 780/868/780 781/871/783
f 784/872/784 770/856/768 775/864/776
f 784/872/784 771/857/769 770/856/768
f 784/872/784 776/862/774 771/857/769
f 785/873/785 778/866/778 784/872/784
f 748/833/746 785/873/785 784/872/784
f 768/852/764 752/847/759 775/864/776
f 784/872/784 775/864/776 748/833/746
f 785/873/785 780/868/780 778/866/778
f 747/832/745 785/873/785 748/833/746
f 780/868/780 785/873/785 747/832/745
f 775/864/776 752/847/759 748/833/746
f 784/872/784 778/866/778 776/862/774
f 748/833/746 752/847/759 746/831/744
f 780/868/780 786/874/786 781/871/783
f 766/865/777 780/868/780 747/832/745
f 781/871/783 786/874/786 745/830/743
f 766/865/777 745/830/743 780/868/780
f 745/830/743 786/874/786 780/868/780
f 766/865/777 746/831/744 739/825/738
f 744/829/742 699/784/699 773/859/771
f 747/832/745 746/831/744 766/865/777
f 781/871/783 782/869/781 787/875/787
f 781/871/783 769/855/767 782/869/781
f 745/830/743 769/855/767 781/871/783
f 788/876/788 789/877/789 790/878/790
f 795/879/791 796/880/792 797/881/793
f 622/704/621 799/882/794 646/730/645
f 800/883/795 788/876/788 801/884/796
f 799/882/794 806/885/797 795/879/791
f 807/886/798 808/887/799 794/888/800
f 808/887/799 643/731/646 794/888/800
f 805/889/801 809/890/802 804/891/803
f 796/880/792 795/879/791 806/885/797
f 799/882/794 795/879/791 646/730/645
f 643/731/646 646/730/645 794/888/800
f 794/888/800 646/730/645 795/879/791
f 795/879/791 807/886/798 794/888/800
f 810/892/804 801/884/796 809/890/802
f 802/893/805 811/894/806 812/895/807
f 807/886/798 795/879/791 797/881/793
f 801/884/796 804/891/803 809/890/802
f 798/896/808 807/886/798 797/881/793
f 801/884/796 791/897/809 804/891/803
f 798/898/808 797/899/793 619/701/618
f 788/876/788 791/897/809 801/884/796
f 796/900/792 814/901/810 797/899/793
f 619/701/618 797/899/793 814/901/810
f 615/702/619 619/701/618 654/740/655
f 788/876/788 790/878/790 791/897/809
f 815/902/811 813/903/812 603/688/605
f 798/898/808 619/701/618 621/700/617
f 791/897/809 793/904/813 804/891/803
f 598/679/596 594/681/598 817/905/814
f 594/681/598 818/906/815 792/907/816
f 607/691/608 813/903/812 613/696/613
f 613/696/613 813/903/812 816/908/817
f 613/696/613 651/736/651 606/690/607
f 815/902/811 603/688/605 602/687/604
f 813/903/812 607/691/608 603/688/605
f 602/687/604 547/677/594 598/679/596
f 607/691/608 582/665/582 603/688/605
f 802/893/805 812/895/807 820/909/818
f 821/910/819 602/687/604 819/911/820
f 800/883/795 822/912/821 789/877/789
f 822/912/821 815/902/811 821/910/819
f 602/687/604 592/676/593 547/677/594
f 815/902/811 602/687/604 821/910/819
f 816/908/817 813/903/812 815/902/811
f 822/912/821 821/910/819 824/913/822
f 821/910/819 790/878/790 824/913/822
f 822/912/821 823/914/823 816/908/817
f 811/894/806 823/914/823 825/915/824
f 822/912/821 824/913/822 789/877/789
f 824/913/822 790/878/790 789/877/789
f 799/882/794 622/704/621 651/736/651
f 826/916/825 827/917/826 825/915/824
f 800/883/795 826/916/825 825/915/824
f 800/883/795 825/915/824 823/914/823
f 800/883/795 801/884/796 826/916/825
f 800/883/795 823/914/823 822/912/821
f 823/914/823 811/894/806 816/908/817
f 802/893/805 803/918/827 811/894/806
f 803/918/827 816/908/817 811/894/806
f 828/919/828 672/758/673 829/920/829
f 789/877/789 788/876/788 800/883/795
f 829/920/829 672/758/673 669/754/669
f 796/880/792 803/918/827 802/893/805
f 830/921/830 671/756/671 668/757/672
f 830/921/830 669/754/669 671/756/671
f 651/736/651 816/908/817 806/885/797
f 799/882/794 651/736/651 806/885/797
f 796/880/792 816/908/817 803/918/827
f 651/736/651 613/696/613 816/908/817
f 829/920/829 669/754/669 832/922/831
f 831/923/832 809/890/802 805/889/801
f 669/754/669 830/921/830 832/922/831
f 831/924/832 829/920/829 832/922/831
f 830/921/830 668/757/672 832/922/831
f 833/925/833 831/924/832 832/922/831
f 668/757/672 833/925/833 832/922/831
f 815/902/811 822/912/821 816/908/817
f 810/892/804 809/890/802 831/923/832
f 833/926/833 810/892/804 831/923/832
f 826/916/825 801/884/796 810/892/804
f 816/908/817 796/880/792 806/885/797
f 819/911/820 602/687/604 598/679/596
f 827/917/826 811/894/806 825/915/824
f 790/878/790 792/907/816 793/904/813
f 821/910/819 817/905/814 790/878/790
f 819/911/820 817/905/814 821/910/819
f 791/897/809 790/878/790 793/904/813
f 598/679/596 817/905/814 819/911/820
f 792/907/816 790/878/790 817/905/814
f 820/927/818 814/901/810 796/900/792
f 812/895/807 811/894/806 827/917/826
f 616/739/654 615/702/619 654/740/655
f 663/749/664 835/928/834 668/757/672
f 796/880/792 802/893/805 820/909/818
f 654/740/655 814/901/810 834/929/835
f 834/929/835 663/749/664 654/740/655
f 654/740/655 619/701/618 814/901/810
f 820/909/818 812/895/807 827/917/826
f 817/905/814 594/681/598 792/907/816
f 668/757/672 835/928/834 834/929/835
f 818/906/815 594/681/598 593/680/597
f 814/901/810 820/927/818 834/929/835
f 836/930/836 833/925/833 834/929/835
f 833/926/833 826/916/825 810/892/804
f 833/925/833 668/757/672 834/929/835
f 827/917/826 833/926/833 836/931/836
f 834/929/835 835/928/834 663/749/664
f 826/916/825 833/926/833 827/917/826
f 820/927/818 836/930/836 834/929/835
f 820/909/818 827/917/826 836/931/836
f 818/906/815 593/680/597 601/932/837
f 596/685/602 640/724/639 843/933/838
f 844/934/839 845/935/840 842/936/841
f 640/724/639 99/104/95 196/211/195
f 601/932/837 846/937/842 818/906/815
f 840/938/843 847/939/844 837/940/845
f 848/941/846 847/939/844 849/942/847
f 842/936/841 845/935/840 850/943/848
f 818/906/815 851/944/849 844/934/839
f 844/934/839 792/907/816 818/906/815
f 805/889/801 804/891/803 838/945/850
f 846/937/842 851/944/849 818/906/815
f 844/934/839 851/944/849 845/935/840
f 838/945/850 793/904/813 840/938/843
f 793/904/813 792/907/816 840/938/843
f 792/907/816 844/934/839 840/938/843
f 838/945/850 804/891/803 793/904/813
f 844/934/839 842/936/841 840/938/843
f 203/251/229 852/252/230 856/946/851
f 829/947/829 831/923/832 805/889/801
f 203/251/229 856/946/851 853/948/852
f 829/947/829 805/889/801 854/949/853
f 805/889/801 838/945/850 839/950/854
f 805/889/801 839/950/854 854/949/853
f 204/217/201 203/251/229 208/220/204
f 208/220/204 203/251/229 853/948/852
f 849/942/847 855/951/855 858/952/856
f 209/221/205 861/953/857 202/219/203
f 209/221/205 208/220/204 853/948/852
f 856/946/851 857/954/858 864/955/859
f 854/949/853 828/956/828 829/947/829
f 209/221/205 853/948/852 864/955/859
f 859/957/860 864/955/859 853/948/852
f 856/946/851 859/957/860 853/948/852
f 864/955/859 863/958/861 861/953/857
f 867/959/862 868/960/863 861/953/857
f 865/961/864 861/953/857 863/958/861
f 864/955/859 861/953/857 209/221/205
f 862/962/865 202/219/203 861/953/857
f 867/959/862 861/953/857 865/961/864
f 862/962/865 861/953/857 868/960/863
f 864/955/859 859/957/860 856/946/851
f 841/963/866 855/951/855 849/942/847
f 869/964/867 870/965/868 871/966/869
f 854/967/853 866/968/870 828/919/828
f 870/965/868 869/964/867 857/954/858
f 672/758/673 725/811/726 723/808/723
f 828/919/828 725/811/726 672/758/673
f 828/919/828 866/968/870 725/811/726
f 857/954/858 873/969/871 870/965/868
f 721/806/721 725/811/726 866/968/870
f 858/952/856 872/970/872 1633/971/873
f 874/972/874 869/964/867 876/973/875
f 860/974/876 858/952/856 1633/971/873
f 865/961/864 869/964/867 874/972/874
f 871/966/869 876/973/875 869/964/867
f 876/973/875 877/975/877 874/972/874
f 877/975/877 878/976/878 874/972/874
f 855/951/855 876/973/875 871/966/869
f 872/970/872 855/951/855 871/966/869
f 850/943/848 879/977/879 855/951/855
f 858/952/856 855/951/855 872/970/872
f 879/977/879 876/973/875 855/951/855
f 850/943/848 855/951/855 841/963/866
f 880/978/880 877/975/877 876/973/875
f 881/979/881 876/973/875 879/977/879
f 881/979/881 880/978/880 876/973/875
f 881/979/881 879/977/879 850/943/848
f 857/954/858 869/964/867 865/961/864
f 880/978/880 850/943/848 845/935/840
f 842/936/841 850/943/848 841/963/866
f 863/958/861 864/955/859 857/954/858
f 850/943/848 880/978/880 881/979/881
f 857/954/858 865/961/864 863/958/861
f 878/976/878 865/961/864 874/972/874
f 867/959/862 877/975/877 882/980/882
f 867/959/862 865/961/864 878/976/878
f 851/944/849 882/980/882 880/978/880
f 867/959/862 878/976/878 877/975/877
f 882/980/882 851/944/849 883/981/883
f 884/982/884 875/983/885 885/984/886
f 595/684/601 599/683/600 600/686/603
f 593/680/597 600/686/603 601/932/837
f 846/937/842 883/981/883 851/944/849
f 601/932/837 600/686/603 883/981/883
f 846/937/842 601/932/837 883/981/883
f 600/686/603 886/985/887 883/981/883
f 839/950/854 838/945/850 837/940/845
f 840/938/843 842/936/841 847/939/844
f 883/981/883 886/985/887 882/980/882
f 599/683/600 886/985/887 600/686/603
f 886/985/887 843/933/838 882/980/882
f 845/935/840 851/944/849 880/978/880
f 843/933/838 599/683/600 596/685/602
f 885/986/886 732/815/730 731/987/888
f 843/933/838 886/985/887 599/683/600
f 847/939/844 839/950/854 837/940/845
f 875/983/885 888/988/889 885/984/886
f 839/950/854 847/939/844 887/989/890
f 843/933/838 640/724/639 862/962/865
f 867/959/862 882/980/882 862/962/865
f 731/987/888 732/815/730 728/813/728
f 882/980/882 843/933/838 862/962/865
f 847/939/844 848/941/846 887/989/890
f 889/990/891 884/991/884 731/987/888
f 867/959/862 862/962/865 868/960/863
f 196/211/195 862/962/865 640/724/639
f 882/980/882 877/975/877 880/978/880
f 839/992/854 887/993/890 889/990/891
f 196/211/195 202/219/203 862/962/865
f 854/967/853 839/992/854 889/990/891
f 721/806/721 727/812/727 722/807/722
f 889/990/891 721/806/721 866/968/870
f 889/990/891 731/987/888 727/812/727
f 728/813/728 727/812/727 731/987/888
f 889/990/891 727/812/727 721/806/721
f 849/942/847 875/983/885 848/941/846
f 858/952/856 860/974/876 875/983/885
f 885/986/886 731/987/888 884/991/884
f 849/942/847 858/952/856 875/983/885
f 847/939/844 841/963/866 849/942/847
f 842/936/841 841/963/866 847/939/844
f 840/938/843 837/940/845 838/945/850
f 866/968/870 854/967/853 889/990/891
f 887/993/890 884/991/884 889/990/891
f 875/983/885 884/982/884 848/941/846
f 887/989/890 848/941/846 884/982/884
f 892/994/892 893/995/893 894/996/894
f 896/997/895 944/998/896 897/999/897
f 898/1000/898 899/1001/899 900/1002/900
f 893/995/893 892/994/892 895/1003/901
f 901/1004/902 902/1005/903 894/996/894
f 903/1006/904 904/1007/905 905/1008/906
f 908/1009/907 898/1000/898 900/1002/900
f 909/1010/908 900/1002/900 899/1001/899
f 910/1011/909 911/1012/910 912/1013/911
f 913/1014/912 902/1005/903 901/1004/902
f 899/1001/899 898/1000/898 914/1015/913
f 898/1000/898 908/1009/907 902/1005/903
f 908/1009/907 894/996/894 902/1005/903
f 914/1015/913 917/1016/914 915/1017/915
f 918/1018/916 919/1019/917 913/1014/912
f 914/1015/913 898/1000/898 917/1016/914
f 897/999/897 922/1020/918 923/1021/919
f 902/1005/903 917/1016/914 898/1000/898
f 895/1003/901 918/1018/916 901/1004/902
f 893/995/893 901/1004/902 894/996/894
f 913/1014/912 917/1016/914 902/1005/903
f 928/1022/920 924/1023/921 925/1024/922
f 927/1025/923 890/1026/924 926/1027/925
f 927/1025/923 930/1028/926 890/1026/924
f 973/1029/927 929/1030/928 927/1025/923
f 929/1030/928 930/1028/926 927/1025/923
f 901/1004/902 893/995/893 895/1003/901
f 935/1031/929 936/1032/930 924/1033/921
f 973/1029/927 926/1027/925 937/1034/931
f 937/1034/931 926/1027/925 935/1031/929
f 913/1014/912 901/1004/902 918/1018/916
f 938/1035/932 896/997/895 903/1006/904
f 928/1036/920 937/1034/931 935/1031/929
f 939/1037/933 919/1019/917 918/1018/916
f 937/1034/931 928/1036/920 940/1038/934
f 927/1025/923 926/1027/925 973/1029/927
f 935/1031/929 926/1027/925 936/1032/930
f 931/1039/935 913/1014/912 919/1019/917
f 903/1006/904 896/997/895 923/1021/919
f 924/1033/921 928/1036/920 935/1031/929
f 936/1032/930 941/1040/936 924/1033/921
f 942/1041/937 943/1042/938 944/998/896
f 941/1043/936 925/1024/922 924/1023/921
f 947/1044/939 948/1045/940 920/1046/941
f 942/1041/937 949/1047/942 950/1048/943
f 938/1035/932 903/1006/904 945/1049/944
f 941/1043/936 946/1050/945 925/1024/922
f 896/997/895 932/1051/946 944/998/896
f 946/1050/945 932/1051/946 925/1024/922
f 932/1051/946 945/1049/944 925/1024/922
f 938/1035/932 945/1049/944 932/1051/946
f 897/999/897 923/1021/919 896/997/895
f 952/1052/947 944/998/896 932/1051/946
f 938/1035/932 932/1051/946 896/997/895
f 944/998/896 943/1042/938 897/999/897
f 934/1053/948 954/1054/949 955/1055/950
f 944/998/896 952/1052/947 942/1041/937
f 956/1056/951 957/1057/952 955/1055/950
f 942/1041/937 958/1058/953 943/1042/938
f 959/1059/954 957/1057/952 956/1056/951
f 960/1060/955 961/1061/956 962/1062/957
f 950/1048/943 958/1058/953 942/1041/937
f 964/1063/958 965/1064/959 966/1065/960
f 904/1007/905 903/1006/904 923/1021/919
f 962/1062/957 923/1021/919 963/1066/961
f 971/1067/962 940/1038/934 972/1068/963
f 973/1029/927 974/1069/964 975/1070/965
f 969/1071/966 976/1072/967 977/1073/968
f 973/1029/927 969/1071/966 970/1074/969
f 969/1071/966 973/1029/927 975/1070/965
f 970/1074/969 929/1030/928 973/1029/927
f 923/1021/919 922/1020/918 963/1066/961
f 969/1071/966 975/1070/965 976/1072/967
f 978/1075/970 979/1076/971 980/1077/972
f 912/1013/911 911/1012/910 981/1078/973
f 906/1079/974 911/1012/910 907/1080/975
f 976/1072/967 906/1081/974 977/1073/968
f 974/1069/964 983/1082/976 975/1070/965
f 973/1029/927 984/1083/977 974/1069/964
f 976/1072/967 983/1082/976 985/1084/978
f 922/1020/918 982/1085/979 963/1066/961
f 948/1045/940 986/1086/980 987/1087/981
f 976/1072/967 988/1088/982 981/1089/973
f 982/1085/979 922/1020/918 897/999/897
f 921/1090/983 948/1045/940 987/1087/981
f 983/1082/976 974/1069/964 991/1091/984
f 906/1079/974 976/1092/967 911/1012/910
f 988/1088/982 976/1072/967 985/1084/978
f 911/1012/910 976/1092/967 981/1078/973
f 975/1070/965 983/1082/976 976/1072/967
f 937/1034/931 940/1038/934 984/1083/977
f 971/1067/962 991/1091/984 984/1083/977
f 974/1069/964 984/1083/977 991/1091/984
f 937/1034/931 984/1083/977 973/1029/927
f 992/1093/985 972/1068/963 940/1038/934
f 971/1067/962 984/1083/977 940/1038/934
f 991/1091/984 971/1067/962 983/1082/976
f 993/1094/986 994/1095/987 995/1096/988
f 983/1082/976 971/1067/962 985/1084/978
f 972/1068/963 985/1084/978 971/1067/962
f 962/1062/957 968/1097/989 923/1021/919
f 921/1090/983 920/1046/941 948/1045/940
f 997/1098/990 993/1099/986 998/1100/991
f 988/1088/982 999/1101/992 997/1098/990
f 988/1088/982 985/1084/978 999/1101/992
f 982/1085/979 990/1102/993 963/1066/961
f 981/1089/973 988/1088/982 997/1098/990
f 985/1084/978 972/1068/963 999/1101/992
f 995/1096/988 981/1078/973 998/1103/991
f 928/1022/920 925/1024/922 992/1104/985
f 994/1095/987 993/1094/986 1000/1105/994
f 981/1089/973 997/1098/990 998/1100/991
f 940/1038/934 928/1036/920 992/1093/985
f 998/1103/991 993/1094/986 995/1096/988
f 945/1049/944 953/1106/995 992/1104/985
f 925/1024/922 945/1049/944 992/1104/985
f 999/1101/992 993/1099/986 997/1098/990
f 945/1049/944 903/1006/904 953/1106/995
f 963/1066/961 1002/1107/996 962/1062/957
f 1003/1108/997 933/1109/998 1004/1110/999
f 996/1111/1000 953/1106/995 905/1008/906
f 996/1112/1000 972/1068/963 992/1093/985
f 996/1111/1000 992/1104/985 953/1106/995
f 910/1011/909 907/1080/975 911/1012/910
f 968/1097/989 904/1007/905 923/1021/919
f 995/1096/988 994/1095/987 1001/1113/1001
f 996/1112/1000 905/1114/906 972/1068/963
f 972/1068/963 905/1114/906 999/1101/992
f 1007/1115/1002 1005/1116/1003 1003/1108/997
f 993/1099/986 999/1101/992 905/1114/906
f 933/1109/998 1003/1108/997 1008/1117/1004
f 1006/1118/1005 1009/1119/1006 1007/1115/1002
f 1009/1119/1006 1006/1118/1005 1010/1120/1007
f 1005/1116/1003 1008/1117/1004 1003/1108/997
f 1011/1121/1008 1005/1116/1003 1007/1115/1002
f 933/1109/998 1012/1122/1009 934/1123/948
f 1005/1116/1003 1011/1121/1008 1008/1117/1004
f 933/1109/998 1008/1117/1004 1012/1122/1009
f 905/1124/906 1000/1105/994 993/1094/986
f 1013/1125/1010 910/1011/909 912/1013/911
f 1009/1119/1006 1011/1121/1008 1007/1115/1002
f 994/1095/987 892/994/892 1001/1113/1001
f 912/1013/911 981/1078/973 1001/1113/1001
f 1014/1126/1011 1015/1127/1012 1010/1120/1007
f 1014/1126/1011 1010/1120/1007 1006/1118/1005
f 1013/1125/1010 912/1013/911 1016/1128/1013
f 1017/1129/1014 1015/1127/1012 1014/1126/1011
f 912/1013/911 1001/1113/1001 1016/1128/1013
f 1013/1125/1010 1016/1128/1013 1001/1113/1001
f 908/1009/907 1013/1125/1010 1001/1113/1001
f 1013/1125/1010 909/1010/908 910/1011/909
f 1018/1130/1015 1017/1129/1014 1014/1126/1011
f 1013/1125/1010 900/1002/900 909/1010/908
f 908/1009/907 900/1002/900 1013/1125/1010
f 904/1007/905 968/1097/989 1019/1131/1016
f 1002/1107/996 963/1066/961 990/1102/993
f 1020/1132/1017 1015/1127/1012 1017/1129/1014
f 981/1078/973 995/1096/988 1001/1113/1001
f 1017/1129/1014 1018/1130/1015 1021/1133/1018
f 994/1095/987 895/1003/901 892/994/892
f 1015/1127/1012 1009/1119/1006 1010/1120/1007
f 953/1106/995 903/1006/904 905/1008/906
f 892/994/892 894/996/894 908/1009/907
f 934/1123/948 1012/1122/1009 954/1134/949
f 955/1055/950 954/1054/949 956/1056/951
f 943/1042/938 982/1085/979 897/999/897
f 1019/1131/1016 968/1097/989 1022/1135/1019
f 1023/1136/1020 1008/1117/1004 1011/1121/1008
f 1001/1113/1001 892/994/892 908/1009/907
f 1024/1137/1021 956/1056/951 954/1054/949
f 954/1134/949 1023/1136/1020 1025/1138/1022
f 1008/1117/1004 1023/1136/1020 1012/1122/1009
f 967/1139/1023 964/1063/958 966/1065/960
f 960/1060/955 1026/1140/1024 1024/1137/1021
f 1026/1140/1024 967/1139/1023 1024/1137/1021
f 964/1063/958 1027/1141/1025 965/1064/959
f 1026/1140/1024 964/1063/958 967/1139/1023
f 1012/1122/1009 1023/1136/1020 954/1134/949
f 1011/1121/1008 1028/1142/1026 1023/1136/1020
f 1026/1140/1024 1027/1141/1025 964/1063/958
f 1029/1143/1027 1028/1142/1026 1011/1121/1008
f 1009/1119/1006 1029/1143/1027 1011/1121/1008
f 1027/1141/1025 990/1102/993 978/1075/970
f 1002/1107/996 990/1102/993 1027/1141/1025
f 939/1037/933 1029/1143/1027 1009/1119/1006
f 978/1075/970 980/1077/972 965/1064/959
f 939/1037/933 1009/1119/1006 919/1019/917
f 943/1042/938 958/1058/953 982/1085/979
f 1027/1141/1025 978/1075/970 965/1064/959
f 978/1075/970 990/1102/993 979/1076/971
f 919/1019/917 1009/1119/1006 1015/1127/1012
f 979/1076/971 982/1085/979 958/1058/953
f 1020/1132/1017 1017/1129/1014 919/1019/917
f 919/1019/917 1015/1127/1012 1020/1132/1017
f 1030/1144/1028 1017/1129/1014 915/1017/915
f 931/1039/935 919/1019/917 1030/1144/1028
f 990/1102/993 982/1085/979 979/1076/971
f 915/1017/915 917/1016/914 931/1039/935
f 917/1016/914 913/1014/912 931/1039/935
f 1030/1144/1028 919/1019/917 1017/1129/1014
f 931/1039/935 1030/1144/1028 915/1017/915
f 1024/1137/1021 954/1054/949 960/1060/955
f 1025/1145/1022 1032/1146/1029 960/1060/955
f 915/1017/915 1017/1129/1014 1031/1147/1030
f 1028/1142/1026 1025/1138/1022 1023/1136/1020
f 1028/1142/1026 1033/1148/1031 1032/1149/1029
f 960/1060/955 954/1054/949 1025/1145/1022
f 1033/1148/1031 1034/1150/1032 1032/1149/1029
f 1034/1150/1032 1033/1148/1031 1035/1151/1033
f 1025/1138/1022 1028/1142/1026 1032/1149/1029
f 1027/1141/1025 960/1060/955 1002/1107/996
f 1034/1152/1032 961/1061/956 960/1060/955
f 960/1060/955 962/1062/957 1002/1107/996
f 1029/1143/1027 939/1037/933 1033/1148/1031
f 1033/1148/1031 1028/1142/1026 1029/1143/1027
f 1027/1141/1025 1026/1140/1024 960/1060/955
f 939/1037/933 1035/1151/1033 1033/1148/1031
f 980/1077/972 966/1065/960 965/1064/959
f 961/1061/956 968/1097/989 962/1062/957
f 961/1061/956 1022/1135/1019 968/1097/989
f 1035/1151/1033 939/1037/933 918/1018/916
f 1035/1153/1033 1019/1131/1016 1022/1135/1019
f 1034/1152/1032 960/1060/955 1032/1146/1029
f 1034/1152/1032 1035/1153/1033 961/1061/956
f 1035/1151/1033 918/1018/916 895/1003/901
f 1035/1153/1033 1022/1135/1019 961/1061/956
f 1035/1151/1033 895/1003/901 1019/1154/1016
f 1000/1105/994 1019/1154/1016 895/1003/901
f 905/1008/906 1019/1131/1016 1000/1155/994
f 895/1003/901 994/1095/987 1000/1105/994
f 1019/1131/1016 905/1008/906 904/1007/905
f 1037/1156/1034 1036/1157/1035 1038/1158/1036
f 1039/1159/1037 1036/1157/1035 958/1058/953
f 980/1077/972 1037/1156/1034 966/1065/960
f 950/1048/943 1041/1160/1038 1039/1159/1037
f 1042/1161/1039 1043/1162/1040 1038/1158/1036
f 979/1076/971 1036/1157/1035 980/1077/972
f 1039/1159/1037 958/1058/953 950/1048/943
f 1038/1158/1036 1036/1157/1035 1039/1159/1037
f 958/1058/953 1036/1157/1035 979/1076/971
f 921/1090/983 1044/1163/1041 1045/1164/1042
f 1036/1157/1035 1037/1156/1034 980/1077/972
f 921/1090/983 1045/1164/1042 920/1046/941
f 1044/1165/1041 1048/1166/1043 1047/1167/1044
f 1048/1166/1043 1049/1168/1045 1047/1167/1044
f 1048/1166/1043 934/1053/948 1049/1168/1045
f 934/1123/948 1048/1169/1043 1004/1110/999
f 1050/1170/1046 1024/1137/1021 967/1139/1023
f 1004/1110/999 933/1109/998 934/1123/948
f 1041/1160/1038 1038/1158/1036 1039/1159/1037
f 1053/1171/1047 1054/1172/1048 1055/1173/1049
f 1051/1174/1050 1056/1175/1051 1053/1171/1047
f 1045/1176/1042 1057/1177/1052 1058/1178/1053
f 1058/1178/1053 1057/1177/1052 1061/1179/1054
f 1044/1165/1041 1047/1167/1044 1045/1176/1042
f 1052/1180/1055 1038/1158/1036 1043/1162/1040
f 1055/1173/1049 1062/1181/1056 1053/1171/1047
f 1054/1172/1048 1053/1171/1047 1063/1182/1057
f 1063/1182/1057 1053/1171/1047 1064/1183/1058
f 1058/1184/1053 1061/1185/1054 947/1044/939
f 1064/1183/1058 1053/1171/1047 1056/1175/1051
f 1054/1172/1048 1063/1182/1057 1065/1186/1059
f 1063/1182/1057 1064/1183/1058 1066/1187/1060
f 1061/1185/1054 1064/1183/1058 1056/1175/1051
f 1051/1174/1050 947/1044/939 1056/1175/1051
f 1067/1188/1061 1066/1189/1060 1064/1190/1058
f 947/1044/939 1061/1185/1054 1056/1175/1051
f 1067/1188/1061 1068/1191/1062 1066/1189/1060
f 920/1046/941 1058/1184/1053 947/1044/939
f 920/1046/941 1045/1164/1042 1058/1184/1053
f 1059/1192/1063 1060/1193/1064 1052/1180/1055
f 1040/1194/1065 1038/1158/1036 1052/1180/1055
f 1069/1195/1066 1070/1196/1067 1071/1197/1068
f 1072/1198/1069 1070/1196/1067 1069/1195/1066
f 1037/1156/1034 1038/1158/1036 1040/1194/1065
f 1072/1198/1069 1976/1199/1070 1065/1186/1059
f 1071/1200/1068 1073/1201/1071 1052/1180/1055
f 1071/1200/1068 1052/1180/1055 1060/1193/1064
f 966/1065/960 1037/1156/1034 1068/1191/1062
f 1065/1186/1059 1055/1173/1049 1054/1172/1048
f 1070/1196/1067 1072/1198/1069 1063/1182/1057
f 1070/1202/1067 1063/1203/1057 1066/1189/1060
f 1068/1191/1062 1070/1202/1067 1066/1189/1060
f 1065/1186/1059 1063/1182/1057 1072/1198/1069
f 1070/1202/1067 1073/1201/1071 1071/1200/1068
f 1068/1191/1062 1040/1194/1065 1073/1201/1071
f 1068/1191/1062 1037/1156/1034 1040/1194/1065
f 1057/1177/1052 1045/1176/1042 1074/1204/1072
f 1052/1180/1055 1073/1201/1071 1040/1194/1065
f 1068/1191/1062 1073/1201/1071 1070/1202/1067
f 1064/1190/1058 1061/1179/1054 1075/1205/1073
f 1075/1205/1073 1061/1179/1054 1057/1177/1052
f 1064/1190/1058 1075/1205/1073 1067/1188/1061
f 1076/1206/1074 1077/1207/1075 1074/1204/1072
f 1074/1204/1072 1045/1176/1042 1047/1167/1044
f 1049/1168/1045 1076/1206/1074 1047/1167/1044
f 1077/1207/1075 1075/1205/1073 1074/1204/1072
f 1047/1167/1044 1076/1206/1074 1074/1204/1072
f 1067/1188/1061 1075/1205/1073 1050/1170/1046
f 1078/1208/1076 1050/1170/1046 1075/1205/1073
f 1075/1205/1073 1077/1207/1075 1078/1208/1076
f 1049/1168/1045 955/1055/950 1076/1206/1074
f 955/1055/950 957/1057/952 1076/1206/1074
f 1077/1207/1075 1076/1206/1074 957/1057/952
f 1050/1170/1046 1078/1208/1076 1079/1209/1077
f 959/1059/954 1079/1209/1077 1078/1208/1076
f 957/1057/952 959/1059/954 1077/1207/1075
f 959/1059/954 956/1056/951 1079/1209/1077
f 1050/1170/1046 1079/1209/1077 956/1056/951
f 934/1053/948 955/1055/950 1049/1168/1045
f 1024/1137/1021 1050/1170/1046 956/1056/951
f 1057/1177/1052 1074/1204/1072 1075/1205/1073
f 1067/1188/1061 1050/1170/1046 967/1139/1023
f 966/1065/960 1067/1188/1061 967/1139/1023
f 1067/1188/1061 966/1065/960 1068/1191/1062
f 959/1059/954 1078/1208/1076 1077/1207/1075
f 1041/1160/1038 950/1048/943 949/1047/942
f 930/1028/926 891/1210/1078 890/1026/924
f 1084/1211/1079 1082/1212/1080 1083/1213/1081
f 1085/1214/1082 891/1210/1078 930/1028/926
f 1089/1215/1083 1080/1216/1084 1081/1217/1085
f 1091/1218/1086 1081/1217/1085 1092/1219/1087
f 1080/1216/1084 1092/1219/1087 1081/1217/1085
f 1093/1220/1088 1094/1221/1089 1085/1214/1082
f 1080/1222/1084 1088/1223/1090 1087/1224/1091
f 1087/1224/1091 1090/1225/1092 1080/1222/1084
f 1097/1226/1093 1098/1227/1094 1086/1228/1095
f 1099/1229/1096 1100/1230/1097 1082/1212/1080
f 1094/1221/1089 1101/1231/1098 1085/1214/1082
f 1093/1220/1088 1090/1225/1092 1094/1221/1089
f 1085/1214/1082 1102/1232/1099 1093/1220/1088
f 1094/1221/1089 1090/1225/1092 1087/1224/1091
f 1085/1214/1082 1101/1231/1098 891/1210/1078
f 1103/1233/1100 1104/1234/1101 1105/1235/1102
f 1102/1232/1099 1085/1214/1082 930/1028/926
f 1086/1236/1095 1106/1237/1103 1082/1212/1080
f 1086/1236/1095 1098/1238/1094 1106/1237/1103
f 1095/1239/1104 1096/1240/1105 1107/1241/1106
f 1107/1241/1106 1091/1218/1086 1095/1239/1104
f 1096/1240/1105 1108/1242/1107 1107/1241/1106
f 1109/1243/1108 1110/1244/1109 1111/1245/1110
f 1112/1246/1111 1113/1247/1112 1114/1248/1113
f 1098/1238/1094 1115/1249/1114 1106/1237/1103
f 1098/1227/1094 1116/1250/1115 1115/1251/1114
f 1098/1227/1094 1097/1226/1093 1118/1252/1116
f 1102/1232/1099 1113/1247/1112 1112/1246/1111
f 1119/1253/1117 1120/1254/1118 1108/1242/1107
f 1114/1248/1113 1093/1220/1088 1102/1232/1099
f 1090/1225/1092 1093/1220/1088 1114/1248/1113
f 1119/1253/1117 1108/1242/1107 1121/1255/1119
f 1121/1255/1119 1108/1242/1107 1096/1240/1105
f 1123/1256/1120 1124/1257/1121 1111/1245/1110
f 1119/1253/1117 1124/1257/1121 1123/1256/1120
f 1125/1258/1122 1109/1243/1108 1111/1245/1110
f 1114/1248/1113 1102/1232/1099 1112/1246/1111
f 1126/1259/1123 1113/1247/1112 1102/1232/1099
f 1111/1245/1110 1127/1260/1124 1123/1256/1120
f 1111/1245/1110 1110/1244/1109 1127/1260/1124
f 1128/1261/1125 1122/1262/1126 1129/1263/1127
f 1122/1262/1126 1128/1261/1125 1110/1244/1109
f 1110/1244/1109 1130/1264/1128 1122/1262/1126
f 1110/1244/1109 1109/1243/1108 1130/1264/1128
f 1086/1236/1095 1103/1233/1100 1131/1265/1129
f 1132/1266/1130 1133/1267/1131 1134/1268/1132
f 1125/1258/1122 1130/1264/1128 1109/1243/1108
f 1126/1259/1123 1117/1269/1133 1135/1270/1134
f 1113/1247/1112 1136/1271/1135 1114/1248/1113
f 1117/1269/1133 977/1073/968 1137/1272/1136
f 1138/1273/1137 1139/1274/1138 1137/1272/1136
f 1117/1269/1133 1102/1232/1099 929/1030/928
f 1117/1269/1133 929/1030/928 977/1073/968
f 930/1028/926 929/1030/928 1102/1232/1099
f 977/1073/968 929/1030/928 970/1074/969
f 1139/1274/1138 1117/1269/1133 1137/1272/1136
f 970/1074/969 969/1071/966 977/1073/968
f 1140/1275/1139 1138/1273/1137 1141/1276/1140
f 1117/1269/1133 1139/1274/1138 1135/1270/1134
f 1138/1273/1137 1137/1272/1136 977/1073/968
f 1142/1277/1141 1143/1278/1142 1800/1279/1143
f 1133/1267/1131 1136/1271/1135 1113/1247/1112
f 1105/1235/1102 1140/1275/1139 1144/1280/1144
f 1144/1280/1144 1140/1275/1139 1141/1276/1140
f 977/1073/968 906/1081/974 1138/1273/1137
f 1138/1273/1137 906/1081/974 1145/1281/1145
f 1126/1259/1123 1102/1232/1099 1117/1269/1133
f 1090/1225/1092 1114/1248/1113 1136/1271/1135
f 1142/1277/1141 1146/1282/1146 1147/1283/1147
f 1113/1247/1112 1148/1284/1148 1133/1267/1131
f 1126/1259/1123 1149/1285/1149 1148/1284/1148
f 1149/1285/1149 1104/1234/1101 1103/1233/1100
f 1151/1286/1150 1143/1278/1142 1150/1287/1151
f 1150/1287/1151 1143/1278/1142 1152/1288/1152
f 1140/1275/1139 1135/1270/1134 1139/1274/1138
f 1154/1289/1153 1155/1290/1154 1156/1291/1155
f 1150/1287/1151 1154/1289/1153 1151/1286/1150
f 1155/1290/1154 1154/1289/1153 1150/1287/1151
f 1154/1289/1153 1157/1292/1156 1151/1286/1150
f 1142/1277/1141 1147/1283/1147 1152/1288/1152
f 1158/1293/1157 1156/1291/1155 1155/1290/1154
f 1136/1271/1135 1132/1266/1130 1153/1294/1158
f 1143/1278/1142 1142/1277/1141 1152/1288/1152
f 1159/1295/1159 1021/1133/1018 1160/1296/1160
f 1139/1274/1138 1138/1273/1137 1140/1275/1139
f 1157/1292/1156 1154/1289/1153 1159/1295/1159
f 1161/1297/1161 1154/1289/1153 1156/1291/1155
f 1021/1133/1018 1162/1298/1162 1031/1147/1030
f 1163/1299/1163 1161/1297/1161 1156/1291/1155
f 1136/1271/1135 1153/1294/1158 1090/1225/1092
f 1164/1300/1164 1159/1295/1159 1160/1296/1160
f 1159/1295/1159 1154/1289/1153 1161/1297/1161
f 1159/1295/1159 1161/1297/1161 1021/1133/1018
f 1162/1298/1162 1161/1297/1161 1163/1299/1163
f 906/1079/974 907/1080/975 1145/1301/1145
f 1021/1133/1018 1161/1297/1161 1162/1298/1162
f 1165/1302/1165 1163/1299/1163 1158/1293/1157
f 1166/1303/1166 1165/1302/1165 1158/1293/1157
f 1162/1298/1162 1165/1302/1165 1167/1304/1167
f 1031/1147/1030 1017/1129/1014 1021/1133/1018
f 1165/1302/1165 1162/1298/1162 1163/1299/1163
f 1140/1275/1139 1104/1234/1101 1135/1270/1134
f 1168/1305/1168 1169/1306/1169 1166/1303/1166
f 1092/1219/1087 1170/1307/1170 1091/1218/1086
f 1169/1306/1169 1165/1302/1165 1166/1303/1166
f 1167/1304/1167 1165/1302/1165 1169/1306/1169
f 1150/1287/1151 1152/1288/1152 1155/1290/1154
f 1090/1225/1092 1153/1294/1158 1080/1222/1084
f 1132/1266/1130 1136/1271/1135 1133/1267/1131
f 1171/1308/1171 1132/1266/1130 1134/1268/1132
f 1092/1309/1087 1080/1222/1084 1153/1294/1158
f 1133/1267/1131 1148/1284/1148 1134/1268/1132
f 1082/1212/1080 1100/1230/1097 1083/1213/1081
f 1172/1310/1172 1147/1283/1147 1146/1282/1146
f 1103/1233/1100 1084/1211/1079 1149/1285/1149
f 1173/1311/1173 1174/1312/1174 1175/1313/1175
f 1156/1291/1155 1158/1293/1157 1163/1299/1163
f 1092/1309/1087 1153/1294/1158 1132/1266/1130
f 1176/1314/1176 1146/1315/1146 1174/1312/1174
f 1138/1273/1137 1145/1281/1145 1141/1276/1140
f 1177/1316/1177 1170/1317/1170 1171/1308/1171
f 1178/1318/1178 1172/1319/1172 1176/1314/1176
f 1155/1290/1154 1152/1288/1152 1147/1283/1147
f 1178/1320/1178 1155/1290/1154 1147/1283/1147
f 1176/1314/1176 1174/1312/1174 1179/1321/1179
f 1147/1283/1147 1172/1310/1172 1178/1320/1178
f 1171/1308/1171 1170/1317/1170 1132/1266/1130
f 1148/1284/1148 1083/1213/1081 1134/1268/1132
f 1104/1234/1101 1140/1275/1139 1105/1235/1102
f 1132/1266/1130 1170/1317/1170 1092/1309/1087
f 1084/1211/1079 1148/1284/1148 1149/1285/1149
f 1135/1270/1134 1104/1234/1101 1126/1259/1123
f 1148/1284/1148 1084/1211/1079 1083/1213/1081
f 1082/1212/1080 1084/1211/1079 1086/1236/1095
f 1103/1233/1100 1086/1236/1095 1084/1211/1079
f 1155/1290/1154 1178/1320/1178 1180/1322/1180
f 1131/1265/1129 1103/1233/1100 1181/1323/1181
f 1180/1324/1180 1178/1318/1178 1176/1314/1176
f 1179/1321/1179 1174/1312/1174 1173/1311/1173
f 1182/1325/1182 1176/1314/1176 1179/1321/1179
f 1180/1324/1180 1176/1314/1176 1182/1325/1182
f 1183/1326/1183 1184/1327/1184 1145/1301/1145
f 1179/1321/1179 1173/1311/1173 1185/1328/1185
f 1185/1328/1185 1186/1329/1186 1179/1321/1179
f 1144/1280/1144 1141/1276/1140 1183/1330/1183
f 1144/1280/1144 1183/1330/1183 1105/1235/1102
f 1103/1233/1100 1105/1235/1102 1183/1330/1183
f 1145/1281/1145 1184/1331/1184 1141/1276/1140
f 1148/1284/1148 1113/1247/1112 1126/1259/1123
f 1185/1328/1185 1173/1311/1173 1187/1332/1187
f 1187/1332/1187 1188/1333/1188 1185/1328/1185
f 1172/1319/1172 1146/1315/1146 1176/1314/1176
f 1188/1333/1188 1187/1332/1187 1125/1258/1122
f 1166/1303/1166 1155/1290/1154 1180/1322/1180
f 1189/1334/1189 1162/1298/1162 1167/1304/1167
f 1188/1333/1188 1125/1258/1122 1124/1257/1121
f 1158/1293/1157 1155/1290/1154 1166/1303/1166
f 1125/1258/1122 1111/1245/1110 1124/1257/1121
f 916/1335/1190 915/1017/915 1031/1147/1030
f 1189/1334/1189 1031/1147/1030 1162/1298/1162
f 1189/1334/1189 916/1335/1190 1031/1147/1030
f 1126/1259/1123 1104/1234/1101 1149/1285/1149
f 1191/1336/1191 1189/1334/1189 1167/1304/1167
f 1141/1276/1140 1184/1331/1184 1183/1330/1183
f 916/1335/1190 914/1015/913 915/1017/915
f 1193/1337/1192 1191/1336/1191 1167/1304/1167
f 1194/1338/1193 1191/1336/1191 1193/1337/1192
f 916/1335/1190 1191/1336/1191 1194/1338/1193
f 916/1335/1190 1189/1334/1189 1191/1336/1191
f 1195/1339/1194 1194/1338/1193 1118/1252/1116
f 1168/1305/1168 1166/1303/1166 1180/1322/1180
f 1099/1229/1096 1082/1212/1080 1106/1237/1103
f 1195/1339/1194 916/1335/1190 1194/1338/1193
f 1196/1340/1195 1180/1324/1180 1182/1325/1182
f 1192/1341/1196 916/1335/1190 1195/1339/1194
f 1196/1342/1195 1168/1305/1168 1180/1322/1180
f 1169/1306/1169 1168/1305/1168 1197/1343/1197
f 1196/1342/1195 1197/1343/1197 1168/1305/1168
f 1179/1321/1179 1186/1329/1186 1182/1325/1182
f 1182/1325/1182 1186/1329/1186 1198/1344/1198
f 1182/1325/1182 1198/1344/1198 1196/1340/1195
f 1199/1345/1199 1167/1304/1167 1169/1306/1169
f 1200/1346/1200 1198/1344/1198 1186/1329/1186
f 1199/1345/1199 1169/1306/1169 1197/1343/1197
f 1167/1304/1167 1199/1345/1199 1193/1337/1192
f 1197/1347/1197 1196/1340/1195 1198/1344/1198
f 1197/1347/1197 1198/1344/1198 1115/1348/1114
f 1199/1345/1199 1118/1252/1116 1194/1338/1193
f 1116/1250/1115 1118/1252/1116 1199/1345/1199
f 1197/1343/1197 1115/1251/1114 1116/1250/1115
f 1199/1345/1199 1194/1338/1193 1193/1337/1192
f 1116/1250/1115 1199/1345/1199 1197/1343/1197
f 1198/1344/1198 1201/1349/1201 1115/1348/1114
f 1115/1348/1114 1201/1349/1201 1106/1350/1103
f 1118/1252/1116 1116/1250/1115 1098/1227/1094
f 1202/1351/1202 1186/1329/1186 1185/1328/1185
f 1099/1352/1096 1106/1350/1103 1201/1349/1201
f 1188/1333/1188 1203/1353/1203 1185/1328/1185
f 1185/1328/1185 1203/1353/1203 1202/1351/1202
f 1186/1329/1186 1202/1351/1202 1200/1346/1200
f 1200/1346/1200 1202/1351/1202 1203/1353/1203
f 1124/1257/1121 1119/1253/1117 1188/1333/1188
f 1188/1333/1188 1119/1253/1117 1121/1255/1119
f 1203/1353/1203 1121/1255/1119 1096/1240/1105
f 1200/1346/1200 1201/1349/1201 1198/1344/1198
f 1201/1349/1201 1200/1346/1200 1100/1354/1097
f 1201/1349/1201 1100/1354/1097 1099/1352/1096
f 1200/1346/1200 1203/1353/1203 1100/1354/1097
f 1083/1213/1081 1100/1230/1097 1204/1355/1204
f 1203/1353/1203 1096/1240/1105 1095/1239/1104
f 1095/1239/1104 1100/1354/1097 1203/1353/1203
f 1204/1356/1204 1100/1354/1097 1177/1357/1177
f 1134/1268/1132 1083/1213/1081 1204/1355/1204
f 1171/1308/1171 1134/1268/1132 1204/1355/1204
f 1177/1357/1177 1100/1354/1097 1095/1239/1104
f 1177/1357/1177 1091/1218/1086 1170/1307/1170
f 1204/1355/1204 1177/1316/1177 1171/1308/1171
f 1177/1357/1177 1095/1239/1104 1091/1218/1086
f 914/1015/913 916/1335/1190 1192/1341/1196
f 914/1015/913 1192/1341/1196 1205/1358/1205
f 909/1010/908 914/1015/913 1190/1359/1206
f 909/1010/908 899/1001/899 914/1015/913
f 1206/1360/1207 1192/1341/1196 1195/1339/1194
f 1205/1358/1205 1192/1341/1196 1206/1360/1207
f 1203/1353/1203 1188/1333/1188 1121/1255/1119
f 1181/1361/1181 1205/1358/1205 1206/1360/1207
f 1118/1252/1116 1097/1226/1093 1195/1339/1194
f 1086/1228/1095 1206/1360/1207 1097/1226/1093
f 1097/1226/1093 1206/1360/1207 1195/1339/1194
f 1181/1361/1181 1206/1360/1207 1131/1362/1129
f 1205/1358/1205 1190/1359/1206 914/1015/913
f 1086/1228/1095 1131/1362/1129 1206/1360/1207
f 910/1011/909 909/1010/908 1145/1301/1145
f 1103/1233/1100 1183/1330/1183 1181/1323/1181
f 1183/1326/1183 1190/1359/1206 1181/1361/1181
f 1190/1359/1206 1145/1301/1145 909/1010/908
f 1205/1358/1205 1181/1361/1181 1190/1359/1206
f 1183/1326/1183 1145/1301/1145 1190/1359/1206
f 907/1080/975 910/1011/909 1145/1301/1145
f 1209/1363/1208 1210/1364/1209 1211/1365/1210
f 1207/1366/1211 1211/1365/1210 1210/1364/1209
f 1220/1367/1212 1216/1368/1213 1209/1363/1208
f 1220/1367/1212 1209/1363/1208 1219/1369/1214
f 1221/1370/1215 1209/1363/1208 1211/1365/1210
f 1217/1371/1216 1222/1372/1217 1223/1373/1218
f 1224/1374/1219 1225/1375/1220 1226/1376/1221
f 1228/1377/1222 1220/1367/1212 1229/1378/1223
f 1230/1379/1224 1217/1371/1216 1218/1380/1225
f 890/1026/924 891/1210/1078 1231/1381/1226
f 1225/1375/1220 1234/1382/1227 1235/1383/1228
f 1238/1384/1229 1212/1385/1230 1236/1386/1231
f 1229/1378/1223 1220/1367/1212 1233/1387/1232
f 1236/1386/1231 1212/1385/1230 1239/1388/1233
f 1241/1389/1234 1234/1382/1227 1240/1390/1235
f 1242/1391/1236 1243/1392/1237 1244/1393/1238
f 1243/1392/1237 1213/1394/1239 1212/1385/1230
f 1238/1384/1229 1236/1386/1231 1237/1395/1240
f 1238/1384/1229 1245/1396/1241 1246/1397/1242
f 1213/1394/1239 1243/1392/1237 1242/1391/1236
f 1244/1393/1238 1243/1392/1237 1246/1397/1242
f 1247/1398/1243 1246/1397/1242 1224/1374/1219
f 1212/1385/1230 1238/1384/1229 1243/1392/1237
f 1243/1392/1237 1238/1384/1229 1246/1397/1242
f 1241/1389/1234 1240/1390/1235 1237/1395/1240
f 1244/1393/1238 1248/1399/1244 1242/1391/1236
f 1246/1397/1242 1247/1398/1243 1244/1393/1238
f 1043/1162/1040 1249/1400/1245 1059/1192/1063
f 1240/1390/1235 1238/1384/1229 1237/1395/1240
f 1233/1387/1232 1219/1369/1214 1320/1401/1246
f 1245/1396/1241 1238/1384/1229 1240/1390/1235
f 1220/1367/1212 1219/1369/1214 1233/1387/1232
f 1240/1390/1235 1234/1382/1227 1245/1396/1241
f 1225/1375/1220 1224/1374/1219 1245/1396/1241
f 1059/1192/1063 1052/1180/1055 1043/1162/1040
f 1249/1400/1245 1043/1162/1040 1250/1402/1247
f 1251/1403/1248 1250/1402/1247 1252/1404/1249
f 1250/1402/1247 1043/1162/1040 1042/1161/1039
f 1250/1402/1247 1042/1161/1039 1252/1404/1249
f 1218/1380/1225 1223/1373/1218 1232/1405/1250
f 1254/1406/1251 1233/1387/1232 1320/1401/1246
f 1225/1375/1220 1245/1396/1241 1234/1382/1227
f 1257/1407/1252 1255/1408/1253 1258/1409/1254
f 1259/1410/1255 1260/1411/1256 1261/1412/1257
f 1262/1413/1258 1263/1414/1259 1237/1395/1240
f 1246/1397/1242 1245/1396/1241 1224/1374/1219
f 1256/1415/1260 1250/1402/1247 1251/1403/1248
f 1256/1415/1260 1264/1416/1261 1258/1409/1254
f 1256/1415/1260 1251/1403/1248 1265/1417/1262
f 1256/1415/1260 1265/1417/1262 1264/1416/1261
f 1266/1418/1263 1265/1417/1262 1267/1419/1264
f 1266/1418/1263 1269/1420/1265 1264/1416/1261
f 1270/1421/1266 1268/1422/1267 1265/1417/1262
f 1258/1409/1254 1269/1420/1265 1257/1407/1252
f 1255/1408/1253 1256/1415/1260 1258/1409/1254
f 1258/1409/1254 1264/1416/1261 1269/1420/1265
f 1267/1419/1264 1265/1417/1262 1268/1422/1267
f 1267/1419/1264 1271/1423/1268 1266/1418/1263
f 1266/1418/1263 1264/1416/1261 1265/1417/1262
f 1235/1383/1228 1272/1424/1269 1273/1425/1270
f 1221/1370/1215 1219/1369/1214 1209/1363/1208
f 1263/1414/1259 1274/1426/1271 1241/1389/1234
f 1262/1413/1258 1275/1427/1272 1263/1414/1259
f 1276/1428/1273 1274/1426/1271 1275/1427/1272
f 1277/1429/1274 1251/1403/1248 1252/1404/1249
f 1278/1430/1275 1252/1404/1249 1041/1160/1038
f 1252/1404/1249 1278/1430/1275 1277/1429/1274
f 1276/1428/1273 1279/1431/1276 1280/1432/1277
f 1252/1404/1249 1042/1161/1039 1038/1158/1036
f 1275/1427/1272 1274/1426/1271 1263/1414/1259
f 949/1047/942 1278/1430/1275 1041/1160/1038
f 1263/1414/1259 1241/1389/1234 1237/1395/1240
f 1262/1413/1258 1237/1395/1240 1236/1386/1231
f 949/1047/942 1281/1433/1278 1278/1430/1275
f 1041/1160/1038 1252/1404/1249 1038/1158/1036
f 1276/1428/1273 1275/1427/1272 1279/1431/1276
f 1265/1417/1262 1251/1403/1248 1270/1421/1266
f 1277/1429/1274 1270/1421/1266 1251/1403/1248
f 1277/1429/1274 1278/1430/1275 1270/1421/1266
f 1281/1433/1278 1270/1421/1266 1278/1430/1275
f 1267/1419/1264 1268/1422/1267 1271/1423/1268
f 1268/1422/1267 1270/1421/1266 1282/1434/1279
f 1271/1423/1268 1268/1422/1267 1283/1435/1280
f 1281/1433/1278 1282/1434/1279 1270/1421/1266
f 1282/1434/1279 1285/1436/1281 1283/1435/1280
f 1281/1433/1278 1286/1437/1282 1282/1434/1279
f 1268/1422/1267 1282/1434/1279 1283/1435/1280
f 1285/1436/1281 1286/1437/1282 1287/1438/1283
f 1282/1434/1279 1286/1437/1282 1285/1436/1281
f 1276/1428/1273 1288/1439/1284 1274/1426/1271
f 1275/1427/1272 1262/1413/1258 1290/1440/1285
f 1279/1431/1276 1210/1441/1209 1280/1432/1277
f 1291/1442/1286 1292/1443/1287 1289/1444/1288
f 1210/1441/1209 1279/1431/1276 1208/1445/1289
f 1293/1446/1290 1294/1447/1291 1295/1448/1292
f 1292/1443/1287 1296/1449/1293 1294/1447/1291
f 1291/1442/1286 1257/1407/1252 1269/1420/1265
f 1297/1450/1294 1298/1451/1295 1284/1452/1296
f 1269/1420/1265 1266/1418/1263 1291/1442/1286
f 1291/1442/1286 1266/1418/1263 1297/1450/1294
f 1297/1450/1294 1266/1418/1263 1298/1451/1295
f 1297/1450/1294 1296/1449/1293 1291/1442/1286
f 1296/1449/1293 1297/1450/1294 1300/1453/1297
f 1301/1454/1298 1296/1449/1293 1302/1455/1299
f 1302/1455/1299 1296/1449/1293 1300/1453/1297
f 1296/1449/1293 1295/1448/1292 1294/1447/1291
f 1261/1412/1257 1248/1399/1244 1244/1393/1238
f 1291/1442/1286 1289/1444/1288 1257/1407/1252
f 1303/1456/1300 1300/1453/1297 1297/1450/1294
f 1279/1431/1276 1275/1427/1272 1290/1440/1285
f 1247/1398/1243 1259/1410/1255 1244/1393/1238
f 1299/1457/1301 1241/1389/1234 1304/1458/1302
f 1266/1418/1263 1271/1423/1268 1298/1451/1295
f 1210/1364/1209 1208/1459/1289 1207/1366/1211
f 1304/1458/1302 1241/1389/1234 1274/1426/1271
f 1307/1460/1303 1305/1461/1304 1306/1462/1305
f 1292/1443/1287 1291/1442/1286 1296/1449/1293
f 1301/1454/1298 1295/1448/1292 1296/1449/1293
f 1308/1463/1306 1208/1445/1289 1279/1431/1276
f 1295/1448/1292 1309/1464/1307 1306/1462/1305
f 1309/1464/1307 1295/1448/1292 1301/1454/1298
f 1311/1465/1308 1259/1410/1255 1226/1376/1221
f 1260/1411/1256 1217/1371/1216 1261/1412/1257
f 1299/1457/1301 1288/1439/1284 1312/1466/1309
f 1259/1410/1255 1247/1398/1243 1313/1467/1310
f 1241/1389/1234 1314/1468/1311 1234/1382/1227
f 1314/1468/1311 1241/1389/1234 1299/1457/1301
f 1309/1464/1307 1301/1454/1298 1302/1455/1299
f 1315/1469/1312 2332/1470/1313 1310/1471/1314
f 1293/1446/1290 1295/1448/1292 1306/1462/1305
f 1316/1472/1315 1310/1471/1314 1309/1464/1307
f 1309/1464/1307 1310/1471/1314 1306/1462/1305
f 1225/1375/1220 1235/1383/1228 1253/1473/1316
f 1313/1467/1310 1224/1374/1219 1259/1410/1255
f 1298/1451/1295 1271/1423/1268 1283/1435/1280
f 1316/1472/1315 1309/1464/1307 1302/1455/1299
f 1283/1435/1280 1284/1452/1296 1298/1451/1295
f 1303/1456/1300 1297/1450/1294 1284/1452/1296
f 1284/1452/1296 1283/1435/1280 1285/1436/1281
f 1303/1456/1300 1318/1474/1317 1300/1453/1297
f 1285/1436/1281 1287/1438/1283 1284/1452/1296
f 1300/1453/1297 1317/1475/1318 1302/1455/1299
f 1318/1474/1317 1303/1456/1300 1284/1452/1296
f 1318/1474/1317 1284/1452/1296 1319/1476/1319
f 1284/1452/1296 1287/1438/1283 1319/1476/1319
f 1300/1453/1297 1318/1474/1317 1317/1475/1318
f 1316/1472/1315 1317/1475/1318 1315/1469/1312
f 1315/1469/1312 1310/1471/1314 1316/1472/1315
f 1319/1476/1319 1287/1438/1283 1320/1401/1246
f 1318/1474/1317 1321/1477/1320 1317/1475/1318
f 1302/1455/1299 1317/1475/1318 1316/1472/1315
f 1317/1475/1318 1321/1477/1320 1315/1469/1312
f 1322/1478/1321 1315/1469/1312 1321/1477/1320
f 1322/1478/1321 1321/1477/1320 1323/1479/1322
f 1259/1410/1255 1261/1412/1257 1244/1393/1238
f 1299/1457/1301 1312/1466/1309 1314/1468/1311
f 1224/1374/1219 1313/1467/1310 1247/1398/1243
f 1319/1476/1319 1321/1477/1320 1318/1474/1317
f 1235/1383/1228 1312/1466/1309 1272/1424/1269
f 1321/1477/1320 1319/1476/1319 1323/1479/1322
f 1319/1476/1319 1320/1401/1246 1323/1479/1322
f 1253/1473/1316 1235/1383/1228 1273/1425/1270
f 1324/1480/1323 1323/1479/1322 1320/1401/1246
f 1304/1458/1302 1288/1439/1284 1299/1457/1301
f 1274/1426/1271 1288/1439/1284 1304/1458/1302
f 942/1041/937 952/1052/947 949/1047/942
f 1312/1466/1309 1288/1439/1284 1325/1481/1324
f 1260/1411/1256 1222/1372/1217 1217/1371/1216
f 1327/1482/1325 1281/1433/1278 949/1047/942
f 1234/1382/1227 1314/1468/1311 1235/1383/1228
f 1327/1482/1325 949/1047/942 952/1052/947
f 1328/1483/1326 1286/1437/1282 1281/1433/1278
f 1328/1483/1326 1281/1433/1278 1327/1482/1325
f 1254/1406/1251 1320/1401/1246 1287/1438/1283
f 1221/1370/1215 1324/1480/1323 1320/1401/1246
f 1330/1484/1327 1324/1480/1323 1221/1370/1215
f 1331/1485/1328 1324/1480/1323 1330/1484/1327
f 1320/1401/1246 1219/1369/1214 1221/1370/1215
f 1325/1481/1324 1326/1486/1329 1312/1466/1309
f 1235/1383/1228 1314/1468/1311 1312/1466/1309
f 1272/1424/1269 1312/1466/1309 1326/1486/1329
f 1280/1432/1277 1288/1439/1284 1276/1428/1273
f 1331/1485/1328 1329/1487/1330 1324/1480/1323
f 1330/1484/1327 1221/1370/1215 1211/1365/1210
f 1311/1465/1308 1260/1411/1256 1259/1410/1255
f 1207/1366/1211 1330/1484/1327 1211/1365/1210
f 1311/1465/1308 1222/1372/1217 1260/1411/1256
f 1280/1432/1277 1216/1488/1213 1325/1481/1324
f 1325/1481/1324 1288/1439/1284 1280/1432/1277
f 1280/1432/1277 1210/1441/1209 1216/1488/1213
f 1226/1376/1221 1259/1410/1255 1224/1374/1219
f 1332/1489/1331 932/1051/946 951/1490/1332
f 952/1052/947 932/1051/946 1332/1489/1331
f 1327/1482/1325 952/1052/947 1332/1489/1331
f 1325/1481/1324 1216/1488/1213 1227/1491/1333
f 1227/1491/1333 1326/1486/1329 1325/1481/1324
f 1212/1385/1230 1214/1492/1334 1333/1493/1335
f 1225/1375/1220 1253/1473/1316 1334/1494/1336
f 1218/1380/1225 1217/1371/1216 1223/1373/1218
f 1328/1483/1326 1335/1495/1337 1286/1437/1282
f 1328/1483/1326 1327/1482/1325 1332/1489/1331
f 1336/1496/1338 1328/1483/1326 1332/1489/1331
f 1326/1486/1329 1227/1491/1333 1228/1497/1222
f 1328/1483/1326 1336/1496/1338 1335/1495/1337
f 1335/1495/1337 1254/1406/1251 1286/1437/1282
f 1254/1406/1251 1287/1438/1283 1286/1437/1282
f 1335/1495/1337 1233/1387/1232 1254/1406/1251
f 951/1490/1332 946/1050/945 1336/1496/1338
f 951/1490/1332 1336/1496/1338 1332/1489/1331
f 1335/1495/1337 1336/1496/1338 1233/1387/1232
f 1336/1496/1338 1229/1378/1223 1233/1387/1232
f 1228/1377/1222 1227/1498/1333 1220/1367/1212
f 1216/1368/1213 1220/1367/1212 1227/1498/1333
f 1336/1496/1338 946/1050/945 1338/1499/1339
f 1339/1500/1340 1333/1493/1335 1215/1501/1341
f 1338/1502/1339 941/1040/936 1340/1503/1342
f 941/1043/936 1338/1499/1339 946/1050/945
f 1326/1486/1329 1228/1497/1222 1341/1504/1343
f 936/1032/930 1340/1503/1342 941/1040/936
f 1341/1505/1343 1229/1378/1223 1336/1496/1338
f 1326/1486/1329 1341/1504/1343 1342/1506/1344
f 1343/1507/1345 1338/1502/1339 1340/1503/1342
f 951/1490/1332 932/1051/946 946/1050/945
f 1338/1502/1339 1343/1507/1345 1344/1508/1346
f 1344/1508/1346 1345/1509/1347 1338/1502/1339
f 1334/1494/1336 1311/1465/1308 1226/1376/1221
f 1343/1507/1345 1345/1509/1347 1344/1508/1346
f 1338/1502/1339 1345/1509/1347 1341/1504/1343
f 1341/1505/1343 1336/1496/1338 1338/1499/1339
f 1347/1510/1348 1346/1511/1349 1348/1512/1350
f 1341/1504/1343 1349/1513/1351 1342/1506/1344
f 1346/1511/1349 1349/1513/1351 1345/1509/1347
f 1349/1513/1351 1273/1425/1270 1342/1506/1344
f 1272/1424/1269 1326/1486/1329 1342/1506/1344
f 1342/1506/1344 1273/1425/1270 1272/1424/1269
f 1346/1511/1349 1273/1425/1270 1349/1513/1351
f 1345/1509/1347 1343/1507/1345 1346/1511/1349
f 1349/1513/1351 1341/1504/1343 1345/1509/1347
f 1347/1510/1348 1273/1425/1270 1346/1511/1349
f 1337/1514/1352 1273/1425/1270 1347/1510/1348
f 2270/1515/1353 1239/1388/1233 1212/1385/1230
f 1333/1493/1335 2270/1515/1353 1212/1385/1230
f 1253/1473/1316 1273/1425/1270 1337/1514/1352
f 1334/1494/1336 1253/1473/1316 1337/1514/1352
f 1225/1375/1220 1334/1494/1336 1226/1376/1221
f 1213/1394/1239 1214/1492/1334 1212/1385/1230
f 1333/1493/1335 1214/1492/1334 1215/1501/1341
f 1232/1405/1250 936/1032/930 926/1027/925
f 1340/1503/1342 936/1032/930 1223/1373/1218
f 936/1032/930 1232/1405/1250 1223/1373/1218
f 1216/1368/1213 1210/1364/1209 1209/1363/1208
f 1348/1512/1350 1346/1511/1349 1343/1507/1345
f 1341/1505/1343 1228/1377/1222 1229/1378/1223
f 1218/1380/1225 1232/1405/1250 1231/1381/1226
f 926/1027/925 890/1026/924 1231/1381/1226
f 1222/1372/1217 1348/1512/1350 1343/1507/1345
f 1232/1405/1250 926/1027/925 1231/1381/1226
f 1222/1372/1217 1343/1507/1345 1340/1503/1342
f 1222/1372/1217 1350/1516/1354 1348/1512/1350
f 1337/1514/1352 1350/1516/1354 1334/1494/1336
f 1223/1373/1218 1222/1372/1217 1340/1503/1342
f 1348/1512/1350 1350/1516/1354 1347/1510/1348
f 1347/1510/1348 1350/1516/1354 1337/1514/1352
f 1311/1465/1308 1334/1494/1336 1350/1516/1354
f 1311/1465/1308 1350/1516/1354 1222/1372/1217
f 1353/1517/1355 1354/1518/1356 1355/1519/1357
f 1248/1399/1244 1356/1520/1358 1242/1391/1236
f 1357/1521/1359 1088/1223/1090 1353/1517/1355
f 1242/1391/1236 1356/1520/1358 1213/1394/1239
f 1358/1522/1360 1355/1519/1357 1354/1518/1356
f 1351/1523/1361 1352/1524/1362 1359/1525/1363
f 1351/1523/1361 1360/1526/1364 1352/1524/1362
f 1363/1527/1365 1360/1528/1364 1351/1529/1361
f 1361/1530/1366 1363/1527/1365 1362/1531/1367
f 1364/1532/1368 1366/1533/1369 1367/1534/1370
f 1364/1532/1368 1368/1535/1371 1366/1533/1369
f 1360/1528/1364 1363/1527/1365 1361/1530/1366
f 1364/1532/1368 1361/1530/1366 1365/1536/1372
f 1368/1535/1371 1369/1537/1373 1366/1533/1369
f 1370/1538/1374 1364/1532/1368 1371/1539/1375
f 1368/1535/1371 1364/1532/1368 1365/1536/1372
f 1360/1528/1364 1361/1530/1366 1370/1538/1374
f 1371/1539/1375 1364/1532/1368 1372/1540/1376
f 1373/1541/1377 1370/1538/1374 1371/1539/1375
f 1357/1521/1359 1087/1224/1091 1088/1223/1090
f 1361/1530/1366 1364/1532/1368 1370/1538/1374
f 1371/1542/1375 1372/1543/1376 1374/1544/1378
f 1358/1522/1360 1375/1545/1379 1355/1519/1357
f 1370/1538/1374 1373/1541/1377 1360/1528/1364
f 1367/1534/1370 1376/1546/1380 1372/1540/1376
f 1377/1547/1381 1215/1501/1341 1214/1492/1334
f 1373/1548/1377 1352/1524/1362 1360/1526/1364
f 1373/1548/1377 1371/1542/1375 1378/1549/1382
f 1364/1532/1368 1367/1534/1370 1372/1540/1376
f 1378/1549/1382 1371/1542/1375 1374/1544/1378
f 1373/1548/1377 1378/1549/1382 1352/1524/1362
f 1380/1550/1383 1353/1517/1355 1088/1223/1090
f 1379/1551/1384 1372/1543/1376 1376/1552/1380
f 1081/1217/1085 1107/1241/1106 1384/1553/1385
f 1383/1554/1386 1385/1555/1387 1386/1556/1388
f 1382/1557/1389 1361/1530/1366 1383/1554/1386
f 1380/1550/1383 1088/1223/1090 1387/1558/1390
f 1387/1559/1390 1388/1560/1391 1380/1561/1383
f 1353/1517/1355 1389/1562/1392 1354/1518/1356
f 1386/1556/1388 1385/1555/1387 1215/1501/1341
f 1356/1520/1358 1386/1556/1388 1377/1547/1381
f 1382/1557/1389 1386/1556/1388 1356/1520/1358
f 1215/1501/1341 1385/1555/1387 1339/1500/1340
f 1383/1554/1386 1386/1556/1388 1382/1557/1389
f 1390/1563/1393 1369/1537/1373 1365/1536/1372
f 1377/1547/1381 1386/1556/1388 1215/1501/1341
f 1391/1564/1394 1365/1536/1372 1381/1565/1395
f 1362/1531/1367 1383/1554/1386 1361/1530/1366
f 1391/1564/1394 1381/1565/1395 1382/1557/1389
f 1089/1566/1083 1387/1558/1390 1088/1223/1090
f 1080/1222/1084 1089/1566/1083 1088/1223/1090
f 1361/1530/1366 1382/1557/1389 1381/1565/1395
f 1381/1565/1395 1365/1536/1372 1361/1530/1366
f 1387/1559/1390 1081/1217/1085 1384/1553/1385
f 1369/1537/1373 1390/1563/1393 1392/1567/1396
f 1391/1564/1394 1390/1563/1393 1365/1536/1372
f 1356/1520/1358 1377/1547/1381 1214/1492/1334
f 1384/1553/1385 1394/1568/1397 1388/1560/1391
f 1081/1217/1085 1387/1559/1390 1089/1215/1083
f 1365/1536/1372 1369/1537/1373 1368/1535/1371
f 1353/1517/1355 1380/1550/1383 1389/1562/1392
f 1392/1567/1396 1390/1563/1393 1391/1564/1394
f 1110/1244/1109 1128/1261/1125 1127/1260/1124
f 1388/1560/1391 1387/1559/1390 1384/1553/1385
f 1395/1569/1398 1128/1261/1125 1129/1263/1127
f 1123/1256/1120 1127/1260/1124 1396/1570/1399
f 1128/1261/1125 1396/1570/1399 1127/1260/1124
f 1397/1571/1400 1395/1569/1398 1398/1572/1401
f 1128/1261/1125 1395/1569/1398 1397/1571/1400
f 1396/1570/1399 1128/1261/1125 1397/1571/1400
f 1129/1263/1127 1393/1573/1402 1395/1569/1398
f 1382/1557/1389 1356/1520/1358 1391/1564/1394
f 1395/1569/1398 1393/1573/1402 1398/1572/1401
f 1399/1574/1403 1400/1575/1404 1398/1572/1401
f 1401/1576/1405 1402/1577/1406 1403/1578/1407
f 1404/1579/1408 1405/1580/1409 1406/1581/1410
f 1394/1568/1397 1407/1582/1411 1408/1583/1412
f 1400/1575/1404 1401/1576/1405 1403/1578/1407
f 1409/1584/1413 1400/1575/1404 1403/1578/1407
f 1214/1492/1334 1213/1394/1239 1356/1520/1358
f 1393/1573/1402 1399/1574/1403 1398/1572/1401
f 1248/1399/1244 1392/1567/1396 1391/1564/1394
f 1388/1560/1391 1394/1568/1397 1408/1583/1412
f 1406/1581/1410 1410/1585/1414 1404/1579/1408
f 1411/1586/1415 1248/1399/1244 1261/1412/1257
f 1412/1587/1416 1413/1588/1417 1402/1577/1406
f 1414/1589/1418 1398/1572/1401 1400/1575/1404
f 1414/1589/1418 1415/1590/1419 1397/1571/1400
f 1414/1589/1418 1409/1584/1413 1415/1590/1419
f 1404/1579/1408 1410/1585/1414 1416/1591/1420
f 1416/1591/1420 1410/1585/1414 1392/1567/1396
f 1414/1589/1418 1400/1575/1404 1409/1584/1413
f 1417/1592/1421 1409/1584/1413 1403/1578/1407
f 1397/1571/1400 1415/1590/1419 1418/1593/1422
f 1417/1592/1421 1403/1578/1407 1413/1588/1417
f 1402/1577/1406 1413/1588/1417 1403/1578/1407
f 1417/1592/1421 1415/1590/1419 1409/1584/1413
f 1417/1592/1421 1413/1588/1417 1419/1594/1423
f 1417/1592/1421 1418/1593/1422 1415/1590/1419
f 1397/1571/1400 1398/1572/1401 1414/1589/1418
f 1420/1595/1424 1375/1545/1379 1358/1522/1360
f 1417/1592/1421 1419/1594/1423 1418/1593/1422
f 1421/1596/1425 1108/1242/1107 1120/1254/1118
f 1120/1254/1118 1422/1597/1426 1423/1598/1427
f 1396/1570/1399 1422/1597/1426 1120/1254/1118
f 1120/1254/1118 1123/1256/1120 1396/1570/1399
f 1423/1598/1427 1421/1596/1425 1120/1254/1118
f 1424/1599/1428 1396/1570/1399 1397/1571/1400
f 1119/1253/1117 1123/1256/1120 1120/1254/1118
f 1425/1600/1429 1423/1598/1427 1422/1597/1426
f 1425/1600/1429 1426/1601/1430 1423/1598/1427
f 1416/1591/1420 1392/1567/1396 1411/1586/1415
f 1107/1241/1106 1108/1242/1107 1427/1602/1431
f 1391/1564/1394 1356/1520/1358 1248/1399/1244
f 1108/1242/1107 1426/1601/1430 1427/1602/1431
f 1405/1580/1409 1375/1545/1379 1420/1595/1424
f 1422/1597/1426 1396/1570/1399 1424/1599/1428
f 1384/1553/1385 1426/1601/1430 1428/1603/1432
f 1394/1568/1397 1384/1553/1385 1428/1603/1432
f 1421/1596/1425 1423/1598/1427 1426/1601/1430
f 1426/1601/1430 1384/1553/1385 1427/1602/1431
f 1421/1596/1425 1426/1601/1430 1108/1242/1107
f 1091/1218/1086 1107/1241/1106 1081/1217/1085
f 1397/1571/1400 1418/1593/1422 1424/1599/1428
f 1384/1553/1385 1107/1241/1106 1427/1602/1431
f 1430/1604/1433 1429/1605/1434 1431/1606/1435
f 1429/1605/1434 1424/1599/1428 1418/1593/1422
f 1428/1603/1432 1425/1600/1429 1429/1605/1434
f 1429/1605/1434 1418/1593/1422 1431/1606/1435
f 1424/1599/1428 1429/1605/1434 1422/1597/1426
f 1429/1605/1434 1425/1600/1429 1422/1597/1426
f 1428/1603/1432 1426/1601/1430 1425/1600/1429
f 1432/1607/1436 1430/1604/1433 1431/1606/1435
f 1407/1582/1411 1429/1605/1434 1430/1604/1433
f 1407/1582/1411 1428/1603/1432 1429/1605/1434
f 1394/1568/1397 1428/1603/1432 1407/1582/1411
f 1430/1604/1433 1432/1607/1436 1379/1551/1384
f 1379/1551/1384 1407/1582/1411 1430/1604/1433
f 1419/1594/1423 1433/1608/1437 1431/1606/1435
f 1431/1606/1435 1418/1593/1422 1419/1594/1423
f 1218/1380/1225 1434/1609/1438 1230/1379/1224
f 1434/1609/1438 1218/1380/1225 1231/1381/1226
f 1410/1585/1414 1436/1610/1439 1366/1533/1369
f 1437/1611/1440 1412/1587/1416 1435/1612/1441
f 1410/1585/1414 1369/1537/1373 1392/1567/1396
f 1419/1594/1423 1412/1587/1416 1440/1613/1442
f 1437/1611/1440 1440/1613/1442 1412/1587/1416
f 1441/1614/1443 1405/1580/1409 1404/1579/1408
f 1412/1587/1416 1419/1594/1423 1413/1588/1417
f 1419/1594/1423 1442/1615/1444 1433/1608/1437
f 1433/1608/1437 1442/1615/1444 1444/1616/1445
f 1442/1615/1444 1419/1594/1423 1440/1613/1442
f 1445/1617/1446 1405/1580/1409 1420/1595/1424
f 1436/1610/1439 1410/1585/1414 1445/1617/1446
f 1445/1617/1446 1410/1585/1414 1406/1581/1410
f 1230/1379/1224 1446/1618/1447 1416/1591/1420
f 1369/1537/1373 1410/1585/1414 1366/1533/1369
f 1436/1610/1439 1367/1534/1370 1366/1533/1369
f 1440/1613/1442 1438/1619/1448 1443/1620/1449
f 1445/1617/1446 1406/1581/1410 1405/1580/1409
f 1443/1620/1449 1442/1615/1444 1440/1613/1442
f 1442/1615/1444 1443/1620/1449 1449/1621/1450
f 1443/1620/1449 1438/1619/1448 1439/1622/1451
f 1442/1615/1444 1449/1621/1450 1444/1616/1445
f 1444/1616/1445 1448/1623/1452 1451/1624/1453
f 1443/1620/1449 1439/1622/1451 1449/1621/1450
f 1416/1591/1420 1446/1618/1447 1404/1579/1408
f 1404/1579/1408 1446/1618/1447 1434/1609/1438
f 1452/1625/1454 1376/1546/1380 1445/1617/1446
f 1376/1546/1380 1367/1534/1370 1436/1610/1439
f 1217/1371/1216 1416/1591/1420 1411/1586/1415
f 1444/1616/1445 1449/1621/1450 1448/1623/1452
f 1376/1552/1380 1452/1626/1454 1407/1582/1411
f 1432/1607/1436 1431/1606/1435 1433/1608/1437
f 1444/1616/1445 1453/1627/1455 1433/1608/1437
f 1453/1627/1455 1444/1616/1445 1454/1628/1456
f 1449/1621/1450 1439/1622/1451 1448/1623/1452
f 1454/1628/1456 1444/1616/1445 1450/1629/1457
f 1453/1627/1455 1454/1628/1456 1455/1630/1458
f 1455/1630/1458 1454/1628/1456 1456/1631/1459
f 1455/1630/1458 1432/1607/1436 1433/1608/1437
f 1372/1543/1376 1379/1551/1384 1432/1607/1436
f 1374/1544/1378 1432/1607/1436 1455/1630/1458
f 1374/1544/1378 1455/1630/1458 1352/1524/1362
f 1455/1630/1458 1433/1608/1437 1453/1627/1455
f 1450/1629/1457 1444/1616/1445 1457/1632/1460
f 1457/1632/1460 1444/1616/1445 1451/1624/1453
f 1456/1631/1459 1454/1628/1456 1457/1632/1460
f 1458/1633/1461 1456/1631/1459 1457/1632/1460
f 1454/1628/1456 1450/1629/1457 1457/1632/1460
f 1378/1549/1382 1374/1544/1378 1352/1524/1362
f 1445/1617/1446 1376/1546/1380 1436/1610/1439
f 1452/1625/1454 1445/1617/1446 1459/1634/1462
f 1441/1614/1443 1404/1579/1408 1434/1609/1438
f 1407/1582/1411 1379/1551/1384 1376/1552/1380
f 1434/1609/1438 1460/1635/1463 1447/1636/1464
f 1432/1607/1436 1374/1544/1378 1372/1543/1376
f 1456/1631/1459 1458/1633/1461 1455/1630/1458
f 1458/1633/1461 1359/1525/1363 1352/1524/1362
f 1461/1637/1465 1452/1625/1454 1459/1634/1462
f 1355/1519/1357 1464/1638/1466 1357/1521/1359
f 1447/1636/1464 1441/1614/1443 1434/1609/1438
f 1452/1625/1454 1461/1637/1465 1465/1639/1467
f 1352/1524/1362 1455/1630/1458 1458/1633/1461
f 1466/1640/1468 1408/1641/1412 1461/1637/1465
f 1357/1521/1359 1353/1517/1355 1355/1519/1357
f 1380/1561/1383 1388/1560/1391 1408/1583/1412
f 1461/1637/1465 1358/1522/1360 1466/1640/1468
f 1461/1637/1465 1459/1634/1462 1420/1595/1424
f 1462/1642/1469 891/1210/1078 1101/1231/1098
f 1408/1641/1412 1465/1639/1467 1461/1637/1465
f 1467/1643/1470 1231/1381/1226 891/1210/1078
f 1389/1562/1392 1466/1640/1468 1354/1518/1356
f 1434/1609/1438 1231/1381/1226 1463/1644/1471
f 1408/1641/1412 1466/1640/1468 1389/1562/1392
f 1467/1643/1470 1463/1644/1471 1231/1381/1226
f 1408/1641/1412 1389/1562/1392 1380/1550/1383
f 891/1210/1078 1462/1642/1469 1467/1643/1470
f 1465/1645/1467 1408/1583/1412 1407/1582/1411
f 1445/1617/1446 1420/1595/1424 1459/1634/1462
f 1358/1522/1360 1461/1637/1465 1420/1595/1424
f 1466/1640/1468 1358/1522/1360 1354/1518/1356
f 1411/1586/1415 1261/1412/1257 1217/1371/1216
f 1357/1521/1359 1094/1221/1089 1087/1224/1091
f 1462/1642/1469 1463/1644/1471 1467/1643/1470
f 1447/1636/1464 1357/1521/1359 1464/1638/1466
f 1441/1614/1443 1464/1638/1466 1375/1545/1379
f 1464/1638/1466 1355/1519/1357 1375/1545/1379
f 1441/1614/1443 1375/1545/1379 1405/1580/1409
f 1407/1582/1411 1452/1626/1454 1465/1645/1467
f 1462/1642/1469 1357/1521/1359 1447/1636/1464
f 1462/1642/1469 1101/1231/1098 1094/1221/1089
f 1464/1638/1466 1441/1614/1443 1447/1636/1464
f 1357/1521/1359 1462/1642/1469 1094/1221/1089
f 1462/1642/1469 1447/1636/1464 1460/1635/1463
f 1460/1635/1463 1463/1644/1471 1462/1642/1469
f 1434/1609/1438 1446/1618/1447 1230/1379/1224
f 1392/1567/1396 1248/1399/1244 1411/1586/1415
f 1416/1591/1420 1217/1371/1216 1230/1379/1224
f 1463/1644/1471 1460/1635/1463 1434/1609/1438
f 757/854/766 763/845/757 1472/1646/1472
f 1470/1647/1473 1473/1648/1474 1474/1649/1475
f 1474/1649/1475 1472/1646/1472 1470/1647/1473
f 732/815/730 1468/1650/1476 1471/1651/1477
f 732/815/730 1471/1651/1477 1475/1652/1478
f 730/816/731 732/815/730 1475/1652/1478
f 1468/1650/1476 1476/1653/1479 1477/1654/1480
f 730/816/731 1475/1652/1478 782/869/781
f 1478/1655/1481 1471/1651/1477 1477/1654/1480
f 1469/1656/1482 1473/1648/1474 1470/1647/1473
f 1471/1651/1477 1468/1650/1476 1477/1654/1480
f 1478/1655/1481 1475/1652/1478 1471/1651/1477
f 1470/1647/1473 1472/1646/1472 762/853/765
f 1481/1657/1483 1482/1658/1484 1483/1659/1485
f 1483/1659/1485 1482/1658/1484 1484/1660/1486
f 1477/1654/1480 1479/1661/1487 1478/1655/1481
f 1479/1661/1487 1477/1654/1480 1485/1662/1488
f 1478/1655/1481 1479/1661/1487 1486/1663/1489
f 1487/1664/1490 753/840/752 757/854/766
f 1490/1665/1491 1477/1654/1480 1491/1666/1492
f 1482/1658/1484 1481/1657/1483 1492/1667/1493
f 757/854/766 1472/1646/1472 1480/1668/1494
f 1490/1665/1491 1485/1662/1488 1477/1654/1480
f 1495/1669/1495 1492/1667/1493 1481/1657/1483
f 1481/1657/1483 1483/1659/1485 1496/1670/1496
f 1495/1671/1495 1494/1672/1497 1492/1673/1493
f 1496/1670/1496 1495/1669/1495 1481/1657/1483
f 1493/1674/1498 1485/1662/1488 1499/1675/1499
f 1498/1676/1500 1500/1677/1501 1494/1672/1497
f 1494/1672/1497 1495/1671/1495 1498/1676/1500
f 1501/1678/1502 1485/1662/1488 1493/1674/1498
f 1479/1661/1487 1501/1678/1502 1502/1679/1503
f 1501/1678/1502 1503/1680/1504 1502/1679/1503
f 1487/1664/1490 754/841/753 753/840/752
f 1497/1681/1505 1494/1672/1497 1505/1682/1506
f 1479/1661/1487 1485/1662/1488 1501/1678/1502
f 1505/1682/1506 1504/1683/1507 1497/1681/1505
f 1494/1672/1497 1500/1677/1501 1505/1682/1506
f 1505/1682/1506 1506/1684/1508 1504/1683/1507
f 1504/1683/1507 1506/1684/1508 1507/1685/1509
f 1502/1679/1503 1486/1663/1489 1479/1661/1487
f 1509/1686/1510 1508/1687/1511 1507/1685/1509
f 1493/1674/1498 1510/1688/1512 1501/1678/1502
f 1487/1664/1490 756/843/755 754/841/753
f 1510/1688/1512 1511/1689/1513 1501/1678/1502
f 1512/1690/1514 1513/1691/1515 1508/1687/1511
f 1512/1690/1514 1508/1687/1511 1514/1692/1516
f 757/854/766 1480/1668/1494 1487/1664/1490
f 1515/1693/1517 1511/1689/1513 1510/1688/1512
f 1469/1656/1482 1470/1647/1473 762/853/765
f 1488/1694/1518 756/843/755 1487/1664/1490
f 1512/1690/1514 1514/1692/1516 1513/1691/1515
f 1501/1678/1502 1511/1689/1513 1503/1680/1504
f 1518/1695/1519 1511/1689/1513 1515/1693/1517
f 765/850/762 1469/1656/1482 762/853/765
f 1519/1696/1520 1513/1691/1515 1448/1623/1452
f 1511/1689/1513 1516/1697/1521 1503/1680/1504
f 1514/1692/1516 1448/1623/1452 1513/1691/1515
f 1520/1698/1522 1448/1623/1452 1523/1699/1523
f 1526/1700/1524 756/843/755 1488/1694/1518
f 1523/1699/1523 1514/1692/1516 1525/1701/1525
f 1527/1702/1526 1518/1695/1519 1524/1703/1527
f 1524/1703/1527 1521/1704/1528 1527/1702/1526
f 1518/1695/1519 1527/1702/1526 1511/1689/1513
f 1523/1699/1523 1448/1623/1452 1514/1692/1516
f 1527/1702/1526 1521/1704/1528 1529/1705/1529
f 1530/1706/1530 1531/1707/1531 1521/1704/1528
f 1511/1689/1513 1527/1702/1526 1529/1705/1529
f 1529/1705/1529 1521/1704/1528 1531/1707/1531
f 1530/1706/1530 1521/1704/1528 1525/1701/1525
f 1516/1697/1521 1511/1689/1513 1529/1705/1529
f 1532/1708/1532 1531/1707/1531 1530/1706/1530
f 1525/1701/1525 1521/1704/1528 1533/1709/1533
f 1534/1710/1534 1535/1711/1535 1486/1663/1489
f 1536/1712/1536 1537/1713/1537 1538/1714/1538
f 1475/1652/1478 1478/1655/1481 782/869/781
f 782/869/781 1478/1655/1481 787/875/787
f 1478/1655/1481 1486/1663/1489 1535/1711/1535
f 779/867/779 780/868/780 783/870/782
f 781/871/783 787/875/787 1539/1715/1539
f 783/870/782 781/871/783 1539/1715/1539
f 1535/1711/1535 787/875/787 1478/1655/1481
f 1535/1711/1535 1540/1716/1540 1539/1715/1539
f 1535/1711/1535 1539/1715/1539 787/875/787
f 1495/1669/1495 1496/1670/1496 1541/1717/1541
f 1542/1718/1542 1543/1719/1543 1541/1717/1541
f 1541/1717/1541 1543/1719/1543 1495/1669/1495
f 1537/1713/1537 1539/1715/1539 1540/1716/1540
f 783/870/782 1539/1715/1539 1537/1713/1537
f 1544/1720/1544 1546/1721/1545 1543/1719/1543
f 1537/1713/1537 1540/1716/1540 1538/1714/1538
f 1486/1663/1489 1502/1679/1503 1534/1710/1534
f 1547/1722/1546 1537/1713/1537 1536/1712/1536
f 1502/1679/1503 1548/1723/1547 1534/1710/1534
f 1547/1722/1546 779/867/779 1537/1713/1537
f 1528/1724/1548 1548/1723/1547 1502/1679/1503
f 1546/1721/1545 1544/1720/1544 1549/1725/1549
f 1534/1710/1534 1540/1716/1540 1535/1711/1535
f 1550/1726/1550 1549/1725/1549 1551/1727/1551
f 779/867/779 783/870/782 1537/1713/1537
f 779/867/779 1547/1722/1546 777/863/775
f 1552/1728/1552 1546/1721/1545 1549/1725/1549
f 1552/1728/1552 1553/1729/1553 1546/1721/1545
f 1550/1726/1550 1552/1728/1552 1549/1725/1549
f 1550/1726/1550 1554/1730/1554 1552/1728/1552
f 1538/1714/1538 1540/1716/1540 1534/1710/1534
f 1554/1731/1554 1556/1732/1555 1552/1733/1552
f 1536/1712/1536 1538/1714/1538 1555/1734/1556
f 1557/1735/1557 1547/1722/1546 1536/1712/1536
f 1538/1714/1538 1534/1710/1534 1559/1736/1558
f 1502/1679/1503 1503/1680/1504 1528/1724/1548
f 735/818/733 734/819/734 1558/1737/1559
f 763/845/757 762/853/765 1472/1646/1472
f 1558/1737/1559 1550/1726/1550 735/818/733
f 777/863/775 1547/1722/1546 1557/1735/1557
f 1554/1730/1554 1550/1726/1550 1558/1737/1559
f 1526/1700/1524 1558/1738/1559 756/843/755
f 1526/1700/1524 1488/1694/1518 1554/1731/1554
f 1557/1735/1557 1536/1712/1536 1473/1648/1474
f 734/821/734 737/823/736 756/843/755
f 1534/1710/1534 1548/1723/1547 1559/1736/1558
f 734/821/734 756/843/755 1558/1738/1559
f 1528/1724/1548 1562/1739/1560 1560/1740/1561
f 1526/1700/1524 1554/1731/1554 1558/1738/1559
f 1469/1656/1482 777/863/775 1557/1735/1557
f 1557/1735/1557 1473/1648/1474 1469/1656/1482
f 756/843/755 737/823/736 740/837/749
f 1559/1736/1558 1548/1723/1547 1561/1741/1562
f 765/850/762 772/858/770 1469/1656/1482
f 1503/1680/1504 1516/1697/1521 1562/1739/1560
f 1543/1719/1543 1563/1742/1563 1495/1669/1495
f 1495/1671/1495 1564/1743/1564 1498/1676/1500
f 1528/1724/1548 1503/1680/1504 1562/1739/1560
f 1469/1656/1482 772/858/770 777/863/775
f 1563/1744/1563 1564/1743/1564 1495/1671/1495
f 1546/1721/1545 1553/1729/1553 1563/1742/1563
f 1500/1677/1501 1506/1684/1508 1505/1682/1506
f 1566/1745/1565 1564/1743/1564 1563/1744/1563
f 1506/1684/1508 1509/1686/1510 1567/1746/1566
f 1556/1732/1555 1553/1747/1553 1552/1733/1552
f 1554/1731/1554 1568/1748/1567 1556/1732/1555
f 1553/1747/1553 1566/1745/1565 1563/1744/1563
f 1568/1748/1567 1488/1694/1518 1569/1749/1568
f 1554/1731/1554 1488/1694/1518 1568/1748/1567
f 1546/1721/1545 1563/1742/1563 1543/1719/1543
f 1564/1743/1564 1570/1750/1569 1565/1751/1570
f 1564/1743/1564 1566/1745/1565 1571/1752/1571
f 1564/1743/1564 1571/1752/1571 1570/1750/1569
f 1572/1753/1572 1573/1754/1573 1570/1750/1569
f 1500/1677/1501 1574/1755/1574 1509/1686/1510
f 1500/1677/1501 1509/1686/1510 1506/1684/1508
f 1574/1755/1574 1500/1677/1501 1498/1676/1500
f 1570/1750/1569 1573/1754/1573 1565/1751/1570
f 1509/1686/1510 1574/1755/1574 1575/1756/1575
f 1574/1755/1574 1498/1676/1500 1565/1751/1570
f 1573/1754/1573 1574/1755/1574 1565/1751/1570
f 1574/1755/1574 1573/1754/1573 1575/1756/1575
f 1578/1757/1576 1573/1754/1573 1579/1758/1577
f 1578/1757/1576 1580/1759/1578 1575/1756/1575
f 1573/1754/1573 1577/1760/1579 1575/1756/1575
f 1573/1754/1573 1578/1757/1576 1577/1760/1579
f 1580/1759/1578 1576/1761/1580 1575/1756/1575
f 1506/1684/1508 1567/1746/1566 1507/1685/1509
f 1575/1756/1575 1576/1761/1580 1509/1686/1510
f 1581/1762/1581 1580/1759/1578 1578/1757/1576
f 1567/1746/1566 1509/1686/1510 1507/1685/1509
f 1582/1763/1582 1581/1762/1581 1578/1757/1576
f 1582/1763/1582 1583/1764/1583 1581/1762/1581
f 1578/1757/1576 1575/1756/1575 1577/1760/1579
f 1571/1752/1571 1566/1745/1565 1553/1747/1553
f 1572/1753/1572 1571/1752/1571 1584/1765/1584
f 1584/1765/1584 1571/1752/1571 1553/1747/1553
f 1584/1765/1584 1553/1747/1553 1556/1732/1555
f 1572/1753/1572 1570/1750/1569 1571/1752/1571
f 1565/1751/1570 1498/1676/1500 1564/1743/1564
f 1585/1766/1585 1584/1765/1584 1556/1732/1555
f 1556/1732/1555 1568/1748/1567 1585/1766/1585
f 1569/1749/1568 1480/1668/1494 1585/1766/1585
f 1488/1694/1518 1487/1664/1490 1569/1749/1568
f 1569/1749/1568 1585/1766/1585 1568/1748/1567
f 1579/1758/1577 1582/1763/1582 1578/1757/1576
f 1487/1664/1490 1480/1668/1494 1569/1749/1568
f 1480/1668/1494 1579/1758/1577 1585/1766/1585
f 1572/1753/1572 1579/1758/1577 1573/1754/1573
f 1579/1758/1577 1572/1753/1572 1585/1766/1585
f 1579/1758/1577 1480/1668/1494 1472/1646/1472
f 1472/1646/1472 1474/1649/1475 1582/1763/1582
f 1584/1765/1584 1585/1766/1585 1572/1753/1572
f 1509/1686/1510 1514/1692/1516 1508/1687/1511
f 1576/1761/1580 1514/1692/1516 1509/1686/1510
f 1587/1767/1586 1514/1692/1516 1586/1768/1587
f 1514/1692/1516 1576/1761/1580 1586/1768/1587
f 1472/1646/1472 1582/1763/1582 1579/1758/1577
f 1580/1759/1578 1590/1769/1588 1589/1770/1589
f 1588/1771/1590 1591/1772/1591 1590/1769/1588
f 1589/1770/1589 1576/1761/1580 1580/1759/1578
f 1589/1770/1589 1587/1767/1586 1576/1761/1580
f 1590/1769/1588 1587/1767/1586 1589/1770/1589
f 1576/1761/1580 1587/1767/1586 1586/1768/1587
f 1590/1769/1588 1580/1759/1578 1588/1771/1590
f 1590/1769/1588 1591/1772/1591 1592/1773/1592
f 1583/1764/1583 1588/1771/1590 1581/1762/1581
f 1525/1701/1525 1514/1692/1516 1517/1774/1593
f 1587/1767/1586 1593/1775/1594 1517/1774/1593
f 1587/1767/1586 1517/1774/1593 1514/1692/1516
f 1581/1762/1581 1588/1771/1590 1580/1759/1578
f 1592/1773/1592 1587/1767/1586 1590/1769/1588
f 1593/1775/1594 1587/1767/1586 1592/1773/1592
f 1532/1708/1532 1593/1775/1594 1592/1773/1592
f 1594/1776/1595 1532/1708/1532 1592/1773/1592
f 1591/1772/1591 1594/1776/1595 1592/1773/1592
f 1593/1775/1594 1532/1708/1532 1530/1706/1530
f 1517/1774/1593 1530/1706/1530 1525/1701/1525
f 1532/1708/1532 1529/1705/1529 1531/1707/1531
f 1582/1763/1582 1595/1777/1596 1583/1764/1583
f 1516/1697/1521 1529/1705/1529 1594/1776/1595
f 1532/1708/1532 1594/1776/1595 1529/1705/1529
f 1562/1739/1560 1594/1776/1595 1591/1772/1591
f 1593/1775/1594 1530/1706/1530 1517/1774/1593
f 1473/1648/1474 1536/1712/1536 1474/1649/1475
f 1583/1764/1583 1560/1740/1561 1588/1771/1590
f 1536/1712/1536 1555/1734/1556 1474/1649/1475
f 1582/1763/1582 1474/1649/1475 1595/1777/1596
f 1561/1741/1562 1583/1764/1583 1595/1777/1596
f 1591/1772/1591 1588/1771/1590 1560/1740/1561
f 1559/1736/1558 1555/1734/1556 1538/1714/1538
f 1560/1740/1561 1562/1739/1560 1591/1772/1591
f 1555/1734/1556 1559/1736/1558 1474/1649/1475
f 1548/1723/1547 1560/1740/1561 1561/1741/1562
f 1561/1741/1562 1560/1740/1561 1583/1764/1583
f 1561/1741/1562 1595/1777/1596 1559/1736/1558
f 1474/1649/1475 1559/1736/1558 1595/1777/1596
f 1562/1739/1560 1516/1697/1521 1594/1776/1595
f 1548/1723/1547 1528/1724/1548 1560/1740/1561
f 1596/1778/1597 852/252/230 1597/1779/1598
f 1600/1780/1599 1601/1781/1600 1602/1782/1601
f 1485/1662/1488 1489/1783/1602 1499/1675/1499
f 1604/1784/1603 1510/1688/1512 1605/1785/1604
f 1490/1665/1491 1489/1783/1602 1485/1662/1488
f 1606/1786/1605 1603/1787/1606 1607/1788/1607
f 1603/1787/1606 1596/1778/1597 1607/1788/1607
f 1610/1789/1608 1598/1790/1609 1599/1791/1610
f 1607/1788/1607 1597/1779/1598 1611/1792/1611
f 1612/1793/1612 1609/1794/1613 1613/1795/1614
f 1606/1786/1605 1609/1794/1613 1612/1793/1612
f 1493/1674/1498 1499/1675/1499 1510/1688/1512
f 1607/1788/1607 1596/1778/1597 1597/1779/1598
f 1614/1796/1615 1499/1675/1499 1489/1783/1602
f 1607/1788/1607 1609/1794/1613 1606/1786/1605
f 1615/1797/1616 1604/1784/1603 1616/1798/1617
f 1617/1799/1618 1609/1794/1613 1607/1788/1607
f 1616/1798/1617 1604/1784/1603 1605/1785/1604
f 1609/1794/1613 1617/1799/1618 1618/1800/1619
f 1605/1785/1604 1510/1688/1512 1499/1675/1499
f 1520/1698/1522 1523/1699/1523 1619/1801/1620
f 1520/1698/1522 1451/1624/1453 1448/1623/1452
f 1619/1801/1620 1451/1624/1453 1520/1698/1522
f 1621/1802/1621 1620/1803/1622 1619/1801/1620
f 1451/1624/1453 1619/1801/1620 1620/1803/1622
f 1609/1794/1613 1618/1800/1619 1613/1795/1614
f 1622/1804/1623 1616/1798/1617 1605/1785/1604
f 1613/1795/1614 1624/1805/1624 1610/1789/1608
f 1625/1806/1625 1626/1807/1626 1624/1805/1624
f 1627/1808/1627 1620/1803/1622 1621/1802/1621
f 1627/1808/1627 1628/1809/1628 1620/1803/1622
f 1451/1624/1453 1620/1803/1622 1628/1809/1628
f 1457/1632/1460 1628/1809/1628 1359/1525/1363
f 1628/1809/1628 1457/1632/1460 1451/1624/1453
f 1610/1789/1608 1624/1805/1624 1598/1790/1609
f 1614/1796/1615 1605/1785/1604 1499/1675/1499
f 1359/1525/1363 1458/1633/1461 1457/1632/1460
f 1610/1789/1608 1612/1793/1612 1613/1795/1614
f 1630/1810/1629 1608/1811/1630 1359/1812/1363
f 1628/1809/1628 1629/1813/1631 1359/1525/1363
f 1629/1813/1631 1608/1814/1630 1630/1815/1629
f 1629/1813/1631 1630/1815/1629 1359/1525/1363
f 1626/1807/1626 1625/1806/1625 1362/1531/1367
f 1362/1531/1367 1363/1527/1365 1599/1791/1610
f 1601/1781/1600 1622/1804/1623 1605/1785/1604
f 1598/1790/1609 1624/1805/1624 1626/1807/1626
f 1599/1791/1610 1626/1807/1626 1362/1531/1367
f 1632/1816/1632 1631/1817/1633 1618/1800/1619
f 1599/1791/1610 1598/1790/1609 1626/1807/1626
f 1618/1800/1619 1631/1817/1633 1624/1805/1624
f 1633/971/873 1634/1818/1634 1635/1819/1635
f 1385/1555/1387 1625/1806/1625 1631/1817/1633
f 1613/1795/1614 1618/1800/1619 1624/1805/1624
f 1636/1820/1636 860/974/876 1635/1819/1635
f 1385/1555/1387 1383/1554/1386 1362/1531/1367
f 1385/1555/1387 1362/1531/1367 1625/1806/1625
f 870/965/868 873/969/871 1623/1821/1637
f 1635/1822/1635 1637/1823/1638 1636/1824/1636
f 1631/1817/1633 1625/1806/1625 1624/1805/1624
f 1351/1529/1361 1599/1791/1610 1363/1527/1365
f 1351/1529/1361 1359/1812/1363 1608/1811/1630
f 1601/1781/1600 1614/1796/1615 1490/1665/1491
f 1638/1825/1639 1635/1822/1635 1602/1782/1601
f 1599/1791/1610 1351/1529/1361 1608/1811/1630
f 1640/1826/1640 1634/1818/1634 1633/971/873
f 1635/1819/1635 860/974/876 1633/971/873
f 1635/1822/1635 1600/1780/1599 1602/1782/1601
f 875/983/885 1636/1820/1636 888/988/889
f 872/970/872 1640/1826/1640 1633/971/873
f 1642/1827/1641 1643/1828/1642 1644/1829/1643
f 888/1830/889 1645/1831/1644 885/986/886
f 1636/1824/1636 1637/1823/1638 1646/1832/1645
f 1647/1833/1646 1645/1831/1644 888/1830/889
f 1647/1833/1646 888/1830/889 1636/1824/1636
f 1648/1834/1647 1647/1833/1646 1636/1824/1636
f 1649/1835/1648 1645/1831/1644 1647/1833/1646
f 885/986/886 1645/1831/1644 732/815/730
f 1636/1820/1636 875/983/885 860/974/876
f 732/815/730 1645/1831/1644 1649/1835/1648
f 1638/1825/1639 1602/1782/1601 1650/1836/1649
f 1651/1837/1650 732/815/730 1649/1835/1648
f 1601/1781/1600 1605/1785/1604 1614/1796/1615
f 1646/1832/1645 1648/1834/1647 1636/1824/1636
f 1638/1825/1639 1650/1836/1649 1637/1823/1638
f 1637/1823/1638 1648/1834/1647 1646/1832/1645
f 1637/1823/1638 1635/1822/1635 1638/1825/1639
f 1649/1835/1648 1647/1833/1646 1648/1834/1647
f 1649/1835/1648 1652/1838/1651 1476/1653/1479
f 1652/1838/1651 1648/1834/1647 1637/1823/1638
f 1649/1835/1648 1648/1834/1647 1652/1838/1651
f 1652/1838/1651 1490/1665/1491 1491/1666/1492
f 1637/1823/1638 1650/1836/1649 1652/1838/1651
f 1476/1653/1479 1652/1838/1651 1491/1666/1492
f 1468/1650/1476 732/815/730 1651/1837/1650
f 1601/1781/1600 1490/1665/1491 1650/1836/1649
f 1651/1837/1650 1649/1835/1648 1476/1653/1479
f 871/966/869 870/965/868 872/970/872
f 1491/1666/1492 1477/1654/1480 1476/1653/1479
f 1651/1837/1650 1476/1653/1479 1468/1650/1476
f 1522/1839/1652 1533/1709/1533 1521/1704/1528
f 1640/1826/1640 1653/1840/1653 1600/1841/1599
f 1600/1841/1599 1634/1818/1634 1640/1826/1640
f 1654/1842/1654 1653/1840/1653 1640/1826/1640
f 1634/1818/1634 1600/1841/1599 1635/1819/1635
f 1654/1843/1654 1622/1804/1623 1653/1844/1653
f 1521/1704/1528 1524/1703/1527 1522/1839/1652
f 1533/1709/1533 1523/1699/1523 1525/1701/1525
f 1654/1843/1654 1616/1798/1617 1622/1804/1623
f 1533/1709/1533 1619/1801/1620 1523/1699/1523
f 1533/1709/1533 1655/1845/1655 1656/1846/1656
f 1656/1846/1656 1655/1845/1655 1657/1847/1657
f 1656/1846/1656 1619/1801/1620 1533/1709/1533
f 1656/1846/1656 1657/1847/1657 1619/1801/1620
f 1522/1839/1652 1524/1703/1527 1658/1848/1658
f 1524/1703/1527 1659/1849/1659 1658/1848/1658
f 1658/1848/1658 1655/1845/1655 1522/1839/1652
f 1655/1845/1655 1658/1848/1658 1660/1850/1660
f 1533/1709/1533 1522/1839/1652 1655/1845/1655
f 1661/1851/1661 1658/1848/1658 1659/1849/1659
f 1654/1843/1654 1662/1852/1662 1616/1798/1617
f 1600/1780/1599 1653/1844/1653 1622/1804/1623
f 1518/1695/1519 1659/1849/1659 1524/1703/1527
f 872/970/872 1639/1853/1663 1640/1826/1640
f 1604/1784/1603 1515/1693/1517 1510/1688/1512
f 1663/1854/1664 1659/1849/1659 1515/1693/1517
f 1663/1854/1664 1515/1693/1517 1615/1797/1616
f 1515/1693/1517 1659/1849/1659 1518/1695/1519
f 1515/1693/1517 1604/1784/1603 1615/1797/1616
f 1606/1786/1605 1612/1793/1612 1676/1855/1665
f 1663/1854/1664 1661/1851/1661 1659/1849/1659
f 1664/1856/1666 1621/1802/1621 1657/1847/1657
f 1606/1786/1605 1665/1857/1667 1603/1787/1606
f 1603/1787/1606 1665/1857/1667 1641/1858/1668
f 1621/1802/1621 1619/1801/1620 1657/1847/1657
f 1628/1809/1628 1627/1808/1627 1666/1859/1669
f 1667/1860/1670 1621/1802/1621 1664/1856/1666
f 1621/1802/1621 1667/1860/1670 1627/1808/1627
f 1655/1845/1655 1664/1856/1666 1657/1847/1657
f 1667/1860/1670 1664/1856/1666 1668/1861/1671
f 1666/1859/1669 1667/1860/1670 1669/1862/1672
f 1667/1860/1670 1666/1859/1669 1627/1808/1627
f 1670/1863/1673 1669/1862/1672 1667/1860/1670
f 1658/1848/1658 1671/1864/1674 1660/1850/1660
f 1670/1863/1673 1667/1860/1670 1668/1861/1671
f 1671/1864/1674 1655/1845/1655 1660/1850/1660
f 1655/1845/1655 1671/1864/1674 1664/1856/1666
f 1672/1865/1675 1673/1866/1676 1671/1864/1674
f 1668/1861/1671 1664/1856/1666 1671/1864/1674
f 1674/1867/1677 1671/1864/1674 1663/1854/1664
f 1675/1868/1678 1670/1863/1673 1668/1861/1671
f 1669/1862/1672 1670/1863/1673 1675/1868/1678
f 1671/1864/1674 1674/1867/1677 1672/1865/1675
f 1673/1866/1676 1672/1865/1675 1675/1868/1678
f 1675/1868/1678 1672/1865/1675 1644/1869/1643
f 1658/1848/1658 1661/1851/1661 1671/1864/1674
f 1671/1864/1674 1673/1866/1676 1668/1861/1671
f 1668/1861/1671 1673/1866/1676 1675/1868/1678
f 1610/1789/1608 1599/1791/1610 1676/1855/1665
f 1599/1791/1610 1608/1811/1630 1676/1855/1665
f 1629/1813/1631 1628/1809/1628 1666/1859/1669
f 1676/1855/1665 1612/1793/1612 1610/1789/1608
f 1677/1870/1679 1644/1869/1643 1672/1865/1675
f 1669/1862/1672 1678/1871/1680 1679/1872/1681
f 1669/1862/1672 1675/1868/1678 1678/1871/1680
f 1608/1814/1630 1629/1813/1631 1679/1872/1681
f 1680/1873/1682 1608/1811/1630 1678/1874/1680
f 1678/1871/1680 1675/1868/1678 1680/1875/1682
f 1663/1854/1664 1671/1864/1674 1661/1851/1661
f 1676/1855/1665 1680/1873/1682 1643/1828/1642
f 1680/1873/1682 1676/1855/1665 1608/1811/1630
f 1644/1869/1643 1680/1875/1682 1675/1868/1678
f 1682/1876/1683 1616/1798/1617 1662/1852/1662
f 1615/1797/1616 1674/1867/1677 1663/1854/1664
f 1615/1797/1616 1616/1798/1617 1674/1867/1677
f 1616/1798/1617 1682/1876/1683 1674/1867/1677
f 1672/1865/1675 1674/1867/1677 1681/1877/1684
f 1674/1867/1677 1682/1876/1683 1681/1877/1684
f 1681/1877/1684 1654/1843/1654 1677/1870/1679
f 1681/1877/1684 1682/1876/1683 1662/1852/1662
f 1644/1869/1643 1677/1870/1679 1654/1843/1654
f 1654/1843/1654 1681/1877/1684 1662/1852/1662
f 1639/1853/1663 1654/1842/1654 1640/1826/1640
f 1681/1877/1684 1677/1870/1679 1672/1865/1675
f 870/965/868 1623/1821/1637 1639/1853/1663
f 1629/1813/1631 1666/1859/1669 1679/1872/1681
f 1665/1857/1667 1606/1786/1605 1676/1855/1665
f 1639/1853/1663 1642/1827/1641 1654/1842/1654
f 1641/1858/1668 1643/1828/1642 1623/1821/1637
f 1665/1857/1667 1643/1828/1642 1641/1858/1668
f 1665/1857/1667 1676/1855/1665 1643/1828/1642
f 1643/1828/1642 1680/1873/1682 1644/1829/1643
f 1669/1862/1672 1679/1872/1681 1666/1859/1669
f 1608/1811/1630 1679/1878/1681 1678/1874/1680
f 1641/1858/1668 1623/1821/1637 873/969/871
f 1644/1829/1643 1654/1842/1654 1642/1827/1641
f 1623/1821/1637 1643/1828/1642 1642/1827/1641
f 1623/1821/1637 1642/1827/1641 1639/1853/1663
f 873/969/871 852/252/230 1603/1787/1606
f 856/946/851 852/252/230 873/969/871
f 857/954/858 856/946/851 873/969/871
f 1641/1858/1668 873/969/871 1603/1787/1606
f 1490/1665/1491 1652/1838/1651 1650/1836/1649
f 872/970/872 870/965/868 1639/1853/1663
f 1596/1778/1597 1603/1787/1606 852/252/230
f 1490/1665/1491 1614/1796/1615 1489/1783/1602
f 1602/1782/1601 1601/1781/1600 1650/1836/1649
f 1600/1780/1599 1622/1804/1623 1601/1781/1600
f 643/731/646 808/887/799 1683/1879/1685
f 1684/1880/1686 1685/1881/1687 1686/1882/1688
f 798/896/808 1689/1883/1689 808/887/799
f 808/887/799 1689/1883/1689 1683/1879/1685
f 1687/1884/1690 621/700/617 638/722/637
f 1690/1885/1691 561/640/561 557/636/557
f 808/887/799 807/886/798 798/896/808
f 1684/1880/1686 1691/1886/1692 1688/1887/1693
f 1687/1884/1690 1685/1881/1687 1688/1887/1693
f 1685/1881/1687 1684/1880/1686 1688/1887/1693
f 557/636/557 639/726/641 1690/1885/1691
f 1692/1888/1694 1693/1889/1695 1694/1890/1696
f 1695/1891/1697 1696/1892/1698 1694/1890/1696
f 1684/1893/1686 1686/1894/1688 1697/1895/1699
f 1690/1885/1691 639/726/641 650/735/650
f 604/689/606 610/703/620 650/735/650
f 650/735/650 1698/1896/1700 1690/1885/1691
f 1690/1897/1691 1700/1898/1701 561/1899/561
f 1699/1900/1702 1690/1897/1691 1698/1901/1700
f 1699/1900/1702 1700/1898/1701 1690/1897/1691
f 1686/1894/1688 1702/1902/1703 1703/1903/1704
f 1701/1904/1705 1685/1881/1687 1687/1884/1690
f 478/548/480 475/1905/477 473/543/475
f 1704/1906/1706 1697/1895/1699 1705/1907/1707
f 1687/1884/1690 638/722/637 1701/1904/1705
f 480/555/482 473/543/475 475/1905/477
f 478/548/480 1706/1908/1708 475/1905/477
f 650/735/650 610/703/620 643/731/646
f 1694/1890/1696 1693/1889/1695 1709/1909/1709
f 1708/1910/1710 1686/1882/1688 679/765/680
f 1695/1911/1697 643/731/646 1683/1879/1685
f 643/731/646 1695/1911/1697 650/735/650
f 1695/1911/1697 1683/1879/1685 1707/1912/1711
f 1686/1882/1688 1708/1910/1710 1702/1913/1703
f 1685/1881/1687 1701/1904/1705 1686/1882/1688
f 478/548/480 447/520/452 1710/1914/1712
f 649/734/649 1711/1915/1713 1712/1916/1714
f 478/548/480 1710/1914/1712 1706/1908/1708
f 447/520/452 452/519/451 1710/1914/1712
f 1710/1917/1712 488/559/490 1706/1918/1708
f 1712/1916/1714 1705/1907/1707 649/734/649
f 1695/1911/1697 1698/1896/1700 650/735/650
f 1709/1909/1709 1713/1919/1715 1698/1901/1700
f 1695/1891/1697 1694/1890/1696 1709/1909/1709
f 1714/1920/1716 1713/1919/1715 1709/1909/1709
f 1698/1901/1700 1713/1919/1715 1699/1900/1702
f 1713/1919/1715 1700/1898/1701 1699/1900/1702
f 1709/1909/1709 1693/1889/1695 1714/1920/1716
f 1709/1909/1709 1698/1901/1700 1695/1891/1697
f 1706/1918/1708 488/559/490 475/545/477
f 1692/1888/1694 1711/1915/1713 1693/1889/1695
f 561/1899/561 648/733/648 652/737/652
f 564/647/564 561/1899/561 652/737/652
f 1700/1898/1701 648/733/648 561/1899/561
f 1713/1919/1715 648/733/648 1700/1898/1701
f 1704/1906/1706 1705/1907/1707 1712/1916/1714
f 1710/1917/1712 680/766/681 488/559/490
f 1716/1921/1717 452/519/451 1717/1922/1718
f 1716/1923/1717 680/766/681 1710/1917/1712
f 1716/1921/1717 1710/1914/1712 452/519/451
f 1718/1924/1719 1716/1921/1717 1719/1925/1720
f 1705/1907/1707 620/707/624 649/734/649
f 1718/1926/1719 680/766/681 1716/1923/1717
f 680/766/681 1715/1927/1721 658/743/658
f 634/718/634 620/707/624 1705/1907/1707
f 1718/1924/1719 1719/1925/1720 1720/1928/1722
f 1719/1925/1720 1716/1921/1717 1717/1922/1718
f 649/734/649 620/707/624 626/709/626
f 1715/1927/1721 680/766/681 1718/1926/1719
f 452/519/451 438/518/450 1717/1922/1718
f 659/744/659 661/746/661 1715/1927/1721
f 1719/1925/1720 1717/1922/1718 438/518/450
f 1719/1925/1720 438/518/450 1721/1929/1723
f 442/510/442 681/767/682 1721/1929/1723
f 1713/1919/1715 1714/1920/1716 645/729/644
f 1722/1930/1724 1721/1929/1723 681/767/682
f 438/518/450 466/536/468 1721/1929/1723
f 1720/1928/1722 1723/1931/1725 1724/1932/1726
f 1720/1928/1722 1719/1925/1720 1723/1931/1725
f 1719/1925/1720 1721/1929/1723 1723/1931/1725
f 1721/1929/1723 466/536/468 442/510/442
f 1722/1930/1724 1723/1931/1725 1721/1929/1723
f 1725/1933/1727 677/763/678 659/744/659
f 661/746/661 658/743/658 1715/1927/1721
f 1720/1928/1722 1715/1934/1721 1718/1924/1719
f 1715/1934/1721 1720/1928/1722 1724/1932/1726
f 1726/1935/1728 1724/1932/1726 683/769/684
f 1715/1927/1721 1725/1933/1727 659/744/659
f 1715/1934/1721 1724/1932/1726 1726/1935/1728
f 702/787/702 677/763/678 1725/1933/1727
f 1724/1932/1726 1723/1931/1725 1722/1930/1724
f 1726/1936/1728 1725/1933/1727 1715/1927/1721
f 683/769/684 1724/1932/1726 1722/1930/1724
f 1702/1913/1703 1725/1933/1727 1726/1936/1728
f 1727/1937/1729 1726/1935/1728 683/769/684
f 1693/1889/1695 649/734/649 1714/1920/1716
f 1726/1935/1728 1727/1937/1729 1702/1902/1703
f 649/734/649 1693/1889/1695 1711/1915/1713
f 1728/1938/1730 1704/1906/1706 1712/1916/1714
f 1701/1904/1705 679/765/680 1686/1882/1688
f 649/734/649 645/729/644 1714/1920/1716
f 645/729/644 648/733/648 1713/1919/1715
f 634/718/634 618/699/616 122/123/114
f 1729/1939/1731 1691/1886/1692 1730/1940/1732
f 1731/1941/1733 618/699/616 634/718/634
f 1725/1933/1727 1708/1910/1710 702/787/702
f 1732/1942/1734 1696/1943/1698 1729/1939/1731
f 1696/1943/1698 1707/1944/1711 1729/1939/1731
f 1708/1910/1710 1725/1933/1727 1702/1913/1703
f 1707/1912/1711 1696/1945/1698 1695/1911/1697
f 1694/1890/1696 1732/1946/1734 1692/1888/1694
f 1694/1890/1696 1696/1892/1698 1732/1946/1734
f 1708/1910/1710 679/765/680 702/787/702
f 1730/1947/1732 1692/1888/1694 1732/1946/1734
f 1732/1942/1734 1729/1939/1731 1730/1940/1732
f 1730/1947/1732 1728/1938/1730 1692/1888/1694
f 1728/1938/1730 1730/1947/1732 1684/1893/1686
f 1684/1880/1686 1730/1940/1732 1691/1886/1692
f 1707/1912/1711 1683/1879/1685 1689/1883/1689
f 1684/1893/1686 1697/1895/1699 1704/1906/1706
f 1684/1893/1686 1704/1906/1706 1728/1938/1730
f 1707/1944/1711 1689/1948/1689 1729/1939/1731
f 1689/1948/1689 1691/1886/1692 1729/1939/1731
f 1689/1948/1689 621/700/617 1691/1886/1692
f 1722/1930/1724 681/767/682 683/769/684
f 1688/1887/1693 621/700/617 1687/1884/1690
f 1701/1904/1705 638/722/637 679/765/680
f 1711/1915/1713 1692/1888/1694 1712/1916/1714
f 1712/1916/1714 1692/1888/1694 1728/1938/1730
f 1689/1948/1689 798/898/808 621/700/617
f 1697/1895/1699 1731/1941/1733 1705/1907/1707
f 611/694/611 618/699/616 683/769/684
f 1731/1941/1733 1727/1937/1729 683/769/684
f 1731/1941/1733 683/769/684 618/699/616
f 1703/1903/1704 1727/1937/1729 1733/1949/1735
f 1703/1903/1704 1702/1902/1703 1727/1937/1729
f 1697/1895/1699 1733/1949/1735 1731/1941/1733
f 1733/1949/1735 1727/1937/1729 1731/1941/1733
f 1705/1907/1707 1731/1941/1733 634/718/634
f 1703/1903/1704 1733/1949/1735 1697/1895/1699
f 1688/1887/1693 1691/1886/1692 621/700/617
f 1686/1894/1688 1703/1903/1704 1697/1895/1699
f 1734/1950/1736 1735/1951/1737 1736/1952/1738
f 1130/1264/1128 1748/1953/1739 1122/1262/1126
f 1739/1954/1740 1740/1955/1741 1741/1956/1742
f 1129/1263/1127 1122/1262/1126 1393/1573/1402
f 1741/1956/1742 1743/1957/1743 1739/1954/1740
f 1744/1958/1744 1745/1959/1745 1746/1960/1746
f 1744/1958/1744 1746/1960/1746 1736/1952/1738
f 1737/1961/1747 1743/1957/1743 1741/1956/1742
f 1734/1950/1736 1736/1952/1738 1746/1960/1746
f 1743/1957/1743 1737/1961/1747 1738/1962/1748
f 1749/1963/1749 1122/1262/1126 1748/1953/1739
f 1737/1961/1747 1740/1955/1741 1750/1964/1750
f 1740/1955/1741 1751/1965/1751 1750/1964/1750
f 1735/1951/1737 1734/1950/1736 1747/1966/1752
f 1751/1965/1751 1752/1967/1753 1750/1964/1750
f 1753/1968/1754 1752/1967/1753 1751/1965/1751
f 1751/1965/1751 1740/1955/1741 1754/1969/1755
f 1741/1956/1742 1740/1955/1741 1737/1961/1747
f 1753/1968/1754 1751/1965/1751 1756/1970/1756
f 1755/1971/1757 1757/1972/1758 1758/1973/1759
f 1755/1971/1757 1744/1958/1744 1759/1974/1760
f 1130/1264/1128 1759/1974/1760 1748/1953/1739
f 1744/1958/1744 1755/1971/1757 1745/1959/1745
f 1757/1972/1758 1125/1258/1122 1758/1973/1759
f 1187/1332/1187 1758/1973/1759 1125/1258/1122
f 1757/1972/1758 1130/1264/1128 1125/1258/1122
f 1734/1950/1736 1761/1975/1761 1747/1966/1752
f 1753/1968/1754 1760/1976/1762 1762/1977/1763
f 1763/1978/1764 1764/1979/1765 1760/1976/1762
f 1757/1972/1758 1755/1971/1757 1130/1264/1128
f 1765/1980/1766 1766/1981/1767 1767/1982/1768
f 1767/1982/1768 1763/1978/1764 1765/1980/1766
f 1766/1981/1767 1765/1980/1766 1768/1983/1769
f 1756/1970/1756 1760/1976/1762 1753/1968/1754
f 1769/1984/1770 1770/1985/1771 1771/1986/1772
f 1772/1987/1773 1773/1988/1774 1774/1989/1775
f 1769/1984/1770 1774/1989/1775 1775/1990/1776
f 1776/1991/1777 1771/1986/1772 1777/1992/1778
f 1769/1984/1770 1775/1990/1776 1770/1985/1771
f 1774/1989/1775 1773/1988/1774 1775/1990/1776
f 1173/1311/1173 1175/1313/1175 1187/1332/1187
f 1778/1993/1779 1779/1994/1780 1742/1995/1781
f 1175/1313/1175 1758/1973/1759 1187/1332/1187
f 1778/1993/1779 1780/1996/1782 1773/1997/1774
f 1781/1998/1783 1773/1997/1774 1772/1999/1773
f 1748/1953/1739 1759/1974/1760 1782/2000/1784
f 1778/1993/1779 1742/1995/1781 1738/1962/1748
f 1778/1993/1779 1773/1997/1774 1781/1998/1783
f 1778/1993/1779 1781/1998/1783 1779/1994/1780
f 1742/1995/1781 1739/1954/1740 1743/1957/1743
f 1759/1974/1760 1736/1952/1738 1782/2000/1784
f 1738/1962/1748 1742/1995/1781 1743/1957/1743
f 1769/1984/1770 1771/1986/1772 1776/1991/1777
f 1736/1952/1738 1759/1974/1760 1744/1958/1744
f 1775/1990/1776 1773/1988/1774 1780/2001/1782
f 1775/1990/1776 1783/2002/1785 1770/1985/1771
f 1738/1962/1748 1780/1996/1782 1778/1993/1779
f 1174/1312/1174 1855/2003/1786 1175/1313/1175
f 1786/2004/1787 1174/1312/1174 1146/1315/1146
f 1758/1973/1759 1175/1313/1175 1784/2005/1788
f 1787/2006/1789 1771/1986/1772 1770/1985/1771
f 1777/1992/1778 1771/1986/1772 1788/2007/1790
f 1771/1986/1772 1787/2006/1789 1788/2007/1790
f 1788/2007/1790 1789/2008/1791 1790/2009/1792
f 1790/2009/1792 1791/2010/1793 1792/2011/1794
f 1791/2010/1793 1793/2012/1795 1792/2011/1794
f 1789/2008/1791 1794/2013/1796 1791/2010/1793
f 1789/2008/1791 1791/2010/1793 1790/2009/1792
f 1795/2014/1797 1174/1312/1174 1786/2004/1787
f 1797/2015/1798 1795/2016/1797 1786/2017/1787
f 1174/1312/1174 1795/2014/1797 1855/2003/1786
f 1798/2018/1799 1799/2019/1800 1800/1279/1143
f 1801/2020/1801 1802/2021/1802 1803/2022/1803
f 1804/2023/1804 1797/2015/1798 1142/1277/1141
f 1142/1277/1141 1797/2015/1798 1786/2017/1787
f 1146/1282/1146 1142/1277/1141 1786/2017/1787
f 1796/2024/1805 1761/1975/1761 1734/1950/1736
f 1829/2025/1806 1795/2016/1797 1797/2015/1798
f 1805/2026/1807 1806/2027/1808 1807/2028/1809
f 1808/2029/1810 1809/2030/1811 1810/2031/1812
f 1804/2023/1804 1829/2025/1806 1797/2015/1798
f 1810/2031/1812 1809/2030/1811 1811/2032/1813
f 1806/2033/1808 1805/2034/1807 1813/2035/1814
f 1812/2036/1815 1798/2018/1799 1800/1279/1143
f 1142/1277/1141 1800/1279/1143 1804/2023/1804
f 1806/2027/1808 1810/2031/1812 1811/2032/1813
f 1806/2027/1808 1811/2032/1813 1807/2028/1809
f 1803/2022/1803 1808/2029/1810 1810/2031/1812
f 1803/2022/1803 1810/2031/1812 1806/2027/1808
f 1800/1279/1143 1799/2019/1800 1804/2023/1804
f 1761/1975/1761 1796/2024/1805 1785/2037/1816
f 1812/2036/1815 1815/2038/1817 1798/2018/1799
f 1815/2038/1817 1799/2019/1800 1798/2018/1799
f 1799/2019/1800 1815/2038/1817 1817/2039/1818
f 1785/2037/1816 1796/2024/1805 1820/2040/1819
f 1817/2039/1818 1821/2041/1820 1799/2019/1800
f 1818/2042/1821 1815/2038/1817 1819/2043/1822
f 1765/1980/1766 1763/1978/1764 1818/2042/1821
f 1817/2039/1818 1815/2038/1817 1818/2042/1821
f 1818/2042/1821 1763/1978/1764 1760/1976/1762
f 1765/1980/1766 1818/2042/1821 1822/2044/1823
f 1793/2012/1795 1791/2010/1793 1808/2029/1810
f 1130/1264/1128 1755/1971/1757 1759/1974/1760
f 1816/2045/1824 1820/2040/1819 1796/2024/1805
f 1793/2012/1795 1808/2029/1810 1803/2022/1803
f 1823/2046/1825 1824/2047/1826 1739/1954/1740
f 1754/1969/1755 1739/1954/1740 1825/2048/1827
f 1739/1954/1740 1754/1969/1755 1740/1955/1741
f 1816/2045/1824 1826/2049/1828 1820/2040/1819
f 1751/1965/1751 1754/1969/1755 1825/2048/1827
f 1825/2048/1827 1827/2050/1829 1751/1965/1751
f 1756/1970/1756 1751/1965/1751 1827/2050/1829
f 1793/2012/1795 1803/2022/1803 1802/2021/1802
f 1828/2051/1830 1825/2048/1827 1824/2047/1826
f 1825/2048/1827 1739/1954/1740 1824/2047/1826
f 1828/2051/1830 1829/2025/1806 1825/2048/1827
f 1824/2052/1826 1830/2053/1831 1828/2054/1830
f 1825/2048/1827 1829/2025/1806 1831/2055/1832
f 1825/2048/1827 1831/2055/1832 1827/2050/1829
f 1817/2039/1818 1760/1976/1762 1756/1970/1756
f 1817/2039/1818 1818/2042/1821 1760/1976/1762
f 1817/2039/1818 1831/2055/1832 1821/2041/1820
f 1804/2023/1804 1831/2055/1832 1829/2025/1806
f 1831/2055/1832 1804/2023/1804 1821/2041/1820
f 1828/2051/1830 1795/2016/1797 1829/2025/1806
f 1830/2053/1831 1795/2014/1797 1828/2054/1830
f 1831/2055/1832 1756/1970/1756 1827/2050/1829
f 1817/2039/1818 1756/1970/1756 1831/2055/1832
f 1832/2056/1833 1774/1989/1775 1833/2057/1834
f 1774/1989/1775 1832/2056/1833 1772/1987/1773
f 1774/1989/1775 1769/1984/1770 1776/1991/1777
f 1777/1992/1778 1834/2058/1835 1776/1991/1777
f 1833/2057/1834 1774/1989/1775 1776/1991/1777
f 1833/2057/1834 1834/2058/1835 1835/2059/1836
f 1833/2057/1834 1776/1991/1777 1834/2058/1835
f 1739/1954/1740 1742/1995/1781 1823/2046/1825
f 1823/2046/1825 1742/1995/1781 1836/2060/1837
f 1779/1994/1780 1837/2061/1838 1838/2062/1839
f 1799/2019/1800 1821/2041/1820 1804/2023/1804
f 1781/1998/1783 1772/1999/1773 1837/2061/1838
f 1839/2063/1840 1837/2064/1838 1833/2065/1834
f 1832/2066/1833 1833/2067/1834 1837/2061/1838
f 1772/1999/1773 1832/2066/1833 1837/2061/1838
f 1840/2068/1841 1838/2062/1839 1837/2061/1838
f 1779/1994/1780 1781/1998/1783 1837/2061/1838
f 1839/2063/1840 1833/2065/1834 1835/2069/1836
f 1842/2070/1842 1788/2007/1790 1790/2009/1792
f 1840/2071/1841 1839/2063/1840 1841/2072/1843
f 1790/2009/1792 1843/2073/1844 1842/2070/1842
f 1788/2007/1790 1844/2074/1845 1777/1992/1778
f 1844/2074/1845 1842/2070/1842 1834/2058/1835
f 1834/2058/1835 1777/1992/1778 1844/2074/1845
f 1844/2074/1845 1788/2007/1790 1842/2070/1842
f 1839/2063/1840 1840/2071/1841 1837/2064/1838
f 1742/1995/1781 1838/2062/1839 1836/2060/1837
f 1742/1995/1781 1779/1994/1780 1838/2062/1839
f 1843/2075/1844 1845/2076/1846 1842/2077/1842
f 1842/2077/1842 1845/2076/1846 1834/2078/1835
f 1793/2012/1795 1843/2073/1844 1792/2011/1794
f 1793/2012/1795 1802/2021/1802 1816/2079/1824
f 1843/2073/1844 1793/2012/1795 1816/2079/1824
f 1792/2011/1794 1843/2073/1844 1790/2009/1792
f 1796/2024/1805 1845/2076/1846 1843/2075/1844
f 1839/2063/1840 1835/2069/1836 1834/2078/1835
f 1845/2076/1846 1839/2063/1840 1834/2078/1835
f 1846/2080/1847 1839/2063/1840 1845/2076/1846
f 1816/2045/1824 1796/2024/1805 1843/2075/1844
f 1845/2076/1846 1796/2024/1805 1734/1950/1736
f 1823/2081/1825 1848/2082/1848 1849/2083/1849
f 1838/2062/1839 1840/2068/1841 1836/2060/1837
f 1849/2083/1849 1824/2052/1826 1823/2081/1825
f 1840/2068/1841 1848/2084/1848 1836/2060/1837
f 1849/2083/1849 1850/2085/1850 1830/2053/1831
f 1848/2082/1848 1851/2086/1851 1850/2085/1850
f 1848/2082/1848 1850/2085/1850 1849/2083/1849
f 1848/2084/1848 1823/2046/1825 1836/2060/1837
f 1849/2083/1849 1830/2053/1831 1824/2052/1826
f 1851/2086/1851 1848/2082/1848 1840/2071/1841
f 1841/2072/1843 1851/2086/1851 1840/2071/1841
f 1852/2087/1852 1851/2086/1851 1841/2072/1843
f 1853/2088/1853 1830/2053/1831 1854/2089/1854
f 1830/2053/1831 1850/2085/1850 1854/2089/1854
f 1853/2088/1853 1854/2089/1854 1855/2003/1786
f 1830/2053/1831 1853/2088/1853 1795/2014/1797
f 1854/2089/1854 1850/2085/1850 1851/2086/1851
f 1795/2014/1797 1853/2088/1853 1855/2003/1786
f 1854/2089/1854 1851/2086/1851 1856/2090/1855
f 1784/2005/1788 1851/2086/1851 1852/2087/1852
f 1856/2090/1855 1855/2003/1786 1854/2089/1854
f 1784/2005/1788 1856/2090/1855 1851/2086/1851
f 1855/2003/1786 1856/2090/1855 1784/2005/1788
f 1841/2072/1843 1839/2063/1840 1846/2080/1847
f 1855/2003/1786 1784/2005/1788 1175/1313/1175
f 1847/2091/1856 1846/2080/1847 1845/2076/1846
f 1846/2080/1847 1852/2087/1852 1841/2072/1843
f 1746/1960/1746 1846/2080/1847 1847/2091/1856
f 1852/2087/1852 1846/2080/1847 1746/1960/1746
f 1734/1950/1736 1746/1960/1746 1847/2091/1856
f 1845/2076/1846 1734/1950/1736 1847/2091/1856
f 1784/2005/1788 1852/2087/1852 1758/1973/1759
f 1852/2087/1852 1745/1959/1745 1758/1973/1759
f 1806/2027/1808 1801/2020/1801 1803/2022/1803
f 1746/1960/1746 1745/1959/1745 1852/2087/1852
f 1758/1973/1759 1745/1959/1745 1755/1971/1757
f 1813/2035/1814 1814/2092/1857 1806/2033/1808
f 1801/2093/1801 1806/2033/1808 1814/2092/1857
f 1826/2094/1828 1801/2093/1801 1814/2092/1857
f 1826/2049/1828 1816/2045/1824 1802/2095/1802
f 1802/2096/1802 1801/2093/1801 1826/2094/1828
f 1814/2097/1857 1820/2040/1819 1826/2049/1828
f 1857/2098/1858 1814/2092/1857 1813/2035/1814
f 1822/2044/1823 1858/2099/1859 1765/1980/1766
f 1765/1980/1766 1858/2099/1859 1768/1983/1769
f 1859/2100/1860 1860/2101/1861 1861/2102/1862
f 1862/2103/1863 1860/2101/1861 1863/2104/1864
f 1864/2105/1865 1861/2102/1862 1860/2101/1861
f 1822/2044/1823 1818/2042/1821 1819/2043/1822
f 1862/2103/1863 1865/2106/1866 1860/2101/1861
f 1862/2103/1863 1863/2104/1864 1866/2107/1867
f 1863/2104/1864 1867/2108/1868 1866/2107/1867
f 1868/2109/1869 1869/2110/1870 1870/2111/1871
f 1768/1983/1769 1858/2099/1859 1871/2112/1872
f 1865/2106/1866 1864/2105/1865 1860/2101/1861
f 1863/2104/1864 1860/2101/1861 1859/2100/1860
f 1871/2112/1872 1872/2113/1873 1868/2109/1869
f 1873/2114/1874 1872/2113/1873 1871/2112/1872
f 1874/2115/1875 1861/2102/1862 1875/2116/1876
f 1871/2112/1872 1868/2109/1869 1768/1983/1769
f 1876/2117/1877 1863/2104/1864 1877/2118/1878
f 1863/2104/1864 1859/2100/1860 1877/2118/1878
f 1878/2119/1879 1879/2120/1880 1880/2121/1881
f 1859/2100/1860 1861/2102/1862 1874/2115/1875
f 1859/2100/1860 1874/2115/1875 1877/2118/1878
f 1881/2122/1882 1869/2110/1870 1868/2109/1869
f 1881/2122/1882 1880/2121/1881 1869/2110/1870
f 1872/2113/1873 1877/2123/1878 1881/2122/1882
f 1874/2115/1875 1880/2124/1881 1881/2125/1882
f 1879/2120/1880 1869/2110/1870 1880/2121/1881
f 1880/2124/1881 1874/2115/1875 1875/2116/1876
f 1880/2121/1881 1882/2126/1883 1878/2119/1879
f 1876/2117/1877 1867/2108/1868 1863/2104/1864
f 1874/2115/1875 1881/2125/1882 1877/2118/1878
f 1768/1983/1769 1868/2109/1869 1766/1981/1767
f 1872/2113/1873 1873/2114/1874 1883/2127/1884
f 1876/2128/1877 1872/2113/1873 1883/2127/1884
f 1876/2128/1877 1877/2123/1878 1872/2113/1873
f 1868/2109/1869 1872/2113/1873 1881/2122/1882
f 1439/1622/1451 1884/2129/1885 1519/1696/1520
f 1439/1622/1451 1519/1696/1520 1448/1623/1452
f 1497/1681/1505 1504/1683/1507 1885/2130/1886
f 1497/1681/1505 1885/2130/1886 1887/2131/1887
f 1439/1622/1451 1438/1619/1448 1888/2132/1888
f 1888/2132/1888 1884/2129/1885 1439/1622/1451
f 1438/1619/1448 1437/1611/1440 1888/2132/1888
f 1887/2131/1887 1885/2130/1886 1889/2133/1889
f 1890/2134/1890 1805/2034/1807 1891/2135/1891
f 1437/1611/1440 1435/1612/1441 1888/2132/1888
f 1440/1613/1442 1437/1611/1440 1438/1619/1448
f 1494/1672/1497 1497/1681/1505 1887/2131/1887
f 1888/2132/1888 1435/1612/1441 1893/2136/1892
f 1888/2132/1888 1893/2136/1892 1884/2129/1885
f 1895/2137/1893 1435/1612/1441 1894/2138/1894
f 1435/1612/1441 1895/2137/1893 1893/2136/1892
f 1805/2034/1807 1890/2134/1890 1813/2035/1814
f 1896/2139/1895 1897/2140/1896 1898/2141/1897
f 1504/1683/1507 1886/2142/1898 1885/2130/1886
f 1393/1573/1402 1899/2143/1899 1399/1574/1403
f 1900/2144/1900 1435/1612/1441 1402/1577/1406
f 1402/1577/1406 1902/2145/1901 1900/2144/1900
f 1412/1587/1416 1402/1577/1406 1435/1612/1441
f 1900/2144/1900 1894/2138/1894 1435/1612/1441
f 1890/2134/1890 1904/2146/1902 1905/2147/1903
f 1813/2035/1814 1905/2147/1903 1857/2098/1858
f 1902/2145/1901 1897/2140/1896 1900/2144/1900
f 1399/1574/1403 1906/2148/1904 1400/1575/1404
f 1896/2139/1895 1895/2137/1893 1894/2138/1894
f 1907/2149/1905 1892/2150/1906 1901/2151/1907
f 1890/2134/1890 1905/2147/1903 1813/2035/1814
f 1907/2149/1905 1482/1658/1484 1892/2150/1906
f 1492/1673/1493 1494/1672/1497 1892/2152/1906
f 1892/2152/1906 1494/1672/1497 1887/2131/1887
f 1894/2138/1894 1900/2144/1900 1897/2140/1896
f 1908/2153/1908 1909/2154/1909 1904/2146/1902
f 1911/2155/1910 1904/2146/1902 1909/2154/1909
f 1896/2139/1895 1894/2138/1894 1897/2140/1896
f 1912/2156/1911 1904/2146/1902 1911/2155/1910
f 1122/1262/1126 1749/1963/1749 1393/1573/1402
f 1402/1577/1406 1401/1576/1405 1902/2145/1901
f 1400/1575/1404 1906/2148/1904 1902/2145/1901
f 1898/2141/1897 1902/2145/1901 1906/2148/1904
f 1892/2150/1906 1482/1658/1484 1492/1667/1493
f 1906/2148/1904 1399/1574/1403 1899/2143/1899
f 1400/1575/1404 1902/2145/1901 1401/1576/1405
f 1899/2143/1899 1913/2157/1912 1906/2148/1904
f 1906/2148/1904 1913/2157/1912 1898/2141/1897
f 1902/2145/1901 1898/2141/1897 1897/2140/1896
f 1393/1573/1402 1749/1963/1749 1899/2143/1899
f 1749/1963/1749 1913/2157/1912 1899/2143/1899
f 1914/2158/1913 1901/2151/1907 1910/2159/1914
f 1911/2155/1910 1915/2160/1915 1912/2156/1911
f 1907/2149/1905 1901/2151/1907 1484/1660/1486
f 1912/2156/1911 1915/2160/1915 1918/2161/1916
f 1919/2162/1917 1920/2163/1918 1921/2164/1919
f 1921/2164/1919 1915/2160/1915 1919/2162/1917
f 1749/1963/1749 1748/1953/1739 1913/2157/1912
f 1924/2165/1920 1918/2161/1916 1915/2160/1915
f 1921/2164/1919 1924/2165/1920 1915/2160/1915
f 1925/2166/1921 1913/2157/1912 1748/1953/1739
f 1926/2167/1922 1922/2168/1923 1917/2169/1924
f 1484/1660/1486 1901/2151/1907 1914/2158/1913
f 1927/2170/1925 1513/1691/1515 1519/1696/1520
f 1927/2170/1925 1928/2171/1926 1513/1691/1515
f 1903/2172/1927 1929/2173/1928 1885/2130/1886
f 1930/2174/1929 1885/2130/1886 1929/2173/1928
f 1927/2170/1925 1519/1696/1520 1884/2129/1885
f 1907/2149/1905 1484/1660/1486 1482/1658/1484
f 1932/2175/1930 1934/2176/1931 1920/2163/1918
f 1932/2175/1930 1931/2177/1932 1934/2176/1931
f 1935/2178/1933 1921/2164/1919 1920/2163/1918
f 1935/2178/1933 1920/2163/1918 1934/2176/1931
f 1504/1683/1507 1507/1685/1509 1936/2179/1934
f 1936/2179/1934 1513/1691/1515 1928/2171/1926
f 1937/2180/1935 1928/2171/1926 1938/2181/1936
f 1936/2179/1934 1937/2180/1935 1886/2142/1898
f 1513/1691/1515 1936/2179/1934 1508/1687/1511
f 1936/2179/1934 1507/1685/1509 1508/1687/1511
f 1504/1683/1507 1936/2179/1934 1886/2142/1898
f 1889/2133/1889 1930/2174/1929 1939/2182/1937
f 1936/2179/1934 1928/2171/1926 1937/2180/1935
f 1933/2183/1938 1927/2170/1925 1884/2129/1885
f 1940/2184/1939 1941/2185/1940 1942/2186/1941
f 1893/2136/1892 1933/2183/1938 1884/2129/1885
f 1927/2170/1925 1943/2187/1942 1928/2171/1926
f 1933/2183/1938 1943/2187/1942 1927/2170/1925
f 1940/2184/1939 1944/2188/1943 1945/2189/1944
f 1942/2186/1941 1941/2185/1940 1943/2187/1942
f 1933/2183/1938 1942/2186/1941 1943/2187/1942
f 1942/2186/1941 1933/2183/1938 1893/2136/1892
f 1941/2185/1940 1938/2181/1936 1943/2187/1942
f 1916/2190/1945 1947/2191/1946 1939/2182/1937
f 1905/2147/1903 1948/2192/1947 1857/2098/1858
f 1885/2130/1886 1930/2174/1929 1889/2133/1889
f 1949/2193/1948 1942/2186/1941 1893/2136/1892
f 1905/2147/1903 1950/2194/1949 1948/2192/1947
f 1893/2136/1892 1895/2137/1893 1949/2193/1948
f 1905/2147/1903 1951/2195/1950 1952/2196/1951
f 1814/2092/1857 1857/2098/1858 1953/2197/1952
f 1953/2197/1952 1857/2098/1858 1948/2192/1947
f 1952/2196/1951 1950/2194/1949 1905/2147/1903
f 1951/2195/1950 1905/2147/1903 1904/2146/1902
f 1951/2195/1950 1955/2198/1953 1952/2196/1951
f 1955/2198/1953 1951/2195/1950 1904/2146/1902
f 1952/2196/1951 1955/2198/1953 1954/2199/1954
f 1912/2156/1911 1955/2198/1953 1904/2146/1902
f 1957/2200/1955 1958/2201/1956 1955/2198/1953
f 1955/2198/1953 1958/2201/1956 1954/2199/1954
f 1956/2202/1957 1918/2161/1916 1957/2200/1955
f 1918/2161/1916 1956/2202/1957 1912/2156/1911
f 1955/2198/1953 1912/2156/1911 1956/2202/1957
f 1918/2161/1916 1914/2158/1913 1957/2200/1955
f 1955/2198/1953 1956/2202/1957 1957/2200/1955
f 1924/2165/1920 1921/2164/1919 1935/2178/1933
f 1934/2176/1931 1483/1659/1485 1484/1660/1486
f 1935/2178/1933 1934/2176/1931 1914/2158/1913
f 1934/2176/1931 1484/1660/1486 1914/2158/1913
f 1949/2193/1948 1895/2137/1893 1959/2203/1958
f 1942/2186/1941 1949/2193/1948 1940/2184/1939
f 1944/2188/1943 1940/2184/1939 1949/2193/1948
f 1918/2161/1916 1924/2165/1920 1914/2158/1913
f 1938/2181/1936 1941/2185/1940 1946/2204/1959
f 1928/2171/1926 1943/2187/1942 1938/2181/1936
f 1940/2184/1939 1946/2204/1959 1941/2185/1940
f 1946/2204/1959 1937/2180/1935 1938/2181/1936
f 1948/2192/1947 1960/2205/1960 1953/2197/1952
f 1820/2040/1819 1814/2097/1857 1953/2206/1952
f 1960/2207/1960 1820/2040/1819 1953/2206/1952
f 1935/2178/1933 1914/2158/1913 1924/2165/1920
f 1937/2180/1935 1946/2204/1959 1929/2173/1928
f 1960/2207/1960 1785/2037/1816 1820/2040/1819
f 1785/2037/1816 1960/2207/1960 1961/2208/1961
f 1917/2169/1924 1923/2209/1962 1962/2210/1963
f 1946/2204/1959 1940/2184/1939 1929/2173/1928
f 1937/2180/1935 1903/2172/1927 1886/2142/1898
f 1940/2184/1939 1945/2189/1944 1963/2211/1964
f 1886/2142/1898 1903/2172/1927 1885/2130/1886
f 1947/2191/1946 1889/2133/1889 1939/2182/1937
f 1960/2205/1960 1948/2192/1947 1950/2194/1949
f 1961/2212/1961 1950/2194/1949 1954/2199/1954
f 1952/2196/1951 1954/2199/1954 1950/2194/1949
f 1960/2205/1960 1950/2194/1949 1961/2212/1961
f 1964/2213/1965 1958/2201/1956 1957/2200/1955
f 1903/2172/1927 1937/2180/1935 1929/2173/1928
f 1940/2184/1939 1963/2211/1964 1926/2167/1922
f 1954/2199/1954 1958/2201/1956 1961/2212/1961
f 1785/2037/1816 1961/2208/1961 1965/2214/1966
f 1916/2190/1945 1958/2215/1956 1964/2216/1965
f 1916/2190/1945 1965/2214/1966 1961/2208/1961
f 1916/2190/1945 1962/2210/1963 1965/2214/1966
f 1916/2190/1945 1961/2208/1961 1958/2215/1956
f 1761/1975/1761 1966/2217/1967 1747/1966/1752
f 1966/2217/1967 1923/2209/1962 1747/1966/1752
f 1965/2214/1966 1966/2217/1967 1761/1975/1761
f 1966/2217/1967 1962/2210/1963 1923/2209/1962
f 1962/2210/1963 1916/2190/1945 1917/2169/1924
f 1785/2037/1816 1965/2214/1966 1761/1975/1761
f 1930/2174/1929 1926/2167/1922 1917/2169/1924
f 1966/2217/1967 1965/2214/1966 1962/2210/1963
f 1926/2167/1922 1929/2173/1928 1940/2184/1939
f 1939/2182/1937 1930/2174/1929 1917/2169/1924
f 1923/2209/1962 1917/2169/1924 1922/2168/1923
f 1747/1966/1752 1967/2218/1968 1735/1951/1737
f 1916/2190/1945 1939/2182/1937 1917/2169/1924
f 1926/2167/1922 1930/2174/1929 1929/2173/1928
f 1922/2168/1923 1963/2211/1964 1945/2189/1944
f 1968/2219/1969 1782/2000/1784 1736/1952/1738
f 1968/2219/1969 1735/1951/1737 1967/2218/1968
f 1736/1952/1738 1735/1951/1737 1968/2219/1969
f 1925/2166/1921 1782/2000/1784 1968/2219/1969
f 1969/2220/1970 1968/2219/1969 1967/2218/1968
f 1747/1966/1752 1923/2209/1962 1970/2221/1971
f 1923/2209/1962 1971/2222/1972 1970/2221/1971
f 1922/2168/1923 1971/2222/1972 1923/2209/1962
f 1971/2222/1972 1922/2168/1923 1945/2189/1944
f 1747/1966/1752 1970/2221/1971 1967/2218/1968
f 1972/2223/1973 1971/2222/1972 1945/2189/1944
f 1970/2221/1971 1971/2222/1972 1972/2223/1973
f 1970/2221/1971 1969/2220/1970 1967/2218/1968
f 1922/2168/1923 1926/2167/1922 1963/2211/1964
f 1944/2188/1943 1973/2224/1974 1972/2223/1973
f 1972/2223/1973 1945/2189/1944 1944/2188/1943
f 1972/2223/1973 1973/2224/1974 1970/2221/1971
f 1782/2000/1784 1925/2166/1921 1748/1953/1739
f 1944/2188/1943 1959/2203/1958 1973/2224/1974
f 1925/2166/1921 1968/2219/1969 1913/2157/1912
f 1968/2219/1969 1969/2220/1970 1913/2157/1912
f 1969/2220/1970 1974/2225/1975 1898/2141/1897
f 1974/2225/1975 1969/2220/1970 1970/2221/1971
f 1969/2220/1970 1898/2141/1897 1913/2157/1912
f 1973/2224/1974 1959/2203/1958 1896/2139/1895
f 1896/2139/1895 1898/2141/1897 1974/2225/1975
f 1970/2221/1971 1973/2224/1974 1974/2225/1975
f 1895/2137/1893 1896/2139/1895 1959/2203/1958
f 1959/2203/1958 1944/2188/1943 1949/2193/1948
f 1914/2158/1913 1964/2213/1965 1957/2200/1955
f 1964/2216/1965 1910/2226/1914 1916/2190/1945
f 1914/2158/1913 1910/2159/1914 1964/2213/1965
f 1916/2190/1945 1910/2226/1914 1947/2191/1946
f 1973/2224/1974 1896/2139/1895 1974/2225/1975
f 1947/2191/1946 1892/2152/1906 1887/2131/1887
f 1887/2131/1887 1889/2133/1889 1947/2191/1946
f 1910/2226/1914 1901/2227/1907 1892/2152/1906
f 1892/2152/1906 1947/2191/1946 1910/2226/1914
f 947/1044/939 1051/1174/1050 1975/2228/1976
f 1976/1199/1070 1978/2229/1977 1977/2230/1978
f 1979/2231/1979 1980/2232/1980 1978/2229/1977
f 1979/2231/1979 1978/2229/1977 1976/1199/1070
f 1062/1181/1056 1984/2233/1981 1051/1174/1050
f 1071/1200/1068 1060/1193/1064 1985/2234/1982
f 1987/2235/1983 1988/2236/1984 1875/2116/1876
f 1991/2237/1985 1989/2238/1986 1992/2239/1987
f 1989/2238/1986 1991/2237/1985 1984/2233/1981
f 1994/2240/1988 1988/2236/1984 1987/2235/1983
f 1993/2241/1989 1991/2237/1985 1992/2239/1987
f 1995/2242/1990 1990/2243/1991 1750/2244/1750
f 1992/2239/1987 1994/2240/1988 1987/2235/1983
f 1750/2244/1750 1990/2243/1991 1738/2245/1748
f 1996/2246/1992 1988/2236/1984 1990/2243/1991
f 1996/2246/1992 1990/2243/1991 1995/2242/1990
f 1996/2247/1992 1995/2248/1990 1762/1977/1763
f 1996/2247/1992 1762/1977/1763 1764/1979/1765
f 1981/2249/1993 1062/1181/1056 1055/1173/1049
f 1995/2248/1990 1752/1967/1753 1762/1977/1763
f 1762/1977/1763 1752/1967/1753 1753/1968/1754
f 1737/2250/1747 1750/2244/1750 1738/2245/1748
f 1989/2238/1986 1994/2240/1988 1992/2239/1987
f 1983/2251/1994 1997/2252/1995 1986/2253/1996
f 948/1045/940 947/1044/939 1975/2228/1976
f 1998/2254/1997 1999/2255/1998 2000/2256/1999
f 1982/2257/2000 1985/2258/1982 1060/2259/1064
f 1984/2233/1981 1062/1181/1056 1981/2249/1993
f 1752/2260/1753 1995/2242/1990 1750/2244/1750
f 1988/2236/1984 1882/2261/1883 1880/2124/1881
f 1985/2258/1982 1982/2257/2000 1983/2251/1994
f 2001/2262/2001 2002/2263/2002 1991/2237/1985
f 1762/1977/1763 1760/1976/1762 1764/1979/1765
f 1878/2119/1879 1996/2247/1992 1764/1979/1765
f 1882/2261/1883 1988/2236/1984 1996/2246/1992
f 1996/2247/1992 1878/2119/1879 1882/2126/1883
f 1975/2228/1976 1051/1174/1050 1984/2233/1981
f 1809/2030/1811 1808/2029/1810 2004/2264/2003
f 2002/2263/2002 1975/2228/1976 1984/2233/1981
f 1880/2124/1881 1875/2116/1876 1988/2236/1984
f 1989/2238/1986 1990/2243/1991 1994/2240/1988
f 1975/2228/1976 986/1086/980 948/1045/940
f 1764/1979/1765 1763/1978/1764 1767/1982/1768
f 1878/2119/1879 1764/1979/1765 1767/1982/1768
f 1879/2120/1880 1878/2119/1879 1766/1981/1767
f 1975/2228/1976 2002/2263/2002 2001/2262/2001
f 2001/2262/2001 986/1086/980 1975/2228/1976
f 1994/2240/1988 1990/2243/1991 1988/2236/1984
f 2006/2265/2004 2005/2266/2005 2007/2267/2006
f 2006/2265/2004 2013/2268/2007 2008/2269/2008
f 2006/2265/2004 2007/2267/2006 2019/2270/2009
f 2009/2271/2010 2019/2270/2009 2007/2267/2006
f 1053/1171/1047 1062/1181/1056 1051/1174/1050
f 1870/2111/1871 1766/1981/1767 1868/2109/1869
f 1766/1981/1767 1870/2111/1871 1879/2120/1880
f 2010/2272/2011 2011/2273/2012 2008/2269/2008
f 1783/2002/1785 2010/2272/2011 2012/2274/2013
f 2013/2268/2007 2012/2274/2013 2010/2272/2011
f 2010/2272/2011 2008/2269/2008 2013/2268/2007
f 1987/2235/1983 1864/2105/1865 1993/2241/1989
f 2010/2272/2011 1780/2001/1782 1738/2245/1748
f 1993/2241/1989 986/1086/980 2001/2262/2001
f 1991/2237/1985 1993/2241/1989 2001/2262/2001
f 1069/1195/1066 1986/2253/1996 1979/2231/1979
f 1780/2001/1782 2010/2272/2011 1783/2002/1785
f 1780/2001/1782 1783/2002/1785 1775/1990/1776
f 2014/2275/2014 2015/2276/2015 2016/2277/2016
f 1987/2235/1983 1993/2241/1989 1992/2239/1987
f 1808/2029/1810 1791/2010/1793 2004/2264/2003
f 1794/2013/1796 2017/2278/2017 1999/2255/1998
f 2017/2278/2017 2014/2275/2014 2016/2277/2016
f 1791/2010/1793 1999/2255/1998 2004/2264/2003
f 1069/1195/1066 1979/2231/1979 1976/1199/1070
f 1770/1985/1771 1783/2002/1785 2014/2275/2014
f 2017/2278/2017 2016/2277/2016 1999/2255/1998
f 1787/2006/1789 2014/2275/2014 1788/2007/1790
f 2000/2256/1999 1999/2255/1998 2016/2277/2016
f 1770/1985/1771 2014/2275/2014 1787/2006/1789
f 1999/2255/1998 1791/2010/1793 1794/2013/1796
f 1766/1981/1767 1878/2119/1879 1767/1982/1768
f 2014/2275/2014 1789/2008/1791 1788/2007/1790
f 1999/2255/1998 1998/2254/1997 2004/2264/2003
f 1789/2008/1791 2014/2275/2014 2017/2278/2017
f 1993/2241/1989 1864/2105/1865 1865/2106/1866
f 1069/1195/1066 1985/2258/1982 1983/2251/1994
f 1987/2235/1983 1875/2116/1876 1864/2105/1865
f 2017/2278/2017 1794/2013/1796 1789/2008/1791
f 1864/2105/1865 1875/2116/1876 1861/2102/1862
f 1783/2002/1785 2012/2274/2013 2014/2275/2014
f 2014/2275/2014 2012/2274/2013 2015/2276/2015
f 2019/2270/2009 2009/2271/2010 2012/2274/2013
f 2016/2277/2016 2009/2271/2010 2007/2267/2006
f 2019/2270/2009 2013/2268/2007 2006/2265/2004
f 2019/2270/2009 2012/2274/2013 2013/2268/2007
f 2015/2276/2015 2012/2274/2013 2009/2271/2010
f 2020/2279/2018 1981/2249/1993 2011/2273/2012
f 2015/2276/2015 2009/2271/2010 2016/2277/2016
f 1055/1173/1049 1976/1199/1070 1981/2249/1993
f 2021/2280/2019 2011/2273/2012 1981/2249/1993
f 2020/2279/2018 1990/2243/1991 1984/2233/1981
f 1981/2249/1993 2020/2279/2018 1984/2233/1981
f 1984/2233/1981 1990/2243/1991 1989/2238/1986
f 2018/2281/2020 2007/2267/2006 2005/2266/2005
f 1978/2229/1977 2008/2269/2008 1977/2230/1978
f 1991/2237/1985 2002/2263/2002 1984/2233/1981
f 2006/2265/2004 2008/2269/2008 1978/2229/1977
f 2005/2266/2005 1978/2229/1977 2003/2282/2021
f 2008/2269/2008 2011/2273/2012 1977/2230/1978
f 1978/2229/1977 2005/2266/2005 2006/2265/2004
f 1977/2230/1978 2021/2280/2019 1976/1199/1070
f 1977/2230/1978 2011/2273/2012 2021/2280/2019
f 2021/2280/2019 1981/2249/1993 1976/1199/1070
f 1738/2245/1748 2020/2279/2018 2011/2273/2012
f 2020/2279/2018 1738/2245/1748 1990/2243/1991
f 2010/2272/2011 1738/2245/1748 2011/2273/2012
f 986/1086/980 989/2283/2022 987/1087/981
f 1865/2106/1866 989/2283/2022 1993/2241/1989
f 1985/2258/1982 1069/1195/1066 1071/1197/1068
f 1983/2251/1994 1986/2253/1996 1069/1195/1066
f 2016/2277/2016 2007/2267/2006 2000/2256/1999
f 1065/1186/1059 1976/1199/1070 1055/1173/1049
f 1993/2241/1989 989/2283/2022 986/1086/980
f 1978/2229/1977 1980/2232/1980 2102/2284/2023
f 2003/2282/2021 1978/2229/1977 2102/2284/2023
f 1069/1195/1066 1976/1199/1070 1072/1198/1069
f 1980/2232/1980 1979/2231/1979 2022/2285/2024
f 1997/2252/1995 2022/2285/2024 1979/2231/1979
f 1997/2252/1995 1979/2231/1979 1986/2253/1996
f 1879/2120/1880 1870/2111/1871 1869/2110/1870
f 2003/2282/2021 2018/2281/2020 2005/2266/2005
f 2023/2286/2025 2024/2287/2026 2025/2288/2027
f 1293/1446/1290 1305/1461/1304 2025/2288/2027
f 2026/2289/2028 1293/1446/1290 2025/2288/2027
f 1293/1446/1290 1306/1462/1305 1305/1461/1304
f 2025/2288/2027 2028/2290/2029 2029/2291/2030
f 2030/2292/2031 2025/2288/2027 1305/1461/1304
f 1294/1447/1291 2031/2293/2032 1289/1444/1288
f 1294/1447/1291 1293/1446/1290 2026/2289/2028
f 2023/2286/2025 2027/2294/2033 2024/2287/2026
f 2031/2293/2032 2024/2287/2026 2027/2294/2033
f 2024/2287/2026 2026/2289/2028 2025/2288/2027
f 1294/1447/1291 2024/2287/2026 2031/2293/2032
f 1294/1447/1291 1289/1444/1288 1292/1443/1287
f 2031/2293/2032 2032/2295/2034 1289/1444/1288
f 1257/1407/1252 1289/1444/1288 2033/2296/2035
f 2024/2287/2026 1294/1447/1291 2026/2289/2028
f 1289/1444/1288 2032/2295/2034 2034/2297/2036
f 1289/1444/1288 2034/2297/2036 2033/2296/2035
f 2033/2296/2035 2034/2297/2036 2035/2298/2037
f 2036/2299/2038 2035/2298/2037 2034/2297/2036
f 1255/1408/1253 1257/1407/1252 2033/2296/2035
f 2037/2300/2039 1255/1408/1253 2033/2296/2035
f 1256/1415/1260 2038/2301/2040 1250/1402/1247
f 1255/1408/1253 2037/2300/2039 2039/2302/2041
f 2040/2303/2042 2039/2302/2041 2035/2298/2037
f 2043/2304/2043 2041/2305/2044 2042/2306/2045
f 2045/2307/2046 2044/2308/2047 2043/2304/2043
f 2037/2300/2039 2033/2296/2035 2035/2298/2037
f 1811/2032/1813 2044/2308/2047 2045/2307/2046
f 2039/2302/2041 2037/2300/2039 2035/2298/2037
f 2039/2302/2041 2040/2303/2042 2038/2301/2040
f 1811/2032/1813 1809/2030/1811 2044/2308/2047
f 2038/2301/2040 1255/1408/1253 2039/2302/2041
f 2038/2301/2040 1256/1415/1260 1255/1408/1253
f 1250/1402/1247 2038/2301/2040 1249/1400/1245
f 2045/2307/2046 1807/2028/1809 1811/2032/1813
f 1805/2026/1807 1807/2028/1809 1891/2309/1891
f 2004/2264/2003 2044/2308/2047 1809/2030/1811
f 1998/2254/1997 2044/2308/2047 2004/2264/2003
f 2047/2310/2048 2048/2311/2049 2038/2301/2040
f 1807/2028/1809 2045/2307/2046 1891/2309/1891
f 2038/2301/2040 2048/2311/2049 2049/2312/2050
f 2050/2313/2051 1997/2252/1995 1983/2251/1994
f 2038/2301/2040 2049/2312/2050 1249/1400/1245
f 2051/2314/2052 2045/2307/2046 2043/2304/2043
f 1891/2309/1891 2045/2307/2046 2051/2314/2052
f 2051/2314/2052 2052/2315/2053 1891/2309/1891
f 2054/2316/2054 2042/2306/2045 2055/2317/2055
f 2056/2318/2056 2052/2319/2053 2051/2320/2052
f 2051/2314/2052 2042/2306/2045 2054/2316/2054
f 2042/2306/2045 2051/2314/2052 2043/2304/2043
f 2054/2321/2054 2055/2322/2055 2057/2323/2057
f 2054/2321/2054 2057/2323/2057 2051/2320/2052
f 1904/2146/1902 2052/2319/2053 1908/2153/1908
f 1890/2134/1890 2052/2319/2053 1904/2146/1902
f 2051/2320/2052 2057/2323/2057 1909/2154/1909
f 1890/2134/1890 1891/2135/1891 2052/2319/2053
f 2052/2319/2053 2056/2318/2056 1908/2153/1908
f 2060/2324/2058 1059/1192/1063 1249/1400/1245
f 2061/2325/2059 2058/2326/2060 2062/2327/2061
f 1909/2154/1909 2057/2323/2057 1911/2155/1910
f 2056/2318/2056 2051/2320/2052 1909/2154/1909
f 2056/2318/2056 1909/2154/1909 1908/2153/1908
f 2050/2313/2051 1982/2257/2000 1060/2259/1064
f 1982/2257/2000 2050/2313/2051 1983/2251/1994
f 2063/2328/2062 1997/2252/1995 2050/2313/2051
f 2050/2313/2051 2064/2329/2063 2063/2328/2062
f 1060/2259/1064 2064/2329/2063 2050/2313/2051
f 2066/2330/2064 2065/2331/2065 2067/2332/2066
f 2069/2333/2067 2065/2331/2065 2041/2305/2044
f 2065/2331/2065 2073/2334/2068 2067/2332/2066
f 2041/2305/2044 2065/2331/2065 2066/2330/2064
f 1060/2259/1064 1059/2335/1063 2064/2329/2063
f 2076/2336/2069 2071/2337/2070 2072/2338/2071
f 2072/2338/2071 2071/2337/2070 2074/2339/2072
f 2074/2339/2072 2073/2334/2068 2065/2331/2065
f 2068/2340/2073 2067/2332/2066 2073/2334/2068
f 2059/2341/2074 2058/2326/2060 2061/2325/2059
f 2067/2342/2066 2079/2343/2075 2080/2344/2076
f 2057/2323/2057 2055/2322/2055 2078/2345/2077
f 2081/2346/2078 2066/2330/2064 2082/2347/2079
f 2079/2343/2075 2067/2342/2066 2068/2348/2073
f 2081/2346/2078 2042/2306/2045 2041/2305/2044
f 2067/2342/2066 2080/2344/2076 2066/2349/2064
f 2055/2317/2055 2042/2306/2045 2081/2346/2078
f 2078/2345/2077 2082/2350/2079 1911/2155/1910
f 2081/2346/2078 2082/2347/2079 2055/2317/2055
f 2083/2351/2080 2079/2343/2075 2084/2352/2081
f 2079/2343/2075 2083/2351/2080 2080/2344/2076
f 1919/2162/1917 2083/2351/2080 1920/2163/1918
f 2082/2350/2079 1919/2162/1917 1911/2155/1910
f 2082/2350/2079 2080/2344/2076 1919/2162/1917
f 2080/2344/2076 2083/2351/2080 1919/2162/1917
f 2082/2350/2079 2078/2345/2077 2055/2322/2055
f 2041/2305/2044 2066/2330/2064 2081/2346/2078
f 2082/2350/2079 2066/2349/2064 2080/2344/2076
f 2078/2345/2077 1911/2155/1910 2057/2323/2057
f 2069/2333/2067 2041/2305/2044 2053/2353/2082
f 1915/2160/1915 1911/2155/1910 1919/2162/1917
f 1920/2163/1918 2083/2351/2080 1932/2175/1930
f 2079/2343/2075 2085/2354/2083 2084/2352/2081
f 2068/2348/2073 2085/2354/2083 2079/2343/2075
f 2087/2355/2084 2085/2354/2083 1932/2175/1930
f 2088/2356/2085 1932/2175/1930 2085/2354/2083
f 2070/2357/2086 2085/2354/2083 2068/2348/2073
f 2084/2352/2081 2085/2354/2083 2087/2355/2084
f 2084/2352/2081 2087/2355/2084 2083/2351/2080
f 2069/2333/2067 2074/2339/2072 2065/2331/2065
f 2053/2353/2082 2061/2325/2059 2062/2327/2061
f 2087/2355/2084 1932/2175/1930 2083/2351/2080
f 2061/2325/2059 2046/2358/2087 2059/2341/2074
f 2046/2358/2087 2075/2359/2088 2059/2341/2074
f 2058/2326/2060 2086/2360/2089 2072/2338/2071
f 2072/2338/2071 2074/2339/2072 2069/2333/2067
f 2077/2361/2090 2059/2341/2074 2089/2362/2091
f 2090/2363/2092 2059/2341/2074 2077/2361/2090
f 2089/2362/2091 2059/2341/2074 2075/2359/2088
f 2090/2363/2092 2077/2361/2090 2091/2364/2093
f 2018/2281/2020 2102/2284/2023 2093/2365/2094
f 2094/2366/2095 2095/2367/2096 2096/2368/2097
f 2090/2363/2092 2058/2326/2060 2059/2341/2074
f 2093/2365/2094 2097/2369/2098 2092/2370/2099
f 2060/2371/2058 2064/2329/2063 1059/2335/1063
f 2064/2329/2063 2060/2371/2058 2094/2366/2095
f 2098/2372/2100 2096/2368/2097 2095/2367/2096
f 2063/2328/2062 2064/2329/2063 2099/2373/2101
f 2060/2371/2058 2100/2374/2102 2095/2367/2096
f 2101/2375/2103 1980/2232/1980 2022/2285/2024
f 2060/2324/2058 1249/1400/1245 2100/2376/2102
f 2089/2362/2091 2092/2370/2099 2097/2369/2098
f 2095/2367/2096 2094/2366/2095 2060/2371/2058
f 2101/2375/2103 2102/2284/2023 1980/2232/1980
f 2022/2285/2024 1997/2252/1995 2103/2377/2104
f 2103/2377/2104 1997/2252/1995 2063/2328/2062
f 2104/2378/2105 2102/2284/2023 2099/2373/2101
f 2093/2365/2094 2104/2378/2105 2094/2366/2095
f 2093/2365/2094 2102/2284/2023 2104/2378/2105
f 2063/2328/2062 2099/2373/2101 2103/2377/2104
f 2099/2373/2101 2022/2285/2024 2103/2377/2104
f 2102/2284/2023 2101/2375/2103 2099/2373/2101
f 2099/2373/2101 2064/2329/2063 2094/2366/2095
f 2094/2366/2095 2104/2378/2105 2099/2373/2101
f 2022/2285/2024 2099/2373/2101 2101/2375/2103
f 2089/2362/2091 2105/2379/2106 2106/2380/2107
f 2105/2379/2106 2089/2362/2091 2097/2369/2098
f 2096/2368/2097 2093/2365/2094 2094/2366/2095
f 2106/2380/2107 2105/2379/2106 2107/2381/2108
f 2108/2382/2109 2107/2381/2108 2109/2383/2110
f 2110/2384/2111 2108/2382/2109 2111/2385/2112
f 2092/2370/2099 2089/2362/2091 2075/2359/2088
f 2106/2380/2107 2077/2361/2090 2089/2362/2091
f 2106/2380/2107 2108/2382/2109 2110/2384/2111
f 2091/2364/2093 2110/2384/2111 2090/2363/2092
f 2110/2384/2111 2077/2361/2090 2106/2380/2107
f 2100/2376/2102 2112/2386/2113 2113/2387/2114
f 2100/2374/2102 2113/2388/2114 2098/2372/2100
f 2113/2388/2114 2097/2369/2098 2096/2368/2097
f 2110/2384/2111 2091/2364/2093 2077/2361/2090
f 2096/2368/2097 2098/2372/2100 2113/2388/2114
f 2113/2388/2114 2112/2389/2113 2097/2369/2098
f 2105/2390/2106 2112/2386/2113 2114/2391/2115
f 2108/2382/2109 2106/2380/2107 2107/2381/2108
f 2095/2367/2096 2100/2374/2102 2098/2372/2100
f 2097/2369/2098 2112/2389/2113 2105/2379/2106
f 2048/2311/2049 2114/2391/2115 2049/2312/2050
f 2100/2376/2102 2049/2312/2050 2112/2386/2113
f 2047/2310/2048 2114/2391/2115 2048/2311/2049
f 2049/2312/2050 2100/2376/2102 1249/1400/1245
f 2114/2391/2115 2115/2392/2116 2105/2390/2106
f 2038/2301/2040 2040/2303/2042 2047/2310/2048
f 2114/2391/2115 2047/2310/2048 2115/2392/2116
f 2047/2310/2048 2040/2303/2042 2115/2392/2116
f 2115/2392/2116 2109/2393/2110 2107/2394/2108
f 2116/2395/2117 2115/2392/2116 2036/2299/2038
f 2117/2396/2118 2118/2397/2119 2119/2398/2120
f 2115/2392/2116 2107/2394/2108 2105/2390/2106
f 2035/2298/2037 2036/2299/2038 2040/2303/2042
f 2093/2365/2094 2096/2368/2097 2097/2369/2098
f 2058/2326/2060 2090/2363/2092 2118/2397/2119
f 2049/2312/2050 2114/2391/2115 2112/2386/2113
f 2118/2397/2119 2090/2363/2092 2120/2399/2121
f 2120/2399/2121 2090/2363/2092 2111/2385/2112
f 2058/2326/2060 2118/2397/2119 2086/2360/2089
f 2040/2303/2042 2036/2299/2038 2115/2392/2116
f 2121/2400/2122 2117/2401/2118 2122/2402/2123
f 2117/2401/2118 2123/2403/2124 2122/2402/2123
f 2086/2360/2089 2121/2404/2122 2072/2338/2071
f 2076/2336/2069 2072/2338/2071 2121/2404/2122
f 2124/2405/2125 2122/2402/2123 2123/2403/2124
f 2124/2405/2125 2123/2403/2124 2125/2406/2126
f 2117/2396/2118 2121/2404/2122 2086/2360/2089
f 2126/2407/2127 2121/2400/2122 2127/2408/2128
f 2086/2360/2089 2118/2397/2119 2117/2396/2118
f 2069/2333/2067 2062/2327/2061 2058/2326/2060
f 2076/2336/2069 2121/2404/2122 2126/2409/2127
f 2128/2410/2129 2129/2411/2130 2130/2412/2131
f 2093/2365/2094 2092/2370/2099 2018/2281/2020
f 2128/2410/2129 2126/2407/2127 2127/2408/2128
f 2131/2413/2132 2075/2359/2088 2046/2358/2087
f 2072/2338/2071 2069/2333/2067 2058/2326/2060
f 2122/2402/2123 2124/2405/2125 2121/2400/2122
f 2132/2414/2133 2111/2385/2112 2108/2382/2109
f 2124/2405/2125 2127/2408/2128 2121/2400/2122
f 2092/2370/2099 2146/2415/2134 2018/2281/2020
f 2120/2399/2121 2132/2414/2133 2133/2416/2135
f 2134/2417/2136 2119/2398/2120 2120/2399/2121
f 2118/2397/2119 2120/2399/2121 2119/2398/2120
f 2134/2417/2136 2120/2399/2121 2133/2416/2135
f 2109/2383/2110 2133/2416/2135 2132/2414/2133
f 2111/2385/2112 2090/2363/2092 2110/2384/2111
f 2135/2418/2137 2134/2419/2136 2136/2420/2138
f 2125/2406/2126 2123/2403/2124 2137/2421/2139
f 2138/2422/2140 2125/2406/2126 2139/2423/2141
f 2119/2424/2120 2134/2419/2136 2137/2421/2139
f 2132/2414/2133 2120/2399/2121 2111/2385/2112
f 2115/2392/2116 2116/2395/2117 2109/2393/2110
f 2117/2401/2118 2119/2424/2120 2123/2403/2124
f 2134/2419/2136 2135/2418/2137 2137/2421/2139
f 2123/2403/2124 2119/2424/2120 2137/2421/2139
f 2135/2418/2137 2139/2423/2141 2137/2421/2139
f 2116/2395/2117 2036/2299/2038 2136/2420/2138
f 2136/2420/2138 2141/2425/2142 2135/2418/2137
f 2135/2418/2137 2140/2426/2143 2139/2423/2141
f 2139/2423/2141 2125/2406/2126 2137/2421/2139
f 2134/2417/2136 2133/2416/2135 2109/2383/2110
f 2034/2297/2036 2032/2295/2034 2141/2425/2142
f 2140/2426/2143 2135/2418/2137 2141/2425/2142
f 2132/2414/2133 2108/2382/2109 2109/2383/2110
f 2036/2299/2038 2034/2297/2036 2141/2425/2142
f 2031/2293/2032 2027/2294/2033 2141/2425/2142
f 2125/2406/2126 2138/2422/2140 2127/2408/2128
f 2139/2423/2141 2142/2427/2144 2129/2411/2130
f 2027/2294/2033 2140/2426/2143 2141/2425/2142
f 2143/2428/2145 2129/2411/2130 2142/2427/2144
f 2116/2395/2117 2134/2419/2136 2109/2393/2110
f 2138/2422/2140 2139/2423/2141 2129/2411/2130
f 2142/2427/2144 2139/2423/2141 2140/2426/2143
f 2127/2408/2128 2138/2422/2140 2128/2410/2129
f 2036/2299/2038 2141/2425/2142 2136/2420/2138
f 2031/2293/2032 2141/2425/2142 2032/2295/2034
f 2143/2428/2145 2142/2427/2144 2144/2429/2146
f 2128/2410/2129 2138/2422/2140 2129/2411/2130
f 2069/2333/2067 2053/2353/2082 2062/2327/2061
f 2144/2429/2146 2142/2427/2144 2027/2294/2033
f 2116/2395/2117 2136/2420/2138 2134/2419/2136
f 2124/2405/2125 2125/2406/2126 2127/2408/2128
f 2027/2294/2033 2142/2427/2144 2140/2426/2143
f 2018/2281/2020 2003/2282/2021 2102/2284/2023
f 2023/2286/2025 2025/2288/2027 2029/2291/2030
f 2023/2286/2025 2145/2430/2147 2027/2294/2033
f 2046/2358/2087 2061/2325/2059 1998/2254/1997
f 2027/2294/2033 2145/2430/2147 2144/2429/2146
f 2043/2304/2043 2053/2353/2082 2041/2305/2044
f 2146/2415/2134 2092/2370/2099 2075/2359/2088
f 1998/2254/1997 2000/2256/1999 2046/2358/2087
f 2146/2415/2134 2007/2267/2006 2018/2281/2020
f 2044/2308/2047 2053/2353/2082 2043/2304/2043
f 2145/2430/2147 2023/2286/2025 2029/2291/2030
f 2000/2256/1999 2007/2267/2006 2146/2415/2134
f 2075/2359/2088 2131/2413/2132 2146/2415/2134
f 2000/2256/1999 2146/2415/2134 2131/2413/2132
f 2053/2353/2082 2044/2308/2047 2061/2325/2059
f 2000/2256/1999 2131/2413/2132 2046/2358/2087
f 2061/2325/2059 2044/2308/2047 1998/2254/1997
f 2147/2431/2148 2148/2432/2149 2149/2433/2150
f 2152/2434/2151 2153/2435/2152 354/406/355
f 2154/2436/2153 2155/2437/2154 2156/2438/2155
f 2151/2439/2156 28/48/42 354/406/355
f 2153/2435/2152 2148/2432/2149 2151/2439/2156
f 2153/2435/2152 2151/2439/2156 354/406/355
f 2148/2432/2149 2147/2431/2148 2151/2439/2156
f 2147/2431/2148 2157/2440/2157 2158/2441/2158
f 2154/2436/2153 2159/2442/2159 2155/2437/2154
f 2153/2435/2152 2152/2434/2151 2148/2432/2149
f 2147/2431/2148 2162/2443/2160 2157/2440/2157
f 2150/2444/2161 2163/2445/2162 2156/2438/2155
f 2150/2444/2161 2156/2438/2155 2155/2437/2154
f 2150/2444/2161 2218/2446/2163 2163/2445/2162
f 2154/2436/2153 2166/2447/2164 2159/2442/2159
f 2157/2440/2157 2164/2448/2165 2158/2441/2158
f 2167/2449/2166 2164/2448/2165 2165/2450/2167
f 2160/2451/2168 2167/2449/2166 2165/2450/2167
f 2149/2433/2150 2171/2452/2169 2172/2453/2170
f 2160/2451/2168 2168/2454/2171 2167/2449/2166
f 2170/2455/2172 2154/2436/2153 2156/2438/2155
f 2160/2451/2168 2155/2437/2154 2168/2454/2171
f 2174/2456/2173 2159/2442/2159 2175/2457/2174
f 354/406/355 375/428/374 2152/2434/2151
f 2169/2458/2175 2166/2447/2164 2154/2436/2153
f 2076/2336/2069 2126/2409/2127 2176/2459/2176
f 2177/2460/2177 2156/2438/2155 2163/2445/2162
f 2178/2461/2178 2071/2337/2070 2076/2336/2069
f 2162/2443/2160 2147/2431/2148 2149/2433/2150
f 369/422/370 347/395/344 2179/2462/2179
f 2152/2434/2151 2171/2452/2169 2149/2433/2150
f 2180/2463/2180 2071/2337/2070 2178/2461/2178
f 2178/2461/2178 2076/2336/2069 2176/2459/2176
f 2218/2446/2163 2177/2460/2177 2163/2445/2162
f 2170/2455/2172 2169/2458/2175 2154/2436/2153
f 374/427/373 370/423/371 369/422/370
f 375/428/374 2171/2452/2169 2152/2434/2151
f 2181/2464/2181 2170/2455/2172 2156/2438/2155
f 2126/2407/2127 2128/2410/2129 2176/2465/2176
f 2128/2410/2129 2130/2412/2131 2176/2465/2176
f 369/422/370 2179/2462/2179 2171/2452/2169
f 2182/2466/2182 2176/2465/2176 2130/2412/2131
f 2183/2467/2183 2182/2466/2182 2184/2468/2184
f 2143/2428/2145 2182/2466/2182 2130/2412/2131
f 2179/2462/2179 2185/2469/2185 2171/2452/2169
f 2182/2466/2182 2183/2467/2183 2176/2465/2176
f 374/427/373 2171/2452/2169 375/428/374
f 369/422/370 2171/2452/2169 374/427/373
f 2152/2434/2151 2149/2433/2150 2148/2432/2149
f 2186/2470/2186 2171/2452/2169 2185/2469/2185
f 2186/2470/2186 2187/2471/2187 2172/2453/2170
f 2172/2453/2170 2162/2443/2160 2149/2433/2150
f 2169/2458/2175 2189/2472/2188 2188/2473/2189
f 2143/2428/2145 2130/2412/2131 2129/2411/2130
f 2188/2473/2189 2143/2428/2145 2144/2429/2146
f 2143/2428/2145 2188/2473/2189 2189/2472/2188
f 2171/2452/2169 2186/2470/2186 2172/2453/2170
f 2169/2458/2175 2181/2464/2181 2184/2468/2184
f 2169/2458/2175 2170/2455/2172 2181/2464/2181
f 2145/2430/2147 2188/2473/2189 2144/2429/2146
f 2169/2458/2175 2188/2473/2189 2145/2430/2147
f 2029/2291/2030 2028/2290/2029 2145/2430/2147
f 2169/2458/2175 2145/2430/2147 2028/2290/2029
f 2143/2428/2145 2189/2472/2188 2182/2466/2182
f 2166/2447/2164 2169/2458/2175 2028/2290/2029
f 2028/2290/2029 2030/2292/2031 2166/2447/2164
f 347/395/344 2185/2469/2185 2179/2462/2179
f 346/394/343 2185/2469/2185 347/395/344
f 2187/2471/2187 2186/2470/2186 2190/2474/2190
f 2186/2470/2186 2185/2469/2185 2190/2474/2190
f 346/394/343 2191/2475/2191 2185/2469/2185
f 2192/2476/2192 2193/2477/2193 2191/2475/2191
f 2175/2457/2174 2159/2442/2159 1307/1460/1303
f 2159/2442/2159 2030/2292/2031 1307/1460/1303
f 2028/2290/2029 2025/2288/2027 2030/2292/2031
f 2159/2442/2159 2166/2447/2164 2030/2292/2031
f 2189/2472/2188 2169/2458/2175 2184/2468/2184
f 1305/1461/1304 1307/1460/1303 2030/2292/2031
f 351/399/348 346/394/343 348/396/345
f 2191/2475/2191 2195/2478/2194 2190/2474/2190
f 2196/2479/2195 2197/2480/2196 2198/2481/2197
f 2202/2482/2198 2203/2483/2199 2204/2484/2200
f 2205/2485/2201 2203/2483/2199 2196/2479/2195
f 2203/2483/2199 2200/2486/2202 2196/2479/2195
f 2200/2486/2202 2203/2483/2199 2202/2482/2198
f 2204/2484/2200 2207/2487/2203 2202/2482/2198
f 2200/2486/2202 2202/2482/2198 2208/2488/2204
f 2074/2339/2072 2071/2337/2070 2180/2463/2180
f 2209/2489/2205 2208/2488/2204 2207/2487/2203
f 2208/2488/2204 2202/2482/2198 2207/2487/2203
f 2185/2469/2185 2191/2475/2191 2190/2474/2190
f 2211/2490/2206 2212/2491/2207 2213/2492/2208
f 267/291/263 251/277/249 253/279/251
f 2214/2493/2209 2213/2492/2208 2212/2491/2207
f 2215/2494/2210 269/293/265 268/292/264
f 268/292/264 2214/2493/2209 2215/2494/2210
f 2215/2494/2210 278/311/280 269/293/265
f 2208/2488/2204 2209/2489/2205 2210/2495/2211
f 268/292/264 2209/2489/2205 2214/2493/2209
f 2214/2493/2209 2209/2489/2205 2213/2492/2208
f 2209/2489/2205 268/292/264 2210/2495/2211
f 2201/2496/2212 2200/2486/2202 2208/2488/2204
f 2213/2492/2208 2209/2489/2205 2211/2490/2206
f 267/291/263 2210/2495/2211 268/292/264
f 253/279/251 2210/2495/2211 267/291/263
f 2192/2476/2192 2191/2475/2191 309/345/307
f 309/345/307 346/394/343 351/399/348
f 309/345/307 2191/2475/2191 346/394/343
f 2191/2475/2191 2193/2477/2193 2195/2478/2194
f 2211/2490/2206 2209/2489/2205 2207/2487/2203
f 2165/2450/2167 2216/2497/2213 2218/2446/2163
f 2214/2493/2209 2217/2498/2214 2215/2494/2210
f 309/345/307 2194/2499/2215 2192/2476/2192
f 2194/2499/2215 278/310/280 2215/2500/2210
f 2215/2500/2210 2217/2501/2214 2194/2499/2215
f 278/310/280 2194/2499/2215 309/345/307
f 2193/2477/2193 2192/2476/2192 2217/2501/2214
f 2217/2498/2214 2211/2490/2206 2220/2502/2216
f 2192/2476/2192 2194/2499/2215 2217/2501/2214
f 2212/2491/2207 2211/2490/2206 2217/2498/2214
f 2217/2498/2214 2214/2493/2209 2212/2491/2207
f 2221/2503/2217 2164/2448/2165 2157/2440/2157
f 2172/2453/2170 2157/2440/2157 2162/2443/2160
f 2221/2503/2217 2216/2497/2213 2164/2448/2165
f 2196/2479/2195 2200/2486/2202 2197/2480/2196
f 2165/2450/2167 2164/2448/2165 2216/2497/2213
f 2172/2453/2170 2221/2503/2217 2157/2440/2157
f 2221/2503/2217 2190/2474/2190 2216/2497/2213
f 2165/2450/2167 2218/2446/2163 2150/2444/2161
f 2160/2451/2168 2165/2450/2167 2150/2444/2161
f 2187/2471/2187 2221/2503/2217 2172/2453/2170
f 2222/2504/2218 2201/2496/2212 2208/2488/2204
f 2218/2446/2163 2216/2497/2213 2190/2474/2190
f 2218/2446/2163 2223/2505/2219 2177/2460/2177
f 2224/2506/2220 2190/2474/2190 2195/2478/2194
f 2224/2506/2220 2218/2446/2163 2190/2474/2190
f 2187/2471/2187 2190/2474/2190 2221/2503/2217
f 2218/2446/2163 2224/2506/2220 2223/2505/2219
f 2225/2507/2221 2223/2505/2219 2224/2506/2220
f 2223/2505/2219 2225/2507/2221 2177/2460/2177
f 2222/2504/2218 253/279/251 2226/2508/2222
f 2228/2509/2223 2229/2510/2224 2230/2511/2225
f 2226/2508/2222 253/279/251 252/278/250
f 2222/2504/2218 2208/2488/2204 253/279/251
f 2231/2512/2226 252/278/250 285/316/284
f 2178/2461/2178 2233/2513/2227 2180/2463/2180
f 2183/2467/2183 2233/2514/2227 2176/2465/2176
f 2234/2515/2228 2235/2516/2229 2198/2481/2197
f 2235/2516/2229 2206/2517/2230 2198/2481/2197
f 2233/2513/2227 2234/2515/2228 2199/2518/2231
f 2233/2513/2227 2199/2518/2231 2180/2463/2180
f 2178/2461/2178 2176/2459/2176 2233/2513/2227
f 2183/2467/2183 2235/2519/2229 2233/2514/2227
f 2234/2515/2228 2198/2481/2197 2199/2518/2231
f 2236/2520/2232 2237/2521/2233 2206/2517/2230
f 2235/2519/2229 2183/2467/2183 2238/2522/2234
f 2206/2517/2230 2237/2521/2233 2232/2523/2235
f 2206/2517/2230 2205/2485/2201 2196/2479/2195
f 2208/2488/2204 2210/2495/2211 253/279/251
f 2234/2515/2228 2233/2513/2227 2235/2516/2229
f 2156/2438/2155 2177/2460/2177 2181/2464/2181
f 2235/2516/2229 2236/2520/2232 2206/2517/2230
f 2206/2517/2230 2196/2479/2195 2198/2481/2197
f 2232/2524/2235 2237/2525/2233 2239/2526/2236
f 2239/2526/2236 2237/2525/2233 2236/2527/2232
f 2183/2467/2183 2184/2468/2184 2238/2522/2234
f 2184/2468/2184 2182/2466/2182 2189/2472/2188
f 2236/2527/2232 2181/2464/2181 2239/2526/2236
f 2181/2464/2181 2236/2527/2232 2240/2528/2237
f 2235/2519/2229 2238/2522/2234 2240/2528/2237
f 2235/2519/2229 2240/2528/2237 2236/2527/2232
f 2181/2464/2181 2240/2528/2237 2184/2468/2184
f 2181/2464/2181 2225/2507/2221 2239/2526/2236
f 2220/2502/2216 2241/2529/2238 2204/2484/2200
f 2220/2502/2216 2211/2490/2206 2241/2529/2238
f 2225/2507/2221 2181/2464/2181 2177/2460/2177
f 2220/2530/2216 2204/2531/2200 2228/2509/2223
f 2193/2477/2193 2220/2530/2216 2219/2532/2239
f 2228/2509/2223 2219/2532/2239 2220/2530/2216
f 2160/2451/2168 2150/2444/2161 2155/2437/2154
f 2240/2528/2237 2238/2522/2234 2184/2468/2184
f 2217/2501/2214 2220/2530/2216 2193/2477/2193
f 2232/2523/2235 2205/2485/2201 2206/2517/2230
f 2239/2526/2236 2242/2533/2240 2230/2511/2225
f 2204/2531/2200 2203/2534/2199 2229/2510/2224
f 2232/2524/2235 2230/2511/2225 2205/2535/2201
f 2230/2511/2225 2203/2534/2199 2205/2535/2201
f 2230/2511/2225 2232/2524/2235 2239/2526/2236
f 2203/2534/2199 2230/2511/2225 2229/2510/2224
f 2229/2510/2224 2228/2509/2223 2204/2531/2200
f 2230/2511/2225 2242/2533/2240 2228/2509/2223
f 2219/2532/2239 2243/2536/2241 2195/2478/2194
f 2207/2487/2203 2204/2484/2200 2241/2529/2238
f 2211/2490/2206 2207/2487/2203 2241/2529/2238
f 2242/2533/2240 2243/2536/2241 2228/2509/2223
f 2219/2532/2239 2228/2509/2223 2243/2536/2241
f 2243/2536/2241 2242/2533/2240 2225/2507/2221
f 2193/2477/2193 2219/2532/2239 2195/2478/2194
f 2242/2533/2240 2239/2526/2236 2225/2507/2221
f 2243/2536/2241 2224/2506/2220 2195/2478/2194
f 2225/2507/2221 2224/2506/2220 2243/2536/2241
f 2168/2454/2171 2244/2537/2242 2167/2449/2166
f 2245/2538/2243 2271/2539/2244 2269/2540/2245
f 2247/2541/2246 2245/2538/2243 2246/2542/2247
f 1607/1788/1607 1611/1792/1611 2249/2543/2248
f 1607/1788/1607 2249/2543/2248 1617/1799/1618
f 1618/1800/1619 1617/1799/1618 2253/2544/2249
f 1617/1799/1618 2254/2545/2250 2253/2544/2249
f 1385/1555/1387 1631/1817/1633 2255/2546/2251
f 2255/2546/2251 1631/1817/1633 1632/1816/1632
f 1632/1816/1632 1618/1800/1619 2253/2544/2249
f 2256/2547/2252 2257/248/226 1597/1779/1598
f 1597/1779/1598 2257/248/226 2258/2548/2253
f 2251/2549/2254 2259/2550/2255 2248/2551/2256
f 2261/2552/2257 2250/2553/2258 2246/2542/2247
f 2245/2538/2243 2252/2554/2259 2246/2542/2247
f 2262/2555/2260 2263/2556/2261 2268/2557/2262
f 1632/1816/1632 2253/2544/2249 2254/2545/2250
f 2262/2555/2260 221/229/213 227/245/223
f 2264/2558/2263 2262/2555/2260 227/245/223
f 2263/2556/2261 2262/2555/2260 2264/2558/2263
f 2256/2547/2252 1597/1779/1598 852/252/230
f 2265/2559/2264 2266/2560/2265 2261/2552/2257
f 2263/2556/2261 2264/2558/2263 2265/2559/2264
f 218/249/227 2257/248/226 2256/2547/2252
f 218/249/227 2256/2547/2252 852/252/230
f 2265/2559/2264 2267/2561/2266 2263/2556/2261
f 2270/1515/1353 2269/2540/2245 1239/1388/1233
f 2258/2548/2253 1611/1792/1611 1597/1779/1598
f 2269/2540/2245 2270/1515/1353 2272/2562/2267
f 1611/1792/1611 2258/2548/2253 2249/2543/2248
f 2271/2539/2244 1239/1388/1233 2269/2540/2245
f 2272/2562/2267 2270/1515/1353 2255/2546/2251
f 2258/2548/2253 2257/248/226 2268/2557/2262
f 221/229/213 2262/2555/2260 2257/248/226
f 2257/248/226 2262/2555/2260 2268/2557/2262
f 2246/2542/2247 2265/2559/2264 2261/2552/2257
f 236/270/238 2273/2563/2268 227/2564/223
f 1333/1493/1335 2255/2546/2251 2270/1515/1353
f 2266/2565/2265 2275/2566/2269 2276/2567/2270
f 2273/2563/2268 2264/2568/2263 227/2564/223
f 64/68/62 2273/2563/2268 236/270/238
f 2261/2552/2257 2259/2550/2255 2250/2553/2258
f 2265/2569/2264 2264/2568/2263 2275/2566/2269
f 1236/1386/1231 2271/2539/2244 2278/2570/2271
f 1333/1493/1335 1339/1500/1340 2255/2546/2251
f 2279/2571/2272 2259/2572/2255 2266/2565/2265
f 2259/2550/2255 2261/2552/2257 2266/2560/2265
f 2275/2566/2269 2280/2573/2273 2276/2567/2270
f 2279/2571/2272 2266/2565/2265 2276/2567/2270
f 2264/2568/2263 2277/2574/2274 2275/2566/2269
f 2265/2569/2264 2275/2566/2269 2266/2565/2265
f 2269/2540/2245 2274/2575/2275 2245/2538/2243
f 2273/2563/2268 2277/2574/2274 2264/2568/2263
f 2277/2574/2274 2280/2573/2273 2275/2566/2269
f 2259/2550/2255 2251/2549/2254 2250/2553/2258
f 2259/2572/2255 2279/2571/2272 2248/2576/2256
f 2273/2563/2268 64/68/62 2277/2574/2274
f 2280/2573/2273 2277/2574/2274 2281/2577/2276
f 2248/2576/2256 2279/2571/2272 2282/2578/2277
f 1239/1388/1233 2271/2539/2244 1236/1386/1231
f 2281/2577/2276 2283/2579/2278 2280/2573/2273
f 2284/2580/2279 2285/2581/2280 2286/2582/2281
f 1632/1816/1632 2272/2562/2267 2255/2546/2251
f 2282/2578/2277 2279/2571/2272 2283/2579/2278
f 2276/2567/2270 2280/2573/2273 2279/2571/2272
f 2279/2571/2272 2280/2573/2273 2283/2579/2278
f 68/73/67 2277/2574/2274 64/68/62
f 2272/2562/2267 2287/2583/2282 2274/2575/2275
f 1385/1555/1387 2255/2546/2251 1339/1500/1340
f 2260/2584/2283 2285/2581/2280 2247/2541/2246
f 2260/2584/2283 2246/2542/2247 2250/2553/2258
f 2288/2585/2284 2260/2584/2283 2250/2553/2258
f 2289/2586/2285 2288/2585/2284 2248/2551/2256
f 2246/2542/2247 2260/2584/2283 2247/2541/2246
f 2288/2585/2284 2250/2553/2258 2251/2549/2254
f 2288/2585/2284 2290/2587/2286 2260/2584/2283
f 2288/2585/2284 2251/2549/2254 2248/2551/2256
f 2260/2584/2283 2290/2587/2286 2285/2581/2280
f 2290/2587/2286 2289/2586/2285 2291/2588/2287
f 2290/2587/2286 2288/2585/2284 2289/2586/2285
f 2286/2582/2281 2285/2581/2280 2290/2587/2286
f 2272/2562/2267 1632/1816/1632 2287/2583/2282
f 1617/1799/1618 2292/2589/2288 2287/2583/2282
f 2247/2541/2246 2271/2539/2244 2245/2538/2243
f 1632/1816/1632 2254/2545/2250 2287/2583/2282
f 2278/2570/2271 2271/2539/2244 2293/2590/2289
f 2271/2539/2244 2247/2541/2246 2293/2590/2289
f 2247/2541/2246 2294/2591/2290 2293/2590/2289
f 2269/2540/2245 2272/2562/2267 2274/2575/2275
f 2287/2583/2282 2252/2554/2259 2274/2575/2275
f 2249/2543/2248 2268/2557/2262 2292/2589/2288
f 2292/2589/2288 2268/2557/2262 2267/2561/2266
f 1617/1799/1618 2287/2583/2282 2254/2545/2250
f 2295/2592/2291 2296/2593/2292 2297/2594/2293
f 2258/2548/2253 2268/2557/2262 2249/2543/2248
f 2252/2554/2259 2245/2538/2243 2274/2575/2275
f 2287/2583/2282 2292/2589/2288 2252/2554/2259
f 2292/2589/2288 1617/1799/1618 2249/2543/2248
f 2267/2561/2266 2246/2542/2247 2252/2554/2259
f 2263/2556/2261 2267/2561/2266 2268/2557/2262
f 2267/2561/2266 2265/2559/2264 2246/2542/2247
f 2292/2589/2288 2267/2561/2266 2252/2554/2259
f 2298/2595/2294 2299/2596/2295 2300/2597/2296
f 2283/2579/2278 2301/2598/2297 2282/2578/2277
f 2281/2577/2276 2303/2599/2298 2283/2579/2278
f 68/73/67 2281/2577/2276 2277/2574/2274
f 2307/2600/2299 2308/2601/2300 2309/2602/2301
f 65/70/64 2310/2603/2302 2311/2604/2303
f 2281/2577/2276 68/73/67 2311/2604/2303
f 59/69/63 2312/2605/2304 2302/2606/2305
f 2281/2577/2276 2311/2604/2303 2303/2599/2298
f 50/53/47 2302/2606/2305 51/54/48
f 66/71/65 65/70/64 68/73/67
f 65/70/64 2311/2604/2303 68/73/67
f 2282/2578/2277 2313/2607/2306 2248/2576/2256
f 65/70/64 55/59/53 2310/2603/2302
f 2310/2603/2302 2303/2599/2298 2311/2604/2303
f 51/54/48 2302/2606/2305 2304/2608/2307
f 2283/2579/2278 2303/2599/2298 2301/2598/2297
f 2314/2609/2308 2301/2598/2297 2303/2599/2298
f 2314/2609/2308 2303/2599/2298 2304/2608/2307
f 2304/2608/2307 2303/2599/2298 51/54/48
f 2314/2609/2308 2304/2608/2307 2315/2610/2309
f 2316/2611/2310 2284/2580/2279 2286/2582/2281
f 2317/2612/2311 2318/2613/2312 2315/2610/2309
f 2317/2612/2311 2302/2606/2305 2300/2597/2296
f 2319/2614/2313 2320/2615/2314 2321/2616/2315
f 2304/2608/2307 2302/2606/2305 2317/2612/2311
f 2302/2606/2305 2312/2605/2304 2300/2597/2296
f 2290/2587/2286 2291/2588/2287 2286/2582/2281
f 2312/2605/2304 2323/2617/2316 2298/2595/2294
f 2304/2608/2307 2317/2612/2311 2315/2610/2309
f 2298/2595/2294 2323/2617/2316 2324/2618/2317
f 2295/2592/2291 2284/2580/2279 2316/2611/2310
f 2324/2618/2317 2323/2617/2316 48/56/50
f 2296/2593/2292 2326/2619/2318 2327/2620/2319
f 1310/1471/1314 2328/2621/2320 2175/2457/2174
f 2329/2622/2321 2330/2623/2322 2331/2624/2323
f 1306/1462/1305 2175/2457/2174 1307/1460/1303
f 1310/1471/1314 2175/2457/2174 1306/1462/1305
f 2175/2457/2174 2328/2621/2320 2174/2456/2173
f 1310/1471/1314 2332/1470/1313 2328/2621/2320
f 2327/2620/2319 2326/2619/2318 2320/2615/2314
f 2333/2625/2324 2322/2626/2325 2307/2600/2299
f 2313/2607/2306 2291/2627/2287 2248/2576/2256
f 2296/2593/2292 2327/2620/2319 2320/2615/2314
f 2291/2627/2287 2313/2607/2306 2305/2628/2326
f 2307/2600/2299 2309/2602/2301 2299/2596/2295
f 1315/1469/1312 1322/1478/1321 2332/1470/1313
f 2298/2595/2294 2300/2597/2296 2312/2605/2304
f 2328/2621/2320 2332/1470/1313 2335/2629/2327
f 2300/2597/2296 2299/2596/2295 2309/2602/2301
f 2313/2607/2306 2306/2630/2328 2305/2628/2326
f 2334/2631/2329 1322/1478/1321 1323/1479/1322
f 2289/2586/2285 2248/2551/2256 2291/2588/2287
f 2337/2632/2330 2334/2631/2329 1323/1479/1322
f 1323/1479/1322 2338/2633/2331 2337/2632/2330
f 2291/2588/2287 2340/2634/2332 2286/2582/2281
f 2338/2633/2331 2339/2635/2333 2341/2636/2334
f 2301/2598/2297 2314/2609/2308 2342/2637/2335
f 2342/2637/2335 2306/2630/2328 2301/2598/2297
f 1324/1480/1323 2339/2635/2333 1323/1479/1322
f 2342/2637/2335 2315/2610/2309 2343/2638/2336
f 2339/2635/2333 1324/1480/1323 1329/1487/1330
f 1323/1479/1322 2339/2635/2333 2338/2633/2331
f 2339/2635/2333 2344/2639/2337 2341/2636/2334
f 1329/1487/1330 2344/2639/2337 2339/2635/2333
f 2332/1470/1313 1322/1478/1321 2334/2631/2329
f 2282/2578/2277 2306/2630/2328 2313/2607/2306
f 1331/1485/1328 2345/2640/2338 2344/2639/2337
f 2282/2578/2277 2301/2598/2297 2306/2630/2328
f 2295/2592/2291 2346/2641/2339 2296/2593/2292
f 2308/2601/2300 2307/2600/2299 2322/2626/2325
f 1207/1366/1211 2345/2640/2338 1330/1484/1327
f 2331/2624/2323 2330/2623/2322 2347/2642/2340
f 1331/1485/1328 1330/1484/1327 2345/2640/2338
f 2348/2643/2341 1207/1366/1211 1208/1459/1289
f 2349/2644/2342 2350/2645/2343 2330/2623/2322
f 1331/1485/1328 2344/2639/2337 1329/1487/1330
f 1207/1366/1211 2348/2643/2341 2345/2640/2338
f 2314/2609/2308 2315/2610/2309 2342/2637/2335
f 2340/2634/2332 2316/2611/2310 2286/2582/2281
f 2351/2646/2344 2348/2643/2341 1208/1459/1289
f 2320/2615/2314 2326/2619/2318 2321/2616/2315
f 2305/2628/2326 2352/2647/2345 2340/2648/2332
f 2353/2649/2346 2305/2628/2326 2306/2630/2328
f 2342/2637/2335 2353/2649/2346 2306/2630/2328
f 2305/2628/2326 2340/2648/2332 2291/2627/2287
f 2346/2641/2339 2316/2611/2310 2340/2634/2332
f 2305/2628/2326 2353/2649/2346 2349/2644/2342
f 53/58/52 2323/2617/2316 59/69/63
f 2349/2644/2342 2329/2622/2321 2352/2647/2345
f 34/45/39 2324/2618/2317 48/56/50
f 2312/2605/2304 59/69/63 2323/2617/2316
f 1208/1445/1289 1308/1463/1306 2351/2650/2344
f 2343/2638/2336 2354/2651/2347 2342/2637/2335
f 1308/1463/1306 2348/2652/2341 2351/2650/2344
f 2319/2614/2313 2321/2616/2315 2348/2652/2341
f 2305/2628/2326 2349/2644/2342 2352/2647/2345
f 48/56/50 2323/2617/2316 53/58/52
f 2349/2644/2342 2330/2623/2322 2329/2622/2321
f 2324/2618/2317 34/45/39 35/46/40
f 2340/2648/2332 2352/2647/2345 2329/2622/2321
f 2350/2645/2343 2349/2644/2342 2353/2649/2346
f 2350/2645/2343 2347/2642/2340 2330/2623/2322
f 2319/2614/2313 2348/2652/2341 1308/1463/1306
f 2347/2642/2340 2350/2645/2343 2354/2651/2347
f 2354/2651/2347 2353/2649/2346 2342/2637/2335
f 2353/2649/2346 2354/2651/2347 2350/2645/2343
f 2347/2642/2340 2356/2653/2348 2331/2624/2323
f 2316/2611/2310 2346/2641/2339 2295/2592/2291
f 2354/2651/2347 2355/2654/2349 2347/2642/2340
f 2346/2641/2339 2326/2619/2318 2296/2593/2292
f 2329/2622/2321 2346/2655/2339 2340/2648/2332
f 2357/2656/2350 2326/2657/2318 2346/2655/2339
f 59/69/63 2302/2606/2305 50/53/47
f 2329/2622/2321 2357/2656/2350 2346/2655/2339
f 2326/2657/2318 2357/2656/2350 2358/2658/2351
f 2329/2622/2321 2331/2624/2323 2357/2656/2350
f 2358/2658/2351 2357/2656/2350 2345/2640/2338
f 2321/2659/2315 2326/2657/2318 2358/2658/2351
f 2358/2658/2351 2345/2640/2338 2348/2643/2341
f 2360/2660/2352 2344/2639/2337 2345/2640/2338
f 2331/2624/2323 2360/2660/2352 2357/2656/2350
f 2358/2658/2351 2348/2643/2341 2321/2659/2315
f 2357/2656/2350 2360/2660/2352 2345/2640/2338
f 35/46/40 2336/2661/2353 2324/2618/2317
f 2362/2662/2354 2356/2653/2348 2347/2642/2340
f 2174/2456/2173 2155/2437/2154 2159/2442/2159
f 28/48/42 2336/2661/2353 35/46/40
f 2347/2642/2340 2355/2654/2349 2362/2662/2354
f 2360/2660/2352 2331/2624/2323 2359/2663/2355
f 2173/2664/2356 2155/2437/2154 2174/2456/2173
f 2173/2664/2356 2363/2665/2357 2168/2454/2171
f 2333/2625/2324 2325/2666/2358 2161/2667/2359
f 2174/2456/2173 2328/2621/2320 2335/2629/2327
f 2364/2668/2360 2365/2669/2361 2335/2629/2327
f 2335/2629/2327 2332/1470/1313 2364/2668/2360
f 2173/2664/2356 2367/2670/2362 2366/2671/2363
f 2173/2664/2356 2366/2671/2363 2363/2665/2357
f 2367/2670/2362 2365/2669/2361 2366/2671/2363
f 2364/2668/2360 2368/2672/2364 2365/2669/2361
f 2369/2673/2365 2370/2674/2366 2368/2672/2364
f 2361/2675/2367 2359/2663/2355 2356/2653/2348
f 2368/2672/2364 2370/2674/2366 2366/2671/2363
f 2325/2666/2358 2299/2596/2295 2298/2595/2294
f 2173/2664/2356 2168/2454/2171 2155/2437/2154
f 2244/2537/2242 2168/2454/2171 2363/2665/2357
f 2371/2676/2368 2167/2449/2166 2244/2537/2242
f 2368/2672/2364 2366/2671/2363 2365/2669/2361
f 2318/2613/2312 2317/2612/2311 2309/2602/2301
f 2359/2663/2355 2344/2639/2337 2360/2660/2352
f 2371/2676/2368 2244/2537/2242 2372/2677/2369
f 2167/2449/2166 2371/2676/2368 2158/2441/2158
f 2158/2441/2158 2371/2676/2368 2322/2626/2325
f 2359/2663/2355 2331/2624/2323 2356/2653/2348
f 2322/2626/2325 2333/2625/2324 2158/2441/2158
f 2367/2670/2362 2173/2664/2356 2174/2456/2173
f 2367/2670/2362 2174/2456/2173 2335/2629/2327
f 2366/2671/2363 2372/2677/2369 2363/2665/2357
f 2158/2441/2158 2164/2448/2165 2167/2449/2166
f 2370/2674/2366 2373/2678/2370 2366/2671/2363
f 2367/2670/2362 2335/2629/2327 2365/2669/2361
f 2372/2677/2369 2374/2679/2371 2308/2601/2300
f 2322/2626/2325 2371/2676/2368 2372/2677/2369
f 2374/2679/2371 2372/2677/2369 2373/2678/2370
f 2325/2666/2358 2324/2618/2317 2336/2661/2353
f 2366/2671/2363 2373/2678/2370 2372/2677/2369
f 2322/2626/2325 2372/2677/2369 2308/2601/2300
f 2344/2639/2337 2359/2663/2355 2341/2636/2334
f 2244/2537/2242 2363/2665/2357 2372/2677/2369
f 2375/2680/2372 2332/1470/1313 2334/2631/2329
f 2332/1470/1313 2375/2680/2372 2364/2668/2360
f 2368/2672/2364 2364/2668/2360 2369/2673/2365
f 2376/2681/2373 2375/2680/2372 2334/2631/2329
f 2377/2682/2374 2378/2683/2375 2369/2673/2365
f 2370/2674/2366 2369/2673/2365 2373/2678/2370
f 2364/2668/2360 2375/2680/2372 2369/2673/2365
f 2369/2673/2365 2378/2683/2375 2379/2684/2376
f 2380/2685/2377 2378/2683/2375 2377/2682/2374
f 2369/2673/2365 2379/2684/2376 2373/2678/2370
f 2379/2684/2376 2378/2683/2375 2380/2685/2377
f 2376/2681/2373 2334/2631/2329 2337/2632/2330
f 2338/2633/2331 2376/2681/2373 2337/2632/2330
f 2376/2681/2373 2377/2682/2374 2375/2680/2372
f 2382/2686/2378 2383/2687/2379 2362/2662/2354
f 2356/2653/2348 2338/2633/2331 2361/2675/2367
f 2356/2653/2348 2376/2681/2373 2338/2633/2331
f 2356/2653/2348 2383/2687/2379 2376/2681/2373
f 2377/2682/2374 2376/2681/2373 2381/2688/2380
f 2381/2688/2380 2382/2686/2378 2380/2685/2377
f 2375/2680/2372 2377/2682/2374 2369/2673/2365
f 2380/2685/2377 2377/2682/2374 2381/2688/2380
f 2382/2686/2378 2381/2688/2380 2383/2687/2379
f 2338/2633/2331 2341/2636/2334 2361/2675/2367
f 2379/2684/2376 2384/2689/2381 2373/2678/2370
f 2385/2690/2382 2382/2686/2378 2355/2654/2349
f 2374/2679/2371 2373/2678/2370 2384/2689/2381
f 2355/2654/2349 2382/2686/2378 2362/2662/2354
f 2356/2653/2348 2362/2662/2354 2383/2687/2379
f 2309/2602/2301 2374/2679/2371 2384/2689/2381
f 2386/2691/2383 2309/2602/2301 2384/2689/2381
f 2384/2689/2381 2379/2684/2376 2386/2691/2383
f 2309/2602/2301 2386/2691/2383 2318/2613/2312
f 2317/2612/2311 2300/2597/2296 2309/2602/2301
f 2376/2681/2373 2383/2687/2379 2381/2688/2380
f 2308/2601/2300 2374/2679/2371 2309/2602/2301
f 2386/2691/2383 2379/2684/2376 2387/2692/2384
f 2385/2690/2382 2387/2692/2384 2382/2686/2378
f 2387/2692/2384 2379/2684/2376 2380/2685/2377
f 2380/2685/2377 2382/2686/2378 2387/2692/2384
f 2385/2690/2382 2355/2654/2349 2388/2693/2385
f 2354/2651/2347 2388/2693/2385 2355/2654/2349
f 2388/2693/2385 2387/2692/2384 2385/2690/2382
f 2388/2693/2385 2318/2613/2312 2387/2692/2384
f 2315/2610/2309 2318/2613/2312 2343/2638/2336
f 2387/2692/2384 2318/2613/2312 2386/2691/2383
f 2388/2693/2385 2343/2638/2336 2318/2613/2312
f 2354/2651/2347 2343/2638/2336 2388/2693/2385
f 2361/2675/2367 2341/2636/2334 2359/2663/2355
f 2298/2595/2294 2324/2618/2317 2325/2666/2358
f 2303/2599/2298 2310/2603/2302 51/54/48
f 2147/2431/2148 2158/2441/2158 2333/2625/2324
f 2151/2439/2156 2147/2431/2148 2161/2667/2359
f 2161/2667/2359 2147/2431/2148 2333/2625/2324
f 2336/2661/2353 2151/2439/2156 2161/2667/2359
f 2325/2666/2358 2307/2600/2299 2299/2596/2295
f 2333/2625/2324 2307/2600/2299 2325/2666/2358
f 2336/2661/2353 28/48/42 2151/2439/2156
f 2336/2661/2353 2161/2667/2359 2325/2666/2358
f 2310/2603/2302 55/59/53 51/54/48
f 2389/2694/2386 284/572/503 504/571/502
f 2390/2695/2387 2391/2696/2388 2392/2697/2389
f 2389/2698/2386 504/576/502 516/591/518
f 2393/2699/2390 2394/2700/2391 2395/2701/2392
f 2396/2702/2393 2390/2695/2387 2392/2697/2389
f 2397/2703/2394 2391/2704/2388 2390/2705/2387
f 735/818/733 503/585/512 507/587/514
f 2073/2334/2068 2074/2339/2072 2180/2463/2180
f 2393/2699/2390 2399/2706/2395 2394/2700/2391
f 2068/2348/2073 2391/2704/2388 2070/2357/2086
f 2400/2707/2396 1549/1725/1549 2401/2708/2397
f 2398/2709/2398 2391/2704/2388 2397/2703/2394
f 2392/2697/2389 2073/2334/2068 2180/2463/2180
f 2402/2710/2399 2399/2706/2395 2231/2512/2226
f 2068/2340/2073 2073/2334/2068 2391/2696/2388
f 2073/2334/2068 2392/2697/2389 2391/2696/2388
f 2399/2706/2395 2393/2699/2390 2231/2512/2226
f 2402/2710/2399 284/572/503 2389/2694/2386
f 284/572/503 2402/2710/2399 2231/2512/2226
f 2398/2709/2398 2070/2357/2086 2391/2704/2388
f 2088/2356/2085 2070/2357/2086 2398/2709/2398
f 2088/2356/2085 2085/2354/2083 2070/2357/2086
f 1545/2711/2400 1549/1725/1549 1544/1720/1544
f 2411/2712/2401 2400/2707/2396 2401/2708/2397
f 2231/2512/2226 2393/2699/2390 2405/2713/2402
f 2400/2707/2396 1551/1727/1551 1549/1725/1549
f 2406/2714/2403 2088/2356/2085 2398/2709/2398
f 1550/1726/1550 1551/1727/1551 2400/2707/2396
f 735/818/733 1550/1726/1550 2407/2715/2404
f 2407/2715/2404 1550/1726/1550 2411/2712/2401
f 2088/2356/2085 2406/2714/2403 1931/2177/1932
f 2406/2714/2403 1934/2176/1931 1931/2177/1932
f 2411/2712/2401 1550/1726/1550 2400/2707/2396
f 2404/2716/2405 1545/2711/2400 1542/1718/1542
f 1544/1720/1544 1543/1719/1543 1545/2711/2400
f 2088/2356/2085 1931/2177/1932 1932/2175/1930
f 1545/2711/2400 1543/1719/1543 1542/1718/1542
f 1541/1717/1541 1496/1670/1496 2410/2717/2406
f 1545/2711/2400 2401/2708/2397 1549/1725/1549
f 2401/2708/2397 1545/2711/2400 2404/2716/2405
f 2403/2718/2407 503/585/512 735/818/733
f 2407/2715/2404 2411/2712/2401 2412/2719/2408
f 1934/2176/1931 2406/2714/2403 1483/1659/1485
f 519/595/520 503/585/512 520/596/521
f 1483/1659/1485 2406/2714/2403 1496/1670/1496
f 520/596/521 503/585/512 2403/2718/2407
f 2403/2718/2407 735/818/733 2407/2715/2404
f 2407/2715/2404 2413/2720/2409 520/596/521
f 520/596/521 2413/2720/2409 516/591/518
f 2407/2715/2404 520/596/521 2403/2718/2407
f 285/316/284 284/572/503 2231/2512/2226
f 2413/2720/2409 2412/2719/2408 516/591/518
f 2413/2720/2409 2407/2715/2404 2412/2719/2408
f 516/591/518 2412/2719/2408 2389/2698/2386
f 2389/2698/2386 2412/2719/2408 2402/2721/2399
f 2393/2699/2390 2395/2701/2392 2405/2713/2402
f 2412/2719/2408 2414/2722/2410 2394/2723/2391
f 2399/2724/2395 2402/2721/2399 2412/2719/2408
f 2412/2719/2408 2394/2723/2391 2399/2724/2395
f 2405/2713/2402 2395/2701/2392 2415/2725/2411
f 252/278/250 2231/2512/2226 2226/2508/2222
f 2417/2726/2412 2419/2727/2413 2390/2705/2387
f 2417/2728/2412 2396/2702/2393 2420/2729/2414
f 2415/2725/2411 2227/2730/2415 2405/2713/2402
f 2390/2695/2387 2396/2702/2393 2417/2728/2412
f 2421/2731/2416 2420/2729/2414 2422/2732/2417
f 2420/2729/2414 2396/2702/2393 2197/2480/2196
f 2397/2703/2394 2390/2705/2387 2419/2727/2413
f 2423/2733/2418 2424/2734/2419 2420/2729/2414
f 2418/2735/2420 2417/2726/2412 2424/2736/2419
f 2424/2734/2419 2417/2728/2412 2420/2729/2414
f 2423/2733/2418 2420/2729/2414 2421/2731/2416
f 2397/2703/2394 2419/2727/2413 2398/2709/2398
f 2419/2727/2413 2417/2726/2412 2418/2735/2420
f 2426/2737/2421 2424/2734/2419 2423/2733/2418
f 2418/2735/2420 2424/2736/2419 2408/2738/2422
f 2409/2739/2423 2408/2738/2422 2426/2740/2421
f 2425/2741/2424 2419/2727/2413 2418/2735/2420
f 2424/2736/2419 2426/2740/2421 2408/2738/2422
f 2408/2738/2422 2425/2741/2424 2418/2735/2420
f 2392/2697/2389 2180/2463/2180 2396/2702/2393
f 2420/2729/2414 2197/2480/2196 2422/2732/2417
f 2227/2730/2415 2222/2504/2218 2226/2508/2222
f 2396/2702/2393 2180/2463/2180 2199/2518/2231
f 2197/2480/2196 2396/2702/2393 2199/2518/2231
f 2197/2480/2196 2199/2518/2231 2198/2481/2197
f 2405/2713/2402 2227/2730/2415 2231/2512/2226
f 2427/2742/2425 2428/2743/2426 2222/2504/2218
f 2422/2732/2417 2428/2743/2426 2421/2731/2416
f 2227/2730/2415 2226/2508/2222 2231/2512/2226
f 2428/2743/2426 2201/2496/2212 2222/2504/2218
f 2201/2496/2212 2422/2732/2417 2197/2480/2196
f 2428/2743/2426 2423/2733/2418 2421/2731/2416
f 2422/2732/2417 2201/2496/2212 2428/2743/2426
f 2411/2712/2401 2409/2739/2423 2416/2744/2427
f 2429/2745/2428 2222/2504/2218 2415/2725/2411
f 2412/2719/2408 2411/2712/2401 2414/2722/2410
f 2222/2504/2218 2429/2745/2428 2427/2742/2425
f 2227/2730/2415 2415/2725/2411 2222/2504/2218
f 2430/2746/2429 2423/2733/2418 2428/2743/2426
f 2401/2708/2397 2409/2739/2423 2411/2712/2401
f 2416/2747/2427 2430/2746/2429 2431/2748/2430
f 2430/2746/2429 2426/2737/2421 2423/2733/2418
f 2409/2739/2423 2426/2740/2421 2416/2744/2427
f 2429/2745/2428 2431/2748/2430 2427/2742/2425
f 2414/2749/2410 2429/2745/2428 2395/2701/2392
f 2416/2747/2427 2431/2748/2430 2414/2749/2410
f 2415/2725/2411 2395/2701/2392 2429/2745/2428
f 2394/2700/2391 2414/2749/2410 2395/2701/2392
f 2414/2749/2410 2431/2748/2430 2429/2745/2428
f 2416/2747/2427 2426/2737/2421 2430/2746/2429
f 2430/2746/2429 2428/2743/2426 2427/2742/2425
f 2398/2709/2398 2419/2727/2413 2432/2750/2431
f 2431/2748/2430 2430/2746/2429 2427/2742/2425
f 2411/2712/2401 2416/2744/2427 2414/2722/2410
f 2425/2741/2424 2432/2750/2431 2419/2727/2413
f 2425/2741/2424 2408/2738/2422 2433/2751/2432
f 2409/2739/2423 2401/2708/2397 2404/2716/2405
f 2432/2750/2431 2410/2717/2406 2398/2709/2398
f 2409/2739/2423 2404/2716/2405 2433/2751/2432
f 2410/2717/2406 2406/2714/2403 2398/2709/2398
f 2410/2717/2406 2432/2750/2431 2425/2741/2424
f 2197/2480/2196 2200/2486/2202 2201/2496/2212
f 2433/2751/2432 2408/2738/2422 2409/2739/2423
f 2406/2714/2403 2410/2717/2406 1496/1670/1496
f 2404/2716/2405 2410/2717/2406 2433/2751/2432
f 1542/1718/1542 1541/1717/1541 2410/2717/2406
f 1542/1718/1542 2410/2717/2406 2404/2716/2405
f 2433/2751/2432 2410/2717/2406 2425/2741/2424
f 2278/2570/2271 1262/1413/1258 1236/1386/1231
f 2435/2752/2433 1262/1413/1258 2278/2570/2271
f 1308/1463/1306 2435/2752/2433 2319/2614/2313
f 2435/2752/2433 1308/1463/1306 2434/2753/2434
f 2434/2753/2434 1308/1463/1306 1290/1440/1285
f 1262/1413/1258 2434/2753/2434 1290/1440/1285
f 1262/1413/1258 2435/2752/2433 2434/2753/2434
f 1279/1431/1276 1290/1440/1285 1308/1463/1306
f 2284/2580/2279 2295/2592/2291 2285/2581/2280
f 2285/2581/2280 2295/2592/2291 2297/2594/2293
f 2278/2570/2271 2294/2591/2290 2435/2752/2433
f 2285/2581/2280 2297/2594/2293 2294/2591/2290
f 2294/2591/2290 2247/2541/2246 2285/2581/2280
f 2435/2752/2433 2294/2591/2290 2297/2594/2293
f 2294/2591/2290 2278/2570/2271 2293/2590/2289
f 2435/2752/2433 2297/2594/2293 2319/2614/2313
f 2319/2614/2313 2297/2594/2293 2296/2593/2292
f 2319/2614/2313 2296/2593/2292 2320/2615/2314
f 2438/2754/2435 2439/2755/2436 2440/2756/2437
f 1819/2043/1822 1815/2038/1817 1812/2036/1815
f 2440/2756/2437 2441/2757/2438 2438/2754/2435
f 1164/1300/1164 1157/1292/1156 1159/1295/1159
f 1046/2758/2439 921/1090/983 2443/2759/2440
f 2445/2760/2441 2446/2761/2442 1164/1300/1164
f 2447/2762/2443 2448/2763/2444 2449/2764/2445
f 2450/2765/2446 2449/2764/2445 2448/2763/2444
f 2449/2764/2445 1003/1108/997 2447/2762/2443
f 1044/1163/1041 921/1090/983 1046/2758/2439
f 2451/2766/2447 1044/1163/1041 1046/2758/2439
f 2442/2767/2448 2438/2754/2435 1164/1300/1164
f 2442/2767/2448 1164/1300/1164 1160/1296/1160
f 1164/1300/1164 2452/2768/2449 1157/1292/1156
f 2451/2769/2447 2448/2763/2444 2447/2762/2443
f 1046/2758/2439 2444/2770/2450 2451/2766/2447
f 2451/2769/2447 2444/2771/2450 2448/2763/2444
f 2437/2772/2451 2441/2757/2438 2440/2756/2437
f 2451/2766/2447 1048/2773/1043 1044/1163/1041
f 2441/2757/2438 2446/2761/2442 2445/2760/2441
f 2439/2755/2436 2453/2774/2452 2454/2775/2453
f 2457/2776/2454 2458/2777/2455 2459/2778/2456
f 1164/1300/1164 2438/2754/2435 2445/2760/2441
f 2441/2757/2438 2445/2760/2441 2438/2754/2435
f 2452/2768/2449 1143/1278/1142 1151/1286/1150
f 2446/2761/2442 2452/2768/2449 1164/1300/1164
f 2441/2757/2438 1819/2043/1822 2446/2761/2442
f 1812/2036/1815 1143/1278/1142 2452/2768/2449
f 2452/2768/2449 2446/2761/2442 1812/2036/1815
f 1819/2043/1822 2441/2757/2438 2456/2779/2457
f 1143/1278/1142 1812/2036/1815 1800/1279/1143
f 2460/2780/2458 2454/2775/2453 2461/2781/2459
f 2454/2775/2453 2460/2780/2458 2436/2782/2460
f 2451/2769/2447 1004/1110/999 1048/1169/1043
f 1812/2036/1815 2446/2761/2442 1819/2043/1822
f 2441/2757/2438 2437/2772/2451 2456/2779/2457
f 2436/2782/2460 2440/2756/2437 2454/2775/2453
f 1819/2043/1822 2456/2779/2457 1822/2044/1823
f 2462/2783/2461 1014/1126/1011 1006/1118/1005
f 2456/2779/2457 2437/2772/2451 1873/2114/1874
f 2460/2780/2458 2463/2784/2462 1883/2127/1884
f 1021/1133/1018 1018/1130/1015 1160/1296/1160
f 2464/2785/2463 1018/1130/1015 1014/1126/1011
f 1865/2106/1866 2465/2786/2464 989/2283/2022
f 2457/2776/2454 2459/2778/2456 2450/2765/2446
f 1160/1296/1160 2464/2785/2463 2442/2767/2448
f 2464/2785/2463 2439/2755/2436 2442/2767/2448
f 2464/2785/2463 1160/1296/1160 1018/1130/1015
f 1866/2107/1867 2465/2786/2464 1862/2103/1863
f 2453/2774/2452 2462/2783/2461 2461/2781/2459
f 1862/2103/1863 2465/2786/2464 1865/2106/1866
f 2440/2756/2437 2436/2782/2460 2437/2772/2451
f 2437/2772/2451 2436/2782/2460 2460/2780/2458
f 2439/2755/2436 2438/2754/2435 2442/2767/2448
f 2437/2772/2451 2460/2780/2458 1873/2114/1874
f 1883/2127/1884 1873/2114/1874 2460/2780/2458
f 1866/2107/1867 1867/2108/1868 2466/2787/2465
f 2463/2784/2462 2460/2780/2458 2461/2781/2459
f 2464/2785/2463 2453/2774/2452 2439/2755/2436
f 1867/2108/1868 1876/2117/1877 2455/2788/2466
f 1867/2108/1868 2455/2788/2466 2466/2787/2465
f 2444/2770/2450 2465/2786/2464 2468/2789/2467
f 2465/2786/2464 2443/2759/2440 989/2283/2022
f 2453/2774/2452 2461/2781/2459 2454/2775/2453
f 1014/1126/1011 2462/2783/2461 2467/2790/2468
f 2465/2786/2464 2444/2770/2450 2443/2759/2440
f 2464/2785/2463 1014/1126/1011 2467/2790/2468
f 2468/2791/2467 2448/2763/2444 2444/2771/2450
f 2466/2787/2465 2468/2789/2467 2465/2786/2464
f 2444/2770/2450 1046/2758/2439 2443/2759/2440
f 2468/2791/2467 2450/2765/2446 2448/2763/2444
f 2443/2759/2440 921/1090/983 987/1087/981
f 1866/2107/1867 2466/2787/2465 2465/2786/2464
f 989/2283/2022 2443/2759/2440 987/1087/981
f 2463/2784/2462 2459/2778/2456 2458/2777/2455
f 2450/2765/2446 2461/2781/2459 2462/2783/2461
f 2466/2792/2465 2457/2776/2454 2468/2791/2467
f 2458/2777/2455 2466/2792/2465 2455/2793/2466
f 2450/2765/2446 2468/2791/2467 2457/2776/2454
f 2464/2785/2463 2467/2790/2468 2453/2774/2452
f 2467/2790/2468 2462/2783/2461 2453/2774/2452
f 2462/2783/2461 1006/1118/1005 2450/2765/2446
f 2461/2781/2459 2450/2765/2446 2459/2778/2456
f 2459/2778/2456 2463/2784/2462 2461/2781/2459
f 2458/2777/2455 2455/2793/2466 2463/2784/2462
f 1873/2114/1874 1858/2099/1859 2456/2779/2457
f 2440/2756/2437 2439/2755/2436 2454/2775/2453
f 2463/2784/2462 2455/2793/2466 1883/2127/1884
f 2458/2777/2455 2457/2776/2454 2466/2792/2465
f 2450/2765/2446 1006/1118/1005 1007/1115/1002
f 1003/1108/997 1004/1110/999 2447/2762/2443
f 1007/1115/1002 1003/1108/997 2449/2764/2445
f 2450/2765/2446 1007/1115/1002 2449/2764/2445
f 2451/2769/2447 2447/2762/2443 1004/1110/999
f 1858/2099/1859 1873/2114/1874 1871/2112/1872
f 2455/2793/2466 1876/2128/1877 1883/2127/1884
f 1858/2099/1859 1822/2044/1823 2456/2779/2457
f 1151/1286/1150 1157/1292/1156 2452/2768/2449
f 423/488/424 420/485/421 426/491/427
f 2469/2794/2469 2470/2795/2470 2471/2796/2471
f 2472/2797/2472 2473/2798/2473 2474/2799/2474
f 2470/2795/2470 2473/2800/2473 2472/2801/2472
f 426/491/427 433/502/434 431/498/432
f 2475/2802/2475 494/563/494 2476/2803/2476
f 2477/2804/2477 2469/2794/2469 2471/2796/2471
f 426/491/427 431/498/432 2478/2805/2478
f 2475/2806/2475 2474/2799/2474 2473/2798/2473
f 2474/2799/2474 2476/2807/2476 261/286/258
f 2475/2802/2475 495/564/495 494/563/494
f 329/371/328 330/372/329 328/370/327
f 330/372/329 322/361/320 2479/2808/2479
f 2480/2809/2480 2475/2802/2475 2473/2800/2473
f 431/497/432 425/490/426 2478/2810/2478
f 2480/2809/2480 2473/2800/2473 2470/2795/2470
f 2475/2806/2475 2476/2807/2476 2474/2799/2474
f 2481/2811/2481 426/491/427 2478/2805/2478
f 423/488/424 426/491/427 2481/2811/2481
f 417/476/417 2481/2812/2481 2482/2813/2482
f 2478/2810/2478 425/490/426 2483/2814/2483
f 2484/2815/2484 2485/2816/2485 2479/2808/2479
f 325/366/324 328/370/327 330/372/329
f 2481/2812/2481 2478/2810/2478 2483/2814/2483
f 2485/2816/2485 2486/2817/2486 330/372/329
f 2479/2808/2479 2485/2816/2485 330/372/329
f 2487/2818/2487 425/490/426 406/465/408
f 423/488/424 2481/2811/2481 417/478/417
f 325/366/324 2486/2817/2486 326/367/325
f 2483/2814/2483 425/490/426 2487/2818/2487
f 2469/2794/2469 406/465/408 2480/2809/2480
f 2488/2819/2488 2483/2814/2483 2487/2818/2487
f 330/372/329 2486/2817/2486 325/366/324
f 315/356/316 314/378/315 318/357/317
f 293/2820/290 509/575/506 285/577/284
f 2485/2816/2485 2477/2804/2477 2489/2821/2489
f 314/355/315 326/367/325 2489/2821/2489
f 2476/2807/2476 2490/2822/2490 245/304/276
f 509/575/506 293/2820/290 2490/2823/2490
f 245/304/276 246/284/256 2476/2807/2476
f 494/563/494 2490/2823/2490 2476/2803/2476
f 261/286/258 2476/2807/2476 246/284/256
f 245/304/276 2490/2822/2490 293/322/290
f 2485/2816/2485 2489/2821/2489 2486/2817/2486
f 2490/2823/2490 494/563/494 509/575/506
f 2486/2817/2486 2489/2821/2489 326/367/325
f 2472/2797/2472 2474/2799/2474 318/357/317
f 417/476/417 2482/2813/2482 320/362/321
f 2477/2804/2477 2471/2796/2471 2489/2821/2489
f 318/357/317 314/378/315 2472/2797/2472
f 2481/2812/2481 2484/2815/2484 2482/2813/2482
f 321/360/319 320/362/321 2491/2824/2491
f 320/362/321 2482/2813/2482 2491/2824/2491
f 2484/2815/2484 2491/2824/2491 2482/2813/2482
f 2472/2801/2472 314/355/315 2489/2821/2489
f 321/360/319 2491/2824/2491 322/361/320
f 2483/2814/2483 2488/2819/2488 2484/2815/2484
f 2481/2812/2481 2483/2814/2483 2484/2815/2484
f 2485/2816/2485 2484/2815/2484 2488/2819/2488
f 2485/2816/2485 2488/2819/2488 2477/2804/2477
f 322/361/320 2491/2824/2491 2479/2808/2479
f 2484/2815/2484 2479/2808/2479 2491/2824/2491
f 491/464/407 495/564/495 406/465/408
f 2487/2818/2487 406/465/408 2469/2794/2469
f 2469/2794/2469 2480/2809/2480 2470/2795/2470
f 406/465/408 495/564/495 2480/2809/2480
f 2472/2801/2472 2489/2821/2489 2471/2796/2471
f 2474/2799/2474 261/286/258 318/357/317
f 2480/2809/2480 495/564/495 2475/2802/2475
f 2488/2819/2488 2487/2818/2487 2469/2794/2469
f 2472/2801/2472 2471/2796/2471 2470/2795/2470
f 2469/2794/2469 2477/2804/2477 2488/2819/2488
f 264/288/260 326/367/325 314/355/315
