[0.153s] [34mcolcon[0m [1;30mDEBUG[0m [32mCommand line arguments: ['/usr/bin/colcon', 'build', '--symlink-install'][0m
[0.153s] [34mcolcon[0m [1;30mDEBUG[0m [32mParsed command line arguments: Namespace(log_base=None, log_level=None, verb_name='build', build_base='build', install_base='install', merge_install=False, symlink_install=True, test_result_base=None, continue_on_error=False, executor='parallel', parallel_workers=16, event_handlers=None, ignore_user_meta=False, metas=['./colcon.meta'], base_paths=['.'], packages_ignore=None, packages_ignore_regex=None, paths=None, packages_up_to=None, packages_up_to_regex=None, packages_above=None, packages_above_and_dependencies=None, packages_above_depth=None, packages_select_by_dep=None, packages_skip_by_dep=None, packages_skip_up_to=None, packages_select_build_failed=False, packages_skip_build_finished=False, packages_select_test_failures=False, packages_skip_test_passed=False, packages_select=None, packages_skip=None, packages_select_regex=None, packages_skip_regex=None, packages_start=None, packages_end=None, allow_overriding=[], cmake_args=None, cmake_target=None, cmake_target_skip_unavailable=False, cmake_clean_cache=False, cmake_clean_first=False, cmake_force_configure=False, ament_cmake_args=None, catkin_cmake_args=None, catkin_skip_building_tests=False, mixin_files=None, mixin=None, verb_parser=<colcon_mixin.mixin.mixin_argument.MixinArgumentDecorator object at 0x771cccab5240>, verb_extension=<colcon_core.verb.build.BuildVerb object at 0x771cccc42800>, main=<bound method BuildVerb.main of <colcon_core.verb.build.BuildVerb object at 0x771cccc42800>>, mixin_verb=('build',))[0m
[0.424s] [34mcolcon.colcon_core.package_discovery[0m [1;30mLevel 1[0m discover_packages(colcon_meta) check parameters
[0.424s] [34mcolcon.colcon_core.package_discovery[0m [1;30mLevel 1[0m discover_packages(recursive) check parameters
[0.424s] [34mcolcon.colcon_core.package_discovery[0m [1;30mLevel 1[0m discover_packages(ignore) check parameters
[0.424s] [34mcolcon.colcon_core.package_discovery[0m [1;30mLevel 1[0m discover_packages(path) check parameters
[0.424s] [34mcolcon.colcon_core.package_discovery[0m [1;30mLevel 1[0m discover_packages(colcon_meta) discover
[0.424s] [34mcolcon.colcon_core.package_discovery[0m [1;30mLevel 1[0m discover_packages(recursive) discover
[0.424s] [34mcolcon.colcon_core.package_discovery[0m [1;30mINFO[0m Crawling recursively for packages in '/home/saif/Desktop/ROAR/MARS_YARD_INIT'
[0.424s] [34mcolcon.colcon_core.package_identification[0m [1;30mLevel 1[0m _identify(.) by extensions ['ignore', 'ignore_ament_install']
[0.425s] [34mcolcon.colcon_core.package_identification[0m [1;30mLevel 1[0m _identify(.) by extension 'ignore'
[0.425s] [34mcolcon.colcon_core.package_identification[0m [1;30mLevel 1[0m _identify(.) by extension 'ignore_ament_install'
[0.425s] [34mcolcon.colcon_core.package_identification[0m [1;30mLevel 1[0m _identify(.) by extensions ['colcon_pkg']
[0.425s] [34mcolcon.colcon_core.package_identification[0m [1;30mLevel 1[0m _identify(.) by extension 'colcon_pkg'
[0.425s] [34mcolcon.colcon_core.package_identification[0m [1;30mLevel 1[0m _identify(.) by extensions ['colcon_meta']
[0.425s] [34mcolcon.colcon_core.package_identification[0m [1;30mLevel 1[0m _identify(.) by extension 'colcon_meta'
[0.425s] [34mcolcon.colcon_core.package_identification[0m [1;30mLevel 1[0m _identify(.) by extensions ['ros']
[0.425s] [34mcolcon.colcon_core.package_identification[0m [1;30mLevel 1[0m _identify(.) by extension 'ros'
[0.454s] [34mcolcon.colcon_core.package_identification[0m [1;30mLevel 1[0m _identify(.) by extensions ['cmake', 'python']
[0.454s] [34mcolcon.colcon_core.package_identification[0m [1;30mLevel 1[0m _identify(.) by extension 'cmake'
[0.454s] [34mcolcon.colcon_core.package_identification[0m [1;30mLevel 1[0m _identify(.) by extension 'python'
[0.454s] [34mcolcon.colcon_core.package_identification[0m [1;30mLevel 1[0m _identify(.) by extensions ['python_setup_py']
[0.454s] [34mcolcon.colcon_core.package_identification[0m [1;30mLevel 1[0m _identify(.) by extension 'python_setup_py'
[0.454s] [34mcolcon.colcon_core.package_identification[0m [1;30mLevel 1[0m _identify(FinalYard) by extensions ['ignore', 'ignore_ament_install']
[0.455s] [34mcolcon.colcon_core.package_identification[0m [1;30mLevel 1[0m _identify(FinalYard) by extension 'ignore'
[0.455s] [34mcolcon.colcon_core.package_identification[0m [1;30mLevel 1[0m _identify(FinalYard) by extension 'ignore_ament_install'
[0.455s] [34mcolcon.colcon_core.package_identification[0m [1;30mLevel 1[0m _identify(FinalYard) by extensions ['colcon_pkg']
[0.455s] [34mcolcon.colcon_core.package_identification[0m [1;30mLevel 1[0m _identify(FinalYard) by extension 'colcon_pkg'
[0.455s] [34mcolcon.colcon_core.package_identification[0m [1;30mLevel 1[0m _identify(FinalYard) by extensions ['colcon_meta']
[0.455s] [34mcolcon.colcon_core.package_identification[0m [1;30mLevel 1[0m _identify(FinalYard) by extension 'colcon_meta'
[0.455s] [34mcolcon.colcon_core.package_identification[0m [1;30mLevel 1[0m _identify(FinalYard) by extensions ['ros']
[0.455s] [34mcolcon.colcon_core.package_identification[0m [1;30mLevel 1[0m _identify(FinalYard) by extension 'ros'
[0.455s] [34mcolcon.colcon_core.package_identification[0m [1;30mLevel 1[0m _identify(FinalYard) by extensions ['cmake', 'python']
[0.455s] [34mcolcon.colcon_core.package_identification[0m [1;30mLevel 1[0m _identify(FinalYard) by extension 'cmake'
[0.455s] [34mcolcon.colcon_core.package_identification[0m [1;30mLevel 1[0m _identify(FinalYard) by extension 'python'
[0.455s] [34mcolcon.colcon_core.package_identification[0m [1;30mLevel 1[0m _identify(FinalYard) by extensions ['python_setup_py']
[0.455s] [34mcolcon.colcon_core.package_identification[0m [1;30mLevel 1[0m _identify(FinalYard) by extension 'python_setup_py'
[0.455s] [34mcolcon.colcon_core.package_identification[0m [1;30mLevel 1[0m _identify(FinalYard/build) by extensions ['ignore', 'ignore_ament_install']
[0.456s] [34mcolcon.colcon_core.package_identification[0m [1;30mLevel 1[0m _identify(FinalYard/build) by extension 'ignore'
[0.456s] [34mcolcon.colcon_core.package_identification[0m [1;30mLevel 1[0m _identify(FinalYard/build) ignored
[0.456s] [34mcolcon.colcon_core.package_identification[0m [1;30mLevel 1[0m _identify(FinalYard/install) by extensions ['ignore', 'ignore_ament_install']
[0.456s] [34mcolcon.colcon_core.package_identification[0m [1;30mLevel 1[0m _identify(FinalYard/install) by extension 'ignore'
[0.456s] [34mcolcon.colcon_core.package_identification[0m [1;30mLevel 1[0m _identify(FinalYard/install) ignored
[0.456s] [34mcolcon.colcon_core.package_identification[0m [1;30mLevel 1[0m _identify(FinalYard/log) by extensions ['ignore', 'ignore_ament_install']
[0.456s] [34mcolcon.colcon_core.package_identification[0m [1;30mLevel 1[0m _identify(FinalYard/log) by extension 'ignore'
[0.456s] [34mcolcon.colcon_core.package_identification[0m [1;30mLevel 1[0m _identify(FinalYard/log) ignored
[0.456s] [34mcolcon.colcon_core.package_identification[0m [1;30mLevel 1[0m _identify(FinalYard/src) by extensions ['ignore', 'ignore_ament_install']
[0.456s] [34mcolcon.colcon_core.package_identification[0m [1;30mLevel 1[0m _identify(FinalYard/src) by extension 'ignore'
[0.457s] [34mcolcon.colcon_core.package_identification[0m [1;30mLevel 1[0m _identify(FinalYard/src) by extension 'ignore_ament_install'
[0.457s] [34mcolcon.colcon_core.package_identification[0m [1;30mLevel 1[0m _identify(FinalYard/src) by extensions ['colcon_pkg']
[0.457s] [34mcolcon.colcon_core.package_identification[0m [1;30mLevel 1[0m _identify(FinalYard/src) by extension 'colcon_pkg'
[0.457s] [34mcolcon.colcon_core.package_identification[0m [1;30mLevel 1[0m _identify(FinalYard/src) by extensions ['colcon_meta']
[0.457s] [34mcolcon.colcon_core.package_identification[0m [1;30mLevel 1[0m _identify(FinalYard/src) by extension 'colcon_meta'
[0.457s] [34mcolcon.colcon_core.package_identification[0m [1;30mLevel 1[0m _identify(FinalYard/src) by extensions ['ros']
[0.457s] [34mcolcon.colcon_core.package_identification[0m [1;30mLevel 1[0m _identify(FinalYard/src) by extension 'ros'
[0.457s] [34mcolcon.colcon_core.package_identification[0m [1;30mLevel 1[0m _identify(FinalYard/src) by extensions ['cmake', 'python']
[0.457s] [34mcolcon.colcon_core.package_identification[0m [1;30mLevel 1[0m _identify(FinalYard/src) by extension 'cmake'
[0.457s] [34mcolcon.colcon_core.package_identification[0m [1;30mLevel 1[0m _identify(FinalYard/src) by extension 'python'
[0.457s] [34mcolcon.colcon_core.package_identification[0m [1;30mLevel 1[0m _identify(FinalYard/src) by extensions ['python_setup_py']
[0.457s] [34mcolcon.colcon_core.package_identification[0m [1;30mLevel 1[0m _identify(FinalYard/src) by extension 'python_setup_py'
[0.457s] [34mcolcon.colcon_core.package_identification[0m [1;30mLevel 1[0m _identify(FinalYard/src/marsyard) by extensions ['ignore', 'ignore_ament_install']
[0.457s] [34mcolcon.colcon_core.package_identification[0m [1;30mLevel 1[0m _identify(FinalYard/src/marsyard) by extension 'ignore'
[0.457s] [34mcolcon.colcon_core.package_identification[0m [1;30mLevel 1[0m _identify(FinalYard/src/marsyard) by extension 'ignore_ament_install'
[0.457s] [34mcolcon.colcon_core.package_identification[0m [1;30mLevel 1[0m _identify(FinalYard/src/marsyard) by extensions ['colcon_pkg']
[0.457s] [34mcolcon.colcon_core.package_identification[0m [1;30mLevel 1[0m _identify(FinalYard/src/marsyard) by extension 'colcon_pkg'
[0.458s] [34mcolcon.colcon_core.package_identification[0m [1;30mLevel 1[0m _identify(FinalYard/src/marsyard) by extensions ['colcon_meta']
[0.458s] [34mcolcon.colcon_core.package_identification[0m [1;30mLevel 1[0m _identify(FinalYard/src/marsyard) by extension 'colcon_meta'
[0.458s] [34mcolcon.colcon_core.package_identification[0m [1;30mLevel 1[0m _identify(FinalYard/src/marsyard) by extensions ['ros']
[0.458s] [34mcolcon.colcon_core.package_identification[0m [1;30mLevel 1[0m _identify(FinalYard/src/marsyard) by extension 'ros'
[0.460s] [34mcolcon.colcon_core.package_identification[0m [1;30mDEBUG[0m [32mPackage 'FinalYard/src/marsyard' with type 'ros.ament_cmake' and name 'marsyard'[0m
[0.460s] [34mcolcon.colcon_core.package_identification[0m [1;30mLevel 1[0m _identify(ROAR-26-Simulation-Rover_Arm_Marsyard_Simualtion) by extensions ['ignore', 'ignore_ament_install']
[0.461s] [34mcolcon.colcon_core.package_identification[0m [1;30mLevel 1[0m _identify(ROAR-26-Simulation-Rover_Arm_Marsyard_Simualtion) by extension 'ignore'
[0.461s] [34mcolcon.colcon_core.package_identification[0m [1;30mLevel 1[0m _identify(ROAR-26-Simulation-Rover_Arm_Marsyard_Simualtion) by extension 'ignore_ament_install'
[0.461s] [34mcolcon.colcon_core.package_identification[0m [1;30mLevel 1[0m _identify(ROAR-26-Simulation-Rover_Arm_Marsyard_Simualtion) by extensions ['colcon_pkg']
[0.461s] [34mcolcon.colcon_core.package_identification[0m [1;30mLevel 1[0m _identify(ROAR-26-Simulation-Rover_Arm_Marsyard_Simualtion) by extension 'colcon_pkg'
[0.461s] [34mcolcon.colcon_core.package_identification[0m [1;30mLevel 1[0m _identify(ROAR-26-Simulation-Rover_Arm_Marsyard_Simualtion) by extensions ['colcon_meta']
[0.461s] [34mcolcon.colcon_core.package_identification[0m [1;30mLevel 1[0m _identify(ROAR-26-Simulation-Rover_Arm_Marsyard_Simualtion) by extension 'colcon_meta'
[0.461s] [34mcolcon.colcon_core.package_identification[0m [1;30mLevel 1[0m _identify(ROAR-26-Simulation-Rover_Arm_Marsyard_Simualtion) by extensions ['ros']
[0.461s] [34mcolcon.colcon_core.package_identification[0m [1;30mLevel 1[0m _identify(ROAR-26-Simulation-Rover_Arm_Marsyard_Simualtion) by extension 'ros'
[0.461s] [34mcolcon.colcon_core.package_identification[0m [1;30mLevel 1[0m _identify(ROAR-26-Simulation-Rover_Arm_Marsyard_Simualtion) by extensions ['cmake', 'python']
[0.461s] [34mcolcon.colcon_core.package_identification[0m [1;30mLevel 1[0m _identify(ROAR-26-Simulation-Rover_Arm_Marsyard_Simualtion) by extension 'cmake'
[0.461s] [34mcolcon.colcon_core.package_identification[0m [1;30mLevel 1[0m _identify(ROAR-26-Simulation-Rover_Arm_Marsyard_Simualtion) by extension 'python'
[0.461s] [34mcolcon.colcon_core.package_identification[0m [1;30mLevel 1[0m _identify(ROAR-26-Simulation-Rover_Arm_Marsyard_Simualtion) by extensions ['python_setup_py']
[0.461s] [34mcolcon.colcon_core.package_identification[0m [1;30mLevel 1[0m _identify(ROAR-26-Simulation-Rover_Arm_Marsyard_Simualtion) by extension 'python_setup_py'
[0.462s] [34mcolcon.colcon_core.package_identification[0m [1;30mLevel 1[0m _identify(ROAR-26-Simulation-Rover_Arm_Marsyard_Simualtion/build) by extensions ['ignore', 'ignore_ament_install']
[0.462s] [34mcolcon.colcon_core.package_identification[0m [1;30mLevel 1[0m _identify(ROAR-26-Simulation-Rover_Arm_Marsyard_Simualtion/build) by extension 'ignore'
[0.462s] [34mcolcon.colcon_core.package_identification[0m [1;30mLevel 1[0m _identify(ROAR-26-Simulation-Rover_Arm_Marsyard_Simualtion/build) ignored
[0.462s] [34mcolcon.colcon_core.package_identification[0m [1;30mLevel 1[0m _identify(ROAR-26-Simulation-Rover_Arm_Marsyard_Simualtion/install) by extensions ['ignore', 'ignore_ament_install']
[0.462s] [34mcolcon.colcon_core.package_identification[0m [1;30mLevel 1[0m _identify(ROAR-26-Simulation-Rover_Arm_Marsyard_Simualtion/install) by extension 'ignore'
[0.462s] [34mcolcon.colcon_core.package_identification[0m [1;30mLevel 1[0m _identify(ROAR-26-Simulation-Rover_Arm_Marsyard_Simualtion/install) ignored
[0.462s] [34mcolcon.colcon_core.package_identification[0m [1;30mLevel 1[0m _identify(ROAR-26-Simulation-Rover_Arm_Marsyard_Simualtion/log) by extensions ['ignore', 'ignore_ament_install']
[0.462s] [34mcolcon.colcon_core.package_identification[0m [1;30mLevel 1[0m _identify(ROAR-26-Simulation-Rover_Arm_Marsyard_Simualtion/log) by extension 'ignore'
[0.462s] [34mcolcon.colcon_core.package_identification[0m [1;30mLevel 1[0m _identify(ROAR-26-Simulation-Rover_Arm_Marsyard_Simualtion/log) ignored
[0.462s] [34mcolcon.colcon_core.package_identification[0m [1;30mLevel 1[0m _identify(ROAR-26-Simulation-Rover_Arm_Marsyard_Simualtion/roar_simulation) by extensions ['ignore', 'ignore_ament_install']
[0.462s] [34mcolcon.colcon_core.package_identification[0m [1;30mLevel 1[0m _identify(ROAR-26-Simulation-Rover_Arm_Marsyard_Simualtion/roar_simulation) by extension 'ignore'
[0.462s] [34mcolcon.colcon_core.package_identification[0m [1;30mLevel 1[0m _identify(ROAR-26-Simulation-Rover_Arm_Marsyard_Simualtion/roar_simulation) by extension 'ignore_ament_install'
[0.463s] [34mcolcon.colcon_core.package_identification[0m [1;30mLevel 1[0m _identify(ROAR-26-Simulation-Rover_Arm_Marsyard_Simualtion/roar_simulation) by extensions ['colcon_pkg']
[0.463s] [34mcolcon.colcon_core.package_identification[0m [1;30mLevel 1[0m _identify(ROAR-26-Simulation-Rover_Arm_Marsyard_Simualtion/roar_simulation) by extension 'colcon_pkg'
[0.463s] [34mcolcon.colcon_core.package_identification[0m [1;30mLevel 1[0m _identify(ROAR-26-Simulation-Rover_Arm_Marsyard_Simualtion/roar_simulation) by extensions ['colcon_meta']
[0.463s] [34mcolcon.colcon_core.package_identification[0m [1;30mLevel 1[0m _identify(ROAR-26-Simulation-Rover_Arm_Marsyard_Simualtion/roar_simulation) by extension 'colcon_meta'
[0.463s] [34mcolcon.colcon_core.package_identification[0m [1;30mLevel 1[0m _identify(ROAR-26-Simulation-Rover_Arm_Marsyard_Simualtion/roar_simulation) by extensions ['ros']
[0.463s] [34mcolcon.colcon_core.package_identification[0m [1;30mLevel 1[0m _identify(ROAR-26-Simulation-Rover_Arm_Marsyard_Simualtion/roar_simulation) by extension 'ros'
[0.464s] [34mcolcon.colcon_core.package_identification[0m [1;30mDEBUG[0m [32mPackage 'ROAR-26-Simulation-Rover_Arm_Marsyard_Simualtion/roar_simulation' with type 'ros.ament_cmake' and name 'roar_simulation'[0m
[0.465s] [34mcolcon.colcon_core.package_identification[0m [1;30mLevel 1[0m _identify(ROAR-26-Simulation-Rover_Arm_Marsyard_Simualtion/src) by extensions ['ignore', 'ignore_ament_install']
[0.465s] [34mcolcon.colcon_core.package_identification[0m [1;30mLevel 1[0m _identify(ROAR-26-Simulation-Rover_Arm_Marsyard_Simualtion/src) by extension 'ignore'
[0.465s] [34mcolcon.colcon_core.package_identification[0m [1;30mLevel 1[0m _identify(ROAR-26-Simulation-Rover_Arm_Marsyard_Simualtion/src) by extension 'ignore_ament_install'
[0.465s] [34mcolcon.colcon_core.package_identification[0m [1;30mLevel 1[0m _identify(ROAR-26-Simulation-Rover_Arm_Marsyard_Simualtion/src) by extensions ['colcon_pkg']
[0.465s] [34mcolcon.colcon_core.package_identification[0m [1;30mLevel 1[0m _identify(ROAR-26-Simulation-Rover_Arm_Marsyard_Simualtion/src) by extension 'colcon_pkg'
[0.465s] [34mcolcon.colcon_core.package_identification[0m [1;30mLevel 1[0m _identify(ROAR-26-Simulation-Rover_Arm_Marsyard_Simualtion/src) by extensions ['colcon_meta']
[0.465s] [34mcolcon.colcon_core.package_identification[0m [1;30mLevel 1[0m _identify(ROAR-26-Simulation-Rover_Arm_Marsyard_Simualtion/src) by extension 'colcon_meta'
[0.465s] [34mcolcon.colcon_core.package_identification[0m [1;30mLevel 1[0m _identify(ROAR-26-Simulation-Rover_Arm_Marsyard_Simualtion/src) by extensions ['ros']
[0.465s] [34mcolcon.colcon_core.package_identification[0m [1;30mLevel 1[0m _identify(ROAR-26-Simulation-Rover_Arm_Marsyard_Simualtion/src) by extension 'ros'
[0.465s] [34mcolcon.colcon_core.package_identification[0m [1;30mLevel 1[0m _identify(ROAR-26-Simulation-Rover_Arm_Marsyard_Simualtion/src) by extensions ['cmake', 'python']
[0.465s] [34mcolcon.colcon_core.package_identification[0m [1;30mLevel 1[0m _identify(ROAR-26-Simulation-Rover_Arm_Marsyard_Simualtion/src) by extension 'cmake'
[0.465s] [34mcolcon.colcon_core.package_identification[0m [1;30mLevel 1[0m _identify(ROAR-26-Simulation-Rover_Arm_Marsyard_Simualtion/src) by extension 'python'
[0.465s] [34mcolcon.colcon_core.package_identification[0m [1;30mLevel 1[0m _identify(ROAR-26-Simulation-Rover_Arm_Marsyard_Simualtion/src) by extensions ['python_setup_py']
[0.465s] [34mcolcon.colcon_core.package_identification[0m [1;30mLevel 1[0m _identify(ROAR-26-Simulation-Rover_Arm_Marsyard_Simualtion/src) by extension 'python_setup_py'
[0.466s] [34mcolcon.colcon_core.package_identification[0m [1;30mLevel 1[0m _identify(ROAR-26-Simulation-Rover_Arm_Marsyard_Simualtion/src/erc2025_remote_sim) by extensions ['ignore', 'ignore_ament_install']
[0.466s] [34mcolcon.colcon_core.package_identification[0m [1;30mLevel 1[0m _identify(ROAR-26-Simulation-Rover_Arm_Marsyard_Simualtion/src/erc2025_remote_sim) by extension 'ignore'
[0.466s] [34mcolcon.colcon_core.package_identification[0m [1;30mLevel 1[0m _identify(ROAR-26-Simulation-Rover_Arm_Marsyard_Simualtion/src/erc2025_remote_sim) by extension 'ignore_ament_install'
[0.466s] [34mcolcon.colcon_core.package_identification[0m [1;30mLevel 1[0m _identify(ROAR-26-Simulation-Rover_Arm_Marsyard_Simualtion/src/erc2025_remote_sim) by extensions ['colcon_pkg']
[0.466s] [34mcolcon.colcon_core.package_identification[0m [1;30mLevel 1[0m _identify(ROAR-26-Simulation-Rover_Arm_Marsyard_Simualtion/src/erc2025_remote_sim) by extension 'colcon_pkg'
[0.466s] [34mcolcon.colcon_core.package_identification[0m [1;30mLevel 1[0m _identify(ROAR-26-Simulation-Rover_Arm_Marsyard_Simualtion/src/erc2025_remote_sim) by extensions ['colcon_meta']
[0.466s] [34mcolcon.colcon_core.package_identification[0m [1;30mLevel 1[0m _identify(ROAR-26-Simulation-Rover_Arm_Marsyard_Simualtion/src/erc2025_remote_sim) by extension 'colcon_meta'
[0.466s] [34mcolcon.colcon_core.package_identification[0m [1;30mLevel 1[0m _identify(ROAR-26-Simulation-Rover_Arm_Marsyard_Simualtion/src/erc2025_remote_sim) by extensions ['ros']
[0.466s] [34mcolcon.colcon_core.package_identification[0m [1;30mLevel 1[0m _identify(ROAR-26-Simulation-Rover_Arm_Marsyard_Simualtion/src/erc2025_remote_sim) by extension 'ros'
[0.467s] [34mcolcon.colcon_core.package_identification[0m [1;30mDEBUG[0m [32mPackage 'ROAR-26-Simulation-Rover_Arm_Marsyard_Simualtion/src/erc2025_remote_sim' with type 'ros.ament_cmake' and name 'erc2025_remote_sim'[0m
[0.467s] [34mcolcon.colcon_core.package_identification[0m [1;30mLevel 1[0m _identify(build) by extensions ['ignore', 'ignore_ament_install']
[0.467s] [34mcolcon.colcon_core.package_identification[0m [1;30mLevel 1[0m _identify(build) by extension 'ignore'
[0.467s] [34mcolcon.colcon_core.package_identification[0m [1;30mLevel 1[0m _identify(build) ignored
[0.467s] [34mcolcon.colcon_core.package_identification[0m [1;30mLevel 1[0m _identify(data) by extensions ['ignore', 'ignore_ament_install']
[0.467s] [34mcolcon.colcon_core.package_identification[0m [1;30mLevel 1[0m _identify(data) by extension 'ignore'
[0.467s] [34mcolcon.colcon_core.package_identification[0m [1;30mLevel 1[0m _identify(data) by extension 'ignore_ament_install'
[0.467s] [34mcolcon.colcon_core.package_identification[0m [1;30mLevel 1[0m _identify(data) by extensions ['colcon_pkg']
[0.467s] [34mcolcon.colcon_core.package_identification[0m [1;30mLevel 1[0m _identify(data) by extension 'colcon_pkg'
[0.467s] [34mcolcon.colcon_core.package_identification[0m [1;30mLevel 1[0m _identify(data) by extensions ['colcon_meta']
[0.467s] [34mcolcon.colcon_core.package_identification[0m [1;30mLevel 1[0m _identify(data) by extension 'colcon_meta'
[0.467s] [34mcolcon.colcon_core.package_identification[0m [1;30mLevel 1[0m _identify(data) by extensions ['ros']
[0.467s] [34mcolcon.colcon_core.package_identification[0m [1;30mLevel 1[0m _identify(data) by extension 'ros'
[0.468s] [34mcolcon.colcon_core.package_identification[0m [1;30mLevel 1[0m _identify(data) by extensions ['cmake', 'python']
[0.468s] [34mcolcon.colcon_core.package_identification[0m [1;30mLevel 1[0m _identify(data) by extension 'cmake'
[0.468s] [34mcolcon.colcon_core.package_identification[0m [1;30mLevel 1[0m _identify(data) by extension 'python'
[0.468s] [34mcolcon.colcon_core.package_identification[0m [1;30mLevel 1[0m _identify(data) by extensions ['python_setup_py']
[0.468s] [34mcolcon.colcon_core.package_identification[0m [1;30mLevel 1[0m _identify(data) by extension 'python_setup_py'
[0.468s] [34mcolcon.colcon_core.package_identification[0m [1;30mLevel 1[0m _identify(data/drive-download-20260709T135505Z-2-001) by extensions ['ignore', 'ignore_ament_install']
[0.468s] [34mcolcon.colcon_core.package_identification[0m [1;30mLevel 1[0m _identify(data/drive-download-20260709T135505Z-2-001) by extension 'ignore'
[0.468s] [34mcolcon.colcon_core.package_identification[0m [1;30mLevel 1[0m _identify(data/drive-download-20260709T135505Z-2-001) by extension 'ignore_ament_install'
[0.468s] [34mcolcon.colcon_core.package_identification[0m [1;30mLevel 1[0m _identify(data/drive-download-20260709T135505Z-2-001) by extensions ['colcon_pkg']
[0.468s] [34mcolcon.colcon_core.package_identification[0m [1;30mLevel 1[0m _identify(data/drive-download-20260709T135505Z-2-001) by extension 'colcon_pkg'
[0.468s] [34mcolcon.colcon_core.package_identification[0m [1;30mLevel 1[0m _identify(data/drive-download-20260709T135505Z-2-001) by extensions ['colcon_meta']
[0.468s] [34mcolcon.colcon_core.package_identification[0m [1;30mLevel 1[0m _identify(data/drive-download-20260709T135505Z-2-001) by extension 'colcon_meta'
[0.468s] [34mcolcon.colcon_core.package_identification[0m [1;30mLevel 1[0m _identify(data/drive-download-20260709T135505Z-2-001) by extensions ['ros']
[0.468s] [34mcolcon.colcon_core.package_identification[0m [1;30mLevel 1[0m _identify(data/drive-download-20260709T135505Z-2-001) by extension 'ros'
[0.469s] [34mcolcon.colcon_core.package_identification[0m [1;30mLevel 1[0m _identify(data/drive-download-20260709T135505Z-2-001) by extensions ['cmake', 'python']
[0.469s] [34mcolcon.colcon_core.package_identification[0m [1;30mLevel 1[0m _identify(data/drive-download-20260709T135505Z-2-001) by extension 'cmake'
[0.469s] [34mcolcon.colcon_core.package_identification[0m [1;30mLevel 1[0m _identify(data/drive-download-20260709T135505Z-2-001) by extension 'python'
[0.469s] [34mcolcon.colcon_core.package_identification[0m [1;30mLevel 1[0m _identify(data/drive-download-20260709T135505Z-2-001) by extensions ['python_setup_py']
[0.469s] [34mcolcon.colcon_core.package_identification[0m [1;30mLevel 1[0m _identify(data/drive-download-20260709T135505Z-2-001) by extension 'python_setup_py'
[0.469s] [34mcolcon.colcon_core.package_identification[0m [1;30mLevel 1[0m _identify(data/drive-download-20260709T135505Z-2-001/addingGlobalPoseFromGazebo) by extensions ['ignore', 'ignore_ament_install']
[0.469s] [34mcolcon.colcon_core.package_identification[0m [1;30mLevel 1[0m _identify(data/drive-download-20260709T135505Z-2-001/addingGlobalPoseFromGazebo) by extension 'ignore'
[0.469s] [34mcolcon.colcon_core.package_identification[0m [1;30mLevel 1[0m _identify(data/drive-download-20260709T135505Z-2-001/addingGlobalPoseFromGazebo) by extension 'ignore_ament_install'
[0.469s] [34mcolcon.colcon_core.package_identification[0m [1;30mLevel 1[0m _identify(data/drive-download-20260709T135505Z-2-001/addingGlobalPoseFromGazebo) by extensions ['colcon_pkg']
[0.469s] [34mcolcon.colcon_core.package_identification[0m [1;30mLevel 1[0m _identify(data/drive-download-20260709T135505Z-2-001/addingGlobalPoseFromGazebo) by extension 'colcon_pkg'
[0.469s] [34mcolcon.colcon_core.package_identification[0m [1;30mLevel 1[0m _identify(data/drive-download-20260709T135505Z-2-001/addingGlobalPoseFromGazebo) by extensions ['colcon_meta']
[0.469s] [34mcolcon.colcon_core.package_identification[0m [1;30mLevel 1[0m _identify(data/drive-download-20260709T135505Z-2-001/addingGlobalPoseFromGazebo) by extension 'colcon_meta'
[0.469s] [34mcolcon.colcon_core.package_identification[0m [1;30mLevel 1[0m _identify(data/drive-download-20260709T135505Z-2-001/addingGlobalPoseFromGazebo) by extensions ['ros']
[0.469s] [34mcolcon.colcon_core.package_identification[0m [1;30mLevel 1[0m _identify(data/drive-download-20260709T135505Z-2-001/addingGlobalPoseFromGazebo) by extension 'ros'
[0.470s] [34mcolcon.colcon_core.package_identification[0m [1;30mLevel 1[0m _identify(data/drive-download-20260709T135505Z-2-001/addingGlobalPoseFromGazebo) by extensions ['cmake', 'python']
[0.470s] [34mcolcon.colcon_core.package_identification[0m [1;30mLevel 1[0m _identify(data/drive-download-20260709T135505Z-2-001/addingGlobalPoseFromGazebo) by extension 'cmake'
[0.470s] [34mcolcon.colcon_core.package_identification[0m [1;30mLevel 1[0m _identify(data/drive-download-20260709T135505Z-2-001/addingGlobalPoseFromGazebo) by extension 'python'
[0.470s] [34mcolcon.colcon_core.package_identification[0m [1;30mLevel 1[0m _identify(data/drive-download-20260709T135505Z-2-001/addingGlobalPoseFromGazebo) by extensions ['python_setup_py']
[0.470s] [34mcolcon.colcon_core.package_identification[0m [1;30mLevel 1[0m _identify(data/drive-download-20260709T135505Z-2-001/addingGlobalPoseFromGazebo) by extension 'python_setup_py'
[0.470s] [34mcolcon.colcon_core.package_identification[0m [1;30mLevel 1[0m _identify(data/drive-download-20260709T135505Z-2-001/addingPoles) by extensions ['ignore', 'ignore_ament_install']
[0.470s] [34mcolcon.colcon_core.package_identification[0m [1;30mLevel 1[0m _identify(data/drive-download-20260709T135505Z-2-001/addingPoles) by extension 'ignore'
[0.470s] [34mcolcon.colcon_core.package_identification[0m [1;30mLevel 1[0m _identify(data/drive-download-20260709T135505Z-2-001/addingPoles) by extension 'ignore_ament_install'
[0.470s] [34mcolcon.colcon_core.package_identification[0m [1;30mLevel 1[0m _identify(data/drive-download-20260709T135505Z-2-001/addingPoles) by extensions ['colcon_pkg']
[0.470s] [34mcolcon.colcon_core.package_identification[0m [1;30mLevel 1[0m _identify(data/drive-download-20260709T135505Z-2-001/addingPoles) by extension 'colcon_pkg'
[0.470s] [34mcolcon.colcon_core.package_identification[0m [1;30mLevel 1[0m _identify(data/drive-download-20260709T135505Z-2-001/addingPoles) by extensions ['colcon_meta']
[0.470s] [34mcolcon.colcon_core.package_identification[0m [1;30mLevel 1[0m _identify(data/drive-download-20260709T135505Z-2-001/addingPoles) by extension 'colcon_meta'
[0.470s] [34mcolcon.colcon_core.package_identification[0m [1;30mLevel 1[0m _identify(data/drive-download-20260709T135505Z-2-001/addingPoles) by extensions ['ros']
[0.470s] [34mcolcon.colcon_core.package_identification[0m [1;30mLevel 1[0m _identify(data/drive-download-20260709T135505Z-2-001/addingPoles) by extension 'ros'
[0.470s] [34mcolcon.colcon_core.package_identification[0m [1;30mLevel 1[0m _identify(data/drive-download-20260709T135505Z-2-001/addingPoles) by extensions ['cmake', 'python']
[0.470s] [34mcolcon.colcon_core.package_identification[0m [1;30mLevel 1[0m _identify(data/drive-download-20260709T135505Z-2-001/addingPoles) by extension 'cmake'
[0.470s] [34mcolcon.colcon_core.package_identification[0m [1;30mLevel 1[0m _identify(data/drive-download-20260709T135505Z-2-001/addingPoles) by extension 'python'
[0.471s] [34mcolcon.colcon_core.package_identification[0m [1;30mLevel 1[0m _identify(data/drive-download-20260709T135505Z-2-001/addingPoles) by extensions ['python_setup_py']
[0.471s] [34mcolcon.colcon_core.package_identification[0m [1;30mLevel 1[0m _identify(data/drive-download-20260709T135505Z-2-001/addingPoles) by extension 'python_setup_py'
[0.471s] [34mcolcon.colcon_core.package_identification[0m [1;30mLevel 1[0m _identify(data/drive-download-20260709T135505Z-2-001/heightMap) by extensions ['ignore', 'ignore_ament_install']
[0.471s] [34mcolcon.colcon_core.package_identification[0m [1;30mLevel 1[0m _identify(data/drive-download-20260709T135505Z-2-001/heightMap) by extension 'ignore'
[0.471s] [34mcolcon.colcon_core.package_identification[0m [1;30mLevel 1[0m _identify(data/drive-download-20260709T135505Z-2-001/heightMap) by extension 'ignore_ament_install'
[0.471s] [34mcolcon.colcon_core.package_identification[0m [1;30mLevel 1[0m _identify(data/drive-download-20260709T135505Z-2-001/heightMap) by extensions ['colcon_pkg']
[0.471s] [34mcolcon.colcon_core.package_identification[0m [1;30mLevel 1[0m _identify(data/drive-download-20260709T135505Z-2-001/heightMap) by extension 'colcon_pkg'
[0.471s] [34mcolcon.colcon_core.package_identification[0m [1;30mLevel 1[0m _identify(data/drive-download-20260709T135505Z-2-001/heightMap) by extensions ['colcon_meta']
[0.471s] [34mcolcon.colcon_core.package_identification[0m [1;30mLevel 1[0m _identify(data/drive-download-20260709T135505Z-2-001/heightMap) by extension 'colcon_meta'
[0.471s] [34mcolcon.colcon_core.package_identification[0m [1;30mLevel 1[0m _identify(data/drive-download-20260709T135505Z-2-001/heightMap) by extensions ['ros']
[0.471s] [34mcolcon.colcon_core.package_identification[0m [1;30mLevel 1[0m _identify(data/drive-download-20260709T135505Z-2-001/heightMap) by extension 'ros'
[0.471s] [34mcolcon.colcon_core.package_identification[0m [1;30mLevel 1[0m _identify(data/drive-download-20260709T135505Z-2-001/heightMap) by extensions ['cmake', 'python']
[0.471s] [34mcolcon.colcon_core.package_identification[0m [1;30mLevel 1[0m _identify(data/drive-download-20260709T135505Z-2-001/heightMap) by extension 'cmake'
[0.471s] [34mcolcon.colcon_core.package_identification[0m [1;30mLevel 1[0m _identify(data/drive-download-20260709T135505Z-2-001/heightMap) by extension 'python'
[0.472s] [34mcolcon.colcon_core.package_identification[0m [1;30mLevel 1[0m _identify(data/drive-download-20260709T135505Z-2-001/heightMap) by extensions ['python_setup_py']
[0.472s] [34mcolcon.colcon_core.package_identification[0m [1;30mLevel 1[0m _identify(data/drive-download-20260709T135505Z-2-001/heightMap) by extension 'python_setup_py'
[0.472s] [34mcolcon.colcon_core.package_identification[0m [1;30mLevel 1[0m _identify(data/drive-download-20260709T135505Z-2-001/heightMap/eachPart) by extensions ['ignore', 'ignore_ament_install']
[0.472s] [34mcolcon.colcon_core.package_identification[0m [1;30mLevel 1[0m _identify(data/drive-download-20260709T135505Z-2-001/heightMap/eachPart) by extension 'ignore'
[0.472s] [34mcolcon.colcon_core.package_identification[0m [1;30mLevel 1[0m _identify(data/drive-download-20260709T135505Z-2-001/heightMap/eachPart) by extension 'ignore_ament_install'
[0.472s] [34mcolcon.colcon_core.package_identification[0m [1;30mLevel 1[0m _identify(data/drive-download-20260709T135505Z-2-001/heightMap/eachPart) by extensions ['colcon_pkg']
[0.472s] [34mcolcon.colcon_core.package_identification[0m [1;30mLevel 1[0m _identify(data/drive-download-20260709T135505Z-2-001/heightMap/eachPart) by extension 'colcon_pkg'
[0.472s] [34mcolcon.colcon_core.package_identification[0m [1;30mLevel 1[0m _identify(data/drive-download-20260709T135505Z-2-001/heightMap/eachPart) by extensions ['colcon_meta']
[0.472s] [34mcolcon.colcon_core.package_identification[0m [1;30mLevel 1[0m _identify(data/drive-download-20260709T135505Z-2-001/heightMap/eachPart) by extension 'colcon_meta'
[0.472s] [34mcolcon.colcon_core.package_identification[0m [1;30mLevel 1[0m _identify(data/drive-download-20260709T135505Z-2-001/heightMap/eachPart) by extensions ['ros']
[0.472s] [34mcolcon.colcon_core.package_identification[0m [1;30mLevel 1[0m _identify(data/drive-download-20260709T135505Z-2-001/heightMap/eachPart) by extension 'ros'
[0.472s] [34mcolcon.colcon_core.package_identification[0m [1;30mLevel 1[0m _identify(data/drive-download-20260709T135505Z-2-001/heightMap/eachPart) by extensions ['cmake', 'python']
[0.473s] [34mcolcon.colcon_core.package_identification[0m [1;30mLevel 1[0m _identify(data/drive-download-20260709T135505Z-2-001/heightMap/eachPart) by extension 'cmake'
[0.473s] [34mcolcon.colcon_core.package_identification[0m [1;30mLevel 1[0m _identify(data/drive-download-20260709T135505Z-2-001/heightMap/eachPart) by extension 'python'
[0.473s] [34mcolcon.colcon_core.package_identification[0m [1;30mLevel 1[0m _identify(data/drive-download-20260709T135505Z-2-001/heightMap/eachPart) by extensions ['python_setup_py']
[0.473s] [34mcolcon.colcon_core.package_identification[0m [1;30mLevel 1[0m _identify(data/drive-download-20260709T135505Z-2-001/heightMap/eachPart) by extension 'python_setup_py'
[0.473s] [34mcolcon.colcon_core.package_identification[0m [1;30mLevel 1[0m _identify(data/yard) by extensions ['ignore', 'ignore_ament_install']
[0.473s] [34mcolcon.colcon_core.package_identification[0m [1;30mLevel 1[0m _identify(data/yard) by extension 'ignore'
[0.473s] [34mcolcon.colcon_core.package_identification[0m [1;30mLevel 1[0m _identify(data/yard) by extension 'ignore_ament_install'
[0.473s] [34mcolcon.colcon_core.package_identification[0m [1;30mLevel 1[0m _identify(data/yard) by extensions ['colcon_pkg']
[0.473s] [34mcolcon.colcon_core.package_identification[0m [1;30mLevel 1[0m _identify(data/yard) by extension 'colcon_pkg'
[0.473s] [34mcolcon.colcon_core.package_identification[0m [1;30mLevel 1[0m _identify(data/yard) by extensions ['colcon_meta']
[0.473s] [34mcolcon.colcon_core.package_identification[0m [1;30mLevel 1[0m _identify(data/yard) by extension 'colcon_meta'
[0.473s] [34mcolcon.colcon_core.package_identification[0m [1;30mLevel 1[0m _identify(data/yard) by extensions ['ros']
[0.473s] [34mcolcon.colcon_core.package_identification[0m [1;30mLevel 1[0m _identify(data/yard) by extension 'ros'
[0.473s] [34mcolcon.colcon_core.package_identification[0m [1;30mLevel 1[0m _identify(data/yard) by extensions ['cmake', 'python']
[0.473s] [34mcolcon.colcon_core.package_identification[0m [1;30mLevel 1[0m _identify(data/yard) by extension 'cmake'
[0.473s] [34mcolcon.colcon_core.package_identification[0m [1;30mLevel 1[0m _identify(data/yard) by extension 'python'
[0.474s] [34mcolcon.colcon_core.package_identification[0m [1;30mLevel 1[0m _identify(data/yard) by extensions ['python_setup_py']
[0.474s] [34mcolcon.colcon_core.package_identification[0m [1;30mLevel 1[0m _identify(data/yard) by extension 'python_setup_py'
[0.474s] [34mcolcon.colcon_core.package_identification[0m [1;30mLevel 1[0m _identify(data/yardPhotos) by extensions ['ignore', 'ignore_ament_install']
[0.474s] [34mcolcon.colcon_core.package_identification[0m [1;30mLevel 1[0m _identify(data/yardPhotos) by extension 'ignore'
[0.474s] [34mcolcon.colcon_core.package_identification[0m [1;30mLevel 1[0m _identify(data/yardPhotos) by extension 'ignore_ament_install'
[0.474s] [34mcolcon.colcon_core.package_identification[0m [1;30mLevel 1[0m _identify(data/yardPhotos) by extensions ['colcon_pkg']
[0.474s] [34mcolcon.colcon_core.package_identification[0m [1;30mLevel 1[0m _identify(data/yardPhotos) by extension 'colcon_pkg'
[0.474s] [34mcolcon.colcon_core.package_identification[0m [1;30mLevel 1[0m _identify(data/yardPhotos) by extensions ['colcon_meta']
[0.474s] [34mcolcon.colcon_core.package_identification[0m [1;30mLevel 1[0m _identify(data/yardPhotos) by extension 'colcon_meta'
[0.474s] [34mcolcon.colcon_core.package_identification[0m [1;30mLevel 1[0m _identify(data/yardPhotos) by extensions ['ros']
[0.474s] [34mcolcon.colcon_core.package_identification[0m [1;30mLevel 1[0m _identify(data/yardPhotos) by extension 'ros'
[0.474s] [34mcolcon.colcon_core.package_identification[0m [1;30mLevel 1[0m _identify(data/yardPhotos) by extensions ['cmake', 'python']
[0.474s] [34mcolcon.colcon_core.package_identification[0m [1;30mLevel 1[0m _identify(data/yardPhotos) by extension 'cmake'
[0.474s] [34mcolcon.colcon_core.package_identification[0m [1;30mLevel 1[0m _identify(data/yardPhotos) by extension 'python'
[0.474s] [34mcolcon.colcon_core.package_identification[0m [1;30mLevel 1[0m _identify(data/yardPhotos) by extensions ['python_setup_py']
[0.474s] [34mcolcon.colcon_core.package_identification[0m [1;30mLevel 1[0m _identify(data/yardPhotos) by extension 'python_setup_py'
[0.475s] [34mcolcon.colcon_core.package_identification[0m [1;30mLevel 1[0m _identify(install) by extensions ['ignore', 'ignore_ament_install']
[0.475s] [34mcolcon.colcon_core.package_identification[0m [1;30mLevel 1[0m _identify(install) by extension 'ignore'
[0.475s] [34mcolcon.colcon_core.package_identification[0m [1;30mLevel 1[0m _identify(install) ignored
[0.475s] [34mcolcon.colcon_core.package_identification[0m [1;30mLevel 1[0m _identify(log) by extensions ['ignore', 'ignore_ament_install']
[0.475s] [34mcolcon.colcon_core.package_identification[0m [1;30mLevel 1[0m _identify(log) by extension 'ignore'
[0.475s] [34mcolcon.colcon_core.package_identification[0m [1;30mLevel 1[0m _identify(log) ignored
[0.475s] [34mcolcon.colcon_core.package_identification[0m [1;30mLevel 1[0m _identify(marsyard_humble_physics_closed) by extensions ['ignore', 'ignore_ament_install']
[0.475s] [34mcolcon.colcon_core.package_identification[0m [1;30mLevel 1[0m _identify(marsyard_humble_physics_closed) by extension 'ignore'
[0.475s] [34mcolcon.colcon_core.package_identification[0m [1;30mLevel 1[0m _identify(marsyard_humble_physics_closed) by extension 'ignore_ament_install'
[0.475s] [34mcolcon.colcon_core.package_identification[0m [1;30mLevel 1[0m _identify(marsyard_humble_physics_closed) by extensions ['colcon_pkg']
[0.475s] [34mcolcon.colcon_core.package_identification[0m [1;30mLevel 1[0m _identify(marsyard_humble_physics_closed) by extension 'colcon_pkg'
[0.476s] [34mcolcon.colcon_core.package_identification[0m [1;30mLevel 1[0m _identify(marsyard_humble_physics_closed) by extensions ['colcon_meta']
[0.476s] [34mcolcon.colcon_core.package_identification[0m [1;30mLevel 1[0m _identify(marsyard_humble_physics_closed) by extension 'colcon_meta'
[0.476s] [34mcolcon.colcon_core.package_identification[0m [1;30mLevel 1[0m _identify(marsyard_humble_physics_closed) by extensions ['ros']
[0.476s] [34mcolcon.colcon_core.package_identification[0m [1;30mLevel 1[0m _identify(marsyard_humble_physics_closed) by extension 'ros'
[0.476s] [34mcolcon.colcon_core.package_identification[0m [1;30mLevel 1[0m _identify(marsyard_humble_physics_closed) by extensions ['cmake', 'python']
[0.476s] [34mcolcon.colcon_core.package_identification[0m [1;30mLevel 1[0m _identify(marsyard_humble_physics_closed) by extension 'cmake'
[0.476s] [34mcolcon.colcon_core.package_identification[0m [1;30mLevel 1[0m _identify(marsyard_humble_physics_closed) by extension 'python'
[0.476s] [34mcolcon.colcon_core.package_identification[0m [1;30mLevel 1[0m _identify(marsyard_humble_physics_closed) by extensions ['python_setup_py']
[0.476s] [34mcolcon.colcon_core.package_identification[0m [1;30mLevel 1[0m _identify(marsyard_humble_physics_closed) by extension 'python_setup_py'
[0.476s] [34mcolcon.colcon_core.package_identification[0m [1;30mLevel 1[0m _identify(marsyard_humble_physics_closed/build) by extensions ['ignore', 'ignore_ament_install']
[0.476s] [34mcolcon.colcon_core.package_identification[0m [1;30mLevel 1[0m _identify(marsyard_humble_physics_closed/build) by extension 'ignore'
[0.476s] [34mcolcon.colcon_core.package_identification[0m [1;30mLevel 1[0m _identify(marsyard_humble_physics_closed/build) ignored
[0.476s] [34mcolcon.colcon_core.package_identification[0m [1;30mLevel 1[0m _identify(marsyard_humble_physics_closed/install) by extensions ['ignore', 'ignore_ament_install']
[0.476s] [34mcolcon.colcon_core.package_identification[0m [1;30mLevel 1[0m _identify(marsyard_humble_physics_closed/install) by extension 'ignore'
[0.476s] [34mcolcon.colcon_core.package_identification[0m [1;30mLevel 1[0m _identify(marsyard_humble_physics_closed/install) ignored
[0.477s] [34mcolcon.colcon_core.package_identification[0m [1;30mLevel 1[0m _identify(marsyard_humble_physics_closed/log) by extensions ['ignore', 'ignore_ament_install']
[0.477s] [34mcolcon.colcon_core.package_identification[0m [1;30mLevel 1[0m _identify(marsyard_humble_physics_closed/log) by extension 'ignore'
[0.477s] [34mcolcon.colcon_core.package_identification[0m [1;30mLevel 1[0m _identify(marsyard_humble_physics_closed/log) ignored
[0.477s] [34mcolcon.colcon_core.package_identification[0m [1;30mLevel 1[0m _identify(marsyard_humble_physics_closed/src) by extensions ['ignore', 'ignore_ament_install']
[0.477s] [34mcolcon.colcon_core.package_identification[0m [1;30mLevel 1[0m _identify(marsyard_humble_physics_closed/src) by extension 'ignore'
[0.477s] [34mcolcon.colcon_core.package_identification[0m [1;30mLevel 1[0m _identify(marsyard_humble_physics_closed/src) by extension 'ignore_ament_install'
[0.477s] [34mcolcon.colcon_core.package_identification[0m [1;30mLevel 1[0m _identify(marsyard_humble_physics_closed/src) by extensions ['colcon_pkg']
[0.477s] [34mcolcon.colcon_core.package_identification[0m [1;30mLevel 1[0m _identify(marsyard_humble_physics_closed/src) by extension 'colcon_pkg'
[0.477s] [34mcolcon.colcon_core.package_identification[0m [1;30mLevel 1[0m _identify(marsyard_humble_physics_closed/src) by extensions ['colcon_meta']
[0.477s] [34mcolcon.colcon_core.package_identification[0m [1;30mLevel 1[0m _identify(marsyard_humble_physics_closed/src) by extension 'colcon_meta'
[0.477s] [34mcolcon.colcon_core.package_identification[0m [1;30mLevel 1[0m _identify(marsyard_humble_physics_closed/src) by extensions ['ros']
[0.477s] [34mcolcon.colcon_core.package_identification[0m [1;30mLevel 1[0m _identify(marsyard_humble_physics_closed/src) by extension 'ros'
[0.477s] [34mcolcon.colcon_core.package_identification[0m [1;30mLevel 1[0m _identify(marsyard_humble_physics_closed/src) by extensions ['cmake', 'python']
[0.477s] [34mcolcon.colcon_core.package_identification[0m [1;30mLevel 1[0m _identify(marsyard_humble_physics_closed/src) by extension 'cmake'
[0.477s] [34mcolcon.colcon_core.package_identification[0m [1;30mLevel 1[0m _identify(marsyard_humble_physics_closed/src) by extension 'python'
[0.477s] [34mcolcon.colcon_core.package_identification[0m [1;30mLevel 1[0m _identify(marsyard_humble_physics_closed/src) by extensions ['python_setup_py']
[0.477s] [34mcolcon.colcon_core.package_identification[0m [1;30mLevel 1[0m _identify(marsyard_humble_physics_closed/src) by extension 'python_setup_py'
[0.478s] [34mcolcon.colcon_core.package_identification[0m [1;30mLevel 1[0m _identify(marsyard_humble_physics_closed/src/marsyard) by extensions ['ignore', 'ignore_ament_install']
[0.478s] [34mcolcon.colcon_core.package_identification[0m [1;30mLevel 1[0m _identify(marsyard_humble_physics_closed/src/marsyard) by extension 'ignore'
[0.478s] [34mcolcon.colcon_core.package_identification[0m [1;30mLevel 1[0m _identify(marsyard_humble_physics_closed/src/marsyard) by extension 'ignore_ament_install'
[0.478s] [34mcolcon.colcon_core.package_identification[0m [1;30mLevel 1[0m _identify(marsyard_humble_physics_closed/src/marsyard) by extensions ['colcon_pkg']
[0.478s] [34mcolcon.colcon_core.package_identification[0m [1;30mLevel 1[0m _identify(marsyard_humble_physics_closed/src/marsyard) by extension 'colcon_pkg'
[0.478s] [34mcolcon.colcon_core.package_identification[0m [1;30mLevel 1[0m _identify(marsyard_humble_physics_closed/src/marsyard) by extensions ['colcon_meta']
[0.478s] [34mcolcon.colcon_core.package_identification[0m [1;30mLevel 1[0m _identify(marsyard_humble_physics_closed/src/marsyard) by extension 'colcon_meta'
[0.478s] [34mcolcon.colcon_core.package_identification[0m [1;30mLevel 1[0m _identify(marsyard_humble_physics_closed/src/marsyard) by extensions ['ros']
[0.478s] [34mcolcon.colcon_core.package_identification[0m [1;30mLevel 1[0m _identify(marsyard_humble_physics_closed/src/marsyard) by extension 'ros'
[0.479s] [34mcolcon.colcon_core.package_identification[0m [1;30mDEBUG[0m [32mPackage 'marsyard_humble_physics_closed/src/marsyard' with type 'ros.ament_cmake' and name 'marsyard'[0m
[0.479s] [34mcolcon.colcon_core.package_identification[0m [1;30mLevel 1[0m _identify(rockGenerator) by extensions ['ignore', 'ignore_ament_install']
[0.479s] [34mcolcon.colcon_core.package_identification[0m [1;30mLevel 1[0m _identify(rockGenerator) by extension 'ignore'
[0.479s] [34mcolcon.colcon_core.package_identification[0m [1;30mLevel 1[0m _identify(rockGenerator) by extension 'ignore_ament_install'
[0.479s] [34mcolcon.colcon_core.package_identification[0m [1;30mLevel 1[0m _identify(rockGenerator) by extensions ['colcon_pkg']
[0.479s] [34mcolcon.colcon_core.package_identification[0m [1;30mLevel 1[0m _identify(rockGenerator) by extension 'colcon_pkg'
[0.479s] [34mcolcon.colcon_core.package_identification[0m [1;30mLevel 1[0m _identify(rockGenerator) by extensions ['colcon_meta']
[0.479s] [34mcolcon.colcon_core.package_identification[0m [1;30mLevel 1[0m _identify(rockGenerator) by extension 'colcon_meta'
[0.479s] [34mcolcon.colcon_core.package_identification[0m [1;30mLevel 1[0m _identify(rockGenerator) by extensions ['ros']
[0.479s] [34mcolcon.colcon_core.package_identification[0m [1;30mLevel 1[0m _identify(rockGenerator) by extension 'ros'
[0.480s] [34mcolcon.colcon_core.package_identification[0m [1;30mLevel 1[0m _identify(rockGenerator) by extensions ['cmake', 'python']
[0.480s] [34mcolcon.colcon_core.package_identification[0m [1;30mLevel 1[0m _identify(rockGenerator) by extension 'cmake'
[0.480s] [34mcolcon.colcon_core.package_identification[0m [1;30mLevel 1[0m _identify(rockGenerator) by extension 'python'
[0.480s] [34mcolcon.colcon_core.package_identification[0m [1;30mLevel 1[0m _identify(rockGenerator) by extensions ['python_setup_py']
[0.480s] [34mcolcon.colcon_core.package_identification[0m [1;30mLevel 1[0m _identify(rockGenerator) by extension 'python_setup_py'
[0.480s] [34mcolcon.colcon_core.package_identification[0m [1;30mLevel 1[0m _identify(rockGenerator/__pycache__) by extensions ['ignore', 'ignore_ament_install']
[0.480s] [34mcolcon.colcon_core.package_identification[0m [1;30mLevel 1[0m _identify(rockGenerator/__pycache__) by extension 'ignore'
[0.480s] [34mcolcon.colcon_core.package_identification[0m [1;30mLevel 1[0m _identify(rockGenerator/__pycache__) by extension 'ignore_ament_install'
[0.480s] [34mcolcon.colcon_core.package_identification[0m [1;30mLevel 1[0m _identify(rockGenerator/__pycache__) by extensions ['colcon_pkg']
[0.480s] [34mcolcon.colcon_core.package_identification[0m [1;30mLevel 1[0m _identify(rockGenerator/__pycache__) by extension 'colcon_pkg'
[0.480s] [34mcolcon.colcon_core.package_identification[0m [1;30mLevel 1[0m _identify(rockGenerator/__pycache__) by extensions ['colcon_meta']
[0.480s] [34mcolcon.colcon_core.package_identification[0m [1;30mLevel 1[0m _identify(rockGenerator/__pycache__) by extension 'colcon_meta'
[0.480s] [34mcolcon.colcon_core.package_identification[0m [1;30mLevel 1[0m _identify(rockGenerator/__pycache__) by extensions ['ros']
[0.480s] [34mcolcon.colcon_core.package_identification[0m [1;30mLevel 1[0m _identify(rockGenerator/__pycache__) by extension 'ros'
[0.481s] [34mcolcon.colcon_core.package_identification[0m [1;30mLevel 1[0m _identify(rockGenerator/__pycache__) by extensions ['cmake', 'python']
[0.481s] [34mcolcon.colcon_core.package_identification[0m [1;30mLevel 1[0m _identify(rockGenerator/__pycache__) by extension 'cmake'
[0.481s] [34mcolcon.colcon_core.package_identification[0m [1;30mLevel 1[0m _identify(rockGenerator/__pycache__) by extension 'python'
[0.481s] [34mcolcon.colcon_core.package_identification[0m [1;30mLevel 1[0m _identify(rockGenerator/__pycache__) by extensions ['python_setup_py']
[0.481s] [34mcolcon.colcon_core.package_identification[0m [1;30mLevel 1[0m _identify(rockGenerator/__pycache__) by extension 'python_setup_py'
[0.481s] [34mcolcon.colcon_core.package_identification[0m [1;30mLevel 1[0m _identify(rockGenerator/rocks_ws) by extensions ['ignore', 'ignore_ament_install']
[0.481s] [34mcolcon.colcon_core.package_identification[0m [1;30mLevel 1[0m _identify(rockGenerator/rocks_ws) by extension 'ignore'
[0.481s] [34mcolcon.colcon_core.package_identification[0m [1;30mLevel 1[0m _identify(rockGenerator/rocks_ws) by extension 'ignore_ament_install'
[0.481s] [34mcolcon.colcon_core.package_identification[0m [1;30mLevel 1[0m _identify(rockGenerator/rocks_ws) by extensions ['colcon_pkg']
[0.481s] [34mcolcon.colcon_core.package_identification[0m [1;30mLevel 1[0m _identify(rockGenerator/rocks_ws) by extension 'colcon_pkg'
[0.481s] [34mcolcon.colcon_core.package_identification[0m [1;30mLevel 1[0m _identify(rockGenerator/rocks_ws) by extensions ['colcon_meta']
[0.481s] [34mcolcon.colcon_core.package_identification[0m [1;30mLevel 1[0m _identify(rockGenerator/rocks_ws) by extension 'colcon_meta'
[0.481s] [34mcolcon.colcon_core.package_identification[0m [1;30mLevel 1[0m _identify(rockGenerator/rocks_ws) by extensions ['ros']
[0.481s] [34mcolcon.colcon_core.package_identification[0m [1;30mLevel 1[0m _identify(rockGenerator/rocks_ws) by extension 'ros'
[0.482s] [34mcolcon.colcon_core.package_identification[0m [1;30mLevel 1[0m _identify(rockGenerator/rocks_ws) by extensions ['cmake', 'python']
[0.482s] [34mcolcon.colcon_core.package_identification[0m [1;30mLevel 1[0m _identify(rockGenerator/rocks_ws) by extension 'cmake'
[0.482s] [34mcolcon.colcon_core.package_identification[0m [1;30mLevel 1[0m _identify(rockGenerator/rocks_ws) by extension 'python'
[0.482s] [34mcolcon.colcon_core.package_identification[0m [1;30mLevel 1[0m _identify(rockGenerator/rocks_ws) by extensions ['python_setup_py']
[0.482s] [34mcolcon.colcon_core.package_identification[0m [1;30mLevel 1[0m _identify(rockGenerator/rocks_ws) by extension 'python_setup_py'
[0.482s] [34mcolcon.colcon_core.package_identification[0m [1;30mLevel 1[0m _identify(rockGenerator/rocks_ws/rock_1) by extensions ['ignore', 'ignore_ament_install']
[0.482s] [34mcolcon.colcon_core.package_identification[0m [1;30mLevel 1[0m _identify(rockGenerator/rocks_ws/rock_1) by extension 'ignore'
[0.482s] [34mcolcon.colcon_core.package_identification[0m [1;30mLevel 1[0m _identify(rockGenerator/rocks_ws/rock_1) by extension 'ignore_ament_install'
[0.482s] [34mcolcon.colcon_core.package_identification[0m [1;30mLevel 1[0m _identify(rockGenerator/rocks_ws/rock_1) by extensions ['colcon_pkg']
[0.482s] [34mcolcon.colcon_core.package_identification[0m [1;30mLevel 1[0m _identify(rockGenerator/rocks_ws/rock_1) by extension 'colcon_pkg'
[0.482s] [34mcolcon.colcon_core.package_identification[0m [1;30mLevel 1[0m _identify(rockGenerator/rocks_ws/rock_1) by extensions ['colcon_meta']
[0.482s] [34mcolcon.colcon_core.package_identification[0m [1;30mLevel 1[0m _identify(rockGenerator/rocks_ws/rock_1) by extension 'colcon_meta'
[0.482s] [34mcolcon.colcon_core.package_identification[0m [1;30mLevel 1[0m _identify(rockGenerator/rocks_ws/rock_1) by extensions ['ros']
[0.482s] [34mcolcon.colcon_core.package_identification[0m [1;30mLevel 1[0m _identify(rockGenerator/rocks_ws/rock_1) by extension 'ros'
[0.483s] [34mcolcon.colcon_core.package_identification[0m [1;30mLevel 1[0m _identify(rockGenerator/rocks_ws/rock_1) by extensions ['cmake', 'python']
[0.483s] [34mcolcon.colcon_core.package_identification[0m [1;30mLevel 1[0m _identify(rockGenerator/rocks_ws/rock_1) by extension 'cmake'
[0.483s] [34mcolcon.colcon_core.package_identification[0m [1;30mLevel 1[0m _identify(rockGenerator/rocks_ws/rock_1) by extension 'python'
[0.483s] [34mcolcon.colcon_core.package_identification[0m [1;30mLevel 1[0m _identify(rockGenerator/rocks_ws/rock_1) by extensions ['python_setup_py']
[0.483s] [34mcolcon.colcon_core.package_identification[0m [1;30mLevel 1[0m _identify(rockGenerator/rocks_ws/rock_1) by extension 'python_setup_py'
[0.483s] [34mcolcon.colcon_core.package_identification[0m [1;30mLevel 1[0m _identify(rockGenerator/rocks_ws/rock_1/meshes) by extensions ['ignore', 'ignore_ament_install']
[0.483s] [34mcolcon.colcon_core.package_identification[0m [1;30mLevel 1[0m _identify(rockGenerator/rocks_ws/rock_1/meshes) by extension 'ignore'
[0.483s] [34mcolcon.colcon_core.package_identification[0m [1;30mLevel 1[0m _identify(rockGenerator/rocks_ws/rock_1/meshes) by extension 'ignore_ament_install'
[0.483s] [34mcolcon.colcon_core.package_identification[0m [1;30mLevel 1[0m _identify(rockGenerator/rocks_ws/rock_1/meshes) by extensions ['colcon_pkg']
[0.483s] [34mcolcon.colcon_core.package_identification[0m [1;30mLevel 1[0m _identify(rockGenerator/rocks_ws/rock_1/meshes) by extension 'colcon_pkg'
[0.483s] [34mcolcon.colcon_core.package_identification[0m [1;30mLevel 1[0m _identify(rockGenerator/rocks_ws/rock_1/meshes) by extensions ['colcon_meta']
[0.483s] [34mcolcon.colcon_core.package_identification[0m [1;30mLevel 1[0m _identify(rockGenerator/rocks_ws/rock_1/meshes) by extension 'colcon_meta'
[0.483s] [34mcolcon.colcon_core.package_identification[0m [1;30mLevel 1[0m _identify(rockGenerator/rocks_ws/rock_1/meshes) by extensions ['ros']
[0.483s] [34mcolcon.colcon_core.package_identification[0m [1;30mLevel 1[0m _identify(rockGenerator/rocks_ws/rock_1/meshes) by extension 'ros'
[0.483s] [34mcolcon.colcon_core.package_identification[0m [1;30mLevel 1[0m _identify(rockGenerator/rocks_ws/rock_1/meshes) by extensions ['cmake', 'python']
[0.483s] [34mcolcon.colcon_core.package_identification[0m [1;30mLevel 1[0m _identify(rockGenerator/rocks_ws/rock_1/meshes) by extension 'cmake'
[0.483s] [34mcolcon.colcon_core.package_identification[0m [1;30mLevel 1[0m _identify(rockGenerator/rocks_ws/rock_1/meshes) by extension 'python'
[0.484s] [34mcolcon.colcon_core.package_identification[0m [1;30mLevel 1[0m _identify(rockGenerator/rocks_ws/rock_1/meshes) by extensions ['python_setup_py']
[0.484s] [34mcolcon.colcon_core.package_identification[0m [1;30mLevel 1[0m _identify(rockGenerator/rocks_ws/rock_1/meshes) by extension 'python_setup_py'
[0.484s] [34mcolcon.colcon_core.package_identification[0m [1;30mLevel 1[0m _identify(rockGenerator/rocks_ws/rock_2) by extensions ['ignore', 'ignore_ament_install']
[0.484s] [34mcolcon.colcon_core.package_identification[0m [1;30mLevel 1[0m _identify(rockGenerator/rocks_ws/rock_2) by extension 'ignore'
[0.484s] [34mcolcon.colcon_core.package_identification[0m [1;30mLevel 1[0m _identify(rockGenerator/rocks_ws/rock_2) by extension 'ignore_ament_install'
[0.484s] [34mcolcon.colcon_core.package_identification[0m [1;30mLevel 1[0m _identify(rockGenerator/rocks_ws/rock_2) by extensions ['colcon_pkg']
[0.484s] [34mcolcon.colcon_core.package_identification[0m [1;30mLevel 1[0m _identify(rockGenerator/rocks_ws/rock_2) by extension 'colcon_pkg'
[0.484s] [34mcolcon.colcon_core.package_identification[0m [1;30mLevel 1[0m _identify(rockGenerator/rocks_ws/rock_2) by extensions ['colcon_meta']
[0.484s] [34mcolcon.colcon_core.package_identification[0m [1;30mLevel 1[0m _identify(rockGenerator/rocks_ws/rock_2) by extension 'colcon_meta'
[0.484s] [34mcolcon.colcon_core.package_identification[0m [1;30mLevel 1[0m _identify(rockGenerator/rocks_ws/rock_2) by extensions ['ros']
[0.484s] [34mcolcon.colcon_core.package_identification[0m [1;30mLevel 1[0m _identify(rockGenerator/rocks_ws/rock_2) by extension 'ros'
[0.484s] [34mcolcon.colcon_core.package_identification[0m [1;30mLevel 1[0m _identify(rockGenerator/rocks_ws/rock_2) by extensions ['cmake', 'python']
[0.484s] [34mcolcon.colcon_core.package_identification[0m [1;30mLevel 1[0m _identify(rockGenerator/rocks_ws/rock_2) by extension 'cmake'
[0.484s] [34mcolcon.colcon_core.package_identification[0m [1;30mLevel 1[0m _identify(rockGenerator/rocks_ws/rock_2) by extension 'python'
[0.484s] [34mcolcon.colcon_core.package_identification[0m [1;30mLevel 1[0m _identify(rockGenerator/rocks_ws/rock_2) by extensions ['python_setup_py']
[0.484s] [34mcolcon.colcon_core.package_identification[0m [1;30mLevel 1[0m _identify(rockGenerator/rocks_ws/rock_2) by extension 'python_setup_py'
[0.485s] [34mcolcon.colcon_core.package_identification[0m [1;30mLevel 1[0m _identify(rockGenerator/rocks_ws/rock_2/meshes) by extensions ['ignore', 'ignore_ament_install']
[0.485s] [34mcolcon.colcon_core.package_identification[0m [1;30mLevel 1[0m _identify(rockGenerator/rocks_ws/rock_2/meshes) by extension 'ignore'
[0.485s] [34mcolcon.colcon_core.package_identification[0m [1;30mLevel 1[0m _identify(rockGenerator/rocks_ws/rock_2/meshes) by extension 'ignore_ament_install'
[0.485s] [34mcolcon.colcon_core.package_identification[0m [1;30mLevel 1[0m _identify(rockGenerator/rocks_ws/rock_2/meshes) by extensions ['colcon_pkg']
[0.485s] [34mcolcon.colcon_core.package_identification[0m [1;30mLevel 1[0m _identify(rockGenerator/rocks_ws/rock_2/meshes) by extension 'colcon_pkg'
[0.485s] [34mcolcon.colcon_core.package_identification[0m [1;30mLevel 1[0m _identify(rockGenerator/rocks_ws/rock_2/meshes) by extensions ['colcon_meta']
[0.485s] [34mcolcon.colcon_core.package_identification[0m [1;30mLevel 1[0m _identify(rockGenerator/rocks_ws/rock_2/meshes) by extension 'colcon_meta'
[0.485s] [34mcolcon.colcon_core.package_identification[0m [1;30mLevel 1[0m _identify(rockGenerator/rocks_ws/rock_2/meshes) by extensions ['ros']
[0.485s] [34mcolcon.colcon_core.package_identification[0m [1;30mLevel 1[0m _identify(rockGenerator/rocks_ws/rock_2/meshes) by extension 'ros'
[0.485s] [34mcolcon.colcon_core.package_identification[0m [1;30mLevel 1[0m _identify(rockGenerator/rocks_ws/rock_2/meshes) by extensions ['cmake', 'python']
[0.485s] [34mcolcon.colcon_core.package_identification[0m [1;30mLevel 1[0m _identify(rockGenerator/rocks_ws/rock_2/meshes) by extension 'cmake'
[0.485s] [34mcolcon.colcon_core.package_identification[0m [1;30mLevel 1[0m _identify(rockGenerator/rocks_ws/rock_2/meshes) by extension 'python'
[0.485s] [34mcolcon.colcon_core.package_identification[0m [1;30mLevel 1[0m _identify(rockGenerator/rocks_ws/rock_2/meshes) by extensions ['python_setup_py']
[0.485s] [34mcolcon.colcon_core.package_identification[0m [1;30mLevel 1[0m _identify(rockGenerator/rocks_ws/rock_2/meshes) by extension 'python_setup_py'
[0.485s] [34mcolcon.colcon_core.package_identification[0m [1;30mLevel 1[0m _identify(rockGenerator/rocks_ws/rock_3) by extensions ['ignore', 'ignore_ament_install']
[0.485s] [34mcolcon.colcon_core.package_identification[0m [1;30mLevel 1[0m _identify(rockGenerator/rocks_ws/rock_3) by extension 'ignore'
[0.486s] [34mcolcon.colcon_core.package_identification[0m [1;30mLevel 1[0m _identify(rockGenerator/rocks_ws/rock_3) by extension 'ignore_ament_install'
[0.486s] [34mcolcon.colcon_core.package_identification[0m [1;30mLevel 1[0m _identify(rockGenerator/rocks_ws/rock_3) by extensions ['colcon_pkg']
[0.486s] [34mcolcon.colcon_core.package_identification[0m [1;30mLevel 1[0m _identify(rockGenerator/rocks_ws/rock_3) by extension 'colcon_pkg'
[0.486s] [34mcolcon.colcon_core.package_identification[0m [1;30mLevel 1[0m _identify(rockGenerator/rocks_ws/rock_3) by extensions ['colcon_meta']
[0.486s] [34mcolcon.colcon_core.package_identification[0m [1;30mLevel 1[0m _identify(rockGenerator/rocks_ws/rock_3) by extension 'colcon_meta'
[0.486s] [34mcolcon.colcon_core.package_identification[0m [1;30mLevel 1[0m _identify(rockGenerator/rocks_ws/rock_3) by extensions ['ros']
[0.486s] [34mcolcon.colcon_core.package_identification[0m [1;30mLevel 1[0m _identify(rockGenerator/rocks_ws/rock_3) by extension 'ros'
[0.486s] [34mcolcon.colcon_core.package_identification[0m [1;30mLevel 1[0m _identify(rockGenerator/rocks_ws/rock_3) by extensions ['cmake', 'python']
[0.486s] [34mcolcon.colcon_core.package_identification[0m [1;30mLevel 1[0m _identify(rockGenerator/rocks_ws/rock_3) by extension 'cmake'
[0.486s] [34mcolcon.colcon_core.package_identification[0m [1;30mLevel 1[0m _identify(rockGenerator/rocks_ws/rock_3) by extension 'python'
[0.486s] [34mcolcon.colcon_core.package_identification[0m [1;30mLevel 1[0m _identify(rockGenerator/rocks_ws/rock_3) by extensions ['python_setup_py']
[0.486s] [34mcolcon.colcon_core.package_identification[0m [1;30mLevel 1[0m _identify(rockGenerator/rocks_ws/rock_3) by extension 'python_setup_py'
[0.486s] [34mcolcon.colcon_core.package_identification[0m [1;30mLevel 1[0m _identify(rockGenerator/rocks_ws/rock_3/meshes) by extensions ['ignore', 'ignore_ament_install']
[0.486s] [34mcolcon.colcon_core.package_identification[0m [1;30mLevel 1[0m _identify(rockGenerator/rocks_ws/rock_3/meshes) by extension 'ignore'
[0.486s] [34mcolcon.colcon_core.package_identification[0m [1;30mLevel 1[0m _identify(rockGenerator/rocks_ws/rock_3/meshes) by extension 'ignore_ament_install'
[0.487s] [34mcolcon.colcon_core.package_identification[0m [1;30mLevel 1[0m _identify(rockGenerator/rocks_ws/rock_3/meshes) by extensions ['colcon_pkg']
[0.487s] [34mcolcon.colcon_core.package_identification[0m [1;30mLevel 1[0m _identify(rockGenerator/rocks_ws/rock_3/meshes) by extension 'colcon_pkg'
[0.487s] [34mcolcon.colcon_core.package_identification[0m [1;30mLevel 1[0m _identify(rockGenerator/rocks_ws/rock_3/meshes) by extensions ['colcon_meta']
[0.487s] [34mcolcon.colcon_core.package_identification[0m [1;30mLevel 1[0m _identify(rockGenerator/rocks_ws/rock_3/meshes) by extension 'colcon_meta'
[0.487s] [34mcolcon.colcon_core.package_identification[0m [1;30mLevel 1[0m _identify(rockGenerator/rocks_ws/rock_3/meshes) by extensions ['ros']
[0.487s] [34mcolcon.colcon_core.package_identification[0m [1;30mLevel 1[0m _identify(rockGenerator/rocks_ws/rock_3/meshes) by extension 'ros'
[0.487s] [34mcolcon.colcon_core.package_identification[0m [1;30mLevel 1[0m _identify(rockGenerator/rocks_ws/rock_3/meshes) by extensions ['cmake', 'python']
[0.487s] [34mcolcon.colcon_core.package_identification[0m [1;30mLevel 1[0m _identify(rockGenerator/rocks_ws/rock_3/meshes) by extension 'cmake'
[0.487s] [34mcolcon.colcon_core.package_identification[0m [1;30mLevel 1[0m _identify(rockGenerator/rocks_ws/rock_3/meshes) by extension 'python'
[0.487s] [34mcolcon.colcon_core.package_identification[0m [1;30mLevel 1[0m _identify(rockGenerator/rocks_ws/rock_3/meshes) by extensions ['python_setup_py']
[0.487s] [34mcolcon.colcon_core.package_identification[0m [1;30mLevel 1[0m _identify(rockGenerator/rocks_ws/rock_3/meshes) by extension 'python_setup_py'
[0.487s] [34mcolcon.colcon_core.package_identification[0m [1;30mLevel 1[0m _identify(rockGenerator/rocks_ws/rock_4) by extensions ['ignore', 'ignore_ament_install']
[0.487s] [34mcolcon.colcon_core.package_identification[0m [1;30mLevel 1[0m _identify(rockGenerator/rocks_ws/rock_4) by extension 'ignore'
[0.487s] [34mcolcon.colcon_core.package_identification[0m [1;30mLevel 1[0m _identify(rockGenerator/rocks_ws/rock_4) by extension 'ignore_ament_install'
[0.487s] [34mcolcon.colcon_core.package_identification[0m [1;30mLevel 1[0m _identify(rockGenerator/rocks_ws/rock_4) by extensions ['colcon_pkg']
[0.488s] [34mcolcon.colcon_core.package_identification[0m [1;30mLevel 1[0m _identify(rockGenerator/rocks_ws/rock_4) by extension 'colcon_pkg'
[0.488s] [34mcolcon.colcon_core.package_identification[0m [1;30mLevel 1[0m _identify(rockGenerator/rocks_ws/rock_4) by extensions ['colcon_meta']
[0.488s] [34mcolcon.colcon_core.package_identification[0m [1;30mLevel 1[0m _identify(rockGenerator/rocks_ws/rock_4) by extension 'colcon_meta'
[0.488s] [34mcolcon.colcon_core.package_identification[0m [1;30mLevel 1[0m _identify(rockGenerator/rocks_ws/rock_4) by extensions ['ros']
[0.488s] [34mcolcon.colcon_core.package_identification[0m [1;30mLevel 1[0m _identify(rockGenerator/rocks_ws/rock_4) by extension 'ros'
[0.488s] [34mcolcon.colcon_core.package_identification[0m [1;30mLevel 1[0m _identify(rockGenerator/rocks_ws/rock_4) by extensions ['cmake', 'python']
[0.488s] [34mcolcon.colcon_core.package_identification[0m [1;30mLevel 1[0m _identify(rockGenerator/rocks_ws/rock_4) by extension 'cmake'
[0.488s] [34mcolcon.colcon_core.package_identification[0m [1;30mLevel 1[0m _identify(rockGenerator/rocks_ws/rock_4) by extension 'python'
[0.488s] [34mcolcon.colcon_core.package_identification[0m [1;30mLevel 1[0m _identify(rockGenerator/rocks_ws/rock_4) by extensions ['python_setup_py']
[0.488s] [34mcolcon.colcon_core.package_identification[0m [1;30mLevel 1[0m _identify(rockGenerator/rocks_ws/rock_4) by extension 'python_setup_py'
[0.488s] [34mcolcon.colcon_core.package_identification[0m [1;30mLevel 1[0m _identify(rockGenerator/rocks_ws/rock_4/meshes) by extensions ['ignore', 'ignore_ament_install']
[0.488s] [34mcolcon.colcon_core.package_identification[0m [1;30mLevel 1[0m _identify(rockGenerator/rocks_ws/rock_4/meshes) by extension 'ignore'
[0.488s] [34mcolcon.colcon_core.package_identification[0m [1;30mLevel 1[0m _identify(rockGenerator/rocks_ws/rock_4/meshes) by extension 'ignore_ament_install'
[0.488s] [34mcolcon.colcon_core.package_identification[0m [1;30mLevel 1[0m _identify(rockGenerator/rocks_ws/rock_4/meshes) by extensions ['colcon_pkg']
[0.488s] [34mcolcon.colcon_core.package_identification[0m [1;30mLevel 1[0m _identify(rockGenerator/rocks_ws/rock_4/meshes) by extension 'colcon_pkg'
[0.489s] [34mcolcon.colcon_core.package_identification[0m [1;30mLevel 1[0m _identify(rockGenerator/rocks_ws/rock_4/meshes) by extensions ['colcon_meta']
[0.489s] [34mcolcon.colcon_core.package_identification[0m [1;30mLevel 1[0m _identify(rockGenerator/rocks_ws/rock_4/meshes) by extension 'colcon_meta'
[0.489s] [34mcolcon.colcon_core.package_identification[0m [1;30mLevel 1[0m _identify(rockGenerator/rocks_ws/rock_4/meshes) by extensions ['ros']
[0.489s] [34mcolcon.colcon_core.package_identification[0m [1;30mLevel 1[0m _identify(rockGenerator/rocks_ws/rock_4/meshes) by extension 'ros'
[0.489s] [34mcolcon.colcon_core.package_identification[0m [1;30mLevel 1[0m _identify(rockGenerator/rocks_ws/rock_4/meshes) by extensions ['cmake', 'python']
[0.489s] [34mcolcon.colcon_core.package_identification[0m [1;30mLevel 1[0m _identify(rockGenerator/rocks_ws/rock_4/meshes) by extension 'cmake'
[0.489s] [34mcolcon.colcon_core.package_identification[0m [1;30mLevel 1[0m _identify(rockGenerator/rocks_ws/rock_4/meshes) by extension 'python'
[0.489s] [34mcolcon.colcon_core.package_identification[0m [1;30mLevel 1[0m _identify(rockGenerator/rocks_ws/rock_4/meshes) by extensions ['python_setup_py']
[0.489s] [34mcolcon.colcon_core.package_identification[0m [1;30mLevel 1[0m _identify(rockGenerator/rocks_ws/rock_4/meshes) by extension 'python_setup_py'
[0.489s] [34mcolcon.colcon_core.package_identification[0m [1;30mLevel 1[0m _identify(rockGenerator/rocks_ws/rock_5) by extensions ['ignore', 'ignore_ament_install']
[0.489s] [34mcolcon.colcon_core.package_identification[0m [1;30mLevel 1[0m _identify(rockGenerator/rocks_ws/rock_5) by extension 'ignore'
[0.489s] [34mcolcon.colcon_core.package_identification[0m [1;30mLevel 1[0m _identify(rockGenerator/rocks_ws/rock_5) by extension 'ignore_ament_install'
[0.489s] [34mcolcon.colcon_core.package_identification[0m [1;30mLevel 1[0m _identify(rockGenerator/rocks_ws/rock_5) by extensions ['colcon_pkg']
[0.489s] [34mcolcon.colcon_core.package_identification[0m [1;30mLevel 1[0m _identify(rockGenerator/rocks_ws/rock_5) by extension 'colcon_pkg'
[0.489s] [34mcolcon.colcon_core.package_identification[0m [1;30mLevel 1[0m _identify(rockGenerator/rocks_ws/rock_5) by extensions ['colcon_meta']
[0.489s] [34mcolcon.colcon_core.package_identification[0m [1;30mLevel 1[0m _identify(rockGenerator/rocks_ws/rock_5) by extension 'colcon_meta'
[0.490s] [34mcolcon.colcon_core.package_identification[0m [1;30mLevel 1[0m _identify(rockGenerator/rocks_ws/rock_5) by extensions ['ros']
[0.490s] [34mcolcon.colcon_core.package_identification[0m [1;30mLevel 1[0m _identify(rockGenerator/rocks_ws/rock_5) by extension 'ros'
[0.490s] [34mcolcon.colcon_core.package_identification[0m [1;30mLevel 1[0m _identify(rockGenerator/rocks_ws/rock_5) by extensions ['cmake', 'python']
[0.490s] [34mcolcon.colcon_core.package_identification[0m [1;30mLevel 1[0m _identify(rockGenerator/rocks_ws/rock_5) by extension 'cmake'
[0.490s] [34mcolcon.colcon_core.package_identification[0m [1;30mLevel 1[0m _identify(rockGenerator/rocks_ws/rock_5) by extension 'python'
[0.490s] [34mcolcon.colcon_core.package_identification[0m [1;30mLevel 1[0m _identify(rockGenerator/rocks_ws/rock_5) by extensions ['python_setup_py']
[0.490s] [34mcolcon.colcon_core.package_identification[0m [1;30mLevel 1[0m _identify(rockGenerator/rocks_ws/rock_5) by extension 'python_setup_py'
[0.490s] [34mcolcon.colcon_core.package_identification[0m [1;30mLevel 1[0m _identify(rockGenerator/rocks_ws/rock_5/meshes) by extensions ['ignore', 'ignore_ament_install']
[0.490s] [34mcolcon.colcon_core.package_identification[0m [1;30mLevel 1[0m _identify(rockGenerator/rocks_ws/rock_5/meshes) by extension 'ignore'
[0.490s] [34mcolcon.colcon_core.package_identification[0m [1;30mLevel 1[0m _identify(rockGenerator/rocks_ws/rock_5/meshes) by extension 'ignore_ament_install'
[0.490s] [34mcolcon.colcon_core.package_identification[0m [1;30mLevel 1[0m _identify(rockGenerator/rocks_ws/rock_5/meshes) by extensions ['colcon_pkg']
[0.490s] [34mcolcon.colcon_core.package_identification[0m [1;30mLevel 1[0m _identify(rockGenerator/rocks_ws/rock_5/meshes) by extension 'colcon_pkg'
[0.491s] [34mcolcon.colcon_core.package_identification[0m [1;30mLevel 1[0m _identify(rockGenerator/rocks_ws/rock_5/meshes) by extensions ['colcon_meta']
[0.491s] [34mcolcon.colcon_core.package_identification[0m [1;30mLevel 1[0m _identify(rockGenerator/rocks_ws/rock_5/meshes) by extension 'colcon_meta'
[0.491s] [34mcolcon.colcon_core.package_identification[0m [1;30mLevel 1[0m _identify(rockGenerator/rocks_ws/rock_5/meshes) by extensions ['ros']
[0.491s] [34mcolcon.colcon_core.package_identification[0m [1;30mLevel 1[0m _identify(rockGenerator/rocks_ws/rock_5/meshes) by extension 'ros'
[0.491s] [34mcolcon.colcon_core.package_identification[0m [1;30mLevel 1[0m _identify(rockGenerator/rocks_ws/rock_5/meshes) by extensions ['cmake', 'python']
[0.491s] [34mcolcon.colcon_core.package_identification[0m [1;30mLevel 1[0m _identify(rockGenerator/rocks_ws/rock_5/meshes) by extension 'cmake'
[0.491s] [34mcolcon.colcon_core.package_identification[0m [1;30mLevel 1[0m _identify(rockGenerator/rocks_ws/rock_5/meshes) by extension 'python'
[0.491s] [34mcolcon.colcon_core.package_identification[0m [1;30mLevel 1[0m _identify(rockGenerator/rocks_ws/rock_5/meshes) by extensions ['python_setup_py']
[0.491s] [34mcolcon.colcon_core.package_identification[0m [1;30mLevel 1[0m _identify(rockGenerator/rocks_ws/rock_5/meshes) by extension 'python_setup_py'
[0.491s] [34mcolcon.colcon_core.package_identification[0m [1;30mLevel 1[0m _identify(rockGenerator/rocks_ws/rock_6) by extensions ['ignore', 'ignore_ament_install']
[0.491s] [34mcolcon.colcon_core.package_identification[0m [1;30mLevel 1[0m _identify(rockGenerator/rocks_ws/rock_6) by extension 'ignore'
[0.491s] [34mcolcon.colcon_core.package_identification[0m [1;30mLevel 1[0m _identify(rockGenerator/rocks_ws/rock_6) by extension 'ignore_ament_install'
[0.491s] [34mcolcon.colcon_core.package_identification[0m [1;30mLevel 1[0m _identify(rockGenerator/rocks_ws/rock_6) by extensions ['colcon_pkg']
[0.491s] [34mcolcon.colcon_core.package_identification[0m [1;30mLevel 1[0m _identify(rockGenerator/rocks_ws/rock_6) by extension 'colcon_pkg'
[0.491s] [34mcolcon.colcon_core.package_identification[0m [1;30mLevel 1[0m _identify(rockGenerator/rocks_ws/rock_6) by extensions ['colcon_meta']
[0.491s] [34mcolcon.colcon_core.package_identification[0m [1;30mLevel 1[0m _identify(rockGenerator/rocks_ws/rock_6) by extension 'colcon_meta'
[0.491s] [34mcolcon.colcon_core.package_identification[0m [1;30mLevel 1[0m _identify(rockGenerator/rocks_ws/rock_6) by extensions ['ros']
[0.492s] [34mcolcon.colcon_core.package_identification[0m [1;30mLevel 1[0m _identify(rockGenerator/rocks_ws/rock_6) by extension 'ros'
[0.492s] [34mcolcon.colcon_core.package_identification[0m [1;30mLevel 1[0m _identify(rockGenerator/rocks_ws/rock_6) by extensions ['cmake', 'python']
[0.492s] [34mcolcon.colcon_core.package_identification[0m [1;30mLevel 1[0m _identify(rockGenerator/rocks_ws/rock_6) by extension 'cmake'
[0.492s] [34mcolcon.colcon_core.package_identification[0m [1;30mLevel 1[0m _identify(rockGenerator/rocks_ws/rock_6) by extension 'python'
[0.492s] [34mcolcon.colcon_core.package_identification[0m [1;30mLevel 1[0m _identify(rockGenerator/rocks_ws/rock_6) by extensions ['python_setup_py']
[0.492s] [34mcolcon.colcon_core.package_identification[0m [1;30mLevel 1[0m _identify(rockGenerator/rocks_ws/rock_6) by extension 'python_setup_py'
[0.492s] [34mcolcon.colcon_core.package_identification[0m [1;30mLevel 1[0m _identify(rockGenerator/rocks_ws/rock_6/meshes) by extensions ['ignore', 'ignore_ament_install']
[0.492s] [34mcolcon.colcon_core.package_identification[0m [1;30mLevel 1[0m _identify(rockGenerator/rocks_ws/rock_6/meshes) by extension 'ignore'
[0.492s] [34mcolcon.colcon_core.package_identification[0m [1;30mLevel 1[0m _identify(rockGenerator/rocks_ws/rock_6/meshes) by extension 'ignore_ament_install'
[0.492s] [34mcolcon.colcon_core.package_identification[0m [1;30mLevel 1[0m _identify(rockGenerator/rocks_ws/rock_6/meshes) by extensions ['colcon_pkg']
[0.492s] [34mcolcon.colcon_core.package_identification[0m [1;30mLevel 1[0m _identify(rockGenerator/rocks_ws/rock_6/meshes) by extension 'colcon_pkg'
[0.492s] [34mcolcon.colcon_core.package_identification[0m [1;30mLevel 1[0m _identify(rockGenerator/rocks_ws/rock_6/meshes) by extensions ['colcon_meta']
[0.492s] [34mcolcon.colcon_core.package_identification[0m [1;30mLevel 1[0m _identify(rockGenerator/rocks_ws/rock_6/meshes) by extension 'colcon_meta'
[0.492s] [34mcolcon.colcon_core.package_identification[0m [1;30mLevel 1[0m _identify(rockGenerator/rocks_ws/rock_6/meshes) by extensions ['ros']
[0.492s] [34mcolcon.colcon_core.package_identification[0m [1;30mLevel 1[0m _identify(rockGenerator/rocks_ws/rock_6/meshes) by extension 'ros'
[0.492s] [34mcolcon.colcon_core.package_identification[0m [1;30mLevel 1[0m _identify(rockGenerator/rocks_ws/rock_6/meshes) by extensions ['cmake', 'python']
[0.492s] [34mcolcon.colcon_core.package_identification[0m [1;30mLevel 1[0m _identify(rockGenerator/rocks_ws/rock_6/meshes) by extension 'cmake'
[0.492s] [34mcolcon.colcon_core.package_identification[0m [1;30mLevel 1[0m _identify(rockGenerator/rocks_ws/rock_6/meshes) by extension 'python'
[0.493s] [34mcolcon.colcon_core.package_identification[0m [1;30mLevel 1[0m _identify(rockGenerator/rocks_ws/rock_6/meshes) by extensions ['python_setup_py']
[0.493s] [34mcolcon.colcon_core.package_identification[0m [1;30mLevel 1[0m _identify(rockGenerator/rocks_ws/rock_6/meshes) by extension 'python_setup_py'
[0.493s] [34mcolcon.colcon_core.package_identification[0m [1;30mLevel 1[0m _identify(rockGenerator/rocks_ws/rock_7) by extensions ['ignore', 'ignore_ament_install']
[0.493s] [34mcolcon.colcon_core.package_identification[0m [1;30mLevel 1[0m _identify(rockGenerator/rocks_ws/rock_7) by extension 'ignore'
[0.493s] [34mcolcon.colcon_core.package_identification[0m [1;30mLevel 1[0m _identify(rockGenerator/rocks_ws/rock_7) by extension 'ignore_ament_install'
[0.493s] [34mcolcon.colcon_core.package_identification[0m [1;30mLevel 1[0m _identify(rockGenerator/rocks_ws/rock_7) by extensions ['colcon_pkg']
[0.493s] [34mcolcon.colcon_core.package_identification[0m [1;30mLevel 1[0m _identify(rockGenerator/rocks_ws/rock_7) by extension 'colcon_pkg'
[0.493s] [34mcolcon.colcon_core.package_identification[0m [1;30mLevel 1[0m _identify(rockGenerator/rocks_ws/rock_7) by extensions ['colcon_meta']
[0.493s] [34mcolcon.colcon_core.package_identification[0m [1;30mLevel 1[0m _identify(rockGenerator/rocks_ws/rock_7) by extension 'colcon_meta'
[0.493s] [34mcolcon.colcon_core.package_identification[0m [1;30mLevel 1[0m _identify(rockGenerator/rocks_ws/rock_7) by extensions ['ros']
[0.493s] [34mcolcon.colcon_core.package_identification[0m [1;30mLevel 1[0m _identify(rockGenerator/rocks_ws/rock_7) by extension 'ros'
[0.493s] [34mcolcon.colcon_core.package_identification[0m [1;30mLevel 1[0m _identify(rockGenerator/rocks_ws/rock_7) by extensions ['cmake', 'python']
[0.493s] [34mcolcon.colcon_core.package_identification[0m [1;30mLevel 1[0m _identify(rockGenerator/rocks_ws/rock_7) by extension 'cmake'
[0.493s] [34mcolcon.colcon_core.package_identification[0m [1;30mLevel 1[0m _identify(rockGenerator/rocks_ws/rock_7) by extension 'python'
[0.493s] [34mcolcon.colcon_core.package_identification[0m [1;30mLevel 1[0m _identify(rockGenerator/rocks_ws/rock_7) by extensions ['python_setup_py']
[0.493s] [34mcolcon.colcon_core.package_identification[0m [1;30mLevel 1[0m _identify(rockGenerator/rocks_ws/rock_7) by extension 'python_setup_py'
[0.494s] [34mcolcon.colcon_core.package_identification[0m [1;30mLevel 1[0m _identify(rockGenerator/rocks_ws/rock_7/meshes) by extensions ['ignore', 'ignore_ament_install']
[0.494s] [34mcolcon.colcon_core.package_identification[0m [1;30mLevel 1[0m _identify(rockGenerator/rocks_ws/rock_7/meshes) by extension 'ignore'
[0.494s] [34mcolcon.colcon_core.package_identification[0m [1;30mLevel 1[0m _identify(rockGenerator/rocks_ws/rock_7/meshes) by extension 'ignore_ament_install'
[0.494s] [34mcolcon.colcon_core.package_identification[0m [1;30mLevel 1[0m _identify(rockGenerator/rocks_ws/rock_7/meshes) by extensions ['colcon_pkg']
[0.494s] [34mcolcon.colcon_core.package_identification[0m [1;30mLevel 1[0m _identify(rockGenerator/rocks_ws/rock_7/meshes) by extension 'colcon_pkg'
[0.494s] [34mcolcon.colcon_core.package_identification[0m [1;30mLevel 1[0m _identify(rockGenerator/rocks_ws/rock_7/meshes) by extensions ['colcon_meta']
[0.494s] [34mcolcon.colcon_core.package_identification[0m [1;30mLevel 1[0m _identify(rockGenerator/rocks_ws/rock_7/meshes) by extension 'colcon_meta'
[0.494s] [34mcolcon.colcon_core.package_identification[0m [1;30mLevel 1[0m _identify(rockGenerator/rocks_ws/rock_7/meshes) by extensions ['ros']
[0.494s] [34mcolcon.colcon_core.package_identification[0m [1;30mLevel 1[0m _identify(rockGenerator/rocks_ws/rock_7/meshes) by extension 'ros'
[0.494s] [34mcolcon.colcon_core.package_identification[0m [1;30mLevel 1[0m _identify(rockGenerator/rocks_ws/rock_7/meshes) by extensions ['cmake', 'python']
[0.494s] [34mcolcon.colcon_core.package_identification[0m [1;30mLevel 1[0m _identify(rockGenerator/rocks_ws/rock_7/meshes) by extension 'cmake'
[0.494s] [34mcolcon.colcon_core.package_identification[0m [1;30mLevel 1[0m _identify(rockGenerator/rocks_ws/rock_7/meshes) by extension 'python'
[0.494s] [34mcolcon.colcon_core.package_identification[0m [1;30mLevel 1[0m _identify(rockGenerator/rocks_ws/rock_7/meshes) by extensions ['python_setup_py']
[0.494s] [34mcolcon.colcon_core.package_identification[0m [1;30mLevel 1[0m _identify(rockGenerator/rocks_ws/rock_7/meshes) by extension 'python_setup_py'
[0.494s] [34mcolcon.colcon_core.package_identification[0m [1;30mLevel 1[0m _identify(rockGenerator/rocks_ws/rock_8) by extensions ['ignore', 'ignore_ament_install']
[0.495s] [34mcolcon.colcon_core.package_identification[0m [1;30mLevel 1[0m _identify(rockGenerator/rocks_ws/rock_8) by extension 'ignore'
[0.495s] [34mcolcon.colcon_core.package_identification[0m [1;30mLevel 1[0m _identify(rockGenerator/rocks_ws/rock_8) by extension 'ignore_ament_install'
[0.495s] [34mcolcon.colcon_core.package_identification[0m [1;30mLevel 1[0m _identify(rockGenerator/rocks_ws/rock_8) by extensions ['colcon_pkg']
[0.495s] [34mcolcon.colcon_core.package_identification[0m [1;30mLevel 1[0m _identify(rockGenerator/rocks_ws/rock_8) by extension 'colcon_pkg'
[0.495s] [34mcolcon.colcon_core.package_identification[0m [1;30mLevel 1[0m _identify(rockGenerator/rocks_ws/rock_8) by extensions ['colcon_meta']
[0.495s] [34mcolcon.colcon_core.package_identification[0m [1;30mLevel 1[0m _identify(rockGenerator/rocks_ws/rock_8) by extension 'colcon_meta'
[0.495s] [34mcolcon.colcon_core.package_identification[0m [1;30mLevel 1[0m _identify(rockGenerator/rocks_ws/rock_8) by extensions ['ros']
[0.495s] [34mcolcon.colcon_core.package_identification[0m [1;30mLevel 1[0m _identify(rockGenerator/rocks_ws/rock_8) by extension 'ros'
[0.495s] [34mcolcon.colcon_core.package_identification[0m [1;30mLevel 1[0m _identify(rockGenerator/rocks_ws/rock_8) by extensions ['cmake', 'python']
[0.495s] [34mcolcon.colcon_core.package_identification[0m [1;30mLevel 1[0m _identify(rockGenerator/rocks_ws/rock_8) by extension 'cmake'
[0.495s] [34mcolcon.colcon_core.package_identification[0m [1;30mLevel 1[0m _identify(rockGenerator/rocks_ws/rock_8) by extension 'python'
[0.495s] [34mcolcon.colcon_core.package_identification[0m [1;30mLevel 1[0m _identify(rockGenerator/rocks_ws/rock_8) by extensions ['python_setup_py']
[0.495s] [34mcolcon.colcon_core.package_identification[0m [1;30mLevel 1[0m _identify(rockGenerator/rocks_ws/rock_8) by extension 'python_setup_py'
[0.495s] [34mcolcon.colcon_core.package_identification[0m [1;30mLevel 1[0m _identify(rockGenerator/rocks_ws/rock_8/meshes) by extensions ['ignore', 'ignore_ament_install']
[0.495s] [34mcolcon.colcon_core.package_identification[0m [1;30mLevel 1[0m _identify(rockGenerator/rocks_ws/rock_8/meshes) by extension 'ignore'
[0.495s] [34mcolcon.colcon_core.package_identification[0m [1;30mLevel 1[0m _identify(rockGenerator/rocks_ws/rock_8/meshes) by extension 'ignore_ament_install'
[0.496s] [34mcolcon.colcon_core.package_identification[0m [1;30mLevel 1[0m _identify(rockGenerator/rocks_ws/rock_8/meshes) by extensions ['colcon_pkg']
[0.496s] [34mcolcon.colcon_core.package_identification[0m [1;30mLevel 1[0m _identify(rockGenerator/rocks_ws/rock_8/meshes) by extension 'colcon_pkg'
[0.496s] [34mcolcon.colcon_core.package_identification[0m [1;30mLevel 1[0m _identify(rockGenerator/rocks_ws/rock_8/meshes) by extensions ['colcon_meta']
[0.496s] [34mcolcon.colcon_core.package_identification[0m [1;30mLevel 1[0m _identify(rockGenerator/rocks_ws/rock_8/meshes) by extension 'colcon_meta'
[0.496s] [34mcolcon.colcon_core.package_identification[0m [1;30mLevel 1[0m _identify(rockGenerator/rocks_ws/rock_8/meshes) by extensions ['ros']
[0.496s] [34mcolcon.colcon_core.package_identification[0m [1;30mLevel 1[0m _identify(rockGenerator/rocks_ws/rock_8/meshes) by extension 'ros'
[0.496s] [34mcolcon.colcon_core.package_identification[0m [1;30mLevel 1[0m _identify(rockGenerator/rocks_ws/rock_8/meshes) by extensions ['cmake', 'python']
[0.496s] [34mcolcon.colcon_core.package_identification[0m [1;30mLevel 1[0m _identify(rockGenerator/rocks_ws/rock_8/meshes) by extension 'cmake'
[0.496s] [34mcolcon.colcon_core.package_identification[0m [1;30mLevel 1[0m _identify(rockGenerator/rocks_ws/rock_8/meshes) by extension 'python'
[0.496s] [34mcolcon.colcon_core.package_identification[0m [1;30mLevel 1[0m _identify(rockGenerator/rocks_ws/rock_8/meshes) by extensions ['python_setup_py']
[0.496s] [34mcolcon.colcon_core.package_identification[0m [1;30mLevel 1[0m _identify(rockGenerator/rocks_ws/rock_8/meshes) by extension 'python_setup_py'
[0.496s] [34mcolcon.colcon_core.package_identification[0m [1;30mLevel 1[0m _identify(rockGenerator/rocks_ws/rock_9) by extensions ['ignore', 'ignore_ament_install']
[0.496s] [34mcolcon.colcon_core.package_identification[0m [1;30mLevel 1[0m _identify(rockGenerator/rocks_ws/rock_9) by extension 'ignore'
[0.496s] [34mcolcon.colcon_core.package_identification[0m [1;30mLevel 1[0m _identify(rockGenerator/rocks_ws/rock_9) by extension 'ignore_ament_install'
[0.497s] [34mcolcon.colcon_core.package_identification[0m [1;30mLevel 1[0m _identify(rockGenerator/rocks_ws/rock_9) by extensions ['colcon_pkg']
[0.497s] [34mcolcon.colcon_core.package_identification[0m [1;30mLevel 1[0m _identify(rockGenerator/rocks_ws/rock_9) by extension 'colcon_pkg'
[0.497s] [34mcolcon.colcon_core.package_identification[0m [1;30mLevel 1[0m _identify(rockGenerator/rocks_ws/rock_9) by extensions ['colcon_meta']
[0.497s] [34mcolcon.colcon_core.package_identification[0m [1;30mLevel 1[0m _identify(rockGenerator/rocks_ws/rock_9) by extension 'colcon_meta'
[0.497s] [34mcolcon.colcon_core.package_identification[0m [1;30mLevel 1[0m _identify(rockGenerator/rocks_ws/rock_9) by extensions ['ros']
[0.497s] [34mcolcon.colcon_core.package_identification[0m [1;30mLevel 1[0m _identify(rockGenerator/rocks_ws/rock_9) by extension 'ros'
[0.497s] [34mcolcon.colcon_core.package_identification[0m [1;30mLevel 1[0m _identify(rockGenerator/rocks_ws/rock_9) by extensions ['cmake', 'python']
[0.497s] [34mcolcon.colcon_core.package_identification[0m [1;30mLevel 1[0m _identify(rockGenerator/rocks_ws/rock_9) by extension 'cmake'
[0.497s] [34mcolcon.colcon_core.package_identification[0m [1;30mLevel 1[0m _identify(rockGenerator/rocks_ws/rock_9) by extension 'python'
[0.497s] [34mcolcon.colcon_core.package_identification[0m [1;30mLevel 1[0m _identify(rockGenerator/rocks_ws/rock_9) by extensions ['python_setup_py']
[0.497s] [34mcolcon.colcon_core.package_identification[0m [1;30mLevel 1[0m _identify(rockGenerator/rocks_ws/rock_9) by extension 'python_setup_py'
[0.497s] [34mcolcon.colcon_core.package_identification[0m [1;30mLevel 1[0m _identify(rockGenerator/rocks_ws/rock_9/meshes) by extensions ['ignore', 'ignore_ament_install']
[0.497s] [34mcolcon.colcon_core.package_identification[0m [1;30mLevel 1[0m _identify(rockGenerator/rocks_ws/rock_9/meshes) by extension 'ignore'
[0.497s] [34mcolcon.colcon_core.package_identification[0m [1;30mLevel 1[0m _identify(rockGenerator/rocks_ws/rock_9/meshes) by extension 'ignore_ament_install'
[0.498s] [34mcolcon.colcon_core.package_identification[0m [1;30mLevel 1[0m _identify(rockGenerator/rocks_ws/rock_9/meshes) by extensions ['colcon_pkg']
[0.498s] [34mcolcon.colcon_core.package_identification[0m [1;30mLevel 1[0m _identify(rockGenerator/rocks_ws/rock_9/meshes) by extension 'colcon_pkg'
[0.498s] [34mcolcon.colcon_core.package_identification[0m [1;30mLevel 1[0m _identify(rockGenerator/rocks_ws/rock_9/meshes) by extensions ['colcon_meta']
[0.498s] [34mcolcon.colcon_core.package_identification[0m [1;30mLevel 1[0m _identify(rockGenerator/rocks_ws/rock_9/meshes) by extension 'colcon_meta'
[0.498s] [34mcolcon.colcon_core.package_identification[0m [1;30mLevel 1[0m _identify(rockGenerator/rocks_ws/rock_9/meshes) by extensions ['ros']
[0.498s] [34mcolcon.colcon_core.package_identification[0m [1;30mLevel 1[0m _identify(rockGenerator/rocks_ws/rock_9/meshes) by extension 'ros'
[0.498s] [34mcolcon.colcon_core.package_identification[0m [1;30mLevel 1[0m _identify(rockGenerator/rocks_ws/rock_9/meshes) by extensions ['cmake', 'python']
[0.498s] [34mcolcon.colcon_core.package_identification[0m [1;30mLevel 1[0m _identify(rockGenerator/rocks_ws/rock_9/meshes) by extension 'cmake'
[0.498s] [34mcolcon.colcon_core.package_identification[0m [1;30mLevel 1[0m _identify(rockGenerator/rocks_ws/rock_9/meshes) by extension 'python'
[0.498s] [34mcolcon.colcon_core.package_identification[0m [1;30mLevel 1[0m _identify(rockGenerator/rocks_ws/rock_9/meshes) by extensions ['python_setup_py']
[0.498s] [34mcolcon.colcon_core.package_identification[0m [1;30mLevel 1[0m _identify(rockGenerator/rocks_ws/rock_9/meshes) by extension 'python_setup_py'
[0.498s] [34mcolcon.colcon_core.package_identification[0m [1;30mLevel 1[0m _identify(rockGenerator/sdf_approach) by extensions ['ignore', 'ignore_ament_install']
[0.498s] [34mcolcon.colcon_core.package_identification[0m [1;30mLevel 1[0m _identify(rockGenerator/sdf_approach) by extension 'ignore'
[0.499s] [34mcolcon.colcon_core.package_identification[0m [1;30mLevel 1[0m _identify(rockGenerator/sdf_approach) by extension 'ignore_ament_install'
[0.499s] [34mcolcon.colcon_core.package_identification[0m [1;30mLevel 1[0m _identify(rockGenerator/sdf_approach) by extensions ['colcon_pkg']
[0.499s] [34mcolcon.colcon_core.package_identification[0m [1;30mLevel 1[0m _identify(rockGenerator/sdf_approach) by extension 'colcon_pkg'
[0.499s] [34mcolcon.colcon_core.package_identification[0m [1;30mLevel 1[0m _identify(rockGenerator/sdf_approach) by extensions ['colcon_meta']
[0.499s] [34mcolcon.colcon_core.package_identification[0m [1;30mLevel 1[0m _identify(rockGenerator/sdf_approach) by extension 'colcon_meta'
[0.499s] [34mcolcon.colcon_core.package_identification[0m [1;30mLevel 1[0m _identify(rockGenerator/sdf_approach) by extensions ['ros']
[0.499s] [34mcolcon.colcon_core.package_identification[0m [1;30mLevel 1[0m _identify(rockGenerator/sdf_approach) by extension 'ros'
[0.499s] [34mcolcon.colcon_core.package_identification[0m [1;30mLevel 1[0m _identify(rockGenerator/sdf_approach) by extensions ['cmake', 'python']
[0.499s] [34mcolcon.colcon_core.package_identification[0m [1;30mLevel 1[0m _identify(rockGenerator/sdf_approach) by extension 'cmake'
[0.499s] [34mcolcon.colcon_core.package_identification[0m [1;30mLevel 1[0m _identify(rockGenerator/sdf_approach) by extension 'python'
[0.499s] [34mcolcon.colcon_core.package_identification[0m [1;30mLevel 1[0m _identify(rockGenerator/sdf_approach) by extensions ['python_setup_py']
[0.499s] [34mcolcon.colcon_core.package_identification[0m [1;30mLevel 1[0m _identify(rockGenerator/sdf_approach) by extension 'python_setup_py'
[0.499s] [34mcolcon.colcon_core.package_identification[0m [1;30mLevel 1[0m _identify(rockGenerator/sdf_approach/rock_1) by extensions ['ignore', 'ignore_ament_install']
[0.499s] [34mcolcon.colcon_core.package_identification[0m [1;30mLevel 1[0m _identify(rockGenerator/sdf_approach/rock_1) by extension 'ignore'
[0.499s] [34mcolcon.colcon_core.package_identification[0m [1;30mLevel 1[0m _identify(rockGenerator/sdf_approach/rock_1) by extension 'ignore_ament_install'
[0.500s] [34mcolcon.colcon_core.package_identification[0m [1;30mLevel 1[0m _identify(rockGenerator/sdf_approach/rock_1) by extensions ['colcon_pkg']
[0.500s] [34mcolcon.colcon_core.package_identification[0m [1;30mLevel 1[0m _identify(rockGenerator/sdf_approach/rock_1) by extension 'colcon_pkg'
[0.500s] [34mcolcon.colcon_core.package_identification[0m [1;30mLevel 1[0m _identify(rockGenerator/sdf_approach/rock_1) by extensions ['colcon_meta']
[0.500s] [34mcolcon.colcon_core.package_identification[0m [1;30mLevel 1[0m _identify(rockGenerator/sdf_approach/rock_1) by extension 'colcon_meta'
[0.500s] [34mcolcon.colcon_core.package_identification[0m [1;30mLevel 1[0m _identify(rockGenerator/sdf_approach/rock_1) by extensions ['ros']
[0.500s] [34mcolcon.colcon_core.package_identification[0m [1;30mLevel 1[0m _identify(rockGenerator/sdf_approach/rock_1) by extension 'ros'
[0.500s] [34mcolcon.colcon_core.package_identification[0m [1;30mLevel 1[0m _identify(rockGenerator/sdf_approach/rock_1) by extensions ['cmake', 'python']
[0.500s] [34mcolcon.colcon_core.package_identification[0m [1;30mLevel 1[0m _identify(rockGenerator/sdf_approach/rock_1) by extension 'cmake'
[0.500s] [34mcolcon.colcon_core.package_identification[0m [1;30mLevel 1[0m _identify(rockGenerator/sdf_approach/rock_1) by extension 'python'
[0.500s] [34mcolcon.colcon_core.package_identification[0m [1;30mLevel 1[0m _identify(rockGenerator/sdf_approach/rock_1) by extensions ['python_setup_py']
[0.500s] [34mcolcon.colcon_core.package_identification[0m [1;30mLevel 1[0m _identify(rockGenerator/sdf_approach/rock_1) by extension 'python_setup_py'
[0.500s] [34mcolcon.colcon_core.package_identification[0m [1;30mLevel 1[0m _identify(rockGenerator/sdf_approach/rock_1/meshes) by extensions ['ignore', 'ignore_ament_install']
[0.500s] [34mcolcon.colcon_core.package_identification[0m [1;30mLevel 1[0m _identify(rockGenerator/sdf_approach/rock_1/meshes) by extension 'ignore'
[0.500s] [34mcolcon.colcon_core.package_identification[0m [1;30mLevel 1[0m _identify(rockGenerator/sdf_approach/rock_1/meshes) by extension 'ignore_ament_install'
[0.500s] [34mcolcon.colcon_core.package_identification[0m [1;30mLevel 1[0m _identify(rockGenerator/sdf_approach/rock_1/meshes) by extensions ['colcon_pkg']
[0.500s] [34mcolcon.colcon_core.package_identification[0m [1;30mLevel 1[0m _identify(rockGenerator/sdf_approach/rock_1/meshes) by extension 'colcon_pkg'
[0.500s] [34mcolcon.colcon_core.package_identification[0m [1;30mLevel 1[0m _identify(rockGenerator/sdf_approach/rock_1/meshes) by extensions ['colcon_meta']
[0.500s] [34mcolcon.colcon_core.package_identification[0m [1;30mLevel 1[0m _identify(rockGenerator/sdf_approach/rock_1/meshes) by extension 'colcon_meta'
[0.501s] [34mcolcon.colcon_core.package_identification[0m [1;30mLevel 1[0m _identify(rockGenerator/sdf_approach/rock_1/meshes) by extensions ['ros']
[0.501s] [34mcolcon.colcon_core.package_identification[0m [1;30mLevel 1[0m _identify(rockGenerator/sdf_approach/rock_1/meshes) by extension 'ros'
[0.501s] [34mcolcon.colcon_core.package_identification[0m [1;30mLevel 1[0m _identify(rockGenerator/sdf_approach/rock_1/meshes) by extensions ['cmake', 'python']
[0.501s] [34mcolcon.colcon_core.package_identification[0m [1;30mLevel 1[0m _identify(rockGenerator/sdf_approach/rock_1/meshes) by extension 'cmake'
[0.501s] [34mcolcon.colcon_core.package_identification[0m [1;30mLevel 1[0m _identify(rockGenerator/sdf_approach/rock_1/meshes) by extension 'python'
[0.501s] [34mcolcon.colcon_core.package_identification[0m [1;30mLevel 1[0m _identify(rockGenerator/sdf_approach/rock_1/meshes) by extensions ['python_setup_py']
[0.501s] [34mcolcon.colcon_core.package_identification[0m [1;30mLevel 1[0m _identify(rockGenerator/sdf_approach/rock_1/meshes) by extension 'python_setup_py'
[0.501s] [34mcolcon.colcon_core.package_identification[0m [1;30mLevel 1[0m _identify(rockGenerator/urdf_approach) by extensions ['ignore', 'ignore_ament_install']
[0.501s] [34mcolcon.colcon_core.package_identification[0m [1;30mLevel 1[0m _identify(rockGenerator/urdf_approach) by extension 'ignore'
[0.501s] [34mcolcon.colcon_core.package_identification[0m [1;30mLevel 1[0m _identify(rockGenerator/urdf_approach) by extension 'ignore_ament_install'
[0.501s] [34mcolcon.colcon_core.package_identification[0m [1;30mLevel 1[0m _identify(rockGenerator/urdf_approach) by extensions ['colcon_pkg']
[0.501s] [34mcolcon.colcon_core.package_identification[0m [1;30mLevel 1[0m _identify(rockGenerator/urdf_approach) by extension 'colcon_pkg'
[0.501s] [34mcolcon.colcon_core.package_identification[0m [1;30mLevel 1[0m _identify(rockGenerator/urdf_approach) by extensions ['colcon_meta']
[0.501s] [34mcolcon.colcon_core.package_identification[0m [1;30mLevel 1[0m _identify(rockGenerator/urdf_approach) by extension 'colcon_meta'
[0.501s] [34mcolcon.colcon_core.package_identification[0m [1;30mLevel 1[0m _identify(rockGenerator/urdf_approach) by extensions ['ros']
[0.501s] [34mcolcon.colcon_core.package_identification[0m [1;30mLevel 1[0m _identify(rockGenerator/urdf_approach) by extension 'ros'
[0.501s] [34mcolcon.colcon_core.package_identification[0m [1;30mLevel 1[0m _identify(rockGenerator/urdf_approach) by extensions ['cmake', 'python']
[0.501s] [34mcolcon.colcon_core.package_identification[0m [1;30mLevel 1[0m _identify(rockGenerator/urdf_approach) by extension 'cmake'
[0.502s] [34mcolcon.colcon_core.package_identification[0m [1;30mLevel 1[0m _identify(rockGenerator/urdf_approach) by extension 'python'
[0.502s] [34mcolcon.colcon_core.package_identification[0m [1;30mLevel 1[0m _identify(rockGenerator/urdf_approach) by extensions ['python_setup_py']
[0.502s] [34mcolcon.colcon_core.package_identification[0m [1;30mLevel 1[0m _identify(rockGenerator/urdf_approach) by extension 'python_setup_py'
[0.502s] [34mcolcon.colcon_core.package_identification[0m [1;30mLevel 1[0m _identify(rockGenerator/urdf_approach/src) by extensions ['ignore', 'ignore_ament_install']
[0.502s] [34mcolcon.colcon_core.package_identification[0m [1;30mLevel 1[0m _identify(rockGenerator/urdf_approach/src) by extension 'ignore'
[0.502s] [34mcolcon.colcon_core.package_identification[0m [1;30mLevel 1[0m _identify(rockGenerator/urdf_approach/src) by extension 'ignore_ament_install'
[0.502s] [34mcolcon.colcon_core.package_identification[0m [1;30mLevel 1[0m _identify(rockGenerator/urdf_approach/src) by extensions ['colcon_pkg']
[0.502s] [34mcolcon.colcon_core.package_identification[0m [1;30mLevel 1[0m _identify(rockGenerator/urdf_approach/src) by extension 'colcon_pkg'
[0.502s] [34mcolcon.colcon_core.package_identification[0m [1;30mLevel 1[0m _identify(rockGenerator/urdf_approach/src) by extensions ['colcon_meta']
[0.502s] [34mcolcon.colcon_core.package_identification[0m [1;30mLevel 1[0m _identify(rockGenerator/urdf_approach/src) by extension 'colcon_meta'
[0.502s] [34mcolcon.colcon_core.package_identification[0m [1;30mLevel 1[0m _identify(rockGenerator/urdf_approach/src) by extensions ['ros']
[0.502s] [34mcolcon.colcon_core.package_identification[0m [1;30mLevel 1[0m _identify(rockGenerator/urdf_approach/src) by extension 'ros'
[0.502s] [34mcolcon.colcon_core.package_identification[0m [1;30mLevel 1[0m _identify(rockGenerator/urdf_approach/src) by extensions ['cmake', 'python']
[0.502s] [34mcolcon.colcon_core.package_identification[0m [1;30mLevel 1[0m _identify(rockGenerator/urdf_approach/src) by extension 'cmake'
[0.502s] [34mcolcon.colcon_core.package_identification[0m [1;30mLevel 1[0m _identify(rockGenerator/urdf_approach/src) by extension 'python'
[0.502s] [34mcolcon.colcon_core.package_identification[0m [1;30mLevel 1[0m _identify(rockGenerator/urdf_approach/src) by extensions ['python_setup_py']
[0.502s] [34mcolcon.colcon_core.package_identification[0m [1;30mLevel 1[0m _identify(rockGenerator/urdf_approach/src) by extension 'python_setup_py'
[0.503s] [34mcolcon.colcon_core.package_identification[0m [1;30mLevel 1[0m _identify(rockGenerator/urdf_approach/src/rock_1_description) by extensions ['ignore', 'ignore_ament_install']
[0.503s] [34mcolcon.colcon_core.package_identification[0m [1;30mLevel 1[0m _identify(rockGenerator/urdf_approach/src/rock_1_description) by extension 'ignore'
[0.503s] [34mcolcon.colcon_core.package_identification[0m [1;30mLevel 1[0m _identify(rockGenerator/urdf_approach/src/rock_1_description) by extension 'ignore_ament_install'
[0.503s] [34mcolcon.colcon_core.package_identification[0m [1;30mLevel 1[0m _identify(rockGenerator/urdf_approach/src/rock_1_description) by extensions ['colcon_pkg']
[0.503s] [34mcolcon.colcon_core.package_identification[0m [1;30mLevel 1[0m _identify(rockGenerator/urdf_approach/src/rock_1_description) by extension 'colcon_pkg'
[0.503s] [34mcolcon.colcon_core.package_identification[0m [1;30mLevel 1[0m _identify(rockGenerator/urdf_approach/src/rock_1_description) by extensions ['colcon_meta']
[0.503s] [34mcolcon.colcon_core.package_identification[0m [1;30mLevel 1[0m _identify(rockGenerator/urdf_approach/src/rock_1_description) by extension 'colcon_meta'
[0.503s] [34mcolcon.colcon_core.package_identification[0m [1;30mLevel 1[0m _identify(rockGenerator/urdf_approach/src/rock_1_description) by extensions ['ros']
[0.503s] [34mcolcon.colcon_core.package_identification[0m [1;30mLevel 1[0m _identify(rockGenerator/urdf_approach/src/rock_1_description) by extension 'ros'
[0.504s] [34mcolcon.colcon_core.package_identification[0m [1;30mDEBUG[0m [32mPackage 'rockGenerator/urdf_approach/src/rock_1_description' with type 'ros.ament_python' and name 'rock_1_description'[0m
[0.504s] [34mcolcon.colcon_core.package_discovery[0m [1;30mLevel 1[0m discover_packages(recursive) using defaults
[0.504s] [34mcolcon.colcon_core.package_discovery[0m [1;30mLevel 1[0m discover_packages(ignore) discover
[0.504s] [34mcolcon.colcon_core.package_discovery[0m [1;30mLevel 1[0m discover_packages(ignore) using defaults
[0.504s] [34mcolcon.colcon_core.package_discovery[0m [1;30mLevel 1[0m discover_packages(path) discover
[0.504s] [34mcolcon.colcon_core.package_discovery[0m [1;30mLevel 1[0m discover_packages(path) using defaults
[0.529s] [34mcolcon.colcon_core.package_discovery[0m [1;30mLevel 1[0m discover_packages(prefix_path) check parameters
[0.530s] [34mcolcon.colcon_core.package_discovery[0m [1;30mLevel 1[0m discover_packages(prefix_path) discover
[0.533s] [34mcolcon.colcon_installed_package_information.package_discovery[0m [1;30mDEBUG[0m [32mFound 343 installed packages in /opt/ros/humble[0m
[0.535s] [34mcolcon.colcon_core.package_discovery[0m [1;30mLevel 1[0m discover_packages(prefix_path) using defaults
[0.586s] [34mcolcon[0m [1;30mERROR[0m [31mcolcon build: Duplicate package names not supported:
- marsyard:
  - FinalYard/src/marsyard
  - marsyard_humble_physics_closed/src/marsyard[0m
