# ERC Mars Yard 2026 collision mesh - normals added by ROAR pipeline
v -4.389438 32.713886 -1.435326
v -8.607395 33.531158 -1.386936
v -7.379448 33.894939 -1.345190
v -3.021437 32.884354 -1.330665
v -8.274460 34.382778 -1.343587
v -8.583287 34.393902 -1.429872
v -5.300386 32.723263 -1.366881
v -4.487103 32.537907 -1.323435
v -8.345910 33.820198 -1.335837
v -4.541016 32.702457 -1.338509
v -8.889511 34.032825 -1.364280
v -8.151161 34.489796 -1.388581
v -8.669639 34.204575 -1.344310
v -8.461802 33.921307 -1.404293
v -8.350723 34.151821 -1.390542
v -8.072956 33.990852 -1.372602
v -8.815158 33.111618 -1.298842
v -9.748776 32.112572 -1.304680
v -3.409934 33.289146 -1.339689
v -5.903094 33.599903 -1.380491
v -8.469443 33.041512 -1.311353
v -7.868378 34.007248 -1.352298
v -5.714190 33.877041 -1.309821
v -4.639484 33.497261 -1.328135
v -8.824431 33.788551 -1.341876
v -6.024159 32.119907 -1.326428
v -8.431952 32.238636 -1.293186
v -6.299183 32.403858 -1.355911
v -4.348725 32.891544 -1.291406
v -8.264408 32.346886 -1.302926
v -6.488209 32.452179 -1.326764
v -4.181697 33.276131 -1.332726
v -8.830098 32.661182 -1.306463
v -8.164935 32.681377 -1.297620
v -8.123298 33.733337 -1.343223
v -7.304185 34.486679 -1.319235
v -5.951895 33.599976 -1.282936
v -9.941487 32.390293 -1.348178
v -5.894893 33.890366 -1.355375
v -5.293665 33.517010 -1.341629
v -7.853654 32.928997 -1.301270
v -5.205495 32.463966 -1.368581
v -8.929996 33.423916 -1.320140
v -8.430378 33.657066 -1.368326
v -9.537380 32.770218 -1.347759
v -5.117334 32.663086 -1.355686
v -7.103724 34.516548 -1.337706
v -9.088388 33.846859 -1.346784
v -2.957425 32.683483 -1.377333
v -6.510492 32.242184 -1.328604
v -6.306266 34.434212 -1.351622
v -7.935863 34.242367 -1.330685
v -8.642203 32.744232 -1.332183
v -7.648263 33.645023 -1.333497
v -8.613234 33.871860 -1.355415
v -7.564200 33.884693 -1.316195
v -7.679875 33.921745 -1.339774
v -7.581889 34.617676 -1.349561
v -3.627173 33.340454 -1.311481
v -3.566986 33.434299 -1.308424
v -7.025386 33.191612 -1.295785
v -6.257619 33.744816 -1.263200
v -8.967723 31.849340 -1.294590
v -9.039472 32.203953 -1.290125
v -4.542869 32.944103 -1.304658
v -4.926782 33.768131 -1.252000
v -7.906155 34.054905 -1.297344
v -5.921672 33.387978 -1.346242
v -7.869718 33.286236 -1.286281
v -7.928140 32.293324 -1.304137
v -4.552372 33.594200 -1.272369
v -7.772598 32.103252 -1.240070
v -5.987887 33.441765 -1.282778
v -3.091444 31.831408 -1.195124
v -7.686929 32.937210 -1.285033
v -7.127701 33.650551 -1.300067
v -9.302199 32.432262 -1.290848
v 16.179384 33.963760 -1.401188
v -3.165036 32.068008 -1.314906
v -7.403130 33.901661 -1.260691
v -9.229005 32.643406 -1.291427
v -8.683862 34.612068 -1.334900
v -7.458799 33.056507 -1.284619
v -7.368826 33.214302 -1.269890
v -9.361800 32.066723 -1.263205
v -2.816094 32.932655 -1.287500
v -6.871187 34.601196 -1.338463
v -8.814067 31.587864 -1.235927
v -7.441395 33.617279 -1.309622
v -8.437183 32.590523 -1.275981
v -6.728605 33.811268 -1.288154
v -8.534986 32.421993 -1.315898
v -7.918821 32.601063 -1.290937
v -5.260276 31.938234 -1.254860
v -3.038860 32.711464 -1.257225
v -3.695485 33.013782 -1.276251
v -4.826931 32.007301 -1.262576
v -4.056459 33.222958 -1.275424
v -4.233719 33.470440 -1.259554
v -4.664806 32.108040 -1.261295
v -3.686728 33.224411 -1.226642
v -4.084043 31.924191 -1.261932
v -10.023829 28.886179 -1.303016
v -9.053525 33.108746 -1.290673
v -7.179549 32.700329 -1.261394
v -4.148797 32.043785 -1.279405
v -8.841459 30.818512 -1.259734
v -7.163492 33.454636 -1.322382
v -5.482125 33.212986 -1.269911
v -8.455183 34.041386 -1.335038
v -4.982269 33.445961 -1.301273
v -5.178807 33.426453 -1.262224
v -8.144238 34.131634 -1.334027
v -8.708755 32.139263 -1.275891
v -9.359970 31.951466 -1.300261
v -2.662582 31.983719 -1.259788
v -5.099538 32.454208 -1.285575
v -4.950291 32.671276 -1.342793
v -4.318551 32.567791 -1.322855
v -3.825495 32.730156 -1.303204
v -8.554385 33.471199 -1.306274
v -8.478489 33.345089 -1.306606
v -7.349660 33.745979 -1.318376
v -3.261537 32.542782 -1.293821
v -3.171352 32.277367 -1.266335
v -7.560309 34.095654 -1.328827
v -7.587694 34.176220 -1.305979
v -7.830307 33.605400 -1.335653
v -7.786019 34.190487 -1.325431
v -8.631351 33.719059 -1.338087
v -3.051469 32.516300 -1.228116
v -9.466978 32.194000 -1.310611
v -4.243732 33.109692 -1.359178
v -6.887249 34.459904 -1.334773
v -7.421974 34.354893 -1.322068
v -8.763241 34.074955 -1.317606
v -3.936314 33.406792 -1.238978
v -9.549685 32.671501 -1.317511
v -6.539862 34.529957 -1.369558
v -7.829391 33.459473 -1.309119
v -8.442292 32.606663 -1.355711
v -8.400866 32.708656 -1.301129
v -7.246995 33.282970 -1.277578
v -8.073418 32.733524 -1.345121
v -8.201652 33.508717 -1.293435
v -9.078021 32.539261 -1.291986
v -8.912944 32.462154 -1.294658
v -9.049313 32.876839 -1.310532
v -7.104253 34.103622 -1.340339
v -9.358605 33.266144 -1.329250
v -6.475932 32.135979 -1.275215
v -10.078184 29.123583 -1.177042
v -6.197086 33.976837 -1.274777
v -3.907894 31.566118 -1.225402
v -3.950413 31.692722 -1.289813
v -2.841840 32.392441 -1.238140
v -5.806232 34.131664 -1.220032
v -8.305462 30.518078 -1.197561
v -8.196049 33.947559 -1.272259
v -3.797475 31.729731 -1.225062
v -2.768269 33.032314 -1.193362
v -7.993151 33.856174 -1.214943
v -8.043947 34.060127 -1.262162
v -8.048906 32.447128 -1.279433
v -5.752566 32.111019 -1.257845
v -9.575181 33.153290 -1.277206
v -5.167204 33.576290 -1.242958
v -7.355876 32.358227 -1.181729
v -8.452201 31.431477 -1.267433
v -4.982839 33.866650 -1.264973
v -7.386456 32.470844 -1.251612
v -3.694594 33.122196 -1.293839
v -3.738168 31.961323 -1.194394
v -9.073060 29.410231 -1.233616
v -3.842344 32.258450 -1.208891
v -8.131765 31.594355 -1.267082
v -4.322146 31.689043 -1.241450
v -8.886852 29.664026 -1.223608
v -7.846413 33.582581 -1.217810
v -3.292833 31.464878 -1.186575
v -9.178645 31.342978 -1.246086
v -3.467877 31.706675 -1.217075
v -7.819605 33.117779 -1.282248
v -3.840962 33.450150 -1.274840
v -7.809545 31.918556 -1.278165
v -8.810556 30.268139 -1.195927
v -7.510623 31.898596 -1.234558
v -7.594932 31.993908 -1.201255
v -2.569519 31.521317 -1.196704
v -2.635649 31.777414 -1.282323
v -6.496185 32.993961 -1.259625
v -2.689003 32.077324 -1.310670
v -5.615890 32.412842 -1.231254
v -10.172852 32.406235 -1.286491
v -4.080153 32.238480 -1.200400
v -4.358532 32.423298 -1.255699
v -4.332388 32.774174 -1.216547
v -3.234939 31.365032 -1.262956
v -6.200054 32.181316 -1.273293
v -3.707895 32.806831 -1.228939
v -9.990807 29.083382 -1.390563
v -4.303344 31.544136 -1.254722
v -3.321702 32.306927 -1.288340
v -2.669030 32.315189 -1.307265
v -4.134162 31.765726 -1.227201
v -9.355249 29.427050 -1.259332
v -9.894867 31.724667 -1.255299
v -6.781839 33.240562 -1.280740
v -10.112993 32.089252 -1.265259
v 17.779461 32.648510 -1.239817
v 17.780186 32.865135 -1.262171
v -7.115381 34.542439 -1.242151
v -7.186711 34.693829 -1.335014
v -8.120216 32.559673 -1.351349
v -7.133316 33.627804 -1.210504
v -5.456408 33.703304 -1.253842
v -9.842470 32.283699 -1.288950
v -7.888052 32.790817 -1.307639
v -9.372732 32.205608 -1.219056
v -3.949454 33.099049 -1.316304
v -6.395720 33.863663 -1.292666
v -4.156573 32.201786 -1.285243
v -3.571188 31.523508 -1.269412
v -8.832329 32.328644 -1.273598
v -3.707668 31.801287 -1.280049
v -3.345377 33.218155 -1.273569
v -5.233433 33.870506 -1.286227
v -6.171027 33.328926 -1.252025
v -5.842463 33.892086 -1.249328
v -8.746321 32.474152 -1.312582
v -7.604564 32.798462 -1.262308
v -3.538411 31.993160 -1.264750
v -7.173397 33.139004 -1.271519
v -3.123842 33.404526 -1.316927
v -3.453933 32.191372 -1.283236
v -3.348445 32.128162 -1.225986
v -2.748478 31.463396 -1.251459
v -9.375024 31.671040 -1.269083
v -5.895957 34.059959 -1.298482
v -6.209640 34.160240 -1.299359
v -4.329754 33.666904 -1.281479
v -6.764509 34.511471 -1.324469
v -2.790855 32.192829 -1.268528
v -6.136721 33.559898 -1.269269
v -9.917662 32.026215 -1.288742
v -9.722390 31.950880 -1.296469
v -9.516287 31.810745 -1.283463
v -9.472460 30.516153 -1.211969
v -6.911469 32.698051 -1.269428
v -9.011960 30.332632 -1.218327
v -8.988558 30.506418 -1.197187
v -8.395293 32.001400 -1.293298
v -5.429791 33.461227 -1.268196
v -7.750260 31.821466 -1.218913
v -5.007518 31.706882 -1.219895
v -4.867188 33.346912 -1.276547
v -8.565577 31.701138 -1.278969
v -9.133918 31.979458 -1.274011
v -8.745397 31.949440 -1.289039
v -4.606530 31.753775 -1.277890
v -8.493469 31.919977 -1.265716
v -4.640357 33.386333 -1.219515
v -4.552915 33.480427 -1.224922
v -4.417612 33.609333 -1.222499
v -4.449197 31.928709 -1.273584
v -7.766531 33.807316 -1.355192
v -2.989071 32.278008 -1.281312
v -5.096189 32.037743 -1.291571
v -3.224728 31.140535 -1.165093
v -1.514004 31.772707 -1.219274
v -1.152741 31.682219 -1.256710
v -0.981745 31.852644 -1.193214
v -5.886982 33.542473 -1.202577
v -8.485822 30.765322 -1.204882
v -9.449245 27.764662 -1.148375
v -4.142816 31.409307 -1.177952
v -9.104897 28.046967 -1.205223
v -0.808174 31.903833 -1.193844
v -4.271409 34.095963 -1.172089
v -3.474063 32.438599 -1.266584
v 16.326975 33.866848 -1.279607
v -7.320848 33.624916 -1.214912
v -3.464288 31.537149 -1.208553
v -9.420547 29.366846 -1.171283
v -7.979108 31.067328 -1.204490
v 17.902914 32.481659 -1.173208
v -9.155175 29.070177 -1.214745
v 18.029982 32.885345 -1.209579
v -3.448019 31.858324 -1.212382
v -4.607138 31.683558 -1.243073
v -3.642978 33.121670 -1.159311
v -8.169344 31.365828 -1.193994
v -2.465720 33.198013 -1.195849
v -7.919520 31.422600 -1.231499
v 16.736858 33.699764 -1.149828
v -8.290592 31.653980 -1.241940
v -9.192687 29.850153 -1.223484
v -5.663589 33.831963 -1.245707
v -5.570653 34.046654 -1.242010
v -4.196317 32.385490 -1.203591
v -9.023054 29.737322 -1.228365
v -2.764526 31.729475 -1.230109
v -2.865122 32.081795 -1.192809
v -2.444752 31.893190 -1.274358
v -5.548813 33.397038 -1.226083
v -3.771333 32.104763 -1.194809
v 14.295146 34.115639 -1.179582
v 16.546230 33.600533 -1.213304
v -5.863987 33.754635 -1.225793
v -4.123321 32.637295 -1.228088
v -5.729031 33.635647 -1.261898
v -1.067926 31.629370 -1.180254
v -5.936542 31.990910 -1.237656
v -9.328805 28.949038 -1.192662
v -0.811323 32.055908 -1.286718
v -9.773121 29.090166 -1.209463
v -0.946475 32.129444 -1.189349
v -9.582248 29.186279 -1.209389
v -5.686311 32.836647 -1.237090
v -7.551629 32.335693 -1.225673
v -9.759043 29.334307 -1.155153
v -3.884080 31.996605 -1.230760
v -5.837080 33.248783 -1.241567
v -2.576609 32.901852 -1.206257
v -2.997206 31.837626 -1.256214
v -4.139186 33.636799 -1.269355
v 17.740440 33.089127 -1.216203
v -8.304441 31.422628 -1.194205
v -3.482796 32.480316 -1.186770
v -7.942945 33.479263 -1.168955
v -3.643780 33.644791 -1.212277
v -8.935386 29.481421 -1.169051
v -3.281776 32.898399 -1.194722
v -3.152030 32.140224 -1.241326
v -10.307620 31.310244 -1.226937
v -5.109064 31.889580 -1.266521
v -6.858873 32.586845 -1.234186
v -8.720885 29.811321 -1.220317
v -8.559803 31.207651 -1.221821
v -4.287902 32.972038 -1.224184
v -4.244832 33.274055 -1.239723
v -3.785657 33.132690 -1.213474
v -4.559872 31.755095 -1.209814
v -6.896452 32.569107 -1.278183
v -4.729541 31.775520 -1.260123
v -5.407685 32.902702 -1.214962
v -4.554537 33.702839 -1.226128
v -9.371922 30.710541 -1.199907
v -8.155841 31.691153 -1.240154
v -9.252963 31.052038 -1.233589
v -5.226803 32.850658 -1.227717
v -7.961253 31.663786 -1.216162
v -8.719152 30.429903 -1.207322
v -8.258752 31.905304 -1.278739
v -6.245410 32.781780 -1.252976
v -8.037026 32.154018 -1.240680
v -3.333261 33.116413 -1.225036
v -4.793737 32.586681 -1.229531
v -7.687516 31.646143 -1.201196
v -7.596367 31.715412 -1.235170
v -8.974252 31.142122 -1.199901
v -7.874463 32.000549 -1.216725
v -8.752727 30.944618 -1.235017
v -2.858312 33.454746 -1.193512
v -4.611142 32.722607 -1.242866
v -8.864370 31.423567 -1.260232
v -8.640501 31.290937 -1.253245
v -5.589035 33.079796 -1.245012
v -5.323030 33.024631 -1.238760
v -9.172610 31.598829 -1.241364
v -9.048120 32.045372 -1.273469
v -5.057433 32.989471 -1.199049
v -4.881904 33.217163 -1.226162
v -4.564900 33.008324 -1.243087
v -4.998239 33.467377 -1.228145
v -3.830771 32.366638 -1.268578
v -10.338526 32.726093 -1.218036
v -8.998205 34.788303 -1.241075
v 18.250069 33.275440 -1.222466
v 18.515156 34.046078 -1.231702
v -10.607817 32.042328 -1.198797
v -10.538634 28.188030 -1.108117
v -10.283493 28.381937 -1.087541
v -1.260201 31.377573 -1.163075
v -4.508653 33.873325 -1.181364
v -10.216532 28.107143 -1.173256
v -5.144537 33.228363 -1.204378
v -10.114100 28.916386 -1.170758
v 17.345795 31.062084 -1.183171
v -4.866164 33.265022 -1.133774
v -7.276382 33.417488 -1.210593
v -4.832409 33.452183 -1.151835
v -0.896886 31.545259 -1.093874
v -0.884285 31.625416 -1.182670
v 17.884602 31.885914 -1.192906
v -8.254598 29.905924 -1.089623
v 13.764604 34.226494 -1.080082
v -4.398216 33.483120 -1.166700
v -5.702667 32.978199 -1.121260
v -3.412221 32.203667 -1.160292
v -3.581140 32.811150 -1.197473
v -5.828094 34.094582 -1.122905
v -9.675644 27.689175 -1.140109
v 17.793419 32.797512 -1.140844
v -2.468754 32.228565 -1.176964
v -9.289546 29.108879 -1.146114
v -3.759155 33.225681 -1.156849
v -9.169889 27.806299 -1.187690
v -2.321849 32.769852 -1.176457
v 17.877434 32.070858 -1.132123
v -9.191940 27.855242 -1.126851
v -3.460007 33.261772 -1.176964
v -7.455616 31.571154 -1.172224
v -2.199922 33.168526 -1.223113
v -7.158240 32.367455 -1.219316
v -8.797974 30.019936 -1.180844
v -0.609852 32.371609 -1.136888
v -3.625399 31.231464 -1.122971
v -2.994661 31.733292 -1.187424
v -3.600884 31.830637 -1.211597
v -5.039005 32.872456 -1.212458
v -4.422602 32.825760 -1.183772
v -4.783214 33.744663 -1.207507
v -5.507782 33.022110 -1.138659
v -5.460664 33.259727 -1.196329
v -1.477089 31.470022 -1.201183
v -9.697897 30.503927 -1.184149
v -9.720234 30.939302 -1.220454
v -8.357671 31.067102 -1.209998
v -8.211530 31.103992 -1.199494
v -8.999574 30.145681 -1.177882
v -7.725978 32.831562 -1.255664
v -9.892772 28.856655 -1.186322
v -9.941535 29.013941 -1.151747
v -4.797096 31.496870 -1.190148
v -4.466645 33.235340 -1.234763
v -1.151303 31.517586 -1.140758
v -1.428774 31.711824 -1.212163
v -4.747408 32.008408 -1.180749
v 16.137737 34.080498 -1.159112
v -9.812795 27.925598 -1.163864
v -8.699682 30.171366 -1.140615
v 16.321033 34.149185 -1.200168
v -7.924557 31.200748 -1.205803
v -1.416711 31.901472 -1.221414
v -8.012391 31.525389 -1.220060
v -6.811842 32.168892 -1.182451
v -6.502072 32.297131 -1.209552
v 17.670788 33.178871 -1.118239
v -1.114318 31.878984 -1.191981
v -3.889151 32.536011 -1.195047
v -0.389726 31.785034 -1.171355
v -3.638344 31.481377 -1.221959
v -5.653922 32.366531 -1.220119
v -5.817185 32.492992 -1.192449
v -2.977186 32.399029 -1.183171
v -3.243689 32.271397 -1.195279
v -8.017533 33.587772 -1.186194
v -3.789496 31.535139 -1.222515
v -10.063915 30.776804 -1.165345
v -9.861257 30.922812 -1.199270
v -4.108241 31.870537 -1.172321
v -6.289587 33.873131 -1.172976
v 17.734575 33.639225 -1.186468
v -2.417690 32.513332 -1.181824
v -8.982350 29.411156 -1.187593
v 17.683508 34.151966 -1.190576
v -2.875483 32.890179 -1.195139
v -10.435558 29.467640 -1.169897
v -3.618248 31.668516 -1.209916
v -2.565761 32.707771 -1.163733
v -3.164830 33.283451 -1.219876
v -3.311390 31.781937 -1.223936
v -3.197182 31.952919 -1.201231
v -3.174661 32.161755 -1.172475
v -2.944545 32.020847 -1.156157
v -1.634433 32.423687 -1.168357
v -5.628826 32.266727 -1.163456
v -2.672311 31.838959 -1.181322
v -9.238373 29.495367 -1.204221
v -5.134650 32.516605 -1.206131
v -5.342271 32.550701 -1.215556
v -9.330040 29.623079 -1.209977
v -4.943587 32.399155 -1.188700
v -4.536015 32.345917 -1.211395
v -8.827127 29.660904 -1.127062
v -8.944526 29.880840 -1.224011
v -9.322060 30.198614 -1.162230
v -9.241058 30.312885 -1.202781
v -2.683340 33.339317 -1.173971
v -2.170139 33.241016 -1.155917
v -9.549800 28.773609 -1.190133
v -3.151342 31.475153 -1.188469
v -1.234848 31.054192 -1.092577
v -4.677346 33.738583 -1.128868
v -7.465513 33.473339 -1.150578
v 14.455176 33.934647 -1.174040
v -7.259791 32.123077 -1.139087
v -7.872320 30.261364 -1.145906
v -6.909573 31.954954 -1.097643
v -10.407326 28.441010 -1.105118
v -10.262912 28.256645 -1.069113
v -3.364465 32.945660 -1.124001
v 15.024281 34.349945 -1.108680
v -6.082922 31.641514 -1.118706
v -0.678989 31.364008 -1.094924
v 15.966361 33.712044 -1.070379
v -5.881812 32.147514 -1.173423
v 8.797308 34.165642 -1.073963
v -1.332134 31.816288 -1.135255
v 17.785372 29.541286 -1.084105
v 17.172070 33.260994 -1.136737
v -4.225954 31.037409 -1.069098
v 17.619184 30.448318 -1.187354
v -2.715580 31.743471 -1.122843
v -3.932730 31.251961 -1.129328
v -10.247112 27.107197 -1.084790
v -2.772177 32.418545 -1.155769
v -9.894501 28.593136 -1.119281
v 12.418289 33.536449 -1.108236
v -3.226101 30.961449 -1.130064
v -2.335004 32.718346 -1.102881
v -9.466325 28.828552 -1.102360
v -3.714291 31.853035 -1.103503
v -2.090387 32.889080 -1.102178
v -3.688565 31.438705 -1.113605
v -9.400398 29.489698 -1.114127
v -9.314345 27.817455 -1.049482
v -3.115825 31.644249 -1.163309
v -2.557708 33.150497 -1.150064
v -9.200754 28.787821 -1.172263
v -2.521256 32.904385 -1.086335
v -11.215267 28.206123 -1.113765
v -3.440874 31.875124 -1.071312
v -9.071339 28.975452 -1.113468
v -2.071085 32.995564 -1.073137
v -8.749577 29.472286 -1.116390
v -9.829371 30.784666 -1.128974
v -1.521394 31.405407 -1.123153
v -4.574113 31.354538 -1.153938
v 17.316036 29.154974 -1.067048
v -4.472505 31.121674 -1.122700
v 17.790968 29.189098 -1.148141
v -11.242105 26.797567 -1.161182
v -4.859309 31.727217 -1.134805
v 17.271990 31.125025 -1.057820
v -7.643491 31.493292 -1.202927
v -6.072946 32.236885 -1.185538
v -7.386160 31.810442 -1.132080
v -8.448311 29.395458 -1.119034
v -0.294639 30.809210 -1.109783
v -4.738969 33.454006 -1.130547
v -2.219242 33.726318 -1.155355
v -5.742990 32.012901 -1.139299
v -8.542060 29.829697 -1.098141
v 17.547163 30.619059 -1.096427
v -0.368204 31.007282 -1.115718
v 0.057134 30.942175 -1.118776
v 17.864393 30.810549 -1.091424
v -0.094803 31.177443 -1.079686
v 17.771090 30.582233 -1.130946
v -0.472321 31.299776 -1.066266
v -3.613693 32.250038 -1.134167
v -0.512302 31.335711 -1.169695
v -5.304265 32.269062 -1.202332
v -5.284111 31.969683 -1.127952
v -2.926736 32.535927 -1.184161
v 17.760824 31.677122 -1.148739
v -3.075328 32.862698 -1.125918
v -11.730540 27.304790 -1.133696
v -8.103654 30.735100 -1.147934
v -0.863839 31.719776 -1.111504
v 17.729500 31.494339 -1.121102
v -2.992233 33.135937 -1.095435
v -3.524694 33.303963 -1.246276
v -3.661448 31.060692 -1.079830
v -5.944922 31.620731 -1.090044
v -1.317559 32.372185 -1.132796
v -10.405867 26.822298 -1.077490
v -1.067215 32.104263 -1.139280
v -0.536984 31.665768 -1.093588
v -9.393639 27.961996 -1.149094
v -0.225513 31.650026 -1.152458
v -9.446711 28.525000 -1.116976
v -9.083054 28.685802 -1.117685
v -2.591063 32.305733 -1.111867
v -2.845217 32.958519 -1.104687
v 17.202805 30.935255 -1.137909
v -3.904485 31.413250 -1.170570
v -9.611616 29.200603 -1.060409
v -2.612780 32.019333 -1.134293
v -2.365831 31.845530 -1.166490
v -1.821316 32.658447 -1.159089
v -1.956494 32.134071 -1.162477
v -3.665526 31.356485 -1.145974
v -9.233481 29.281723 -1.126136
v 17.630560 32.335236 -1.124802
v -2.307938 32.976475 -1.132979
v -9.157221 29.153675 -1.109297
v -2.031078 31.693226 -1.132685
v -8.878097 29.161352 -1.111782
v -3.989428 31.456533 -1.107947
v -9.632978 29.804367 -1.136063
v -3.370626 31.726398 -1.144858
v -9.190281 29.842670 -1.120575
v -9.451534 29.814775 -1.115518
v 17.573622 33.613747 -1.127646
v -1.322118 32.806358 -1.133726
v 17.011436 33.859135 -1.127546
v -8.804730 29.810907 -1.123433
v -9.082638 29.827797 -1.109092
v -8.980404 29.923237 -1.162708
v -9.588479 30.089418 -1.166549
v -4.556606 33.576534 -1.158234
v 14.423846 34.152927 -1.121551
v -3.373548 33.558987 -1.240269
v -11.402435 26.543905 -1.098979
v -10.261003 31.191374 -1.210123
v 18.120419 31.677244 -1.145469
v 17.045982 34.747936 -1.186298
v 14.328995 34.922493 -1.114743
v -9.919224 27.760694 -1.067779
v -2.598108 31.402969 -1.090808
v -2.323979 31.405941 -1.104736
v -1.922430 31.203005 -1.100423
v 16.493820 31.521868 -1.075686
v 10.808849 34.063046 -1.051224
v -3.677601 30.778433 -1.042957
v 9.321173 34.982403 -1.105405
v -11.325665 26.470776 -1.044601
v 9.052107 34.516247 -1.072109
v -9.344517 27.638226 -1.064267
v 17.281681 28.232986 -0.996834
v -2.913232 31.911741 -1.054752
v 16.708145 31.695011 -1.077651
v -2.738449 32.062004 -1.062564
v 16.987844 32.008331 -1.062877
v -1.387410 31.016781 -1.079750
v -9.487899 27.916859 -1.058033
v 15.531784 33.662029 -1.099307
v -3.983851 30.825228 -1.102418
v 17.693418 31.575455 -1.015254
v -10.571797 26.849604 -1.064218
v -3.478551 30.554836 -1.046710
v -7.504753 31.357695 -1.144844
v -10.796050 27.962425 -1.047495
v -2.291431 30.190153 -1.037234
v 16.632765 32.230179 -1.055653
v -2.214316 30.411793 -1.058084
v -10.670015 27.292948 -1.094960
v -3.629948 31.864573 -1.085386
v -3.263903 31.903551 -1.043691
v -11.043679 27.795391 -1.073894
v 13.714457 34.029213 -1.069728
v -0.977181 31.149521 -1.120769
v 18.322418 29.729471 -1.129981
v -0.552366 31.117466 -1.065920
v -6.408228 31.465414 -1.093349
v 17.689077 30.204782 -1.069946
v -8.451503 28.558023 -0.999346
v -9.572254 28.768812 -1.100903
v -0.416725 31.231482 -1.109963
v -0.187679 31.472336 -1.072548
v -9.797365 29.177746 -1.074596
v -8.501616 28.867962 -1.085718
v -2.613746 32.538284 -1.092926
v -1.994708 32.440704 -1.147750
v -4.556655 30.807920 -1.079038
v -4.377356 30.997469 -1.076464
v -4.707393 31.254505 -1.087012
v -9.642721 30.200495 -1.142180
v -10.175657 27.543348 -1.084399
v 16.246902 31.768934 -1.073798
v -8.293032 29.267897 -1.066708
v -9.796418 27.184433 -1.058922
v 16.211586 31.944035 -1.083709
v 0.061463 30.555412 -1.084899
v -7.844560 30.880268 -1.150040
v 0.023062 30.816059 -1.104115
v -7.698938 31.257921 -1.168319
v -0.130822 30.991001 -1.092223
v -4.160350 30.866323 -1.113243
v 10.023977 34.739410 -1.120680
v -9.669890 27.896135 -1.098312
v -4.081223 31.078150 -1.102464
v -8.308575 29.680502 -1.097627
v -2.755193 31.343330 -1.119779
v -2.524426 31.163467 -1.091779
v -9.329583 27.927546 -1.059596
v -9.133963 27.714445 -1.068222
v -11.249429 27.063015 -1.143863
v -4.181094 31.194439 -1.103077
v 16.418314 33.563137 -1.086579
v 9.245678 34.800579 -1.084796
v -10.329812 26.999905 -1.074337
v -10.786284 28.269464 -1.096135
v -3.666365 30.593290 -1.057200
v 14.087202 33.909752 -1.051911
v 9.042038 35.605423 -1.063373
v 14.556686 34.010120 -1.114497
v -3.350162 31.108677 -1.101157
v -3.323545 31.283884 -1.110370
v -10.182541 27.976171 -1.095350
v -3.456625 31.472038 -1.115623
v -1.272890 31.178450 -1.075729
v -1.042525 30.883097 -1.073908
v -10.150016 28.240210 -1.112841
v 9.382828 35.229736 -1.095229
v 10.204532 35.066669 -1.071205
v -10.409568 27.761477 -1.086719
v -10.252068 28.604845 -1.106173
v -7.216946 31.396873 -1.037074
v -3.079844 31.569387 -1.104073
v -3.163259 31.708147 -1.066489
v -3.212958 31.859459 -1.098440
v 17.377100 28.063118 -1.049412
v 14.029447 34.288895 -1.082729
v -3.007573 31.754465 -1.046874
v -3.159151 32.108063 -1.085360
v -2.938232 32.026051 -1.062174
v -10.171909 28.740917 -1.111803
v -0.823761 31.039104 -1.090156
v -1.086228 31.296597 -1.079294
v -6.668512 32.036156 -1.111757
v 10.411418 35.311237 -1.079858
v -0.642950 31.115179 -1.127502
v -9.309965 28.068052 -1.092061
v 17.768806 29.862303 -1.090331
v -4.974187 30.807623 -1.057696
v -3.454127 32.385414 -1.080106
v -4.918741 30.970182 -1.034363
v -9.139719 28.452185 -1.081534
v -4.762136 31.113543 -1.040899
v 17.695833 30.791948 -1.106090
v -3.160524 33.022995 -1.130236
v 17.854488 30.046093 -1.107428
v -0.558308 31.505659 -1.123240
v -9.531792 29.114912 -1.137944
v -0.654011 31.901932 -1.126617
v -0.413831 31.550783 -1.101215
v 16.598673 31.992022 -1.076744
v -8.552394 29.157339 -1.119398
v 16.714481 32.175205 -1.075329
v -9.583956 29.351711 -1.113884
v 12.717924 33.408783 -1.085862
v -1.772282 32.476551 -1.128850
v -8.606647 29.630917 -1.108716
v -1.986895 32.733494 -1.072418
v -1.734500 32.770840 -1.113443
v -2.732547 33.045132 -1.097740
v -2.359230 33.303940 -1.083125
v -1.790476 32.965900 -1.112508
v 17.186487 32.759960 -1.098221
v -9.552764 27.530746 -1.084649
v -3.558963 31.203684 -1.093574
v -4.424246 31.207390 -1.096923
v -0.549874 30.678005 -1.063528
v 0.131528 30.400709 -1.019961
v 9.924394 33.790642 -0.951422
v 17.209267 28.072165 -0.990312
v 17.364756 30.991619 -1.074419
v -2.629408 31.165884 -1.108386
v 0.161587 30.589968 -1.024529
v 0.214724 30.729836 -1.020036
v -7.362214 31.050760 -1.015458
v -9.633557 27.689663 -1.051413
v 17.330353 28.559523 -1.045454
v -9.573311 27.832603 -1.121062
v -9.447390 27.645519 -0.980366
v -2.901356 31.991043 -0.985831
v 17.553358 31.352074 -1.053868
v -4.026267 31.239384 -1.038139
v 17.687212 31.360132 -1.027126
v -6.523167 31.317196 -0.996183
v -9.011333 27.862558 -1.059492
v 15.231610 33.107685 -1.025803
v -5.948943 31.499571 -1.055545
v 14.892683 33.575996 -1.064442
v -10.932411 25.929428 -1.032042
v -6.925632 31.851835 -1.034009
v 1.471213 30.884232 -1.000825
v 10.553636 34.879452 -1.054385
v -5.780807 31.814449 -1.081274
v 17.768553 31.725651 -0.997918
v -2.988711 32.918243 -1.023984
v 1.760468 30.905878 -1.048627
v 8.345448 33.873344 -0.996521
v 9.020388 34.981541 -1.000936
v -1.939355 32.925304 -1.016469
v 10.478120 35.107197 -1.014513
v 17.618324 29.360441 -1.017859
v -4.815938 30.671177 -1.003661
v -9.010932 28.161068 -1.051876
v 17.390762 33.185059 -1.030007
v -4.567416 30.708969 -1.036998
v 16.365211 26.092754 -1.015926
v -9.205518 28.154598 -1.086029
v -4.088224 30.635450 -1.038338
v -3.245916 32.950401 -1.002021
v -9.458751 28.992573 -1.098426
v -10.909708 27.118221 -1.034163
v 16.591942 33.197311 -1.063077
v 13.515233 33.581558 -1.049105
v -8.815104 29.331926 -1.040893
v 12.179898 33.904579 -1.020524
v -8.874269 29.169758 -0.941423
v -8.810708 29.535452 -0.997364
v 9.429547 34.662045 -1.060975
v 12.575445 33.885338 -1.020404
v -0.793122 30.665541 -1.050617
v -10.043163 27.185347 -1.060163
v -10.152270 27.366850 -1.085337
v 13.925752 34.054008 -1.063544
v 14.357441 33.980324 -1.036266
v -2.264801 30.873842 -1.047265
v 10.628880 33.761349 -1.006892
v 16.374386 31.735250 -1.033326
v 10.638090 33.927776 -1.022175
v -3.845189 30.890543 -1.047274
v -3.934309 31.067789 -1.084722
v 9.810908 34.718678 -1.037228
v -11.433398 26.093893 -1.015170
v 16.453690 31.813202 -1.098421
v -9.956495 27.374395 -1.063251
v -0.077341 30.460905 -1.037540
v 9.846581 35.072456 -1.082147
v 14.478527 33.783474 -1.035636
v -0.167672 30.701166 -1.039329
v -4.196394 31.248846 -1.037216
v -8.022423 30.034813 -1.072699
v 16.736120 31.209345 -1.071188
v -7.961874 30.227917 -1.058226
v -3.833418 31.272757 -1.036081
v -3.587751 30.923590 -1.073955
v -1.430350 30.993454 -1.052171
v 16.697441 31.461809 -1.076584
v 0.076388 30.878410 -1.050487
v 0.243394 31.119154 -1.028646
v -9.188053 27.450129 -1.015698
v -3.139640 31.074280 -1.062235
v -4.178896 30.460831 -1.052624
v -9.212511 27.884441 -0.996736
v 15.076616 33.590199 -1.047227
v -4.176801 30.734018 -1.020616
v 17.549013 28.067774 -1.100671
v -0.779573 30.875526 -1.079329
v -1.147254 31.017710 -1.076107
v -3.157187 31.477865 -1.114704
v 0.177198 31.775755 -1.044668
v 17.284403 28.984379 -1.024332
v -3.410818 32.045158 -1.141346
v -0.598971 30.844448 -1.052492
v -0.265304 30.606575 -1.079071
v 0.529360 31.393404 -1.030656
v -3.021954 30.637474 -1.007278
v -0.125033 30.543650 -1.028304
v 16.730927 31.738400 -1.032414
v -9.888538 28.005741 -1.068713
v -0.437418 30.904564 -1.072215
v -10.470460 26.647797 -1.030592
v -0.308252 30.802700 -1.051477
v -10.209979 28.446999 -1.033104
v -10.695773 26.628241 -1.035108
v -0.556732 30.362827 -0.997000
v -10.565435 26.287680 -1.049005
v -0.208021 31.279892 -1.079313
v -0.261040 30.311384 -1.010966
v 15.952077 33.370914 -1.055442
v -0.726403 30.489403 -0.989757
v 16.241798 33.630165 -1.076425
v -11.119990 26.909552 -1.100461
v -2.739710 32.303028 -1.103905
v 17.641802 28.856207 -1.021732
v -10.953043 26.544180 -1.057173
v -0.093241 31.667763 -1.083293
v 17.285994 32.175232 -1.058372
v -8.970285 28.432350 -1.083142
v 8.411233 33.599636 -1.027526
v -11.044056 26.961393 -1.047239
v -9.637572 28.920639 -1.102545
v 12.995557 34.233883 -1.020919
v -9.610711 29.118134 -1.098918
v 13.396996 33.686150 -1.031444
v -6.324875 31.615765 -1.023068
v -2.339350 33.045712 -1.047396
v 13.712952 33.705048 -1.037009
v 16.971371 26.865711 -1.079994
v -10.721851 27.045015 -1.016530
v -9.062117 29.538382 -1.073412
v 8.508238 33.961529 -1.040410
v 17.981689 29.142494 -1.055105
v -5.775073 33.157734 -1.103344
v 17.141779 29.634962 -1.016132
v 9.363593 34.265121 -1.066671
v 17.334000 29.391039 -1.022516
v -10.515122 27.417267 -1.059756
v 17.436607 29.758621 -1.047260
v 17.797276 29.283245 -1.072738
v -4.382986 31.393028 -1.086338
v -11.220338 27.473032 -1.070847
v -10.951223 27.448744 -1.072879
v 9.077455 34.632511 -1.023787
v 14.439964 33.485096 -1.017231
v 17.161467 30.341414 -1.035546
v -10.892235 27.619654 -1.019569
v 17.582281 30.381468 -1.088851
v 12.429470 33.366383 -0.994430
v 8.303885 34.621868 -1.017782
v -5.666387 34.659924 -1.183328
v -6.780807 35.402519 -1.180967
v 8.563688 35.691624 -1.049866
v 16.776258 29.028225 -1.006450
v -10.854008 27.251421 -1.006527
v -10.384649 26.795439 -0.999812
v -1.309363 30.435740 -0.971243
v 10.443648 33.609608 -0.959146
v 10.668518 33.584747 -0.961648
v -9.934475 26.634481 -0.991442
v 11.793859 33.730041 -0.988699
v -10.456062 27.364618 -0.932653
v -10.106616 27.033148 -0.999372
v -10.685666 27.419157 -1.011834
v 3.577119 29.753109 -1.001304
v -6.797589 31.757399 -0.905525
v 17.523554 30.567564 -0.986683
v 13.543474 33.929081 -1.013553
v -9.436260 27.233116 -1.035707
v -8.097493 29.104364 -0.963086
v -9.120961 27.265823 -1.020969
v 12.626421 33.414139 -0.993679
v -5.196770 31.573183 -1.052358
v -7.784899 29.139420 -0.889918
v -7.700804 29.230942 -1.005115
v 16.813408 31.349699 -0.972745
v -8.016017 29.500118 -1.028444
v 8.635076 32.053360 -0.954038
v 17.155243 26.836123 -0.995257
v -10.515225 25.354029 -0.992487
v -9.162012 27.621086 -0.973950
v -7.769992 29.841551 -1.006961
v 1.559932 31.051460 -0.981276
v 1.823831 30.869133 -0.954176
v 17.507839 31.250963 -0.989454
v 17.649441 31.376644 -0.930809
v 14.588928 33.218395 -0.958505
v 8.245409 32.821514 -1.026056
v 17.128544 31.599741 -0.983490
v -8.810088 28.133955 -1.037516
v 8.559343 33.392254 -1.036203
v 17.377645 31.603987 -0.983524
v 17.172876 28.292028 -0.983828
v -4.717015 30.572420 -0.971944
v 17.356390 28.410566 -0.981807
v -4.354519 30.607821 -0.996090
v -4.165464 30.541189 -0.949839
v 17.500517 33.023746 -1.002398
v -3.734591 30.699852 -0.994613
v 17.500168 28.135782 -0.973255
v -3.290454 30.841629 -1.026974
v 17.608591 28.503620 -0.962961
v 16.918242 29.825499 -0.985667
v 0.830687 31.129274 -0.990514
v -10.816183 27.060860 -0.954653
v 8.418558 30.706480 -0.959139
v -8.828300 29.356541 -0.958526
v -1.285025 30.556484 -0.992953
v -10.256510 26.768343 -1.032521
v 15.918424 30.676943 -0.899457
v 16.676590 30.299736 -0.962016
v 3.387520 29.610048 -0.990205
v 11.490209 33.973370 -0.998050
v 0.826904 31.414492 -0.973756
v 11.705997 33.946854 -1.020815
v -10.312411 27.245844 -0.999035
v 11.315990 34.166145 -1.010384
v -11.366354 25.754234 -1.000802
v -10.130695 27.308689 -0.979424
v 12.511685 33.514767 -1.012316
v 0.536734 30.914471 -0.977733
v -7.168031 31.860428 -0.945172
v -7.113747 31.306881 -1.048708
v -7.133473 31.504038 -1.091189
v -7.472491 30.529463 -0.931161
v 13.411608 33.169544 -1.010558
v -7.804047 30.730791 -1.084015
v 17.793297 27.536621 -0.988260
v -6.133933 31.457603 -0.964154
v -6.823336 31.544559 -0.995486
v 10.801312 33.892845 -0.985176
v -9.596477 27.344746 -1.035875
v 9.535307 34.434307 -1.029906
v 16.883427 27.930065 -0.955006
v 9.902361 34.501575 -1.000511
v 10.913700 34.444599 -1.008441
v 10.068602 34.856522 -1.060274
v 8.382299 32.436600 -1.016715
v -9.417723 27.488657 -1.054064
v 17.437046 27.184877 -0.968305
v 9.947784 34.670479 -1.026258
v 10.639299 34.511936 -1.014039
v 8.197355 33.054630 -0.999973
v -10.797940 25.339973 -1.006528
v -2.718547 31.005022 -1.054179
v -10.139004 28.348890 -1.016261
v 13.196332 33.716660 -0.975245
v 12.847487 33.881306 -1.026245
v -9.512405 28.185726 -1.053261
v 13.181146 33.915348 -1.018483
v 12.372016 33.956482 -0.980715
v -2.222286 30.429804 -0.973461
v -9.565659 28.819504 -1.002451
v -1.911712 30.648748 -1.012881
v -9.050560 29.270155 -1.024448
v 1.364731 30.676445 -1.003925
v 13.440580 33.783508 -0.989871
v -4.551490 30.749453 -0.984235
v -4.527420 30.978695 -1.034809
v -1.669593 30.749075 -1.020389
v -4.691939 31.151289 -0.964117
v 13.822249 33.984077 -0.985834
v -4.391722 31.165825 -1.035269
v -10.696431 25.699352 -1.001951
v -4.333076 30.812702 -1.019245
v 7.953778 32.115944 -1.018623
v -10.086609 26.210903 -0.991099
v -10.289939 26.518736 -1.025808
v 14.049671 33.710716 -1.026089
v -4.005071 31.018785 -1.007501
v 14.673995 33.588917 -1.025508
v -3.477486 30.916506 -1.039473
v 16.947895 30.900892 -0.976964
v 17.076262 28.771282 -0.998231
v 7.558375 32.370762 -1.005014
v 16.931536 31.230970 -1.004550
v 15.700750 33.264153 -1.037587
v 17.407621 30.973837 -0.957515
v 17.572685 28.750383 -0.992742
v 17.749737 28.995979 -0.996928
v 17.532999 29.153555 -0.980123
v 17.498808 29.209700 -1.039791
v 16.867016 31.773064 -0.993791
v 17.697781 29.138630 -0.957820
v 7.862286 32.966583 -1.029659
v 16.675947 29.614311 -0.996233
v 17.777601 31.474947 -0.995409
v 16.932310 32.370968 -1.005015
v 7.426482 32.864925 -0.978945
v 1.160325 31.077560 -0.958910
v 11.291327 33.975338 -0.990948
v -1.224773 29.914906 -0.890977
v -11.974852 25.387918 -0.955797
v -0.878395 29.900520 -0.898858
v 11.937954 33.892845 -0.980396
v 12.037930 33.786087 -0.925220
v -10.340255 27.442646 -0.926034
v -2.581513 31.889944 -0.932015
v 12.423450 33.910076 -0.956758
v -0.904504 30.258629 -0.979166
v 17.355425 30.510166 -0.961331
v -9.265983 26.722311 -0.882114
v -0.666322 30.134497 -0.930466
v -7.202325 31.037573 -1.010145
v -2.765788 32.011173 -0.847946
v 12.726115 33.644165 -0.945888
v -8.176543 29.368347 -0.930341
v -8.038704 29.281309 -0.902238
v -7.514518 29.348917 -0.921415
v 12.653520 33.905495 -0.912657
v -11.374588 25.251842 -0.956217
v 3.303668 30.016233 -0.928128
v 10.439488 33.998833 -0.916843
v 5.710954 31.268360 -0.953932
v 14.071161 33.936886 -1.008170
v -8.800077 28.047939 -0.934184
v -10.215305 25.218788 -0.945366
v 16.351940 25.987412 -0.919034
v 17.436857 30.792648 -0.897692
v 17.254217 31.154005 -0.949287
v -7.273619 26.982914 -0.904341
v 17.312437 31.460135 -0.954461
v -8.083147 27.279943 -0.988616
v -8.131307 27.509060 -0.897975
v -7.454006 29.571123 -1.031173
v 8.939636 30.733166 -0.937759
v 8.940073 30.733994 -0.937759
v 9.023418 30.787699 -0.956516
v 12.412890 33.234314 -0.966794
v 11.872637 33.315723 -0.932888
v -3.062079 32.133102 -1.003496
v 10.312066 33.544231 -0.918449
v 10.302177 33.029327 -0.943377
v -3.234313 30.323685 -0.965159
v 12.764791 33.359409 -1.003100
v 12.978605 33.395576 -0.994956
v 12.803220 33.431702 -0.917763
v 8.457722 33.609966 -0.941380
v -2.810584 30.062202 -0.943635
v 17.662613 28.942417 -0.932602
v 17.549650 29.294052 -0.934342
v -2.229248 29.734732 -0.921728
v 14.342087 32.902050 -0.942876
v 15.926191 32.534798 -0.939282
v 9.780840 34.101467 -0.945337
v -2.892404 31.739071 -0.986911
v -2.740680 31.844433 -1.052601
v -12.758745 24.538948 -0.934050
v -1.340337 30.189346 -0.931271
v 9.886192 33.908222 -0.939029
v -8.335043 29.046717 -0.899168
v 16.638535 30.755726 -0.976050
v 1.915476 30.512091 -0.972652
v -10.600811 27.184834 -0.986539
v -10.355602 27.122200 -0.938503
v 10.872277 33.937996 -0.955006
v 16.206280 29.899490 -0.913102
v 2.131903 30.643888 -0.984250
v 1.242928 30.130497 -0.985421
v 11.585704 34.084190 -0.945306
v 1.137911 31.200287 -1.009174
v -9.588539 26.914284 -1.000767
v 8.641438 32.462585 -1.005054
v 11.826487 34.328667 -0.948432
v 11.043913 33.370052 -0.940693
v 2.750623 30.570322 -0.980734
v -9.366531 27.270685 -0.936330
v 12.083708 33.553425 -0.968544
v 10.452433 34.123070 -0.949388
v -0.523877 30.210735 -0.982345
v 10.767399 34.059628 -0.941821
v 0.525041 30.272844 -0.980519
v -8.990270 27.640379 -0.971523
v 1.301170 31.062233 -0.980735
v 1.431667 30.888430 -0.920713
v 9.929063 34.466301 -0.961713
v 1.772784 31.107788 -0.980688
v -7.561254 30.851980 -1.026940
v 10.783192 33.429985 -0.932770
v 1.373233 31.581964 -0.954956
v 16.644712 26.137585 -0.986901
v 16.538273 26.210659 -1.022265
v 12.473824 33.542244 -0.888272
v -8.512390 28.303268 -0.899247
v -6.917425 31.122599 -0.969016
v 12.802384 33.538841 -1.008091
v -6.471020 31.258602 -0.922265
v 16.270901 26.652983 -0.929543
v 9.047914 33.618881 -0.944587
v -6.164969 31.414473 -0.997676
v 16.806522 26.524214 -0.962941
v -3.915661 30.672895 -0.982137
v 0.960189 30.518242 -0.948211
v -4.254936 30.751730 -0.963626
v -5.934349 31.254257 -0.840981
v 16.708515 26.111197 -0.925704
v 0.800038 30.689425 -0.957116
v 16.225477 30.787283 -0.945441
v 12.844773 33.726772 -0.942319
v 12.514456 33.678989 -0.893637
v -6.500621 31.717470 -0.955610
v -3.341776 30.520992 -0.987978
v -6.044068 31.585346 -0.995220
v 16.958054 26.818060 -0.951451
v -10.681767 25.481539 -0.997770
v 2.088141 30.955978 -0.986758
v -10.229172 25.859171 -0.975668
v 3.479241 30.680950 -0.998687
v 16.773409 31.155228 -0.979535
v 16.953064 27.135521 -0.985442
v -4.362529 31.100229 -0.979978
v 4.041607 30.764956 -0.949304
v 17.137911 31.076326 -1.003042
v 16.372425 28.142845 -0.964106
v 2.723638 31.045811 -0.971376
v 8.397825 30.484289 -0.944135
v 17.057764 31.196400 -0.955814
v 17.398466 31.173296 -1.008648
v 16.486580 31.860800 -0.973019
v 16.772890 27.710732 -0.964083
v 17.091688 27.082447 -0.934861
v 17.083689 27.526798 -0.986480
v 16.029470 31.923748 -0.959943
v 8.945524 30.729633 -0.939327
v 17.212168 27.757803 -0.983222
v 13.960809 33.197502 -0.973636
v 14.127094 33.339333 -0.979858
v 17.314266 32.962490 -0.976593
v 17.366386 27.715740 -0.955866
v 14.669873 32.909035 -0.937217
v 17.383724 28.092613 -0.949194
v 7.163434 31.920996 -1.000161
v 16.795946 28.422092 -0.981253
v 17.205727 28.591885 -0.929140
v 17.433678 28.748734 -0.986528
v 17.477306 28.324932 -0.924069
v 16.529524 32.572815 -0.973092
v 7.503745 31.512657 -0.960454
v 7.865164 31.804249 -0.969965
v 16.533695 29.872946 -0.930665
v 17.581818 28.913845 -0.993692
v -13.468455 21.618107 -0.767188
v 10.614652 35.293007 -1.060669
v -13.010248 24.558273 -0.977789
v 10.161961 35.882545 -1.079282
v 1.325102 32.216885 -0.943306
v -3.159172 34.366096 -1.095108
v 4.936213 31.158642 -0.926594
v 7.641457 35.090321 -1.044603
v -5.556845 31.175766 -0.860295
v -8.309117 27.157930 -0.866809
v -4.460218 30.726421 -0.891015
v -11.509709 23.906565 -0.881793
v 10.109668 32.537285 -0.901141
v -7.139234 26.975697 -0.898624
v -9.551626 24.967278 -0.860954
v -7.783247 27.023520 -0.883497
v -10.035944 25.554890 -0.881650
v 15.768124 28.770458 -0.880419
v 17.162937 28.052933 -0.882910
v 0.526217 29.591242 -0.884444
v 15.859920 29.981997 -0.888582
v -2.016356 29.661175 -0.911288
v -1.883914 29.732639 -0.905333
v 10.490246 33.940849 -0.882467
v 10.585890 33.779079 -0.913612
v 17.570980 28.774607 -0.888454
v -7.175159 28.564743 -0.929845
v -10.892957 24.711256 -0.911082
v 17.605410 29.137022 -0.874746
v 9.104454 32.705383 -0.877963
v -10.404438 24.649937 -0.893497
v -10.171922 25.017670 -0.913922
v 8.748237 30.733965 -0.900843
v 8.940393 30.732979 -0.894267
v 16.923189 27.153332 -0.855967
v 9.260889 30.781221 -0.916935
v 16.837101 27.263624 -0.882036
v 0.935899 31.362644 -0.853166
v 11.723212 32.777317 -0.864805
v 17.183611 27.628162 -0.910058
v 4.182166 29.702404 -0.933192
v -10.568894 27.421228 -0.873904
v 16.891455 31.256464 -0.881194
v -7.534785 29.571419 -0.871309
v -6.434204 31.377605 -0.918896
v -6.386476 31.203123 -0.855982
v -6.172041 31.326326 -0.893216
v 13.057420 32.860367 -0.940115
v 16.124680 31.411337 -0.949771
v 16.443869 31.061489 -0.909635
v -9.216545 27.352753 -0.927333
v 16.922693 31.690294 -0.887646
v -6.226435 31.405043 -0.856258
v 17.010216 28.139296 -0.900097
v -4.433560 30.410700 -0.948400
v 17.227295 28.296499 -0.920624
v -7.466696 26.871986 -0.836925
v -5.232219 31.115499 -0.932696
v -8.152583 27.206781 -0.909301
v -7.959046 27.456558 -0.885996
v 17.425083 28.522648 -0.921370
v -4.912302 30.750582 -0.899784
v 1.579671 30.174585 -0.963375
v -9.548810 25.208803 -0.886096
v 16.300632 27.484680 -0.934601
v -9.779059 26.250818 -0.941274
v 9.463232 33.195778 -0.901432
v 1.967649 29.710909 -0.906434
v 17.537876 28.978741 -0.901203
v -7.845811 28.853445 -0.857348
v -8.002169 29.015770 -0.845169
v -8.309492 29.203947 -0.966245
v 5.778764 30.337412 -0.905400
v 11.368835 34.123894 -0.958845
v 8.421775 31.855703 -0.952272
v 8.544889 30.788176 -0.939359
v -7.784684 29.421719 -0.896479
v 1.595029 30.748854 -0.966530
v 12.182284 33.835213 -0.935576
v -7.741990 28.987534 -0.901881
v 9.271128 31.005747 -0.887839
v 16.060762 28.626411 -0.904884
v 9.122527 31.182405 -0.853607
v -2.599964 30.350376 -0.948520
v 12.059856 34.004253 -0.923952
v 8.432035 30.330595 -0.928121
v -2.024648 29.781712 -0.915706
v 8.589453 30.573229 -0.907335
v 15.766412 29.241673 -0.892343
v 8.940073 30.733166 -0.894541
v -7.350708 29.434469 -0.913211
v 16.265972 29.107769 -0.962543
v 10.727818 32.805466 -0.896382
v 16.669653 31.119738 -0.904689
v 9.811765 31.644157 -0.848708
v 12.269444 33.043121 -0.909531
v -11.470961 24.726212 -0.896508
v -1.556952 29.840925 -0.904956
v -2.086199 29.981890 -0.898791
v 0.759934 31.553740 -0.914910
v 17.343836 31.415915 -0.907507
v 0.986213 31.493568 -0.929532
v -2.205934 30.309338 -0.953247
v 9.560842 32.431747 -0.880294
v 16.925783 31.910210 -0.897371
v 17.622938 31.599234 -0.890594
v 3.522188 29.572392 -0.928667
v 17.518875 31.737400 -0.975700
v 12.180181 33.559330 -0.921386
v -10.897959 24.363678 -0.894392
v 6.172781 31.219355 -0.924633
v -1.219483 29.771986 -0.899535
v 9.689645 33.573753 -0.918904
v -0.912682 30.103785 -0.923543
v -10.496945 25.039482 -0.956105
v -10.924649 25.073921 -0.944048
v -0.036357 30.026579 -0.954817
v 2.670120 30.250952 -0.922924
v 15.750261 31.052343 -0.896301
v 6.774954 31.104403 -0.938898
v 10.728051 33.147472 -0.908781
v 3.380888 30.523203 -0.977814
v 3.712352 30.103563 -0.940245
v 10.285565 34.083820 -0.939635
v 4.513986 30.006969 -0.910065
v 16.780104 27.060347 -0.885624
v 10.509551 34.015587 -0.987555
v 16.535089 25.387461 -0.880749
v 16.534832 25.928482 -0.907923
v 16.732817 26.352049 -0.923579
v 4.985456 30.386112 -0.925597
v 16.679619 26.917656 -0.944236
v 16.049269 26.992472 -0.901978
v 1.395969 30.578808 -0.931579
v -12.661564 22.137444 -0.843094
v 7.764185 30.632326 -0.851533
v 10.701573 33.545506 -0.843960
v 17.030516 28.556076 -0.911547
v 16.923376 28.334015 -0.813082
v -8.462661 27.082556 -0.879815
v -2.976456 32.177265 -0.865412
v 10.652534 33.671642 -0.913507
v -7.932274 27.056849 -0.869067
v -11.898972 23.908247 -0.854539
v -11.583648 23.930128 -0.826342
v -11.259410 24.209520 -0.873478
v 8.790160 30.534269 -0.850430
v 16.472952 26.035889 -0.872510
v 12.118465 32.839630 -0.840488
v -9.959236 22.648735 -0.808165
v 9.149820 31.419781 -0.854610
v -9.829303 22.461769 -0.853570
v -9.276421 27.185467 -0.897321
v -8.039044 28.644657 -0.815518
v -9.249733 27.351444 -0.817215
v 9.862256 31.161200 -0.814929
v -7.480951 28.317766 -0.854434
v -9.077138 27.356821 -0.920613
v -7.707880 28.727800 -0.878572
v 10.074907 31.190878 -0.811507
v -9.639853 24.962200 -0.808296
v -8.228874 28.972246 -0.910520
v 10.667342 31.085285 -0.813747
v -3.212656 29.955679 -0.907428
v 10.910769 31.260090 -0.860808
v -8.267095 29.312565 -0.834277
v -9.050013 27.482224 -0.836600
v 16.415459 30.759392 -0.846930
v -7.560122 29.175232 -0.888701
v 10.035819 31.701136 -0.823846
v 17.052902 27.020281 -0.775512
v -2.017304 29.360699 -0.863470
v 10.307505 31.979925 -0.854122
v -7.100374 28.246502 -0.821225
v 16.767342 27.439833 -0.859077
v 16.919872 27.595526 -0.887411
v -6.818120 28.627800 -0.877215
v 16.972216 27.389374 -0.899016
v 10.563160 32.269733 -0.860063
v 15.662842 32.068520 -0.877502
v -2.395064 29.736708 -0.888249
v -7.790068 29.659351 -0.874792
v 11.859662 33.703106 -0.866971
v 11.846765 33.899044 -0.886422
v -6.523286 31.008667 -0.869424
v 5.908310 29.762707 -0.868018
v 15.617347 27.209702 -0.830966
v 7.185612 31.326744 -0.953331
v -9.916226 25.209259 -0.938065
v 17.285717 28.499956 -0.887195
v -3.683216 30.274673 -0.884402
v -8.152813 27.334135 -0.885160
v 17.540087 28.525240 -0.948918
v -12.080123 23.132711 -0.830285
v -3.625264 29.869068 -0.835355
v -9.436089 25.317713 -0.846810
v 15.551350 32.630684 -0.838408
v -2.953392 29.744385 -0.883457
v 3.118905 29.424381 -0.889928
v 15.539930 32.781353 -0.939591
v 12.297537 33.729080 -0.878031
v -12.016686 24.289429 -0.856304
v 6.350640 30.703207 -0.917919
v 11.114664 32.863522 -0.896859
v -9.229907 27.080013 -0.914818
v 12.530343 33.885979 -0.898584
v 15.379346 28.264240 -0.854343
v -9.443188 27.334452 -0.970501
v -9.282359 27.576790 -0.953384
v 12.485970 32.795364 -0.894797
v 15.865260 28.090948 -0.877597
v 16.806986 31.619467 -0.905627
v 11.528684 33.323399 -0.914012
v -8.033385 28.829130 -0.806567
v 16.655970 31.911940 -0.890955
v 8.926513 30.602472 -0.904960
v 9.260505 30.547602 -0.867258
v 15.412217 29.093670 -0.824235
v -7.560991 28.852821 -0.886919
v 9.055410 30.898207 -0.882683
v 4.828288 29.520975 -0.906519
v -11.929973 24.787422 -0.893487
v 12.359170 33.433708 -0.926359
v 10.366883 33.834099 -0.933808
v 1.827159 29.436647 -0.891447
v -7.195013 28.910479 -0.893894
v -11.645254 24.403425 -0.881260
v 5.432243 29.449310 -0.844127
v 15.683727 25.405352 -0.858839
v 12.750533 32.995796 -0.876580
v -10.169438 22.392778 -0.892061
v -7.369600 28.813402 -0.800565
v 13.710345 33.224674 -1.010174
v 15.703455 30.567659 -0.842506
v -1.415033 29.590054 -0.886973
v 16.251173 30.842751 -0.859045
v 1.008109 29.414289 -0.870215
v 16.227455 25.493622 -0.888241
v 16.311106 31.069654 -0.846876
v 15.724331 31.929859 -0.843435
v -10.449584 24.211458 -0.863571
v 16.054100 25.927015 -0.895998
v 16.279867 30.645267 -0.857158
v 15.731522 26.376911 -0.841662
v 7.932779 31.449421 -0.863367
v 17.140955 27.428289 -0.881788
v -7.391016 30.089903 -0.871907
v -6.257070 31.227612 -0.896758
v 8.686432 31.543139 -0.865525
v 8.781243 31.872408 -0.869227
v 10.126654 31.081282 -0.845737
v 9.941871 31.298531 -0.827693
v 9.328092 32.827511 -0.884627
v 17.022997 25.289223 -0.956757
v 15.359844 25.611216 -0.775706
v 8.654296 30.307167 -0.855093
v -7.714684 28.943214 -0.783844
v 11.307299 32.692905 -0.860407
v -9.161895 26.556690 -0.677837
v 8.866741 30.387043 -0.815003
v -6.552440 31.062117 -0.818301
v -12.683064 22.594770 -0.817855
v -9.564069 23.562550 -0.764724
v -7.000590 28.798979 -0.764350
v -10.409806 23.861473 -0.796672
v -6.853231 29.094610 -0.901141
v 1.609432 29.165361 -0.864801
v 15.259878 29.690800 -0.807576
v 6.192424 30.268963 -0.907412
v 15.483649 30.149054 -0.816595
v 9.472820 31.333368 -0.829188
v -9.206636 27.589069 -0.846350
v 7.023951 30.383829 -0.796194
v -7.143206 30.299236 -0.734417
v -12.367384 23.846146 -0.799565
v -8.521493 26.250547 -0.786469
v -4.599946 30.606495 -0.907734
v -11.677713 23.394905 -0.795476
v 14.656021 27.845457 -0.792802
v -9.192652 25.244846 -0.754078
v -11.848316 23.719902 -0.814353
v 15.009809 33.053188 -1.011340
v -8.187789 26.404531 -0.801825
v -7.885750 26.358057 -0.805337
v -7.930806 26.430128 -0.816616
v 12.470185 33.692760 -0.783287
v 16.300377 30.636679 -0.790147
v -7.938945 26.765001 -0.785816
v -8.119620 27.036951 -0.804565
v -9.239472 25.303390 -0.841136
v -8.198426 26.898891 -0.781736
v 17.021858 27.488724 -0.802653
v -7.456127 26.906708 -0.771211
v 11.229458 32.371082 -0.784881
v -8.715132 25.824612 -0.796676
v -7.859392 28.927338 -0.874208
v -8.017019 29.051779 -0.734800
v -9.493538 26.512016 -0.900303
v -10.996336 23.628597 -0.823212
v 10.872677 32.150867 -0.811596
v -0.411146 29.421637 -0.828777
v 10.953448 32.496376 -0.869581
v 11.361241 32.451069 -0.831140
v 3.911720 29.144249 -0.845432
v -12.895440 22.808353 -0.822866
v -8.520954 26.145245 -0.850180
v 15.973799 24.318445 -0.797782
v 10.806182 33.796867 -0.839342
v -0.949073 29.162197 -0.810880
v 16.269075 25.382858 -0.843794
v 8.582376 30.171755 -0.811745
v 12.924277 32.514458 -0.757668
v 12.738518 32.758663 -0.868269
v -7.045993 29.194914 -0.940745
v 8.713861 30.389559 -0.801279
v -9.848947 24.570290 -0.811419
v -7.050007 30.843573 -0.873743
v 15.043818 27.606514 -0.761345
v -6.656485 31.331663 -0.910890
v -12.908830 23.550058 -0.851326
v -6.334109 31.069910 -0.829113
v -7.491609 29.471527 -0.775900
v -7.302941 29.541910 -0.859403
v -7.893848 26.933096 -0.814637
v -9.438097 25.110107 -0.842988
v -8.241724 27.045658 -0.838764
v 8.770773 30.641613 -0.836904
v 15.488100 31.049452 -0.820183
v -5.086041 30.952801 -0.918066
v -12.282801 22.861370 -0.818315
v -9.944563 25.589401 -0.861273
v -7.646735 26.896976 -0.828473
v 9.837716 30.792231 -0.816749
v -7.271958 29.793127 -0.878437
v -8.275475 27.973301 -0.795114
v -12.268441 23.123535 -0.829056
v -4.308795 30.365179 -0.859685
v 8.252713 31.116777 -0.885252
v -4.027982 30.049459 -0.830360
v 14.200116 33.079082 -0.847953
v 15.600392 24.260569 -0.806150
v 2.134193 29.137318 -0.848104
v 15.283445 30.529089 -0.815752
v 15.518862 30.385681 -0.791753
v 7.124749 30.734341 -0.808863
v 11.983788 33.830570 -0.868111
v -2.565711 29.164064 -0.821422
v 15.841269 24.739613 -0.872129
v -7.872564 28.603380 -0.762089
v 9.594403 31.557068 -0.838579
v 2.434710 29.691359 -0.891878
v 9.110901 31.851736 -0.856409
v 3.531285 28.912176 -0.803267
v 4.049534 28.816624 -0.818953
v 16.118710 30.582027 -0.844898
v -1.347134 28.972931 -0.834020
v 15.412919 24.842232 -0.834210
v 9.739281 32.055588 -0.859244
v -9.986476 22.335861 -0.813417
v -2.077916 28.892820 -0.812107
v 10.724094 31.465563 -0.790659
v -6.748401 28.278934 -0.807808
v 11.853307 26.675821 -0.802968
v -6.327177 31.159212 -0.790672
v -6.520860 28.632418 -0.811753
v 9.213233 30.348759 -0.742736
v 9.327677 30.441998 -0.806899
v 7.290969 29.336948 -0.763462
v 9.917522 30.220743 -0.794044
v -9.658431 23.390545 -0.743794
v 14.997722 26.327251 -0.756035
v 15.771451 22.771790 -0.787795
v 9.593907 30.760969 -0.833923
v -6.953228 29.874672 -0.711035
v 7.725148 29.928829 -0.778476
v -8.512030 25.830866 -0.744236
v -10.066715 24.289480 -0.742847
v 9.984218 30.991968 -0.751257
v 10.157310 31.075558 -0.771404
v -10.004269 24.497009 -0.726754
v 13.681716 32.841599 -0.822008
v -3.184569 29.403440 -0.759872
v 10.888347 31.419191 -0.785744
v -9.292195 24.853905 -0.749001
v 10.580221 31.718960 -0.801740
v -9.232841 25.075541 -0.789159
v -8.148298 26.782347 -0.793857
v 15.378890 32.379536 -0.642419
v -8.406874 26.896675 -0.787984
v -7.110090 26.873158 -0.817707
v 11.578280 32.065666 -0.779863
v 11.159378 32.225639 -0.738462
v -7.477946 28.655968 -0.855765
v 12.020838 26.037043 -0.756528
v 8.552590 30.052397 -0.793006
v -9.796065 22.805094 -0.764696
v 4.586699 28.990332 -0.806964
v 8.752104 30.219831 -0.816860
v -9.254254 27.067156 -0.848632
v -9.513608 23.258194 -0.740239
v -8.667481 26.841282 -0.778897
v -9.618221 23.745205 -0.834013
v -6.788939 31.059052 -0.879905
v 15.002544 28.601364 -0.741099
v -9.158764 27.279003 -0.843632
v 14.418516 28.803900 -0.797715
v 5.057880 29.228001 -0.847347
v -12.059667 22.455528 -0.779818
v -6.059968 31.213524 -0.835421
v 8.324833 30.548368 -0.845148
v -8.563210 27.528290 -0.772045
v -8.734454 27.753555 -0.888068
v -5.371727 30.619980 -0.642433
v -12.503716 22.847364 -0.764157
v 13.288594 32.603809 -0.808556
v -8.443919 26.046406 -0.806966
v -9.612950 24.649727 -0.781320
v -7.910023 26.103647 -0.750304
v -9.715293 25.320456 -0.810761
v -9.408720 25.218884 -0.766437
v 9.231977 30.579660 -0.778322
v -8.407633 26.586401 -0.757097
v 15.642428 31.577175 -0.833957
v 14.741269 23.580141 -0.788500
v 9.366244 30.905577 -0.812632
v 0.521952 29.167078 -0.808959
v 13.973236 32.925385 -0.836630
v -8.472935 27.096527 -0.679742
v 10.245482 30.397224 -0.761795
v -12.550367 23.033875 -0.837060
v -7.766494 26.773233 -0.850397
v 15.377425 32.149918 -0.704695
v -7.295259 26.802961 -0.804598
v -11.968009 22.919600 -0.824654
v -7.559902 27.058968 -0.811436
v 14.836255 29.123741 -0.733057
v 0.947752 28.950066 -0.775137
v -8.376049 27.802162 -0.842025
v -3.958712 29.917366 -0.846361
v 9.969543 30.539116 -0.735604
v 6.419960 29.167757 -0.737306
v -12.384752 23.351795 -0.794493
v 9.684219 30.628212 -0.787575
v -12.034581 23.310591 -0.781145
v 6.375486 29.614662 -0.764337
v -12.182797 23.785606 -0.822870
v -7.734616 27.650114 -0.787361
v -11.310691 23.438129 -0.774556
v 6.833624 29.839235 -0.774482
v 14.953068 30.207029 -0.760599
v -6.993517 26.996580 -0.810208
v -11.472346 23.831615 -0.823335
v 15.551128 29.638176 -0.818521
v -8.322124 28.328297 -0.903073
v 14.607059 27.407980 -0.790234
v 14.799918 26.826248 -0.763255
v -8.067516 28.501873 -0.751746
v 9.812581 30.975437 -0.788727
v -1.276758 28.563669 -0.784663
v -7.704127 28.155489 -0.826407
v 14.943471 23.990873 -0.794574
v 10.308372 31.442720 -0.786543
v 2.029062 28.629795 -0.765123
v 7.356085 30.294098 -0.827852
v 10.730191 31.171728 -0.795997
v 2.948796 28.896629 -0.797446
v 16.315008 30.557190 -0.792689
v 3.568854 28.250954 -0.741506
v 17.301752 27.434631 -0.784517
v 10.967193 31.741554 -0.764946
v 15.147957 27.140745 -0.806667
v 11.160133 31.824194 -0.803435
v 15.550910 26.616270 -0.770803
v 15.470306 27.667587 -0.796753
v 14.009299 27.868589 -0.771461
v 14.308470 28.135366 -0.775904
v 13.987300 28.514318 -0.818800
v 10.771298 31.472746 -0.868350
v -0.957402 27.831615 -0.705028
v 13.731863 27.402126 -0.760273
v -5.165057 30.501190 -0.695223
v 13.435398 25.417395 -0.738851
v 6.642838 27.843464 -0.744982
v -9.325725 24.878164 -0.627417
v -9.230508 24.989237 -0.687568
v 0.394513 28.659065 -0.735178
v 14.539412 25.369339 -0.754084
v -11.989777 21.708168 -0.732462
v 15.081969 23.055002 -0.722535
v 15.178111 29.466612 -0.724412
v 14.536637 29.943201 -0.733333
v -1.898920 28.504519 -0.744481
v -9.104571 24.783478 -0.727578
v -8.486276 24.537781 -0.717918
v -11.718639 22.997330 -0.780250
v -9.053765 25.065128 -0.737053
v 14.267416 24.977224 -0.706775
v -8.496121 23.819523 -0.694593
v 15.642903 30.448498 -0.732448
v -8.493068 24.801952 -0.710611
v 14.279909 29.369755 -0.722361
v 9.016336 29.551691 -0.663202
v 3.700870 28.273474 -0.733141
v 4.141240 28.449389 -0.736694
v 11.838905 32.411232 -0.809963
v -8.751313 25.725710 -0.671047
v 10.596533 30.615728 -0.735367
v 10.715947 30.849916 -0.807767
v 9.851651 30.700077 -0.719280
v -10.064782 24.158411 -0.687623
v 10.173124 30.931942 -0.657193
v -8.758133 26.055847 -0.782078
v -9.176967 26.156790 -0.706743
v 10.701688 30.996559 -0.689945
v -9.903398 23.943907 -0.742650
v 10.981824 31.201660 -0.730251
v 11.000254 31.148058 -0.662917
v -6.150613 28.551445 -0.667388
v -8.998161 27.447964 -0.939335
v -6.855943 30.594107 -0.669983
v -7.532812 25.775370 -0.763458
v 12.917926 25.683928 -0.730222
v 12.361853 27.264816 -0.720437
v 14.862344 24.825834 -0.715214
v 9.681428 30.178822 -0.729053
v 15.074726 29.091476 -0.790390
v -7.749406 26.915005 -0.721225
v -12.617108 22.105621 -0.746426
v 5.286294 28.757029 -0.726942
v 14.576851 29.732954 -0.727655
v 14.657429 30.032179 -0.679002
v -8.692650 24.739101 -0.712977
v 6.339612 27.744982 -0.702038
v 15.162873 29.722147 -0.718152
v 12.853374 27.565105 -0.741598
v 14.954221 29.789738 -0.760341
v 12.776826 27.865713 -0.761560
v -7.944038 27.589151 -0.597300
v -8.502901 27.689852 -0.741825
v 5.998301 29.040571 -0.747798
v 10.431122 30.964537 -0.742200
v -11.799954 21.165192 -0.718687
v 10.644876 30.923731 -0.747437
v -8.005429 27.994244 -0.746392
v 10.626028 31.070883 -0.760445
v 13.369216 27.286715 -0.716671
v -10.981823 20.724745 -0.717699
v -7.989441 27.403492 -0.802107
v 2.050956 28.136068 -0.746937
v -10.499663 20.481375 -0.730878
v 10.685740 31.299274 -0.728189
v 13.382355 27.866547 -0.742437
v 15.537931 30.222715 -0.783767
v -8.840824 25.711700 -0.755072
v -10.322280 23.607929 -0.717426
v 11.609903 26.029476 -0.728378
v 12.160056 32.590313 -0.714972
v 11.273705 26.524017 -0.742824
v -6.147593 28.026842 -0.774710
v 0.172720 28.976250 -0.794163
v 13.775032 25.439959 -0.747135
v -1.300220 28.018652 -0.722687
v 13.716492 32.619682 -0.771808
v -9.351463 23.776003 -0.733924
v -10.039079 24.230646 -0.793614
v -0.575992 28.826447 -0.773764
v 15.240191 23.005247 -0.706630
v -6.204975 28.254753 -0.732111
v 7.591652 29.199409 -0.747970
v -9.226315 23.948193 -0.734846
v 14.325752 25.780457 -0.755892
v -6.538714 28.981157 -0.744647
v 7.755245 28.844833 -0.737664
v -0.200661 28.872980 -0.762009
v 15.524943 23.623236 -0.752488
v -7.603570 29.613901 -0.760620
v -7.744409 26.247753 -0.756181
v -7.875009 26.444241 -0.730886
v 6.529192 29.358173 -0.709157
v 13.939339 25.913288 -0.758658
v 14.215465 26.097296 -0.787502
v 1.602304 28.479231 -0.742334
v 14.414853 26.251635 -0.736014
v 14.764234 25.821163 -0.771194
v 13.374210 26.192968 -0.747983
v 2.469529 28.602335 -0.789121
v 8.338819 28.978291 -0.730921
v 8.416868 29.409462 -0.755604
v 9.140118 30.203514 -0.796855
v 4.573503 28.285311 -0.718233
v 14.376577 26.792130 -0.748635
v 13.945937 26.375845 -0.709079
v 11.413353 26.864157 -0.654123
v 14.196993 27.186045 -0.751682
v 13.836634 27.715391 -0.739062
v 14.834226 28.352913 -0.762900
v 14.786230 28.852169 -0.795190
v 14.292544 29.082357 -0.751176
v -6.560525 30.892500 -0.725529
v -0.397365 28.131102 -0.712536
v 6.299050 27.383310 -0.607413
v 6.648924 27.592505 -0.725635
v 10.119720 29.989210 -0.607879
v -8.707656 23.810102 -0.674275
v 15.234389 21.298206 -0.670682
v 6.832992 27.654076 -0.740581
v -5.574464 27.270565 -0.677129
v 6.530260 27.783636 -0.679650
v 7.112350 27.839788 -0.680606
v 14.623953 29.452734 -0.719754
v 5.796306 28.716873 -0.693641
v -8.262136 23.149883 -0.673602
v -8.550609 23.189013 -0.687326
v -7.245318 27.064053 -0.690204
v 3.677253 28.034210 -0.705585
v -7.071810 27.468227 -0.638205
v 10.500283 30.385056 -0.657272
v 0.349525 27.877970 -0.651657
v -4.401611 29.966257 -0.633197
v -8.019294 24.900839 -0.718093
v -8.053864 24.928982 -0.662038
v -7.991785 24.929203 -0.675926
v -4.014986 29.709772 -0.677491
v -3.604132 29.513081 -0.732020
v 12.245966 32.348454 -0.717216
v 13.139277 24.790016 -0.705998
v -1.882253 28.080811 -0.677457
v -9.879959 22.395897 -0.721056
v -5.807547 28.345978 -0.747307
v 14.117130 32.776127 -0.834654
v 8.690594 29.347050 -0.648070
v 5.270586 28.110106 -0.702626
v 14.088956 24.544207 -0.682524
v 15.297894 31.119080 -0.671411
v 13.672873 24.936522 -0.697389
v 13.981093 22.189163 -0.698339
v -8.951432 25.494589 -0.659980
v 9.602650 29.818357 -0.714479
v -8.780888 25.453903 -0.723054
v 11.892582 25.509523 -0.682288
v -10.733521 23.445457 -0.712798
v 15.013538 32.637333 -0.734225
v 15.150268 23.190584 -0.744440
v 10.893086 26.435686 -0.651740
v 12.248693 25.153725 -0.639688
v -9.923780 22.783466 -0.706106
v 14.435900 24.209003 -0.658840
v -9.352063 23.096849 -0.689398
v -9.097444 27.015738 -0.664024
v -8.726476 23.125467 -0.723130
v -8.904662 23.007568 -0.683537
v -8.525786 23.622492 -0.678755
v -10.060434 24.649231 -0.754695
v -9.878595 24.212547 -0.686491
v -4.784350 26.051367 -0.690603
v 13.792161 26.736979 -0.720386
v 14.987786 29.275873 -0.771530
v 9.755200 30.048500 -0.732502
v -5.624002 26.783503 -0.694436
v 13.158340 26.907898 -0.731855
v 0.826263 28.136629 -0.720005
v 15.057351 29.467367 -0.686252
v 9.694537 30.523634 -0.726572
v 9.701630 30.712910 -0.719263
v -5.595937 27.593164 -0.727933
v -12.102284 19.822510 -0.703696
v -6.880363 26.301756 -0.694923
v 14.387168 21.636311 -0.687758
v 9.954918 30.779324 -0.702631
v -11.375136 19.740456 -0.701839
v 9.951002 30.619650 -0.651229
v -10.800620 20.255753 -0.706069
v 12.388300 27.442329 -0.687263
v 15.097356 29.963387 -0.703038
v -10.421673 19.606663 -0.678337
v 10.565704 30.756119 -0.678645
v -13.102934 17.390093 -0.698479
v 10.740594 30.698261 -0.688050
v 10.788457 30.746168 -0.680201
v 1.898499 27.618650 -0.674932
v 10.208261 30.809038 -0.710245
v -8.695181 24.982973 -0.715619
v 15.220894 29.781330 -0.708344
v -12.595895 20.230200 -0.698630
v -10.079636 20.052387 -0.696615
v -8.320008 24.296091 -0.675635
v 11.137958 31.479441 -0.650750
v 2.236558 27.539227 -0.684973
v -12.632965 20.804779 -0.692972
v 11.705176 31.835773 -0.647043
v -5.522666 26.158644 -0.699585
v 14.103868 26.463747 -0.666456
v -12.181136 20.243380 -0.695186
v -8.022216 24.973667 -0.667130
v -13.100192 18.245979 -0.717646
v 14.586809 22.100626 -0.689358
v -2.920359 29.492817 -0.812098
v -9.494825 25.481241 -0.718279
v -8.167286 26.839970 -0.709381
v 11.416742 25.641720 -0.694930
v -9.198769 25.792439 -0.668539
v -10.751449 20.821400 -0.720346
v 12.920282 28.214745 -0.668488
v -3.458920 29.508173 -0.664936
v 13.653839 28.316298 -0.768342
v 4.265222 27.952486 -0.679802
v -9.554666 25.927652 -0.683322
v -9.387413 26.037285 -0.687391
v 12.437101 26.214117 -0.742905
v -10.241285 20.534094 -0.694599
v -8.932543 25.940378 -0.708417
v 11.178356 25.824270 -0.659858
v 6.954076 28.942469 -0.719339
v -7.533606 27.381752 -0.748469
v -8.579539 26.156849 -0.756133
v -9.135315 26.331856 -0.661779
v 7.597145 28.544926 -0.691221
v -11.693769 20.755741 -0.709778
v -8.946808 26.388950 -0.673238
v 14.061571 28.850025 -0.702315
v -11.666164 20.849506 -0.664225
v -0.014948 28.330154 -0.711110
v -11.917953 20.990940 -0.715812
v 7.400420 28.940506 -0.716511
v -6.039297 31.030830 -0.672058
v 12.609852 25.489590 -0.724325
v -11.530678 20.849033 -0.688612
v -11.662603 20.967535 -0.733884
v -7.873242 27.575024 -0.696213
v 8.059946 29.018412 -0.714568
v 13.116189 24.052599 -0.692222
v -11.194107 21.080460 -0.733752
v 1.338590 27.978119 -0.718297
v -12.726000 21.172344 -0.682243
v -12.747134 18.472509 -0.696151
v 8.639422 28.899536 -0.704277
v -12.696128 21.638775 -0.671741
v -6.361787 26.552416 -0.713202
v 13.408826 24.578114 -0.636026
v -12.751898 21.978165 -0.741397
v 3.646485 28.459311 -0.756825
v -10.320139 23.313145 -0.668556
v 9.218307 29.727470 -0.729568
v 9.408258 29.879688 -0.708041
v -7.550302 26.025564 -0.674380
v 14.199201 22.809296 -0.715292
v 12.492151 26.501764 -0.679038
v -12.094185 18.682364 -0.701895
v 13.015854 26.374643 -0.719572
v 11.577813 26.547451 -0.755495
v 14.296931 23.290300 -0.717934
v -9.635163 23.222780 -0.693663
v 12.648121 26.836514 -0.757699
v 12.216520 26.829252 -0.728540
v -9.330397 23.297783 -0.713197
v -11.348964 21.442301 -0.685211
v 14.743906 22.789427 -0.717748
v 11.812304 27.063999 -0.678212
v -7.248579 26.700510 -0.687803
v 12.088889 27.459507 -0.702243
v -9.436909 23.612528 -0.703494
v -11.808943 22.030754 -0.709177
v -6.888471 27.915100 -0.745932
v -6.682195 27.589525 -0.709420
v 15.151142 22.597555 -0.702379
v -6.515184 27.850407 -0.695204
v -9.612285 23.743149 -0.737990
v -9.471418 23.854435 -0.669407
v 12.908035 26.777739 -0.685695
v -8.968450 23.255415 -0.685750
v -6.021637 27.591087 -0.716386
v -8.858854 23.283466 -0.693903
v 13.086437 27.254049 -0.699165
v -9.048449 23.513216 -0.655689
v -9.183145 23.746195 -0.689935
v -8.156537 29.012556 -0.737628
v -9.714878 24.283325 -0.725312
v -12.365294 19.074097 -0.694257
v -10.661041 19.151232 -0.685473
v 14.499514 24.993334 -0.672649
v -11.044598 19.302599 -0.689975
v -5.039967 25.889219 -0.685114
v -11.537574 19.446318 -0.701906
v -13.006175 20.378151 -0.696131
v -7.984966 24.911434 -0.698641
v -8.328482 23.106888 -0.608387
v 0.143256 27.531443 -0.633362
v 13.405207 22.696844 -0.588895
v -11.936826 15.480574 -0.645845
v 14.020720 21.148262 -0.657289
v -8.107310 25.569569 -0.640495
v -8.434982 25.092678 -0.650928
v -13.132957 16.588453 -0.630816
v -5.311635 26.884022 -0.658979
v 13.854494 29.007391 -0.633190
v 6.876930 28.125074 -0.600706
v 14.058102 29.386498 -0.540142
v 3.751664 27.635448 -0.661435
v 14.494988 29.620207 -0.659985
v 7.383439 28.082272 -0.586068
v -9.841853 19.199396 -0.622110
v -0.501138 27.334333 -0.613793
v -11.094977 20.244452 -0.634240
v -12.964229 19.745523 -0.645661
v 7.936001 28.580124 -0.607759
v -6.185052 28.899153 -0.630073
v -13.696938 17.780851 -0.643529
v 8.308892 28.792709 -0.662767
v 12.760474 23.867821 -0.630291
v -6.894645 29.644968 -0.754727
v 9.071213 29.102022 -0.632171
v 12.480402 24.065413 -0.651602
v -5.336924 25.351635 -0.661268
v 15.112649 20.950193 -0.621124
v -8.725480 25.283384 -0.634854
v 15.350974 21.863943 -0.674100
v 6.604005 27.412085 -0.597066
v -9.711401 20.746384 -0.599654
v -9.015676 26.174211 -0.656836
v 6.868070 27.779181 -0.619927
v 6.890455 27.958473 -0.603966
v 6.993292 27.778294 -0.594891
v -8.662621 27.083584 -0.567329
v 10.725306 30.753796 -0.653841
v 7.257492 28.074760 -0.600783
v -9.686636 23.052900 -0.624754
v 14.118250 23.761120 -0.654571
v 12.223382 32.018307 -0.559992
v 6.423112 28.190893 -0.644104
v -9.501115 23.602150 -0.627752
v -9.370911 23.872766 -0.644812
v 12.604513 32.320435 -0.643223
v -8.918070 23.489916 -0.648087
v -8.753164 23.236300 -0.634785
v -8.878573 23.338718 -0.584411
v 13.571702 32.257992 -0.483454
v -8.939899 23.696894 -0.629966
v 11.128500 25.162880 -0.641776
v -10.176550 24.418234 -0.706617
v -10.110200 24.484715 -0.660724
v -2.495892 28.478725 -0.616507
v -2.234976 28.469795 -0.660106
v 14.473770 32.640053 -0.729169
v 14.977174 32.363373 -0.599072
v -9.575302 24.271996 -0.626874
v -9.082754 24.230984 -0.632288
v -9.082755 24.230984 -0.632288
v -5.708655 30.898518 -0.680876
v -8.658997 24.727865 -0.637130
v -11.172969 20.941933 -0.645409
v -13.523633 18.355967 -0.659495
v -11.173380 21.149534 -0.642688
v 6.713796 28.558630 -0.676968
v 13.809756 22.755735 -0.678659
v -13.074731 18.790136 -0.643920
v -8.545150 25.680136 -0.617704
v -8.222548 24.162094 -0.654044
v 13.329829 28.131529 -0.637695
v -8.051088 24.230490 -0.690176
v -12.797038 19.425165 -0.667282
v -11.195157 16.818275 -0.643076
v -12.172262 18.212288 -0.680298
v -11.340246 18.539394 -0.693828
v 8.200065 28.684101 -0.551654
v -10.553325 21.092236 -0.629348
v -5.436361 27.879326 -0.646790
v 14.336186 30.150118 -0.551602
v -5.859140 25.296764 -0.648511
v -7.162647 25.436043 -0.640440
v 13.368715 21.972488 -0.622797
v -11.354053 17.738760 -0.662266
v 11.584403 25.306692 -0.657930
v -7.430861 25.886890 -0.676273
v 8.882421 29.258665 -0.658275
v -8.137708 26.165417 -0.696021
v -8.278036 26.573355 -0.638481
v -8.056782 26.557161 -0.686603
v 1.735399 27.462841 -0.676681
v -11.117157 18.188587 -0.670115
v -10.227236 21.216328 -0.646093
v -7.599085 25.938530 -0.664569
v 15.183187 20.985775 -0.651933
v -7.243758 26.241722 -0.675009
v -9.560623 21.985821 -0.638094
v -12.622620 16.001879 -0.653219
v -7.063736 25.728937 -0.680593
v -12.500861 16.459814 -0.651254
v -12.129366 16.330921 -0.625172
v -11.514172 20.171112 -0.703656
v -9.212721 26.042044 -0.583451
v -11.057030 18.709900 -0.697783
v 14.480706 20.995470 -0.638263
v -11.418674 20.951132 -0.658843
v -0.702612 27.708015 -0.669779
v 3.050753 27.732212 -0.613338
v -3.034659 29.140884 -0.632921
v -9.020361 26.698946 -0.704372
v 10.157168 30.659418 -0.683580
v -8.795427 26.489902 -0.672126
v 13.233113 23.872929 -0.626666
v 15.269346 32.585186 -0.701438
v -11.755579 21.327154 -0.610953
v 10.055825 30.854816 -0.645484
v -11.761249 21.526577 -0.632355
v -6.491986 25.957085 -0.669501
v 3.342091 27.856070 -0.599877
v 13.776927 24.120472 -0.661693
v -3.821223 29.592857 -0.616605
v -8.890861 27.015444 -0.703411
v -10.327668 23.001141 -0.647614
v 10.836967 31.508057 -0.669572
v -8.729124 27.334532 -0.728612
v -11.553107 16.434141 -0.645181
v -8.575440 27.303310 -0.657680
v 12.805602 25.047951 -0.691881
v -2.528738 28.770645 -0.651382
v 14.914316 21.663795 -0.680334
v -10.243312 19.568134 -0.656328
v -9.879278 23.194723 -0.635325
v -8.312874 27.567432 -0.778465
v 11.127735 25.523228 -0.639073
v -10.152715 23.334023 -0.666767
v -6.818771 26.805433 -0.667509
v -11.674955 21.791265 -0.624937
v -6.274466 27.012779 -0.669981
v -9.820940 22.937733 -0.683762
v -11.146565 20.760622 -0.600315
v -11.579800 22.471088 -0.626122
v 2.722856 28.173821 -0.678578
v -6.067679 27.289076 -0.658895
v -12.700937 16.881865 -0.675696
v -10.165813 20.899275 -0.649999
v 4.187720 28.139780 -0.634705
v 12.069959 25.600712 -0.673212
v -9.650879 23.671221 -0.653593
v -6.860208 27.232920 -0.662818
v -5.853902 28.039097 -0.677639
v 4.760496 27.912586 -0.600203
v 4.990429 27.834589 -0.644397
v -9.220413 23.377081 -0.620262
v 14.094415 23.492865 -0.602040
v -9.107450 23.683420 -0.648120
v 6.434599 27.651430 -0.616973
v 6.580359 27.598194 -0.636425
v -12.035014 17.654354 -0.671853
v 13.985246 23.906292 -0.640064
v -11.782176 17.005699 -0.672980
v 10.894617 26.149368 -0.712213
v -11.654934 17.334307 -0.652463
v -12.430549 17.988422 -0.679782
v -9.783712 24.467260 -0.683461
v -9.337780 24.250240 -0.660481
v -4.470344 25.499317 -0.685834
v -4.858263 25.490751 -0.653422
v -9.234532 24.730797 -0.659432
v -8.884542 24.990658 -0.647210
v -8.017718 24.911751 -0.667841
v -7.983650 24.951023 -0.670277
v -7.966738 24.982752 -0.674798
v -9.076313 24.209164 -0.633692
v -9.106743 24.248440 -0.634624
v 12.430939 27.729334 -0.668391
v -11.050533 21.046001 -0.653015
v -10.650527 17.420967 -0.633502
v 12.574103 22.891314 -0.577427
v 14.885807 19.355379 -0.572242
v -11.457782 20.209614 -0.588849
v 13.557861 21.628078 -0.638701
v 7.870825 28.223759 -0.532494
v -1.479740 27.181896 -0.589061
v 4.836903 27.217621 -0.553740
v -1.944192 27.664631 -0.533766
v -11.226289 19.457762 -0.576649
v 11.434412 23.793066 -0.587765
v 9.529768 29.445866 -0.600854
v -12.998404 15.564842 -0.595437
v -9.636972 19.190935 -0.601426
v -11.518115 21.735561 -0.605882
v -3.565330 29.304976 -0.637179
v -3.766389 29.194836 -0.546730
v -10.630671 16.411539 -0.570008
v 6.173616 27.945988 -0.634957
v 13.995913 29.161707 -0.585231
v 9.816522 29.775816 -0.608295
v 15.261253 20.690542 -0.585903
v -4.925959 30.289787 -0.644916
v 11.308236 24.855125 -0.593488
v -10.007206 23.142441 -0.651993
v -11.141198 19.989668 -0.617986
v -5.558383 30.702946 -0.558127
v -5.222157 30.267159 -0.448547
v 7.113870 27.660629 -0.605306
v -4.112214 29.535992 -0.616944
v 7.289352 27.796503 -0.615765
v -11.086524 20.908024 -0.563059
v -3.393778 29.358858 -0.569976
v 10.567657 25.481014 -0.592849
v 11.101245 30.899456 -0.562379
v -5.800808 23.630177 -0.600099
v -10.040052 24.351110 -0.575235
v 11.851347 27.562878 -0.522442
v 10.330499 25.955458 -0.598993
v 11.155027 31.300037 -0.639440
v -9.942725 24.217409 -0.622176
v -6.110697 24.033831 -0.600605
v -9.640093 24.666681 -0.639986
v 13.165706 32.334991 -0.666975
v 14.417101 32.406624 -0.531142
v -2.905115 20.800352 -0.595457
v -4.507618 26.025476 -0.589824
v -11.220313 21.102884 -0.575986
v -12.422828 15.580339 -0.630178
v 7.155022 28.524633 -0.659866
v -8.474058 25.424849 -0.614546
v 7.576252 28.307089 -0.583757
v 13.383614 28.644173 -0.651683
v -8.503859 23.631666 -0.583748
v -5.184797 26.460686 -0.671086
v -13.534485 19.189758 -0.572227
v -4.704873 26.350540 -0.610247
v -8.235147 24.130585 -0.595460
v 0.931122 27.570873 -0.638432
v 1.535394 27.213711 -0.618721
v -13.107405 19.096912 -0.562680
v 14.121614 29.882160 -0.563370
v 14.196926 29.643238 -0.535211
v -11.329766 21.375841 -0.626787
v -10.516222 18.114023 -0.652911
v 14.682890 30.189199 -0.605725
v 13.557422 22.811859 -0.576671
v 14.697474 30.489777 -0.635742
v 9.322402 29.472685 -0.591468
v 12.491407 23.405386 -0.637108
v -7.756785 25.711655 -0.634288
v -11.044884 21.607958 -0.600158
v 3.145874 27.440350 -0.593081
v 13.558519 20.895233 -0.604115
v 11.152867 31.665289 -0.749306
v 10.957394 30.676926 -0.625082
v -13.410734 15.984657 -0.605184
v 10.927691 31.200291 -0.680409
v -8.255751 24.426184 -0.598722
v 4.321867 27.178179 -0.594515
v 11.198872 26.668547 -0.595657
v 4.171449 27.610188 -0.663904
v -11.662053 20.709209 -0.629959
v 4.599376 27.286413 -0.602107
v 13.478797 23.154179 -0.574201
v 13.606254 23.514940 -0.688028
v -9.630487 21.450069 -0.609331
v -5.635936 28.274616 -0.603652
v -11.920311 21.326792 -0.611013
v -8.149756 24.687769 -0.591473
v -11.838240 16.060575 -0.600533
v -11.556833 21.021120 -0.632523
v -11.504283 21.190973 -0.711413
v 12.043885 23.934948 -0.615057
v -4.773713 25.777815 -0.636597
v -11.394503 21.189476 -0.644244
v -10.024179 20.707489 -0.561310
v -9.936460 19.739975 -0.655624
v -11.907146 21.565695 -0.598914
v -8.066317 24.907646 -0.588636
v -7.790978 25.238968 -0.598576
v -7.918220 24.753744 -0.604895
v -10.622646 22.062820 -0.605169
v 11.917640 24.427855 -0.622562
v -11.341929 22.629709 -0.591086
v -7.078798 24.825590 -0.600264
v -2.271301 28.304798 -0.669917
v 12.007895 24.285095 -0.566985
v -10.774734 22.587440 -0.613204
v -13.283196 17.044548 -0.670514
v 5.857497 27.745361 -0.560247
v -10.640970 21.476265 -0.621466
v 6.317629 27.831390 -0.602185
v 10.839259 25.289179 -0.582411
v 14.432401 20.503239 -0.612277
v 12.366710 24.673584 -0.633352
v 13.026780 24.413643 -0.616594
v 13.433508 24.015587 -0.602728
v 5.797585 28.113264 -0.646692
v -6.599469 25.189678 -0.637170
v -6.271222 24.693958 -0.574704
v 13.691988 24.453888 -0.608602
v 6.215561 28.386602 -0.647981
v 13.811285 23.338474 -0.606639
v -6.204823 24.989294 -0.632818
v 0.554081 27.118095 -0.595048
v -9.079543 21.708328 -0.591921
v -9.874120 21.782650 -0.640317
v -2.500539 20.277678 -0.609830
v -9.237242 22.122253 -0.617839
v -8.841340 21.994715 -0.600387
v -5.578852 24.856073 -0.613257
v -9.142122 22.375774 -0.607616
v -11.050154 23.091139 -0.635566
v -10.224764 22.524813 -0.616175
v -9.976557 22.602673 -0.569668
v -9.898486 22.507351 -0.603977
v -9.445450 23.067951 -0.631335
v -9.394579 22.692410 -0.588501
v -8.872674 22.719727 -0.627860
v -9.282070 23.646587 -0.629159
v -8.886201 23.014658 -0.619172
v -8.457208 23.167513 -0.606953
v -9.216018 23.807230 -0.629246
v -8.815298 24.137028 -0.619129
v -9.039116 24.230984 -0.625429
v -9.023292 24.481375 -0.625254
v -8.650151 24.256105 -0.618737
v 15.194795 19.925312 -0.570061
v 15.965921 21.078077 -0.658223
v -14.537606 16.986938 -0.574871
v -13.314796 20.415977 -0.665494
v 13.887855 14.261827 -0.524037
v 13.793292 15.828421 -0.568331
v 14.409150 17.651367 -0.557294
v 14.525841 14.281333 -0.613451
v 15.420315 18.472355 -0.594668
v -3.171934 19.929361 -0.589974
v -3.323062 20.286629 -0.570943
v -3.463460 20.450705 -0.595847
v -8.860963 23.176830 -0.536655
v -8.714035 23.098124 -0.522461
v -3.156475 20.666487 -0.527133
v -14.777246 13.136254 -0.531198
v -5.966787 29.046825 -0.486256
v -6.635187 29.666386 -0.571955
v -9.567335 24.399551 -0.554922
v -9.406420 24.455589 -0.502342
v -6.278203 19.010017 -0.575946
v -10.931435 20.237576 -0.566416
v -10.971456 20.359686 -0.573085
v -3.267009 21.817581 -0.538823
v 11.237530 23.097559 -0.558464
v 12.068964 22.717564 -0.566089
v 13.622933 16.413376 -0.571091
v -4.318745 19.613878 -0.559068
v 2.754058 27.596449 -0.529451
v -3.829181 25.568565 -0.599299
v -10.341801 18.763603 -0.618650
v -10.000869 21.835491 -0.623109
v 4.036830 27.373434 -0.629645
v 12.740229 22.679010 -0.602240
v -11.295760 19.641651 -0.532292
v -10.106248 19.226122 -0.562682
v -10.091677 18.348694 -0.558244
v 6.157578 27.872976 -0.572502
v 6.437746 27.398367 -0.539814
v 6.314861 27.469725 -0.504112
v -8.824983 21.272936 -0.556506
v -0.138503 27.187387 -0.583150
v 13.654708 17.354143 -0.538299
v -11.549747 20.310404 -0.522846
v -8.230068 23.463766 -0.583370
v 11.041938 30.784437 -0.523199
v -3.345166 29.209017 -0.506334
v -2.285985 27.885508 -0.432299
v -6.891265 24.193350 -0.598227
v -6.511427 24.073170 -0.579043
v 11.119150 30.690691 -0.547591
v 14.776724 30.777838 -0.496620
v 11.143232 31.148928 -0.574872
v 12.964633 32.067444 -0.405338
v 13.743624 32.249527 -0.490016
v 10.890402 23.682453 -0.593409
v 13.903254 19.157709 -0.555227
v -3.538799 20.231215 -0.501493
v -15.319522 12.729007 -0.560857
v -11.115269 16.278099 -0.531778
v -3.105850 20.353148 -0.609678
v -2.889266 20.454971 -0.642255
v -15.863135 11.777555 -0.488351
v -9.712557 19.880175 -0.604720
v -9.815456 24.452345 -0.590808
v 7.111476 28.203894 -0.535420
v -9.435441 20.116461 -0.548035
v -13.518379 14.866191 -0.545045
v -8.174153 22.534851 -0.556951
v -3.184123 20.878798 -0.588979
v 14.339124 19.498358 -0.556688
v -7.834583 22.444819 -0.535026
v -6.863299 30.322098 -0.532968
v -3.349741 21.196394 -0.556410
v -5.845481 18.635408 -0.573364
v -4.160322 25.304081 -0.592711
v -2.792356 19.982983 -0.490903
v -5.886780 19.094530 -0.579483
v -4.272446 25.795673 -0.575290
v 12.632112 16.170593 -0.571390
v -9.761415 20.561834 -0.636169
v 12.858637 16.562813 -0.536906
v -10.198742 16.536404 -0.570730
v -14.629822 13.673043 -0.544631
v -1.772061 27.289312 -0.546745
v -6.188212 23.352547 -0.549612
v -13.736103 16.833174 -0.535053
v 13.707284 20.127245 -0.570341
v 10.676156 30.254168 -0.511157
v 10.905192 30.556475 -0.572492
v -1.097644 27.183075 -0.619912
v -5.619914 24.324100 -0.558634
v -5.182891 24.700827 -0.603669
v -13.890822 16.943356 -0.578506
v 4.506056 27.505726 -0.590916
v -7.845332 24.265360 -0.587373
v -5.484404 25.019272 -0.569430
v 13.256650 20.052092 -0.530834
v -4.817447 24.912941 -0.580377
v 13.074202 28.480906 -0.568641
v -9.785567 21.083223 -0.601777
v -3.262230 29.242224 -0.623792
v 13.160707 28.388990 -0.567692
v -7.281119 24.421799 -0.588559
v 11.065953 30.420969 -0.554152
v -11.438429 19.624292 -0.610639
v 11.111162 30.593170 -0.535771
v -11.302772 20.104443 -0.535635
v 6.571531 27.947422 -0.584768
v 6.786716 27.710037 -0.504523
v -8.889602 27.193525 -0.580798
v 7.106744 27.959057 -0.583794
v -11.691718 21.581285 -0.587110
v -10.491749 17.099005 -0.569485
v 7.267965 27.642546 -0.535937
v 13.337133 19.568857 -0.553670
v 14.955236 30.678968 -0.636900
v -9.102674 21.320354 -0.614350
v 11.341173 31.115723 -0.550435
v -7.467220 24.812233 -0.575058
v -6.394777 30.792240 -0.589471
v 10.661026 26.040535 -0.579461
v -10.686898 19.224527 -0.585326
v 10.817739 22.690012 -0.545636
v 14.196867 32.303341 -0.592208
v 13.179514 21.314394 -0.564554
v 10.878234 23.460785 -0.543052
v -6.035468 24.434366 -0.606340
v -8.764698 22.168051 -0.581202
v -9.323399 19.627525 -0.576855
v -8.288251 22.644917 -0.587089
v -9.783722 22.963097 -0.597275
v 14.249233 20.069830 -0.574058
v 14.911139 18.476496 -0.596460
v 14.810979 20.233904 -0.595375
v 12.121973 23.146433 -0.537642
v 11.860439 23.259243 -0.563316
v 12.161313 23.543606 -0.567074
v 12.991819 22.535198 -0.584765
v 13.303481 23.591587 -0.638845
v 12.910064 23.452705 -0.588749
v 11.220097 24.032293 -0.573294
v 11.240460 24.393995 -0.571998
v -9.436269 24.281042 -0.553517
v -10.955852 15.180215 -0.525358
v 0.579812 26.584410 -0.490186
v -6.451066 29.245459 -0.563695
v 12.791560 20.296984 -0.475560
v -8.881682 20.953243 -0.545141
v 3.460418 27.225082 -0.490115
v -6.002363 30.762573 -0.448523
v -3.522155 25.363117 -0.423188
v -12.453457 14.802444 -0.590454
v 11.664361 27.374067 -0.580693
v 12.499151 28.114273 -0.561780
v -7.426558 22.612909 -0.524837
v 9.719730 24.994883 -0.510920
v -8.011482 23.790155 -0.563227
v 6.072570 27.561289 -0.528264
v -7.260547 23.511379 -0.499323
v 13.944921 29.465458 -0.479910
v -7.023454 22.735786 -0.547073
v -2.930450 28.680077 -0.545462
v 11.447636 31.404812 -0.521431
v 12.529903 15.136590 -0.463692
v -8.926467 17.896814 -0.541500
v -14.563521 12.722841 -0.516326
v -10.074326 18.600744 -0.496961
v -4.186933 19.265417 -0.481658
v -4.769509 19.562860 -0.553098
v 13.344595 32.248466 -0.501678
v -4.705082 30.087471 -0.551970
v 10.402054 26.212875 -0.538881
v -4.024757 19.717512 -0.523241
v -3.874759 19.494282 -0.494854
v -2.492559 18.700872 -0.498028
v -14.868929 14.097054 -0.491849
v -14.737853 14.566396 -0.536642
v 0.002015 26.611235 -0.484543
v -8.718997 23.364450 -0.529890
v -8.816290 23.507568 -0.592816
v 10.805995 24.566114 -0.538638
v 10.329098 24.533989 -0.551246
v -10.456841 15.480018 -0.531909
v -3.513009 20.720472 -0.545069
v -3.002910 20.554609 -0.517060
v -10.974225 15.838791 -0.541018
v 13.071595 19.711191 -0.465761
v 1.902970 27.053680 -0.555710
v -11.181704 15.399178 -0.529644
v -15.428756 11.179852 -0.515614
v -10.736922 15.670683 -0.527212
v -7.757219 22.672583 -0.560446
v -5.219984 27.121704 -0.579965
v -14.624953 15.054543 -0.559329
v 9.403121 29.093838 -0.503090
v 10.589440 24.970379 -0.514923
v -6.592945 19.252663 -0.467837
v 13.096817 20.573744 -0.537543
v 12.207865 14.320961 -0.509498
v -5.702680 19.316973 -0.547879
v 12.812151 20.839241 -0.541166
v 5.081712 27.344286 -0.541806
v -6.033217 19.518616 -0.498592
v 5.453852 27.424131 -0.504984
v -9.631809 15.620304 -0.477388
v -5.427381 17.941729 -0.525199
v 11.074721 26.954294 -0.537248
v -10.002882 16.344801 -0.562975
v -8.019416 22.975771 -0.531714
v 12.045611 27.575861 -0.496705
v 12.715625 21.308990 -0.533108
v 13.045074 21.843603 -0.446356
v 5.522644 27.755436 -0.547790
v -13.431818 14.286860 -0.518226
v -7.402538 23.789845 -0.514857
v -10.085944 15.734356 -0.522820
v -14.969807 11.614929 -0.523070
v 12.752419 14.478679 -0.527912
v -11.162286 20.133272 -0.519012
v -7.219495 22.997150 -0.530762
v 6.479359 27.559565 -0.548095
v -3.855675 21.314819 -0.505877
v 11.213597 22.450464 -0.537718
v -8.588487 19.489800 -0.475328
v -6.901031 23.330986 -0.537938
v -3.702029 29.182293 -0.516603
v -13.043461 14.579767 -0.556036
v -3.281831 21.331236 -0.481486
v -3.607634 21.509409 -0.550001
v -8.664601 20.011122 -0.456080
v -14.416567 14.601882 -0.490409
v 10.111018 25.080381 -0.490409
v -3.241408 21.551151 -0.533730
v -2.987550 21.340923 -0.517185
v 10.010074 25.503641 -0.535982
v -6.457238 23.632738 -0.517203
v 10.144126 25.726078 -0.519322
v -13.498543 15.260168 -0.541206
v -5.667225 30.555304 -0.497741
v 13.800797 29.275850 -0.515875
v -9.114239 20.623396 -0.543607
v -15.004140 12.249718 -0.511542
v -11.517419 15.437115 -0.445955
v -8.674705 20.309172 -0.524897
v -7.456138 24.029526 -0.580415
v -8.720343 20.640978 -0.503264
v 12.818580 15.211484 -0.521573
v -5.318266 18.819336 -0.565817
v -10.112547 17.929331 -0.594218
v 13.483925 15.036254 -0.492074
v -5.770848 24.263594 -0.522738
v -9.299221 17.277491 -0.552760
v 10.629345 23.367363 -0.467802
v -14.767228 12.839709 -0.550623
v -9.539870 21.120480 -0.479143
v -2.220077 20.124319 -0.553862
v 12.769897 23.024086 -0.524622
v -8.964844 16.868027 -0.503507
v -4.768971 18.699232 -0.551554
v -11.493498 16.223814 -0.560016
v -8.958141 17.506918 -0.509186
v 11.509675 30.951366 -0.502061
v 12.999980 22.713327 -0.495980
v -8.873308 21.668781 -0.541862
v 11.357818 31.270565 -0.589521
v 13.229733 22.961702 -0.534146
v -4.353894 18.823523 -0.501938
v -9.592474 17.313429 -0.545786
v 12.465384 15.576785 -0.506670
v -11.372610 20.003830 -0.532337
v -3.536149 19.973743 -0.544301
v 11.521976 31.148754 -0.499678
v -8.642159 22.334143 -0.580267
v -9.267197 17.653688 -0.550105
v 11.810919 31.599846 -0.473284
v -5.046490 19.265116 -0.542981
v 12.026792 31.921881 -0.529244
v -2.524907 21.710817 -0.504279
v -4.617038 19.026867 -0.558116
v 15.281812 31.453526 -0.668458
v -10.576726 19.363129 -0.510968
v 14.983262 31.667137 -0.458831
v 15.239443 32.031692 -0.626246
v -5.704079 22.714409 -0.504872
v -10.039322 19.357315 -0.496114
v 12.485405 16.404062 -0.522937
v -5.520921 23.469828 -0.564303
v -9.515100 18.775925 -0.508072
v -5.419912 24.053408 -0.563779
v -8.307666 20.513500 -0.556249
v 12.989880 16.249205 -0.537204
v -8.557081 21.193403 -0.519822
v 13.499892 13.509105 -0.517642
v 12.592565 13.650233 -0.505858
v -9.682277 19.107168 -0.541831
v -8.539431 21.852209 -0.507966
v -3.645568 18.694618 -0.537719
v -9.600848 19.437241 -0.533739
v -3.589228 18.880503 -0.452816
v 13.150028 14.053388 -0.519640
v -8.164390 22.257303 -0.491701
v 12.983799 16.891819 -0.512879
v -8.888880 19.579708 -0.534342
v -3.670603 19.472967 -0.495844
v -8.161784 21.813293 -0.519648
v -6.265290 18.206745 -0.516401
v 13.191996 17.827902 -0.540168
v -1.971118 19.014574 -0.509964
v -14.416283 14.130208 -0.513694
v 13.423630 18.397909 -0.539287
v 13.481901 18.963390 -0.552310
v 13.982491 17.699005 -0.518725
v 13.796391 18.431074 -0.549067
v 14.422653 18.676933 -0.543850
v 6.674664 27.408655 -0.508775
v 14.183384 13.254624 -0.474609
v -3.035542 18.803503 -0.460602
v -17.469589 6.978387 -0.344860
v -16.664198 8.252607 -0.457978
v 10.893276 22.164078 -0.462400
v -7.733730 21.676580 -0.494987
v -11.270123 14.856159 -0.487560
v -7.303479 22.255629 -0.440849
v 9.642463 24.320835 -0.459631
v -11.340910 15.738108 -0.458604
v 12.455654 13.075311 -0.453612
v 12.161712 13.601223 -0.495843
v -9.348279 24.546625 -0.476844
v -3.873365 26.016092 -0.425472
v -1.639893 18.358086 -0.491097
v -1.173806 18.156908 -0.468755
v -4.903964 26.826744 -0.456675
v -15.798570 10.976951 -0.471424
v -4.954427 24.812843 -0.567154
v -2.423514 19.092585 -0.415700
v -5.567095 19.786404 -0.515409
v 12.542741 17.114946 -0.473279
v -2.156947 19.451614 -0.468233
v -15.700958 11.778629 -0.499581
v -15.226037 11.831366 -0.500320
v -11.270792 16.045082 -0.421670
v -5.415227 28.103748 -0.475745
v -14.183015 13.444603 -0.493025
v 13.074409 19.431698 -0.504897
v -13.868867 13.755287 -0.497630
v -13.609454 14.011204 -0.453614
v -4.557982 17.584959 -0.449706
v 12.369545 19.941841 -0.495260
v -8.421889 20.118685 -0.493601
v -3.538575 29.026253 -0.447529
v -7.650651 20.788071 -0.424280
v -3.416111 17.447275 -0.485707
v 7.985483 28.061928 -0.361297
v 12.926083 22.237476 -0.536687
v -1.260599 19.708504 -0.446566
v -1.335748 20.084364 -0.455541
v -1.019997 19.595819 -0.496595
v 1.021460 26.928410 -0.539796
v 12.611115 28.265350 -0.430374
v 13.164050 29.154696 -0.339458
v 14.008327 29.896738 -0.344577
v 14.082940 30.195278 -0.422666
v 11.488409 30.821762 -0.451268
v 13.993155 32.233097 -0.516577
v -7.812292 21.226721 -0.474446
v -4.721635 19.288317 -0.481900
v 2.808915 27.293135 -0.560355
v -10.007541 17.261213 -0.485497
v -10.148220 17.540817 -0.520045
v -11.981078 15.079343 -0.580137
v -2.852249 18.413416 -0.498316
v -6.686773 29.965227 -0.469467
v -9.747622 17.512417 -0.450734
v -6.553578 30.184719 -0.434682
v -6.707073 30.426369 -0.495210
v -6.517922 30.488539 -0.481432
v 12.767308 12.117789 -0.468442
v -9.545665 17.849905 -0.460895
v -9.143406 18.037701 -0.447494
v 6.578782 20.396456 -0.503937
v -3.719632 19.046619 -0.467829
v -2.773853 22.248999 -0.478381
v -9.019795 17.985813 -0.459222
v -10.791203 19.368742 -0.552860
v -5.091744 27.782118 -0.437628
v -16.894102 8.521010 -0.513168
v -7.243342 21.580824 -0.501492
v -11.312085 15.039644 -0.457636
v -7.298451 21.970394 -0.473039
v -3.421942 19.107962 -0.449485
v -9.183824 18.634678 -0.493483
v -7.107036 22.326395 -0.494994
v 9.210633 24.739145 -0.471634
v -10.519133 15.028673 -0.468313
v -8.754541 19.042259 -0.499467
v -3.526973 19.486710 -0.443378
v -15.683109 10.694135 -0.481589
v 10.414929 23.960064 -0.326581
v -5.385052 17.509407 -0.458208
v 12.607231 18.810175 -0.430760
v 10.901272 24.011875 -0.498827
v 7.506365 27.804989 -0.480925
v 12.841933 19.433058 -0.501782
v -2.599727 17.356319 -0.495426
v -7.778325 22.924608 -0.429520
v 12.416235 19.423960 -0.477721
v -7.545931 23.301764 -0.449353
v 9.660925 25.458693 -0.480713
v -2.829926 17.791464 -0.465604
v 13.570785 12.941865 -0.485489
v -15.208148 10.407596 -0.482922
v -3.387151 28.989746 -0.495782
v 13.006366 12.999072 -0.500411
v -2.964871 22.727015 -0.458578
v 10.068609 26.134733 -0.407886
v 9.549221 24.851069 -0.469514
v 10.777961 26.760643 -0.484846
v -15.133052 10.965442 -0.514610
v -2.432384 17.864616 -0.476159
v -7.027278 23.135128 -0.448123
v 8.486547 28.587992 -0.523524
v 12.466466 20.921854 -0.471696
v -3.075156 23.960939 -0.496042
v -5.999894 22.788481 -0.470877
v -2.683266 24.310179 -0.470169
v -5.877135 23.105715 -0.487362
v -6.578642 23.172014 -0.477795
v -6.819014 23.688728 -0.524530
v -2.375140 18.268724 -0.511384
v 12.799821 21.577995 -0.500831
v -9.405879 16.438128 -0.530739
v -6.702978 23.901623 -0.467620
v 12.824492 14.794641 -0.499311
v 11.260863 27.277321 -0.411711
v 11.232376 22.653002 -0.412431
v -4.471473 19.802979 -0.523224
v -8.531907 16.444492 -0.444154
v 11.594011 22.716038 -0.489389
v -4.197546 19.761787 -0.439896
v -4.856339 17.877607 -0.468841
v 12.904678 28.679317 -0.485628
v 12.377931 22.714363 -0.492329
v 13.099301 28.826677 -0.414845
v -15.449086 11.573689 -0.470355
v -15.159459 14.237694 -0.558243
v -14.106456 15.152905 -0.475074
v 13.932461 29.303059 -0.415090
v -3.898735 20.506811 -0.540562
v -3.100013 17.552994 -0.503691
v -3.967782 20.769772 -0.434623
v 14.455278 30.599804 -0.464908
v -3.368984 20.944899 -0.459704
v -14.788529 15.732323 -0.466759
v -3.969474 21.039789 -0.431508
v -4.194077 21.166548 -0.472945
v -13.817576 16.148262 -0.452527
v 2.075439 27.179272 -0.545735
v -3.347349 18.182371 -0.486027
v -2.629932 19.883425 -0.520487
v 14.867670 32.030376 -0.321219
v -1.754589 19.648006 -0.444268
v -2.267174 19.633677 -0.434489
v -2.169766 19.965099 -0.510288
v -1.635125 19.880726 -0.485153
v -2.596936 20.824347 -0.584897
v -2.269500 20.679161 -0.513785
v -0.805073 18.907139 -0.483006
v -1.236589 19.896019 -0.503784
v -0.063110 18.662476 -0.450825
v -1.646933 18.634113 -0.472731
v -1.499160 19.445061 -0.480633
v -9.286160 20.919174 -0.494572
v -8.946758 20.200090 -0.516068
v -8.329956 20.714283 -0.477171
v -8.589417 20.836502 -0.426664
v -8.159487 20.816647 -0.516055
v 2.919191 27.132868 -0.453974
v -12.000270 14.353679 -0.457345
v -7.184335 21.233334 -0.438638
v -2.081292 17.839626 -0.427419
v 3.402900 13.488823 -0.424794
v -6.208957 29.513048 -0.389909
v 3.956932 13.863214 -0.438827
v 0.288128 19.234234 -0.396582
v -6.242232 30.124144 -0.445249
v 6.311090 27.289425 -0.412833
v -10.983027 14.543326 -0.427315
v 6.419757 27.347263 -0.464042
v -1.325099 21.368559 -0.425417
v -10.494058 14.127704 -0.403361
v 8.825220 20.759430 -0.392249
v -15.780748 9.778169 -0.457471
v -3.117723 16.400444 -0.410247
v -0.793733 21.349274 -0.415457
v 10.400190 22.221012 -0.306720
v -1.499017 17.916927 -0.424533
v -4.378393 26.219511 -0.537115
v 4.263121 22.213154 -0.450193
v 3.587606 22.136122 -0.418146
v 9.310707 25.441414 -0.379154
v -4.223850 20.903357 -0.530934
v 6.141110 20.261351 -0.468935
v -4.367957 20.410242 -0.297391
v -3.195804 22.609438 -0.362115
v -3.255148 23.088596 -0.463072
v -9.692950 14.974392 -0.430239
v -8.753364 15.595753 -0.433186
v 11.946396 19.521513 -0.367119
v -12.683296 14.517728 -0.513540
v -1.763111 25.309551 -0.410512
v -5.829253 28.830095 -0.483060
v -2.166250 20.826296 -0.416156
v 11.445336 27.135410 -0.376710
v -13.572699 13.802023 -0.366870
v -2.866111 28.234823 -0.321284
v 12.057088 19.779474 -0.419983
v 12.280757 28.109919 -0.387091
v -3.948018 29.096119 -0.461181
v -0.812520 24.315943 -0.416525
v -3.935580 17.643225 -0.345883
v 12.155213 20.210384 -0.362698
v -5.262851 30.066700 -0.410825
v 12.326694 22.413490 -0.428637
v 11.656958 31.096832 -0.430481
v -9.482703 13.542235 -0.434604
v 11.881041 31.488890 -0.414439
v 3.813941 14.438942 -0.383010
v 3.396923 14.405200 -0.432737
v 13.183403 32.127708 -0.462707
v 14.466799 30.815224 -0.320775
v 12.052110 17.946062 -0.426591
v -7.468094 21.170927 -0.443494
v 8.687234 20.353117 -0.437849
v 4.911271 26.979147 -0.421882
v -7.528601 21.804014 -0.423359
v -3.449402 19.365177 -0.480964
v -0.225097 19.628983 -0.428918
v 5.291107 27.185369 -0.445728
v -11.870514 14.601959 -0.436065
v 2.967253 13.527176 -0.438941
v -3.115476 19.620033 -0.484602
v -9.690351 17.996552 -0.450823
v 6.330895 27.251135 -0.485759
v -2.899646 17.024454 -0.442029
v -11.693180 14.957597 -0.467313
v 12.760348 18.303753 -0.440552
v 12.578310 17.813780 -0.399660
v 8.381244 20.492157 -0.475589
v 6.919529 27.532650 -0.604231
v -11.576713 15.140849 -0.367235
v 7.128714 27.643204 -0.537191
v -14.056350 15.626561 -0.422060
v 9.308978 25.713852 -0.335825
v -9.502085 18.130480 -0.470433
v -9.010161 18.372671 -0.399906
v -1.328988 20.714241 -0.428642
v -11.365069 14.465719 -0.416365
v 0.011331 18.021318 -0.465335
v -8.781336 19.402596 -0.419876
v -7.113708 23.626009 -0.413639
v -16.000448 8.825471 -0.410650
v 3.345735 14.044720 -0.438181
v -1.486486 17.521893 -0.438582
v -5.217824 19.826468 -0.524668
v -4.193657 26.085934 -0.466731
v -2.588246 21.014587 -0.444065
v 10.520503 30.113007 -0.518100
v -4.085646 19.929525 -0.472662
v 11.018659 30.453228 -0.469345
v 11.047587 27.206959 -0.359515
v -2.147384 21.627050 -0.478965
v -6.333824 17.388187 -0.431298
v -2.949570 21.053812 -0.384988
v 12.124057 19.146332 -0.458037
v -3.611877 21.175272 -0.458442
v -1.550023 21.910778 -0.446784
v -5.716826 17.398359 -0.425328
v 13.570991 29.112989 -0.470984
v 13.299485 29.351446 -0.363499
v -10.069136 15.148981 -0.479670
v 11.240189 30.601870 -0.435923
v -1.864568 19.990120 -0.507864
v -1.617585 20.541058 -0.476780
v -1.674945 20.753370 -0.358603
v 11.250791 31.147581 -0.472647
v 11.965134 31.747889 -0.396081
v 12.603938 32.093445 -0.473480
v -1.209939 17.622797 -0.433457
v 12.481997 20.487757 -0.505935
v 0.023502 17.302252 -0.425817
v 8.861001 24.915327 -0.422971
v 12.719353 19.710215 -0.434487
v 12.486199 19.856434 -0.410659
v 12.962299 19.843382 -0.336627
v 12.657746 20.025097 -0.380969
v 13.748096 10.092285 -0.457106
v -0.440988 26.562124 -0.445167
v -2.725744 16.452612 -0.434668
v -1.182819 22.807199 -0.438751
v -11.349950 15.492827 -0.404910
v -2.797914 16.718454 -0.457176
v 3.954300 21.831181 -0.446707
v 12.698805 11.270089 -0.434532
v -0.753542 21.962589 -0.424202
v -15.901272 10.233071 -0.424420
v 13.239367 11.523210 -0.446791
v -5.137140 17.707251 -0.467181
v -2.628192 18.856174 -0.440914
v 13.857067 12.115482 -0.455140
v -2.630275 19.290346 -0.422695
v -3.913167 17.232233 -0.487498
v -4.304923 17.181124 -0.359598
v -2.897892 19.236332 -0.424134
v -4.132745 17.500568 -0.466289
v -3.685051 16.692322 -0.400175
v -5.088862 28.072283 -0.432051
v -3.425447 23.754667 -0.494477
v -2.871570 19.698933 -0.500168
v 6.786540 20.181667 -0.424688
v -3.462773 17.139368 -0.448035
v -2.469193 19.444519 -0.421225
v -4.208676 29.088657 -0.341474
v -3.398338 28.831842 -0.477700
v -3.945959 25.077848 -0.400040
v -2.204593 22.607662 -0.459811
v 13.375666 12.263330 -0.456526
v -3.074276 17.218723 -0.401255
v -8.418262 14.555053 -0.447142
v -4.201342 17.925692 -0.522403
v 5.744650 20.575106 -0.433062
v -3.745006 17.689487 -0.460412
v 1.388700 26.482761 -0.347225
v -15.139406 11.159116 -0.442881
v -8.392878 15.041147 -0.436032
v 2.551020 27.481010 -0.555561
v 11.918285 15.120677 -0.328062
v 12.143836 15.830700 -0.454826
v 6.513577 20.965370 -0.430449
v -14.359545 15.789412 -0.398863
v 7.961893 20.535677 -0.445984
v -2.866884 23.418909 -0.451480
v -2.041332 23.237024 -0.445202
v -2.189759 24.004925 -0.437135
v -8.889854 13.515261 -0.390447
v -1.548595 23.611668 -0.420066
v -1.552412 22.703436 -0.427947
v -2.553105 24.718126 -0.471350
v -2.349995 25.018053 -0.466195
v 9.441183 25.669647 -0.445729
v 8.293623 28.389725 -0.435306
v 14.516773 9.481063 -0.588650
v 14.313910 10.019184 -0.556415
v 5.115300 18.854027 -0.374026
v 7.561506 21.385464 -0.379672
v 8.270183 21.378222 -0.368841
v 8.044408 21.307934 -0.427682
v 12.644129 9.310730 -0.363569
v 2.232421 15.587312 -0.365184
v -2.924904 24.286285 -0.397620
v -0.422727 17.282459 -0.410646
v 10.309421 18.176157 -0.373649
v -1.415432 17.727783 -0.357509
v -16.315283 7.913163 -0.421673
v 10.338062 18.917484 -0.378660
v -0.591203 25.264971 -0.375303
v 13.505060 11.100538 -0.329834
v 4.660976 15.135655 -0.340262
v 0.281238 20.166058 -0.372962
v -6.196908 29.951405 -0.350430
v -6.312897 29.935371 -0.429846
v 3.499570 16.198101 -0.376891
v 13.744399 11.245678 -0.397022
v -6.909598 21.647686 -0.462940
v -14.039165 8.775119 -0.405949
v 3.963330 16.581816 -0.352653
v 4.616766 21.887102 -0.419532
v 4.853092 21.917696 -0.260184
v -7.469479 23.550873 -0.426766
v 11.641395 19.679741 -0.377338
v -14.145705 8.995564 -0.353196
v -4.434474 26.703793 -0.302758
v -15.153711 9.866079 -0.425411
v 1.689933 20.330042 -0.409342
v -13.033385 14.277314 -0.410158
v 12.158723 20.548267 -0.407049
v -11.922812 14.042431 -0.358239
v 4.564675 16.194061 -0.386324
v -12.160357 14.548996 -0.300575
v -12.025379 14.819670 -0.422459
v 8.274003 23.514397 -0.340447
v -1.856653 20.848778 -0.423436
v -4.193089 14.122179 -0.405013
v -5.603785 15.352082 -0.372421
v 9.806133 24.098181 -0.412894
v -3.815959 16.998978 -0.419759
v -14.830035 11.272354 -0.467137
v -3.337497 16.286619 -0.407225
v -14.404624 11.664166 -0.350772
v -2.191673 16.251453 -0.345858
v -3.904134 28.963825 -0.386775
v -1.324612 16.360062 -0.402764
v 4.753002 17.485910 -0.393552
v -4.001253 29.243208 -0.432717
v 12.071643 16.140366 -0.325593
v 12.143402 16.593287 -0.374386
v 5.639486 27.245207 -0.374721
v -11.727105 13.716219 -0.373989
v 7.481462 27.456318 -0.430361
v 7.412626 27.541265 -0.399304
v 7.648296 27.486273 -0.396396
v 7.656710 27.554974 -0.338640
v 7.797476 20.303730 -0.386444
v 7.850566 27.761705 -0.388933
v 7.832367 20.650049 -0.378145
v 8.169779 21.054003 -0.357765
v 11.019209 19.580191 -0.401572
v 5.820879 21.649113 -0.317633
v 6.360657 21.203775 -0.423538
v 9.652934 25.902046 -0.371103
v 6.693688 21.121902 -0.329120
v 8.911064 28.453577 -0.304971
v 11.547961 27.195021 -0.472841
v 11.735901 27.804232 -0.349808
v 13.581502 29.538328 -0.302214
v 11.628005 31.395288 -0.435616
v 13.264631 32.069706 -0.480183
v 4.377880 14.073909 -0.399035
v -3.084921 16.670313 -0.365366
v -3.319307 19.293472 -0.439073
v -4.673571 29.835627 -0.465077
v 12.857871 19.566519 -0.321718
v -5.284945 22.763357 -0.352804
v -5.364657 22.965647 -0.395937
v 11.666183 19.915360 -0.335277
v -2.653822 28.273947 -0.410452
v 11.448519 20.162922 -0.386353
v 1.534018 14.154496 -0.398373
v 6.887104 21.208532 -0.369763
v 6.736473 18.853933 -0.342550
v 2.642327 13.320738 -0.395570
v -1.953131 17.153017 -0.360223
v 11.935011 19.961025 -0.390351
v 7.563539 18.696352 -0.426122
v 7.190091 21.471231 -0.391456
v 3.858129 21.400246 -0.393440
v -16.841789 7.837961 -0.382504
v 12.513634 9.864108 -0.383894
v 2.362391 15.744879 -0.397583
v -8.986559 13.153660 -0.378710
v -15.897790 8.123274 -0.362617
v -1.680037 17.215977 -0.415822
v -1.420864 17.302584 -0.334357
v 4.306348 21.567772 -0.399382
v -10.259634 14.105227 -0.362363
v 7.821383 21.105000 -0.404928
v -1.229224 17.201103 -0.449694
v -8.936703 14.434979 -0.376288
v -9.741727 14.481655 -0.422724
v -9.875416 14.121065 -0.415950
v -0.904996 17.054852 -0.382807
v -9.179778 13.902910 -0.419420
v 8.250972 21.650990 -0.381275
v -8.434968 14.067276 -0.429107
v -14.736125 7.912165 -0.394255
v -0.666543 22.628227 -0.404752
v 13.386385 10.690119 -0.345742
v 12.841564 10.476833 -0.409298
v 10.595157 18.475477 -0.385832
v 7.062215 21.731480 -0.377819
v -0.034738 26.017481 -0.372530
v -0.876653 23.402884 -0.418155
v -0.597105 17.912958 -0.439765
v 0.801305 26.248146 -0.438314
v 6.970971 21.998732 -0.371923
v 0.726299 25.789173 -0.350758
v -9.452459 14.703640 -0.378759
v 13.004600 11.119894 -0.427401
v -16.361599 8.806076 -0.400913
v 6.900311 22.765430 -0.387286
v 4.634196 14.301160 -0.409228
v 2.166920 26.893002 -0.307836
v 10.690903 18.968245 -0.401934
v 3.791941 27.152550 -0.420813
v 7.672856 22.072779 -0.417571
v -9.043990 15.095376 -0.405821
v 9.090188 20.367653 -0.401348
v 12.399756 11.415072 -0.328344
v 0.761918 19.830404 -0.395426
v 3.950625 14.970796 -0.385358
v 8.616011 20.988474 -0.405145
v 5.763239 27.211235 -0.406279
v 4.627079 14.925971 -0.414657
v 8.594637 20.740911 -0.344758
v -8.090144 14.828533 -0.329800
v -4.049252 13.380821 -0.402319
v -7.709960 15.370811 -0.415646
v 7.251990 27.378893 -0.392940
v 1.207598 20.288603 -0.393313
v -1.276761 24.009758 -0.399737
v 8.583579 21.330139 -0.381264
v -14.455603 9.226204 -0.385926
v -1.615108 24.470228 -0.414513
v 8.492620 21.524984 -0.398079
v 6.418635 20.047798 -0.434237
v -7.334824 15.544720 -0.420328
v -3.338107 19.695597 -0.400571
v -0.320172 24.010294 -0.392807
v -7.010463 15.040026 -0.390212
v -12.610984 14.116217 -0.116327
v -14.960590 10.699106 -0.410446
v -12.384046 14.485040 -0.377443
v 7.250469 20.522957 -0.411152
v -14.572208 11.671022 -0.366722
v -14.652326 12.053264 -0.485836
v 4.558325 16.485529 -0.393924
v 7.149844 20.952620 -0.368728
v -5.986233 14.542308 -0.382501
v -14.259293 12.814365 -0.359353
v -1.591578 21.064634 -0.387871
v -0.781224 24.824327 -0.407071
v -6.363275 15.051023 -0.391378
v 12.096995 27.859732 -0.496643
v -0.498813 20.527742 -0.414248
v 12.227892 28.421534 -0.379004
v -1.052124 25.123547 -0.399172
v 0.246315 21.356445 -0.357310
v -2.725906 21.207111 -0.443026
v 7.703753 23.440039 -0.383504
v -1.804558 21.541254 -0.431336
v -13.957560 15.837825 -0.371600
v 1.827679 20.738434 -0.409800
v -0.272408 21.567032 -0.375023
v -8.392124 15.728510 -0.383154
v -6.579214 30.378469 -0.369286
v 8.682485 24.059450 -0.410305
v -5.908916 30.467619 -0.327126
v 14.342733 30.407135 -0.453514
v -8.037081 16.205101 -0.373555
v 8.660236 24.312250 -0.393476
v 11.879161 31.233229 -0.358632
v -7.552835 15.909884 -0.373770
v -2.726850 25.466988 -0.427394
v -2.668541 25.232031 -0.411851
v -3.089011 25.439713 -0.412274
v 14.731169 30.967239 -0.402957
v -2.092242 25.370073 -0.425462
v 9.056621 24.249060 -0.440971
v -1.486990 26.412168 -0.406854
v 1.837870 19.420414 -0.374720
v -1.503280 25.811333 -0.382678
v 8.618026 24.629086 -0.408890
v -8.419651 16.637886 -0.331411
v -7.531048 16.332561 -0.389592
v 10.336301 24.196770 -0.394813
v 12.257030 15.178652 -0.362913
v -0.907396 26.202778 -0.381871
v 11.864106 15.865099 -0.304898
v -6.031931 15.851492 -0.398044
v -1.559914 26.668867 -0.467433
v 11.643382 17.285288 -0.390481
v -4.414274 29.268219 -0.363107
v 11.134808 17.491158 -0.394293
v 11.068859 17.965387 -0.379382
v -6.696198 17.024395 -0.386841
v 11.593170 18.153271 -0.410523
v 11.985782 17.303061 -0.409317
v 12.232037 17.593273 -0.305872
v 11.077085 18.542696 -0.419123
v -5.226622 14.173992 -0.404842
v 11.573051 18.715822 -0.414849
v 11.334362 19.163345 -0.379820
v 12.152625 18.530331 -0.403971
v 11.076167 19.209042 -0.368592
v -2.950548 16.483770 -0.286066
v -2.099447 16.766167 -0.387245
v -1.813852 16.599520 -0.393115
v 11.595215 30.952576 -0.416413
v -5.459789 22.476070 -0.386671
v -3.624284 13.623782 -0.382673
v -5.232395 23.538996 -0.446422
v -9.868089 12.199002 -0.479027
v -3.514813 23.430922 -0.474870
v -4.086205 16.894476 -0.315348
v -8.861408 11.552758 -0.351008
v 2.584554 -4.652747 -0.287223
v -9.596515 12.389529 -0.480102
v -6.083220 14.105813 -0.328718
v 6.232012 14.957300 -0.377026
v 0.997810 10.353839 -0.326817
v 0.233895 14.255851 -0.351282
v 0.819930 11.113395 -0.320353
v -7.991695 16.967207 -0.199476
v 0.442850 10.853712 -0.314748
v 7.758193 14.767342 -0.331059
v 11.981894 20.456713 -0.384475
v 11.763197 7.181676 -0.331231
v 8.595448 21.664526 -0.412302
v -10.072583 13.626053 -0.373226
v 6.579439 15.810560 -0.310921
v 2.958283 21.207623 -0.318679
v 8.254745 15.910900 -0.339846
v -6.012346 29.407137 -0.284852
v -17.243910 5.807243 -0.332996
v -6.325164 29.930540 -0.329378
v 7.500371 15.988556 -0.303158
v -6.262611 30.600742 -0.445272
v -6.718654 17.634077 -0.418130
v 7.593007 16.560825 -0.329811
v -7.999804 14.134737 -0.271389
v 6.598698 22.384796 -0.378392
v -6.795890 18.134932 -0.344559
v 6.264787 22.688540 -0.316363
v -3.521351 8.899513 -0.384615
v 12.491913 12.420400 -0.360558
v 7.873111 22.627380 -0.313699
v 8.405763 16.975966 -0.318793
v -6.664885 18.799318 -0.490936
v 11.815698 13.621891 -0.397230
v 9.489819 16.415726 -0.337216
v -4.706344 27.211481 -0.250557
v -5.184022 27.465784 -0.532158
v -14.106308 7.990530 -0.349675
v -15.743379 8.587491 -0.342147
v -1.838609 25.724762 -0.306150
v 5.900402 27.113379 -0.390180
v -3.755697 14.263854 -0.314159
v -13.407064 8.032448 -0.374232
v 6.461655 27.122259 -0.327208
v 6.815512 27.192835 -0.365454
v 3.734306 13.001360 -0.300771
v -1.754429 26.860573 -0.352966
v 1.332123 19.143904 -0.375776
v -2.586363 27.797977 -0.296497
v -1.601619 16.109234 -0.377896
v 7.847580 27.870007 -0.369733
v 5.935870 18.309610 -0.331910
v 3.444536 16.931833 -0.340873
v 8.851594 25.362873 -0.311242
v 6.858406 18.328962 -0.342639
v 8.029671 24.204706 -0.339095
v -5.187486 12.908206 -0.364726
v -5.139164 13.342934 -0.348193
v -4.599680 29.530714 -0.279361
v 7.809741 18.541834 -0.373638
v -14.738675 10.527247 -0.371843
v -3.235236 12.923487 -0.318519
v -3.418935 13.431215 -0.308423
v 5.333692 18.147757 -0.337240
v -14.384206 12.266662 -0.368259
v 11.583766 27.557878 -0.290536
v -11.509926 12.970031 -0.306841
v 11.361554 17.077683 -0.366094
v 10.196065 18.751387 -0.350677
v 13.317328 29.408617 -0.298927
v 11.309565 30.388666 -0.287060
v 11.452063 16.769741 -0.370457
v 11.695630 30.757521 -0.341995
v 12.008030 16.938187 -0.362477
v 1.884405 20.387869 -0.306476
v 14.049729 30.564369 -0.295779
v 12.177798 17.351812 -0.306744
v 11.760202 30.869753 -0.347327
v 12.803550 31.856800 -0.387951
v 2.349287 20.930181 -0.357075
v -4.931420 29.847095 -0.375726
v 1.836926 21.213274 -0.323799
v 3.870617 18.948692 -0.358454
v -1.541391 16.998054 -0.349212
v 1.092447 14.273893 -0.363689
v -4.073910 23.685339 -0.217939
v 5.142928 13.774187 -0.340605
v -0.931562 17.458075 -0.368372
v -0.647260 17.575851 -0.373808
v -10.043327 12.506152 -0.479850
v 0.797310 14.938332 -0.338195
v 0.494036 22.327080 -0.308952
v -10.881768 13.302929 -0.388069
v -0.106818 22.357830 -0.348971
v -11.137542 13.929389 -0.370219
v -6.420202 14.670557 -0.375444
v -7.160404 20.926439 -0.295157
v -10.636696 13.557899 -0.385138
v 6.679197 21.882038 -0.400550
v 1.188031 21.307652 -0.327377
v -5.598857 14.455202 -0.374553
v 11.451842 19.930576 -0.399558
v -3.241495 13.822312 -0.354856
v -5.804681 29.301571 -0.349663
v 12.416273 20.281498 -0.377093
v 6.478269 15.247530 -0.355821
v -6.497043 30.148766 -0.332769
v -6.390795 30.293360 -0.283797
v -7.737304 23.327539 -0.409920
v -3.520085 25.660767 -0.448976
v 2.586496 19.920418 -0.357531
v -8.581465 13.074197 -0.382685
v 7.951217 21.912958 -0.354424
v 3.424643 19.790903 -0.349286
v 2.101850 14.667058 -0.363424
v -6.590600 15.071104 -0.363703
v -9.244304 13.327278 -0.368821
v 2.634375 20.149681 -0.366521
v 2.325736 14.247311 -0.350111
v 12.104122 8.195315 -0.352517
v -8.226638 12.512253 -0.364468
v 7.430278 15.316151 -0.315791
v 6.971645 15.476172 -0.378807
v -8.140188 13.201535 -0.267662
v -8.318345 16.859133 -0.362392
v 1.682167 14.564141 -0.353949
v 6.703031 15.646801 -0.365247
v -7.465664 16.628899 -0.374531
v -6.976756 15.772239 -0.355788
v -2.331522 21.035889 -0.296138
v -2.159903 21.227022 -0.288395
v -2.590875 25.599403 -0.315131
v 1.817496 15.234582 -0.376408
v 0.248338 25.299496 -0.328933
v 12.147438 9.070170 -0.349100
v 0.886246 12.708417 -0.388388
v 2.404916 15.028824 -0.331545
v -0.474893 25.723234 -0.344031
v 6.933731 16.302654 -0.366000
v -5.106009 11.891463 -0.333184
v 0.578155 12.823824 -0.367298
v -4.623206 12.391624 -0.351101
v -17.293451 7.045483 -0.324356
v 0.640522 13.143911 -0.358055
v 2.706336 15.939558 -0.337258
v 8.018081 16.412897 -0.332787
v -16.862286 7.326224 -0.371372
v -17.063873 6.941586 -0.375826
v 2.800966 14.356013 -0.359335
v 13.040725 9.308370 -0.353892
v 8.371613 22.079189 -0.355224
v 4.481452 26.927567 -0.443188
v -15.330698 7.615489 -0.331209
v 1.073680 13.529275 -0.336787
v 3.169722 15.000108 -0.336213
v -6.846630 16.428261 -0.346631
v -6.475673 15.812592 -0.370695
v 5.096341 19.497206 -0.358730
v 1.343834 13.847107 -0.367214
v 5.365970 20.069317 -0.341372
v -4.949947 13.170823 -0.370922
v 2.769281 21.243979 -0.354531
v 5.640953 22.790318 -0.321171
v 9.055418 25.576807 -0.217823
v 9.270831 25.807943 -0.377131
v 1.687487 12.894944 -0.312825
v -4.970694 29.657169 -0.324178
v 10.576723 26.538795 -0.431139
v 6.216538 23.062557 -0.326712
v 6.654047 23.378792 -0.338789
v 2.812820 15.742903 -0.331359
v -14.495720 7.451885 -0.326485
v 9.039883 16.753674 -0.340301
v -8.605937 17.987356 -0.406788
v -8.776423 18.515671 -0.430785
v 7.259883 23.278326 -0.323286
v 3.214575 15.810252 -0.395525
v 7.766554 22.408655 -0.306441
v 13.201373 9.911409 -0.355616
v 3.630807 15.537647 -0.352033
v 7.415103 22.403316 -0.390258
v -4.609702 13.354435 -0.373763
v 8.366683 22.546246 -0.382191
v -0.056290 23.343878 -0.376289
v -8.587199 17.452362 -0.419442
v 12.542098 28.486584 -0.360740
v -7.010205 17.058289 -0.286439
v 12.927061 28.797705 -0.328108
v 3.133241 16.147419 -0.353500
v 13.215058 11.191336 -0.343007
v -5.407682 13.932454 -0.333548
v -4.040083 12.495821 -0.313425
v 2.301682 13.150518 -0.368432
v 2.405189 13.585419 -0.357416
v 5.923666 19.031324 -0.301212
v 11.911297 31.028299 -0.333295
v -4.700471 14.465651 -0.387888
v 0.589981 24.097559 -0.355936
v 7.853725 23.044247 -0.354135
v 0.664872 24.757586 -0.352624
v 14.393171 32.216061 -0.473304
v 4.087784 13.335480 -0.341960
v 11.818931 13.912685 -0.421837
v 5.860109 19.264627 -0.327302
v 4.846857 16.620970 -0.349355
v -3.379137 16.728735 -0.395671
v 8.158219 24.591837 -0.344551
v -15.712824 9.269760 -0.367322
v 0.706352 17.666214 -0.320596
v -0.067874 24.868868 -0.377698
v 8.528728 23.409689 -0.381305
v 7.194954 18.753662 -0.392928
v -1.480838 16.727379 -0.403312
v 3.673589 22.739504 -0.289825
v 3.950068 22.749052 -0.342148
v -15.137403 9.260422 -0.379629
v 1.223458 19.302528 -0.417576
v 4.202168 22.788612 -0.214777
v 4.495471 22.450993 -0.398501
v 1.952094 19.129612 -0.270564
v 7.731314 18.874973 -0.331381
v -15.126532 8.313395 -0.307274
v -14.889596 9.075907 -0.314323
v -14.470344 8.478873 -0.392756
v 2.571753 19.365078 -0.339019
v 8.355940 24.958239 -0.289692
v 9.564710 17.545616 -0.349427
v 3.854223 16.963240 -0.391189
v 8.692468 25.050659 -0.321482
v 7.986191 20.978491 -0.390998
v 5.631207 20.956520 -0.344596
v 3.541228 17.583759 -0.360568
v 9.662907 17.881388 -0.328361
v 11.032142 14.269877 -0.264823
v 11.743130 14.326386 -0.381814
v -14.829252 11.831771 -0.446871
v 4.807580 17.001139 -0.339221
v 4.334941 17.101568 -0.348425
v 6.576666 21.406210 -0.213165
v 4.201410 17.433212 -0.376959
v 4.971207 17.120771 -0.309787
v 10.374104 17.740616 -0.337110
v -13.568535 13.447749 -0.258622
v 4.106480 17.913689 -0.336648
v 9.910745 18.512398 -0.337027
v 4.662719 17.993164 -0.387371
v 5.062609 17.745712 -0.339335
v -11.430818 13.477290 -0.326540
v 10.641994 19.261307 -0.321600
v 3.860170 18.506712 -0.335606
v 11.127317 19.802052 -0.360163
v 11.609569 19.305361 -0.416990
v 3.102848 18.655294 -0.333023
v 1.067956 20.362850 -0.359645
v 3.000925 18.991375 -0.328713
v 0.716900 20.783398 -0.349123
v 3.395571 19.245544 -0.343428
v 1.535456 20.890989 -0.336651
v 2.099446 20.391048 -0.369272
v 4.603109 18.571423 -0.343382
v 4.955197 18.296768 -0.364567
v 1.022144 10.336385 -0.327536
v 0.980356 10.379657 -0.327106
v -15.809199 0.454026 -0.206286
v 12.545381 4.220219 -0.291796
v 8.983712 -6.839851 -0.303060
v 13.849440 6.906374 -0.373635
v 13.680085 8.060927 -0.318812
v -17.270567 1.706597 -0.320341
v -0.937731 -5.032920 -0.260089
v 7.803894 24.635990 -0.266224
v -3.486193 22.423435 -0.206361
v -4.572543 24.538408 -0.258001
v -17.713907 3.750430 -0.276970
v 9.331282 8.859165 -0.288611
v 11.607259 15.543028 -0.287375
v 5.095301 10.552648 -0.286831
v 0.800880 -4.800628 -0.294200
v 11.599612 16.343355 -0.277619
v 12.012640 16.682817 -0.264490
v 11.147476 12.725611 -0.266476
v 1.645574 -4.256673 -0.292410
v 11.430937 19.536238 -0.216400
v 11.029542 13.456285 -0.167607
v -14.024656 12.610401 -0.316581
v -3.638019 25.919004 -0.329355
v 12.738237 19.860796 -0.260505
v -12.273776 13.854840 -0.194263
v 11.654595 22.326956 -0.452862
v 12.333317 21.911398 -0.129265
v -17.634853 6.160816 -0.309143
v -12.104947 13.694697 -0.274030
v -1.750088 26.044575 -0.205741
v -17.113632 6.310475 -0.351742
v 4.861931 17.803848 -0.278221
v 4.093318 19.591677 -0.313319
v -4.684324 6.915062 -0.307247
v 1.456336 23.523563 -0.270434
v 3.661080 26.949751 -0.312172
v 4.191000 26.922108 -0.404972
v 5.394877 26.928970 -0.287213
v 6.519940 27.017088 -0.275348
v -5.409716 30.122984 -0.282459
v 6.748255 14.549801 -0.283978
v -0.112044 14.011158 -0.317706
v -9.256948 13.040607 -0.254636
v 12.419311 7.624215 -0.321237
v -8.588205 12.651401 -0.271078
v 0.350394 14.611404 -0.350252
v 7.840217 27.606510 -0.350953
v 5.259164 23.156809 -0.276876
v 7.297329 14.737264 -0.334916
v 4.355996 23.538557 -0.305223
v -4.122313 5.187704 -0.320989
v 12.882354 7.960129 -0.299099
v -4.994584 7.124493 -0.231605
v -8.542277 19.819235 -0.496282
v 4.755965 14.567118 -0.383502
v 9.775834 29.012428 -0.306183
v -5.124225 14.738410 -0.406794
v 10.985493 30.057955 -0.237791
v -5.658853 15.787454 -0.263504
v -3.383184 8.620459 -0.359558
v 11.949407 28.159954 -0.298935
v 0.854050 17.851542 -0.367568
v 0.847759 18.584414 -0.393881
v -1.412622 16.018646 -0.323392
v 11.572163 30.912912 -0.326956
v 6.769414 16.382654 -0.174260
v -0.010711 16.601976 -0.049407
v 13.758369 29.558130 -0.279698
v 11.433432 31.123751 -0.318635
v -6.198376 8.829056 -0.279314
v 11.599241 31.108742 -0.317927
v -10.787931 11.634559 -0.294712
v -7.524742 23.270453 -0.206543
v -7.542573 23.536505 -0.208899
v 10.550691 22.064634 -0.370008
v 5.681735 17.780897 -0.316214
v -5.610334 20.106529 -0.383018
v 5.931271 17.952368 -0.264613
v 8.699019 17.260994 -0.224877
v 5.685250 23.238430 -0.276206
v -16.729773 6.390298 -0.302010
v -17.305391 2.280287 -0.271000
v -1.388113 11.987418 -0.286807
v -16.247772 6.212992 -0.293339
v -1.843609 21.191565 -0.275623
v 9.395348 7.680261 -0.293110
v 11.651193 9.646645 -0.214667
v -16.741074 6.811371 -0.286677
v 12.576134 8.629648 -0.338140
v 3.415771 18.072548 -0.336244
v 7.816437 23.746550 -0.282878
v 0.360469 9.640376 -0.272264
v 8.017175 24.414156 -0.263531
v -15.625937 7.166131 -0.278971
v 4.671707 13.309146 -0.299282
v 11.884218 10.188813 -0.283148
v -8.594051 12.421079 -0.299938
v -2.886983 13.255763 -0.308869
v -3.172388 25.099710 -0.254613
v -14.957933 6.833941 -0.290295
v 5.235825 12.921912 -0.319698
v 5.126457 18.359585 -0.290542
v -11.300211 13.216461 -0.271421
v 8.446169 22.974520 -0.374563
v 9.192532 23.680279 -0.375227
v 1.048022 10.037810 -0.302608
v 4.878855 13.175616 -0.258555
v -9.387224 12.935350 -0.225511
v -3.050540 25.642969 -0.328715
v 0.549440 10.414441 -0.308954
v -4.227706 26.509680 -0.323089
v 4.923926 -6.672155 -0.281771
v 6.045555 9.964838 -0.294587
v -3.069228 25.818169 -0.262712
v -16.246380 7.202787 -0.293998
v 1.379691 -4.906084 -0.292500
v -2.092103 26.801441 -0.126951
v -18.431461 3.523457 -0.343984
v -7.853278 13.283647 -0.321831
v 12.281936 10.783331 -0.309986
v -8.399453 13.431295 -0.350421
v 11.486798 11.211151 -0.295991
v 9.614059 8.558547 -0.313375
v -5.082461 7.937851 -0.317758
v -5.469957 8.075997 -0.314840
v -16.073349 7.557325 -0.323133
v -5.190266 8.453535 -0.278795
v -4.579868 7.580319 -0.296307
v -14.959865 7.465495 -0.357362
v -2.272452 27.433035 -0.327077
v 4.610812 19.317234 -0.283356
v -4.050712 7.512751 -0.291006
v -14.286841 7.303891 -0.324671
v -2.418993 5.877307 -0.288050
v -5.391618 28.516619 -0.385593
v -5.443846 28.786514 -0.262109
v 2.333133 -5.090935 -0.325554
v -5.657743 29.087605 -0.375002
v 0.998761 21.946651 -0.296959
v 5.510909 14.174603 -0.341666
v 11.867359 16.467150 -0.289118
v 12.248865 11.693135 -0.256425
v -17.560886 5.385586 -0.318631
v 0.431486 14.032568 -0.324985
v 11.061152 16.737040 -0.287655
v 12.281227 16.964603 -0.293582
v 12.056807 12.428673 -0.332674
v 11.720124 12.964141 -0.296778
v 10.963542 20.003345 -0.262586
v -13.766940 8.597385 -0.320380
v -13.317320 8.132079 -0.294024
v 0.990771 15.194674 -0.315204
v 5.786324 12.568213 -0.294009
v 1.083971 10.389743 -0.332472
v 11.117052 13.190270 -0.290440
v -5.261755 11.222836 -0.331062
v 2.208105 14.997144 -0.333444
v 1.782149 10.716619 -0.326127
v 2.531877 15.422269 -0.352713
v -5.733114 10.785632 -0.299384
v 2.738440 15.349679 -0.303612
v 3.115905 15.395733 -0.313427
v 11.376407 13.857712 -0.283390
v 4.917657 15.093967 -0.301981
v 1.227643 11.115667 -0.312947
v 2.087693 -4.566582 -0.296969
v 2.907394 15.931242 -0.319975
v 3.374604 16.476086 -0.383786
v 3.345709 16.648899 -0.257036
v 5.516808 13.614697 -0.325882
v 6.262181 15.508318 -0.233876
v -11.116221 11.655358 -0.314329
v 6.440919 15.665417 -0.264068
v -10.268463 11.355032 -0.287050
v 3.161016 -5.006151 -0.314232
v 2.209785 11.070588 -0.308215
v 1.505669 22.529375 -0.297787
v 6.768936 16.109720 -0.330427
v 3.163852 26.891491 -0.286170
v 3.228946 27.136349 -0.400688
v -17.914158 5.644939 -0.298609
v -5.742953 11.231742 -0.279986
v -14.795995 9.934231 -0.292385
v 4.519096 15.915694 -0.391000
v -5.405568 11.768300 -0.343714
v 4.847951 15.842543 -0.280605
v 6.302775 14.073478 -0.296544
v -14.366001 9.388662 -0.269229
v 0.173419 6.738041 -0.293405
v -5.979744 16.485199 -0.358835
v 7.046062 16.032331 -0.286443
v 7.028765 15.821405 -0.329786
v 10.608959 13.044084 -0.306269
v -14.507648 11.110391 -0.308488
v -14.553111 11.315921 -0.254970
v 7.858518 27.485933 -0.268489
v -13.549422 8.632100 -0.232098
v -7.258703 16.698233 -0.356609
v 3.737280 20.049965 -0.338816
v 9.484863 25.704851 -0.320639
v -11.306780 12.369623 -0.398167
v 10.447839 26.774042 -0.208010
v 6.908040 16.686115 -0.292926
v 3.131567 20.688360 -0.320558
v 0.916344 17.443604 -0.375822
v 7.288919 16.836830 -0.286729
v 0.784818 18.232798 -0.368799
v -13.207168 14.009711 -0.297021
v 3.674505 20.804693 -0.296867
v -11.137150 12.693459 -0.341646
v -4.142970 11.979503 -0.274508
v -4.396146 12.591510 -0.329704
v 0.595839 12.335956 -0.324650
v 10.111075 29.489952 -0.326192
v -3.360050 14.242665 -0.294598
v 11.681482 6.544947 -0.314484
v 10.671036 29.853304 -0.296367
v 1.167989 12.112176 -0.303615
v 0.992213 11.708061 -0.322497
v 1.668020 11.208158 -0.308140
v 11.309930 27.497673 -0.260830
v 12.695473 28.751032 -0.316866
v 8.024909 16.869038 -0.300257
v 12.337307 6.829487 -0.280060
v -6.867447 6.139327 -0.299139
v 2.120290 11.672348 -0.314853
v 8.440791 15.094737 -0.301497
v 1.895625 11.462765 -0.326254
v 11.455644 7.353902 -0.206985
v 13.830077 29.700834 -0.353705
v 4.697776 19.848684 -0.289031
v 8.516562 15.665956 -0.338756
v -5.016122 5.601606 -0.308689
v 8.962618 15.916184 -0.313337
v -3.158549 12.110847 -0.294139
v 4.375151 20.604567 -0.269726
v 8.645724 16.007746 -0.316472
v 11.888463 30.921394 -0.268941
v 13.088912 31.863691 -0.331151
v 9.674138 16.056850 -0.302113
v -0.915345 16.642303 -0.372754
v 14.835894 31.293196 -0.426169
v 12.853889 8.382940 -0.324856
v 5.091239 20.521839 -0.308833
v 13.186630 8.224426 -0.266973
v -1.917304 16.820385 -0.266513
v -3.815175 12.003590 -0.297484
v 0.278488 13.010002 -0.285378
v -3.209387 12.441654 -0.324211
v 0.269567 13.351089 -0.319300
v 8.682485 16.678001 -0.315177
v 3.575107 21.282652 -0.287373
v -5.319431 13.092509 -0.251636
v 9.934597 16.617771 -0.330775
v 5.380380 21.321989 -0.315332
v -4.841352 20.338818 -0.195953
v 5.523101 18.453831 -0.330032
v 4.796450 11.604221 -0.310335
v 6.321196 18.877306 -0.338666
v -2.450300 11.671058 -0.292048
v 4.562981 12.210977 -0.284916
v 5.040473 11.999514 -0.280061
v 5.133759 12.474157 -0.290756
v 0.271544 23.088434 -0.321787
v 8.727930 17.008001 -0.349420
v -1.778723 11.956745 -0.300975
v 0.891529 23.419659 -0.319716
v 9.243006 17.153400 -0.297213
v 9.038488 17.516310 -0.331291
v 0.546138 23.498981 -0.328150
v 10.359795 17.075237 -0.272290
v 9.995816 17.344225 -0.317018
v 10.575572 17.358940 -0.326077
v 3.497692 23.322361 -0.307773
v 4.026222 23.726084 -0.321048
v 4.949107 23.032005 -0.324051
v 4.740227 23.470835 -0.290008
v 10.409498 19.232674 -0.393483
v 6.355158 21.530537 -0.375738
v 6.087081 21.912600 -0.322563
v 6.898534 21.508444 -0.274691
v 8.385236 21.724773 -0.278419
v 8.749881 21.881655 -0.308425
v 8.818623 22.318544 -0.314375
v 0.980356 10.336385 -0.324783
v 2.239386 22.274502 -0.245606
v -4.992946 22.302980 -0.125107
v -12.804600 5.621595 -0.239301
v 6.034356 10.547503 -0.273028
v 4.823468 21.056826 -0.264365
v 6.881547 6.705784 -0.253529
v -15.672447 5.716831 -0.242606
v 4.767671 22.323507 -0.239388
v -4.931858 24.068670 -0.234715
v 2.594244 22.696115 -0.213603
v 8.875448 9.070254 -0.252364
v 1.845022 23.472324 -0.248138
v 5.946120 23.831888 -0.256435
v -2.707063 4.680834 -0.250945
v -2.212487 5.187548 -0.252281
v -6.347860 -1.236947 -0.270854
v 8.738967 6.688269 -0.244119
v -8.871222 11.910303 -0.232864
v 11.540888 8.913160 -0.263190
v -9.025495 12.065957 -0.107015
v 0.945784 25.120800 -0.245300
v -3.521355 25.005152 -0.254578
v 5.712449 14.684176 -0.210415
v 11.422707 13.546107 -0.267170
v -12.988587 7.145091 -0.190443
v -6.242850 30.261526 -0.198869
v 7.811658 14.363433 -0.244918
v 9.988276 23.660374 -0.069541
v 2.120709 24.047703 -0.225599
v -4.274210 5.928781 -0.274822
v 2.528704 23.831160 -0.251421
v -7.799105 14.810156 -0.233535
v 6.060429 11.365069 -0.178093
v 8.225438 7.323748 -0.251031
v 11.745464 16.164581 -0.293830
v -4.239591 -1.893466 -0.251659
v 11.889448 16.026379 -0.178463
v -6.835970 14.668733 -0.323634
v -5.869629 13.759587 -0.291626
v -8.552248 11.828167 -0.323771
v -4.870064 6.737376 -0.234299
v -4.953749 -0.654839 -0.182555
v 0.234668 9.186606 -0.233828
v -3.885256 6.375790 -0.307141
v -8.236279 17.550138 -0.191035
v 8.623108 14.559053 -0.246125
v -3.670408 -0.985242 -0.284051
v 0.915312 9.872865 -0.275761
v -2.879807 6.272615 -0.220794
v 6.411577 11.656528 -0.247165
v 0.343590 -4.552274 -0.264693
v 1.777393 10.210556 -0.294153
v 1.986564 -5.763465 -0.232735
v 2.173182 9.752454 -0.226564
v 6.159196 11.961691 -0.237140
v 2.350943 10.649954 -0.268966
v 1.978873 -3.979995 -0.104182
v -5.330957 9.851659 -0.241434
v 6.745538 19.592604 -0.095250
v -3.770993 8.653292 -0.238698
v 5.450060 10.690526 -0.232429
v 7.361034 14.013778 -0.222599
v 2.961557 26.805672 -0.239538
v 2.961548 26.805672 -0.239538
v -5.220236 28.326452 -0.338197
v -4.252202 7.912585 -0.277479
v -3.517634 10.279133 -0.232816
v -14.038688 9.247676 -0.339017
v 9.336428 15.735024 -0.277051
v 10.605049 12.259430 -0.268293
v 4.206141 12.587723 -0.286299
v -14.342601 5.797564 -0.258454
v 6.397103 18.129923 -0.257597
v -2.281545 6.628694 -0.307274
v -4.844007 17.210098 -0.141729
v 6.311167 27.021492 -0.201406
v -0.408486 6.487652 -0.241592
v 10.766314 21.878229 -0.342536
v 11.887477 3.377317 -0.256866
v -5.772436 4.912548 -0.227016
v -1.354167 7.658834 -0.261032
v 8.224352 27.936512 -0.283627
v 9.569995 2.715690 -0.176864
v -7.669564 6.701180 -0.297459
v -5.772216 11.783332 -0.245296
v -7.761622 23.618868 -0.402614
v 12.020509 4.348292 -0.240563
v 12.148610 4.725875 -0.208076
v 0.021705 7.322761 -0.248266
v -7.147464 5.796592 -0.174321
v -5.493066 13.335020 -0.310855
v -0.137915 8.756129 -0.263316
v -1.681740 12.478692 -0.125284
v 10.186586 26.378014 -0.295726
v 12.301487 5.614071 -0.236838
v -9.465734 8.860153 -0.261459
v -9.157994 8.774371 -0.248816
v 2.258006 18.908133 -0.224041
v -5.437462 6.438123 -0.231109
v 3.192123 17.008940 -0.172779
v 8.488539 28.060312 -0.191321
v 5.379838 8.339652 -0.241006
v 9.355572 28.802073 -0.324516
v 9.473532 28.451157 -0.046137
v -7.350119 7.788506 -0.151200
v -10.592327 11.156682 -0.282254
v -10.341251 11.053278 -0.280102
v 12.683024 6.610603 -0.240207
v 10.907758 29.915895 -0.218146
v -6.527457 7.971566 -0.306411
v 11.637405 28.075294 -0.227575
v -7.890422 8.696294 -0.258933
v 12.413051 28.858103 -0.144412
v -6.492167 8.304482 -0.257198
v -5.652515 5.342134 -0.280816
v -5.391893 5.662838 -0.190910
v -6.732541 9.064083 -0.243443
v 13.894104 30.097988 -0.300141
v -3.290540 4.651002 -0.186998
v -6.229092 10.700108 -0.274992
v 14.531996 31.176476 -0.222833
v -10.656290 12.109240 -0.110661
v 5.280741 22.971481 -0.299336
v -3.031100 5.050498 -0.283443
v 5.366122 17.840324 -0.257703
v 10.530213 3.173301 -0.283587
v -9.074802 11.531604 -0.257028
v 2.849591 18.692850 -0.235222
v 5.359151 23.543434 -0.281636
v -4.350257 21.875652 -0.062578
v -3.459034 5.055022 -0.245614
v -3.766253 22.018009 -0.194009
v -3.246195 5.660542 -0.282480
v -2.642186 5.545964 -0.298769
v -2.526814 4.074808 -0.247914
v -5.063016 23.248236 -0.316323
v -2.674766 4.240406 -0.270654
v -0.670804 11.593706 -0.264536
v 4.334105 21.101749 -0.208939
v 7.179116 23.692301 -0.291539
v 6.935152 14.121694 -0.280185
v -11.076713 13.104460 -0.263664
v -13.708520 5.798189 -0.292651
v -2.905403 12.773790 -0.303482
v -13.373163 5.216844 -0.233773
v 7.889110 7.092350 -0.262846
v 6.262723 9.036440 -0.286092
v -2.429068 13.535618 -0.300803
v 8.051480 24.898195 -0.154259
v 8.141824 14.720574 -0.276951
v -16.979185 5.654597 -0.246125
v 6.470160 16.169361 -0.261736
v 0.161838 -5.321708 -0.224283
v -5.679158 -3.192631 -0.195328
v 1.071914 -5.549087 -0.223643
v -2.854406 5.273897 -0.248759
v 2.908345 21.859386 -0.192685
v -3.988249 24.834507 -0.264810
v -2.606745 5.038745 -0.228005
v -2.293201 5.718956 -0.226632
v 5.592752 9.432185 -0.213752
v 6.049638 9.183799 -0.294656
v -5.174243 -3.827210 -0.280632
v 11.345492 10.105175 -0.265661
v 11.386804 10.574792 -0.316778
v -1.695142 5.791419 -0.241793
v -2.935794 24.725851 -0.251620
v 6.080962 8.041691 -0.259871
v -5.597860 5.931296 -0.261972
v -15.645794 6.235991 -0.260995
v 11.143753 14.615033 -0.278020
v 11.818848 10.559521 -0.280353
v 9.762908 13.980762 -0.261949
v -8.068278 12.952645 -0.246911
v 6.564311 9.434214 -0.257743
v 9.933969 13.819648 -0.198189
v 6.250388 10.010476 -0.194949
v 11.459009 15.142802 -0.242591
v 9.731931 14.362036 -0.269177
v 3.259931 -5.840961 -0.226220
v 6.573235 8.274212 -0.261106
v 9.725314 14.841146 -0.229288
v 11.711597 11.445930 -0.260289
v -4.614388 5.923595 -0.284186
v 11.329767 15.335083 -0.264978
v 11.004181 11.244690 -0.273440
v -4.799136 6.289809 -0.220138
v -5.436784 8.993118 -0.246699
v -6.434635 -1.620736 -0.259147
v -4.672085 8.653007 -0.276336
v -4.587303 8.263240 -0.279494
v 11.223029 19.719082 -0.248776
v 4.832667 21.667765 -0.223768
v -15.031773 6.117686 -0.282096
v 5.301904 21.764120 -0.282461
v 11.053448 11.966487 -0.247049
v -4.722812 8.883473 -0.272693
v 5.527559 10.908795 -0.223541
v 12.320004 21.405912 -0.237969
v 4.065422 -5.171288 -0.241214
v -14.798631 6.322198 -0.242778
v 5.485145 22.335388 -0.294677
v -4.735156 28.216352 -0.187093
v 8.604377 7.324896 -0.269534
v 3.858320 26.472321 -0.207335
v 9.091537 9.220200 -0.221656
v 11.331264 12.429186 -0.226618
v -5.412974 -1.629256 -0.245494
v -5.016047 9.621284 -0.263070
v 10.255905 8.618259 -0.256072
v 11.638793 13.733557 -0.212271
v 1.110342 22.735008 -0.286157
v -4.282350 6.145649 -0.239134
v -4.394694 9.455056 -0.269388
v -4.052818 9.739738 -0.267867
v -12.528605 14.279418 -0.319472
v -3.670731 5.572770 -0.304466
v 10.962057 9.145967 -0.275657
v -5.568572 29.307301 -0.236339
v 7.499917 27.413250 -0.299444
v 7.615382 27.399651 -0.259149
v 7.783487 27.658148 -0.307123
v -3.293478 5.963839 -0.274577
v 7.580200 16.865297 -0.249048
v -3.302594 6.433208 -0.281560
v -3.517693 -2.098636 -0.252978
v 9.844306 25.944248 -0.390250
v 9.891847 26.398758 -0.243276
v -15.469943 6.580722 -0.256399
v -7.951853 16.598186 -0.377183
v 6.027753 19.808104 -0.343983
v 5.667976 11.529589 -0.286591
v 0.968097 -4.157069 -0.283428
v -4.187491 6.958242 -0.281552
v 2.295271 15.280917 -0.242636
v -5.419556 10.303693 -0.261504
v 10.044045 7.404497 -0.253667
v -4.553862 10.109996 -0.281925
v 8.162366 17.049688 -0.207040
v 1.164733 23.963463 -0.279343
v -3.544894 6.493199 -0.256296
v -2.838226 6.610982 -0.210235
v 11.055774 27.382271 -0.329784
v 5.883959 12.107604 -0.278549
v 11.208145 27.624731 -0.175555
v -3.555643 6.929558 -0.280412
v 12.182896 28.671843 -0.216133
v -4.892225 -1.236889 -0.257495
v -5.460476 -1.016347 -0.250031
v 2.637215 -5.540983 -0.252462
v 4.684092 15.600290 -0.410673
v 13.119869 29.400862 -0.292447
v 13.089329 29.409437 -0.158756
v 6.812784 12.568277 -0.272613
v -14.000890 6.302432 -0.265375
v -5.074182 7.373976 -0.287637
v -12.986309 6.270564 -0.229815
v 13.525465 29.811115 -0.155801
v 11.610606 30.992689 -0.238692
v -13.401455 6.626957 -0.236628
v 11.997180 31.005383 -0.236306
v 12.041650 31.101608 -0.286279
v 12.062236 31.418247 -0.306295
v -14.172608 6.909217 -0.256535
v -4.839190 7.601109 -0.268727
v 13.723240 31.883142 -0.340528
v -5.706193 7.395580 -0.238007
v -5.858307 16.762257 -0.357371
v -5.799613 7.918006 -0.302422
v 4.062720 23.244568 -0.286776
v 0.547370 -3.471863 -0.232683
v -4.662717 -0.858578 -0.266682
v 2.484352 18.759378 -0.231584
v 10.036641 19.002600 -0.315809
v 14.774091 31.723995 -0.212166
v 2.961778 23.548164 -0.283187
v 2.989443 23.760229 -0.235281
v -13.400311 7.319731 -0.254169
v 3.683961 23.028059 -0.233290
v -13.770327 7.589768 -0.251484
v 6.286703 12.957815 -0.269539
v 3.554603 23.669252 -0.283547
v 5.032824 17.356867 -0.300794
v 3.409246 23.748144 -0.289337
v -4.840707 11.281107 -0.303335
v 2.113314 10.047814 -0.253565
v 4.475078 22.775160 -0.226285
v 2.332839 10.389641 -0.261582
v -13.098105 7.269396 -0.291039
v 3.785047 -5.627143 -0.248250
v 3.678248 -5.068366 -0.284744
v -6.616513 19.920017 -0.092017
v 6.679843 13.650625 -0.237375
v 4.805461 23.240597 -0.282961
v 5.883296 13.717538 -0.302599
v -6.084433 19.832209 -0.331487
v -18.144598 3.827247 -0.314567
v -4.578433 10.613802 -0.263455
v 4.621450 8.658750 -0.230489
v -14.570590 9.651957 -0.291358
v 5.051163 22.645168 -0.259677
v 5.257808 8.919248 -0.257298
v -2.428561 6.165825 -0.244473
v 8.301740 -7.543259 -0.243956
v -3.046253 10.432534 -0.254535
v 4.615171 9.527123 -0.172200
v -6.225581 22.323605 -0.194512
v -13.962887 9.060152 -0.237776
v 5.008342 9.958389 -0.274060
v -6.421113 22.957838 -0.485798
v -1.883395 6.406923 -0.254706
v 9.914715 12.451298 -0.271382
v -17.610495 4.416982 -0.337136
v 4.894589 11.020620 -0.296564
v -0.046560 11.480736 -0.285502
v 9.814252 1.664510 -0.247117
v 10.726459 12.623069 -0.290316
v 9.685684 12.681487 -0.273919
v 1.973516 12.174480 -0.306721
v -1.371760 6.322825 -0.254645
v 10.196939 12.803333 -0.296817
v 10.053796 12.920478 -0.246044
v 2.119600 12.659417 -0.296129
v 9.731936 13.282578 -0.256995
v 10.060619 13.417191 -0.255922
v 4.534268 23.887913 -0.258480
v 9.924448 2.424126 -0.275906
v 10.947140 13.127674 -0.232470
v 5.356917 11.104413 -0.267547
v -3.263034 7.553386 -0.242440
v -8.402669 6.853719 -0.256305
v 10.180147 13.859806 -0.281045
v -7.592571 7.033089 -0.214858
v -7.749324 6.203501 -0.260984
v 10.454771 13.482950 -0.272793
v 10.740065 13.601180 -0.283623
v -7.328053 6.434508 -0.303847
v -4.439250 10.887729 -0.279023
v 10.521007 13.779532 -0.245060
v -17.735569 5.684437 -0.272744
v -17.272770 5.148797 -0.257804
v -2.134042 7.638745 -0.247995
v -6.075837 6.122662 -0.257309
v -16.698139 4.863085 -0.255600
v -3.654672 10.853823 -0.266663
v 11.142830 4.124078 -0.232639
v -7.262058 8.184930 -0.249918
v 11.331017 4.840155 -0.240569
v -3.334594 11.212647 -0.281765
v 11.441050 5.316412 -0.253787
v -16.455879 5.278247 -0.272185
v -6.820238 8.282537 -0.249988
v -2.266915 8.453658 -0.253371
v 11.919188 5.527733 -0.272159
v -1.718899 8.234738 -0.265116
v -1.477211 8.959161 -0.280396
v -0.846632 8.370302 -0.254067
v -5.919882 8.468800 -0.285964
v -5.153394 5.125976 -0.314235
v -2.408703 9.067113 -0.273149
v -4.994264 4.912561 -0.226324
v 11.383677 5.714024 -0.205631
v -5.119013 5.354158 -0.231115
v -4.773300 5.478692 -0.269230
v -4.344943 4.916061 -0.250071
v 12.372345 6.234100 -0.238085
v -3.224282 4.401396 -0.297552
v 11.406763 6.521811 -0.196744
v 11.965580 6.104012 -0.277658
v -4.298184 5.456538 -0.243591
v -10.209038 9.792625 -0.184103
v -4.038379 5.610040 -0.257343
v -3.740246 5.235188 -0.294449
v -10.016471 10.241016 -0.276779
v -10.750340 10.922984 -0.241582
v 12.467606 5.890398 -0.242191
v -9.515631 11.124202 -0.216556
v -7.287377 8.749283 -0.238234
v -0.805127 9.667274 -0.233820
v -0.566590 9.268018 -0.267320
v 11.732944 8.545113 -0.278046
v -2.799368 10.012552 -0.236716
v 12.839381 7.003637 -0.230312
v -2.432665 10.838905 -0.269097
v 12.818319 7.615724 -0.265241
v -6.449118 9.255328 -0.268357
v -5.577570 9.340598 -0.238715
v -6.195234 9.973753 -0.270199
v -0.590108 9.845183 -0.238470
v -7.101398 9.941027 -0.269582
v -1.337510 10.669029 -0.238953
v -0.979285 11.036097 -0.260759
v -0.555064 10.694883 -0.259362
v -11.136569 12.007936 -0.297313
v -0.090114 10.513603 -0.255130
v -4.010183 11.688176 -0.281962
v -2.987411 12.941000 -0.224083
v -1.857423 11.328361 -0.272086
v -2.480219 12.804577 -0.314383
v -2.280873 12.509266 -0.281335
v 2.983376 26.803738 -0.240807
v 2.944099 26.823143 -0.251867
v 10.942078 -0.628632 -0.187162
v -1.833347 -5.103427 -0.268759
v 12.402530 2.516692 -0.300223
v 12.688356 5.200195 -0.264152
v -16.912697 1.559006 -0.297881
v 11.264980 -0.927903 -0.304083
v 13.408470 7.400077 -0.277520
v 4.357998 -6.948949 -0.332518
v 12.499717 2.564665 -0.326481
v 3.098379 -6.263420 -0.277107
v 6.609035 -7.687172 -0.276423
v 8.410954 -7.668989 -0.307855
v 10.172870 -3.632399 -0.289229
v 1.244643 -5.977985 -0.278574
v 1.711395 24.516516 -0.104812
v -7.338397 6.102556 -0.275936
v -4.948155 28.552410 -0.206996
v -5.107004 28.750139 -0.203274
v 1.221029 24.700516 -0.211968
v -13.769736 -0.494768 -0.160159
v -2.152850 12.903763 -0.150376
v -15.191960 4.804338 -0.198875
v -6.442920 -0.762016 -0.240675
v 9.795900 0.477960 -0.218605
v -3.858312 28.793739 -0.205147
v 5.008558 23.652233 -0.208895
v 10.071007 1.487173 -0.235166
v 3.156474 13.283648 -0.365971
v -6.464864 14.315306 -0.326325
v 4.274527 24.105965 -0.223607
v -12.665113 4.598943 -0.198268
v -9.141618 8.576395 -0.245517
v 6.960357 10.069404 -0.225184
v -8.807900 8.789769 -0.236076
v -9.191118 9.202143 -0.252456
v -9.676706 9.283712 -0.235569
v 6.811433 11.133080 -0.170994
v 0.035748 -2.984855 -0.158612
v -9.474772 9.110556 -0.170476
v 8.968696 20.061817 -0.296549
v -7.098506 6.674358 -0.220756
v 5.387314 14.810228 -0.052151
v -12.647107 5.800812 -0.218766
v -6.472036 5.806293 -0.261970
v -9.773557 10.650085 -0.209002
v -6.256963 6.094026 -0.141744
v -13.345885 7.116346 -0.169711
v -6.514888 6.532655 -0.126953
v -6.197789 6.848940 -0.224131
v 10.446140 22.693235 -0.383700
v 2.973860 16.404589 -0.191043
v -8.266193 7.244994 -0.197752
v 9.976376 3.981219 -0.265376
v -13.203135 8.318701 -0.272372
v 10.346529 3.439988 -0.226587
v -7.631087 7.631987 -0.209131
v -9.545153 10.512887 -0.219193
v 5.396012 23.823362 -0.298227
v 10.672022 8.462250 -0.207700
v -9.514004 10.806151 -0.264498
v 10.455720 8.637780 -0.185303
v -2.943727 16.143307 -0.342892
v -9.171453 10.927812 -0.168560
v -7.188910 7.929890 -0.208427
v 9.714013 5.336929 -0.214562
v -7.390144 7.982417 -0.223655
v -13.084083 8.912841 -0.095206
v -6.654883 6.984004 -0.202799
v -8.251266 8.793287 -0.152097
v -8.097996 8.936286 -0.240168
v -6.885260 7.689400 -0.220074
v -7.236557 9.078767 -0.238986
v 1.091451 4.713885 -0.167814
v -13.867761 12.400705 -0.174724
v -6.184798 7.926032 -0.184594
v -0.377296 16.936666 -0.376319
v -14.020974 13.122277 -0.322962
v -6.877640 8.906571 -0.136995
v -11.587361 12.629839 -0.331552
v -7.020425 9.071264 -0.229588
v 8.107258 11.606685 -0.128768
v -7.596683 20.165928 -0.111462
v -3.557705 -3.091848 -0.185798
v -2.401811 -3.364927 -0.198631
v 0.525077 17.475819 -0.424597
v -11.879950 13.503699 -0.174399
v -1.552034 -4.571867 -0.173134
v -6.911214 5.304123 -0.181355
v 4.026046 26.602327 -0.257239
v -9.522423 8.410261 -0.214498
v 3.252293 17.409199 -0.273523
v 4.406760 4.500174 -0.204183
v -1.806580 -2.856071 -0.192213
v 5.360147 17.442797 -0.338150
v 3.118819 17.909225 -0.284190
v -6.745785 21.284885 -0.277187
v 8.545456 8.014058 -0.254874
v -4.614090 5.022646 -0.252246
v 0.009078 5.791645 -0.197200
v -10.211771 11.696895 -0.125712
v -5.561767 4.921589 -0.160260
v -7.667335 23.387123 -0.180553
v 6.227839 15.694819 -0.128778
v 9.521963 13.242188 -0.215487
v -4.768168 5.675340 -0.160832
v 9.418152 13.608926 -0.205644
v -4.130198 4.622402 -0.217701
v -10.044066 11.670310 -0.125615
v -10.478627 12.059587 -0.160320
v -8.732955 8.382252 -0.222914
v 0.697178 9.625426 -0.200600
v -7.582484 5.851337 -0.181560
v 11.599599 3.098643 -0.202291
v 3.487126 5.948066 -0.195197
v -9.286679 12.157094 -0.236138
v 9.917476 15.162318 -0.195562
v -8.580731 11.323059 -0.161201
v -9.356533 11.697793 -0.124021
v -4.067994 23.899261 -0.205950
v -3.783288 22.889061 -0.141534
v 2.560238 9.914034 -0.213999
v 10.160735 16.071915 -0.212907
v 10.956157 16.213325 -0.201080
v 10.769444 16.790953 -0.240048
v -8.619539 11.539200 -0.285432
v -0.807701 3.654973 -0.229030
v -3.300456 26.132088 -0.171652
v 10.936975 29.557629 0.025026
v -2.355564 25.915384 -0.150182
v 8.441092 17.340651 -0.254570
v 0.091577 5.160150 -0.205831
v 14.098655 30.707151 -0.138583
v 11.457634 30.970161 -0.251810
v -5.787540 7.071387 -0.108991
v 12.537773 31.660580 -0.273840
v 2.210620 21.716276 -0.292409
v -2.706618 7.801533 -0.235989
v 5.136603 6.238069 -0.260104
v -15.367002 3.206697 -0.199331
v -8.387172 6.503458 -0.186208
v 1.654891 24.231722 -0.232019
v -9.955666 9.510010 -0.232268
v -9.702357 8.679749 -0.139387
v 0.263411 11.903658 -0.270780
v -5.920251 -0.803201 -0.225190
v 5.494027 6.992778 -0.227624
v -7.315958 6.733915 -0.215059
v -9.771386 9.071556 -0.230893
v 0.051380 13.150846 -0.263629
v -10.758244 10.424577 -0.248965
v -10.246717 10.163149 -0.153428
v -17.515627 2.539340 -0.197901
v -10.949853 10.694455 -0.242493
v 3.351254 22.542788 -0.209474
v -11.249133 10.966359 -0.213415
v -11.032788 10.932043 -0.207630
v 4.970459 7.146962 -0.227098
v -17.202650 3.214338 -0.207877
v 5.164805 7.723696 -0.213071
v -16.669487 4.587591 -0.212416
v -6.764180 5.961180 -0.223031
v -5.300193 28.919060 -0.245488
v -6.896288 6.587667 -0.294505
v -6.023926 -2.246736 -0.205937
v -5.083560 -2.395570 -0.212720
v -10.140943 10.780833 -0.225138
v -5.594476 30.306362 -0.236311
v -5.652200 30.147253 -0.219005
v -16.195181 5.767622 -0.249035
v -15.872502 5.193011 -0.204076
v 11.124014 8.313901 -0.199839
v 9.482490 1.874464 -0.234225
v 9.191157 2.227946 -0.196975
v -5.142271 -1.825800 -0.231422
v -9.850123 10.005178 -0.206963
v 3.528541 24.168091 -0.194939
v 5.536691 7.840607 -0.261273
v 11.026226 9.429643 -0.236752
v 1.419960 15.371714 -0.296354
v -5.917017 6.365777 -0.245565
v 5.714587 9.610071 -0.242089
v 5.291449 14.352394 -0.280190
v 11.305956 11.515257 -0.240770
v 11.428263 11.448419 -0.153989
v -5.821481 6.886258 -0.206784
v 11.395218 11.894650 -0.209273
v 5.153549 8.102148 -0.227001
v -9.848956 11.140946 -0.200476
v 4.621045 24.342348 -0.179551
v -7.574974 7.269931 -0.259725
v 11.144514 2.772444 -0.193447
v 7.796590 19.858835 -0.062605
v -8.354783 7.479339 -0.209068
v -9.317639 10.929864 -0.277494
v 3.889645 -6.070055 -0.212612
v -8.796680 11.108568 -0.215615
v -8.206996 8.616243 -0.245693
v 1.007704 17.041721 -0.154822
v -16.142052 1.534957 -0.136851
v 11.716943 11.994836 -0.247799
v -8.284624 8.961014 -0.233184
v 9.711823 20.297684 0.013601
v 6.410996 10.211126 -0.257832
v 10.696505 19.553562 -0.337169
v 11.185401 13.808601 -0.223034
v 5.333818 -6.024401 -0.194762
v -14.950849 5.669946 -0.266508
v 6.430460 11.352297 -0.219225
v -7.670866 9.499857 -0.276904
v 5.760191 23.442051 -0.203582
v 6.044004 23.300220 -0.183790
v -8.131083 7.959186 -0.231725
v 0.114343 3.449259 -0.219904
v -8.174322 8.233270 -0.206527
v 2.590632 19.016630 -0.218017
v -6.767933 8.735124 -0.229776
v -6.385730 8.431199 -0.199345
v 4.695443 -6.283091 -0.220778
v 6.935309 10.816654 -0.220560
v 5.818237 23.666780 -0.244283
v -14.646827 5.288533 -0.228941
v 6.138515 23.713350 -0.257852
v 4.664808 -5.871888 -0.225560
v 6.237624 23.422312 -0.269879
v 10.178587 3.739412 -0.230534
v -3.963109 -2.531953 -0.214136
v -6.589196 9.068815 -0.175878
v -16.503019 2.223086 -0.214087
v -6.967156 9.404267 -0.230525
v -4.521566 -2.033575 -0.211894
v -6.802123 10.305868 -0.230614
v 7.486702 24.304398 -0.211007
v -5.892225 9.833761 -0.231515
v 6.655501 16.536264 -0.283502
v -16.362875 2.853026 -0.242339
v -16.096312 2.417607 -0.207745
v -6.894419 7.188016 -0.259410
v 8.643929 14.245490 -0.238039
v -8.459456 18.492371 -0.271186
v -3.051849 -2.429459 -0.208036
v 8.409299 14.660135 -0.232632
v -7.014935 18.598995 -0.210194
v -6.901133 19.206779 -0.316557
v 10.562521 9.188757 -0.242737
v -4.130151 -1.557349 -0.252417
v -3.556635 -1.619383 -0.257459
v 10.123003 8.972388 -0.253372
v 10.391044 9.302528 -0.232982
v -3.127368 -1.688202 -0.192275
v 9.840464 9.227655 -0.268516
v -5.970643 7.952293 -0.147609
v -6.384318 -3.288481 -0.143409
v -5.766023 8.120967 -0.211536
v -5.367931 -0.632580 -0.155635
v 11.313780 16.100939 -0.199438
v 11.068634 16.307720 -0.163177
v 0.191549 -4.387222 -0.213599
v -9.293776 11.384321 -0.184393
v 9.160524 14.527209 -0.199027
v -13.477157 6.984788 -0.233181
v 2.174733 -4.278543 -0.198749
v 1.295646 5.323571 -0.233562
v 8.940197 15.105556 -0.269870
v -12.951695 6.852392 -0.237252
v -12.842394 7.141420 -0.226862
v -2.341281 -4.510166 -0.161320
v -4.913324 5.146287 -0.230226
v 9.455948 14.954164 -0.206345
v -5.531335 16.488140 -0.141566
v -4.502325 5.701374 -0.213961
v -13.082438 7.488631 -0.233762
v -4.381851 -0.582757 -0.175902
v -3.431618 4.483947 -0.211266
v -14.365545 9.781646 -0.303420
v -2.947136 4.652187 -0.188599
v -14.549695 10.301491 -0.226766
v -10.961190 12.838851 -0.242610
v 10.633943 9.839263 -0.188282
v -4.324297 5.216488 -0.206375
v -3.417053 -0.598686 -0.190314
v 10.744725 10.578464 -0.234944
v -10.326385 13.214939 -0.201305
v -10.212648 13.059426 -0.195195
v -3.504874 15.921946 -0.267003
v -5.859944 -2.758854 -0.199211
v 2.558478 27.091759 -0.420530
v 9.886929 14.488958 -0.202319
v -4.086209 16.081299 0.027854
v 10.416743 11.235789 -0.244977
v -9.747093 13.225428 -0.244619
v 2.652476 26.812468 -0.215939
v -13.402924 8.772674 -0.166340
v -2.538135 -2.304605 -0.195402
v 1.422295 -3.755634 -0.243837
v 5.959742 6.618923 -0.229692
v -14.240472 11.950165 -0.169716
v 1.261497 -3.298928 -0.186770
v 2.512459 4.447885 -0.214806
v 10.201345 14.981311 -0.216441
v -11.375105 12.175306 -0.262671
v -17.963253 2.520673 -0.185292
v -7.903207 12.830231 -0.281779
v 10.151882 14.324208 -0.289050
v -5.554760 17.072304 -0.276635
v 10.433341 14.436024 -0.291511
v 2.186790 5.152968 -0.228948
v 5.811165 7.067361 -0.216209
v -11.873081 13.243103 -0.192834
v 4.566286 -5.308017 -0.205673
v -11.637903 13.168952 -0.136179
v -0.368888 3.458878 -0.184118
v 10.707916 14.926250 -0.222001
v 10.040202 15.494465 -0.186957
v 6.110385 6.168040 -0.198015
v 6.720642 6.283349 -0.236902
v 6.260768 12.199822 -0.275896
v -6.166384 5.532357 -0.265087
v -0.276326 3.936446 -0.200349
v 7.215040 11.719997 -0.246068
v 6.636734 6.896297 -0.205821
v -6.259937 5.183084 -0.228977
v 7.859578 11.440349 -0.209202
v -3.298844 9.446743 -0.073307
v 3.319796 3.451691 -0.215244
v 9.975889 29.261963 -0.282044
v -5.394714 20.585270 -0.102864
v 7.207041 12.122780 -0.207200
v -4.821060 20.761446 -0.177031
v 10.396287 16.524641 -0.219417
v -8.672321 7.102467 -0.243411
v 6.239029 -6.012033 -0.177743
v 11.262753 27.809454 -0.143327
v -17.160013 4.318638 -0.231430
v -8.772772 7.640230 -0.226903
v 7.008462 16.868284 -0.184480
v -8.716390 7.880373 -0.202355
v 8.066753 6.143308 -0.186564
v -2.609670 9.617639 -0.225219
v 12.278002 31.600035 -0.278231
v 8.013961 17.281282 -0.219266
v 6.933989 13.332999 -0.220431
v 9.434878 -4.420238 -0.192100
v 7.617527 6.493224 -0.230195
v -0.763982 -4.781717 -0.196468
v 7.229312 6.942002 -0.229784
v 4.035855 5.502225 -0.220587
v -1.910828 9.517839 -0.239066
v 14.396348 31.931332 -0.302459
v 14.598496 31.851883 -0.216943
v 10.089367 12.128743 -0.219429
v 10.128292 11.825953 -0.231171
v 4.751472 5.271327 -0.210700
v -4.590277 24.155605 -0.197533
v -1.343565 9.509760 -0.207834
v -3.849608 24.451448 -0.189643
v -1.446654 5.461341 -0.217624
v 6.462714 7.401603 -0.229177
v 9.690532 11.779690 -0.214685
v 9.885923 18.249029 -0.348376
v -3.415241 24.206028 -0.252430
v 0.357781 6.325816 -0.256357
v 0.242140 7.103480 -0.202677
v 9.214748 14.104765 -0.207332
v 3.264910 21.856390 -0.257020
v 10.867577 12.888788 -0.185414
v 6.780221 8.111451 -0.205953
v 10.307200 13.325497 -0.220330
v -4.961163 5.910134 -0.248692
v -1.936410 10.358398 -0.237363
v -1.802691 -3.575361 -0.198792
v -5.260934 6.268611 -0.197726
v 10.885932 13.523429 -0.190329
v 10.307363 14.015916 -0.223767
v 6.952274 7.532997 -0.225014
v -1.669396 9.949802 -0.211518
v -5.080519 6.499743 -0.205511
v 10.693184 14.036699 -0.269587
v 10.998681 3.063452 -0.222191
v -5.383801 7.162732 -0.234821
v 11.632038 2.752784 -0.200961
v 5.079276 22.202213 -0.207341
v 10.967854 3.773110 -0.236092
v -4.501070 6.573409 -0.200267
v -5.335342 6.987084 -0.251139
v 8.302599 6.439684 -0.210575
v 11.476024 3.629952 -0.232428
v -4.086279 6.548444 -0.265583
v -3.763584 5.856888 -0.184419
v 11.812013 3.724169 -0.193886
v 9.196024 6.130529 -0.212097
v -4.317958 6.284454 -0.132089
v -3.823554 6.926928 -0.262111
v -3.071511 6.949011 -0.270660
v 11.597096 4.081890 -0.235832
v -0.534230 -3.531523 -0.233574
v -5.349082 7.707339 -0.219957
v 9.834314 5.943395 -0.237026
v 2.235692 23.345879 -0.208971
v -1.122234 -3.713916 -0.210404
v 9.658862 6.346876 -0.240019
v -3.660581 7.649539 -0.206387
v 10.186028 6.758990 -0.216839
v 11.742070 4.568890 -0.234763
v 10.571292 7.543976 -0.193285
v -7.564803 -3.199721 -0.191329
v -2.675850 6.923425 -0.177256
v 9.539332 6.918869 -0.259952
v 12.057788 5.031028 -0.243647
v -2.203039 6.975036 -0.232964
v 10.144115 8.220480 -0.210880
v -0.792346 5.839171 -0.207505
v -1.051136 6.474033 -0.221483
v 2.538767 10.171798 -0.223196
v 2.600966 10.793530 -0.258116
v 4.545620 8.417831 -0.217182
v 4.550742 9.217724 -0.190713
v 5.465487 9.398683 -0.229158
v -2.571595 7.240630 -0.231758
v -1.068298 7.054345 -0.222601
v 2.944099 26.788219 -0.226721
v 12.963104 29.245049 -0.223931
v -10.097391 9.404784 -0.162877
v -5.683081 12.204349 -0.190723
v -10.036015 9.775585 -0.238808
v -13.446636 -0.643645 -0.152262
v -13.448009 -0.643141 -0.152262
v -13.152074 -0.790422 -0.164427
v -6.424303 -0.216288 -0.102075
v -9.920925 8.569975 -0.148725
v -5.191337 29.337122 -0.153579
v -9.252550 8.887662 -0.110272
v -10.525235 2.634478 -0.144914
v 4.290842 12.200416 -0.211182
v -4.033999 28.848164 -0.132641
v -9.792681 9.625621 -0.106327
v -9.438489 2.110694 -0.147073
v -9.513399 9.702065 -0.190586
v -15.315180 1.459685 -0.201084
v -10.071777 2.949375 -0.163727
v 6.554694 9.002783 -0.197040
v 3.744485 24.413778 -0.079440
v 4.411015 7.062643 -0.091075
v 7.340662 20.185610 -0.346487
v 4.276710 8.694056 -0.098075
v 9.160026 0.352311 -0.110844
v -10.329892 10.515803 -0.152799
v -7.743466 1.731559 -0.166131
v 7.026279 11.192036 -0.167343
v 5.305676 8.053615 -0.121859
v -4.153938 4.798585 -0.078948
v -11.823603 4.926516 -0.186082
v -3.859744 4.899860 -0.205099
v -9.440743 10.142308 -0.146714
v 5.568722 4.377482 -0.179441
v 6.496219 4.672681 -0.197498
v -9.384177 10.621917 -0.303032
v -7.023612 1.952317 -0.164622
v -11.874508 5.149215 -0.131930
v -6.755761 2.089842 -0.099843
v 1.867484 -3.455566 -0.167409
v 9.544131 20.574406 -0.056399
v -6.754889 2.339369 -0.122405
v 8.923449 1.274077 -0.103910
v 6.476083 5.356901 -0.150985
v 9.277633 1.905152 -0.145317
v 3.342143 -4.597829 -0.096157
v 7.208632 5.544621 -0.165892
v 10.338503 21.473724 -0.204977
v 11.214451 0.736999 -0.146461
v -14.700163 2.012231 -0.164949
v 10.201595 9.881701 -0.192258
v -0.934734 3.415644 -0.172681
v 0.799096 3.738378 -0.158045
v 10.144365 4.641707 -0.168404
v -12.534932 6.956779 -0.165634
v -13.072188 7.810563 -0.226360
v 9.675449 4.962555 -0.148649
v 7.272090 11.302010 -0.105962
v 5.299485 -5.590734 -0.208887
v 7.985720 12.028139 -0.191417
v -14.377070 10.146644 -0.235324
v 7.333738 12.409820 -0.219570
v 3.517363 2.892019 -0.120133
v 7.246350 12.665446 -0.228829
v 3.835934 3.016226 -0.129917
v 7.224210 13.247291 -0.077333
v -5.457411 15.967057 -0.205740
v -13.800284 9.431525 -0.170147
v 5.873909 14.496397 -0.332294
v -4.922198 1.118828 -0.178047
v 8.252726 14.282641 -0.196147
v -4.416554 1.117873 -0.172773
v -14.086744 12.183264 -0.232673
v 9.932866 11.634973 -0.147414
v 8.860505 5.991334 -0.174363
v -3.433512 0.449502 -0.174182
v -11.373763 11.572015 -0.168963
v -11.595824 11.719972 -0.136702
v 9.930213 -3.688304 -0.220913
v 8.226381 14.420009 -0.173090
v 4.735388 3.848691 -0.167115
v -3.476189 0.935061 -0.139833
v 9.497294 13.415524 -0.115163
v -0.472953 3.014256 -0.203184
v -11.814785 13.053019 -0.149262
v 0.196641 8.898821 -0.155438
v 10.250278 23.554213 -0.175140
v 0.255951 8.957397 -0.152262
v 0.255951 8.957398 -0.152262
v 11.937045 4.235156 -0.196491
v 6.784177 16.959433 -0.210979
v -15.066673 2.569699 0.000891
v 1.535596 9.859774 -0.199465
v 0.707164 5.944685 -0.218943
v 2.267972 9.951539 -0.137323
v -10.517565 3.916229 -0.152721
v -11.031252 3.436159 -0.160848
v -10.617720 4.199519 -0.175271
v 2.161240 26.487820 -0.101852
v 2.414282 26.631983 -0.146534
v 3.918244 26.575445 -0.152103
v 3.006874 26.719667 -0.193299
v -0.664318 -2.856742 -0.129380
v 7.558844 27.096746 -0.088708
v -4.502465 8.808914 -0.146592
v 8.001081 27.563223 -0.156797
v -7.190464 -2.439632 -0.142298
v 8.867382 25.674524 -0.036139
v 8.344106 27.750666 -0.132981
v 9.309564 18.080011 -0.201037
v 9.243379 18.481165 -0.023504
v -6.245433 4.693513 -0.072073
v -2.669155 8.603046 -0.077943
v 11.586961 28.183159 -0.036233
v -8.799260 6.869350 -0.143005
v 12.861902 29.427458 -0.135834
v 12.994938 29.369234 -0.154617
v 12.952502 29.696903 -0.184869
v -9.337185 7.975739 -0.167371
v -7.491839 20.647362 -0.281574
v 11.863326 31.142231 -0.211920
v 12.137286 31.147045 -0.110670
v -3.753523 26.417946 -0.167432
v -1.851102 25.817867 -0.144710
v -2.327753 27.159954 -0.196120
v -6.931424 -1.526340 -0.148628
v 0.198037 12.343720 -0.239323
v -5.314306 12.535916 -0.327847
v 4.752657 6.270168 -0.161349
v 9.321920 -1.691257 -0.170689
v -7.250859 5.930192 -0.132055
v 3.030512 22.982416 -0.192301
v -8.386496 6.225322 -0.119304
v -8.990102 8.949003 -0.138066
v -8.592594 9.051913 -0.164435
v -6.517671 6.106711 -0.183006
v -15.079812 3.453888 -0.239834
v -9.339466 9.382769 -0.122879
v -16.332863 4.161908 -0.192442
v 2.786396 23.981482 -0.203066
v -6.282249 6.333925 -0.209661
v 3.047754 24.069704 -0.196573
v -6.806552 6.388910 -0.234463
v -7.092965 6.935415 -0.131536
v -8.739233 1.875456 -0.160441
v -6.807703 6.754095 -0.154196
v 4.082967 24.192354 -0.197301
v 2.539693 12.930394 -0.214685
v -12.050194 -1.308632 -0.167076
v 4.845479 24.067101 -0.176150
v -15.857156 4.643596 -0.196949
v 9.385797 -0.862648 -0.184468
v -8.398840 7.964942 -0.161053
v 4.611067 11.847080 -0.224778
v -14.684740 4.659232 -0.191326
v -7.248475 18.801069 -0.091182
v -13.971855 4.443816 -0.197775
v -5.683096 29.669968 -0.140643
v -8.465650 2.317502 -0.185161
v -5.394748 29.630760 -0.194329
v -4.955564 29.464699 -0.197197
v 5.924148 23.696556 -0.158285
v 6.098029 4.744956 -0.215884
v -6.491394 7.403087 -0.179896
v 6.277030 4.826560 -0.127823
v -10.496377 10.016919 -0.208199
v -10.667517 10.481119 -0.222751
v 6.446680 5.006238 -0.209910
v 7.505349 23.956568 -0.263156
v -10.566896 10.638547 -0.183500
v 7.162902 24.228558 -0.096629
v 9.491387 -0.167079 -0.205890
v -6.131133 7.601684 -0.142667
v -2.713473 14.038436 -0.289485
v 8.760622 22.765780 -0.355368
v 9.039358 23.310806 -0.246054
v 5.803152 4.990162 -0.160825
v -6.484305 1.058714 -0.172541
v -10.540269 10.968602 -0.157188
v -3.110826 4.130530 -0.181594
v 5.684391 5.415182 -0.158443
v 10.169547 23.073925 -0.153787
v -13.570979 4.843429 -0.198742
v 7.637979 11.221318 -0.145211
v -14.182710 4.917130 -0.191855
v 7.479897 11.254267 -0.186287
v -9.232471 10.302547 -0.192549
v 10.970188 15.917419 -0.143189
v -5.424452 5.185616 -0.164154
v -9.835220 10.386710 -0.139740
v 8.790692 8.590174 -0.203817
v 8.937070 0.977003 -0.115824
v -12.067526 4.658781 -0.176105
v -3.522267 4.885377 -0.153342
v -14.849520 1.647863 -0.223101
v 1.257401 26.111366 -0.193871
v 4.836392 16.321445 -0.304458
v 6.822895 5.133513 -0.200598
v -7.940640 20.236774 -0.308159
v 7.279702 -7.493847 -0.201876
v 9.655938 10.429424 -0.154067
v 4.258276 26.669233 -0.197440
v -7.962071 2.319492 -0.183282
v -2.080586 4.132549 -0.252725
v 5.680059 26.701519 -0.108082
v 10.425970 1.325291 -0.164902
v -1.195490 3.544538 -0.206445
v 10.425683 10.332911 -0.203959
v -11.653768 4.494772 -0.175880
v 5.510435 -6.441172 -0.175249
v 10.501333 0.603903 -0.157013
v -8.399510 8.451414 -0.172169
v 6.337625 -6.496742 -0.153741
v -15.917232 2.150357 -0.189455
v -8.562784 8.767946 -0.163620
v 9.923100 10.830626 -0.175688
v -4.694139 21.039522 -0.319988
v -4.833678 21.510681 -0.071715
v -7.161886 8.576263 -0.170503
v 9.892290 3.567217 -0.156980
v -12.669425 4.992613 -0.179500
v -8.081497 9.259198 -0.211517
v 3.147936 16.757338 -0.207781
v -12.376797 5.359152 -0.171592
v -7.322435 2.538940 -0.128864
v -7.240433 9.441152 -0.241060
v -12.173101 5.220684 -0.188999
v 7.320986 11.472543 -0.161235
v -7.070796 8.450278 -0.234061
v -6.608781 8.638974 -0.163239
v 9.060408 1.783813 -0.165331
v 7.365637 12.062990 -0.130572
v -4.193429 21.641541 -0.251404
v 9.812743 4.218115 -0.221881
v -1.072998 3.824266 -0.200114
v -14.068352 1.181287 -0.193407
v 8.809556 -6.567324 -0.214432
v -11.266501 11.633527 -0.151323
v -4.845700 22.886686 -0.196293
v 10.933290 1.433912 -0.165958
v 7.525835 11.668316 -0.215899
v -6.465448 2.161110 -0.164795
v 10.564803 2.145408 -0.207790
v 7.678541 12.281915 -0.203147
v -6.297457 1.788375 -0.195996
v 13.697396 30.037691 -0.193003
v 8.143504 14.094945 -0.145617
v 7.681996 12.542415 -0.145969
v 6.895142 12.868018 -0.195280
v 14.274640 31.006596 -0.162637
v -9.711363 11.454225 -0.159338
v 11.011102 5.306931 -0.154370
v -12.752921 5.996016 -0.166468
v -12.261638 5.723208 -0.183069
v 9.993402 11.225864 -0.200944
v -12.311246 5.947039 -0.183605
v 9.876472 11.378084 -0.155583
v 10.239304 11.435133 -0.133632
v -12.743348 6.820084 -0.197323
v -1.425538 4.958413 -0.189942
v -6.077693 29.714989 -0.280447
v -9.052470 11.256160 -0.171881
v -8.824885 11.332653 -0.178919
v -6.078000 30.094355 -0.163942
v -5.758204 30.029022 -0.134110
v 10.631935 11.688620 -0.208344
v -0.739451 4.418059 -0.146141
v -12.843527 7.822739 -0.209613
v -12.904860 8.114399 -0.173699
v -13.044855 8.105450 -0.141710
v 11.142506 1.962338 -0.172817
v -4.551315 27.467012 -0.018273
v 10.918864 15.556469 -0.151067
v 8.486866 14.113247 -0.134081
v 8.714682 13.769925 -0.146518
v 6.331635 5.720704 -0.167770
v -0.983813 4.641796 -0.191190
v 6.881131 5.814960 -0.238321
v 7.317653 6.002648 -0.204701
v -14.436015 10.622685 -0.206193
v 7.528177 5.600301 -0.187673
v -0.418264 4.994429 -0.191682
v -2.979205 -4.200552 -0.171225
v 9.648262 13.605430 -0.119317
v 10.653649 16.106195 -0.171292
v -13.678256 9.156076 -0.169856
v -13.417801 9.062300 -0.194708
v 11.421561 2.510420 -0.180708
v -0.881000 5.185203 -0.183771
v -4.907592 -3.401778 -0.194907
v 10.981131 4.310806 -0.157326
v 11.143410 4.878831 -0.146887
v -4.966247 0.118051 -0.145106
v -4.167612 -3.153677 -0.201320
v 0.405186 3.603806 -0.194592
v -11.425214 12.008633 -0.059117
v -5.129899 5.805877 -0.169444
v 6.397746 19.472380 -0.131057
v -3.881462 -4.146737 -0.157887
v -4.408697 6.454006 -0.235754
v 8.114842 18.645748 -0.366269
v -3.286216 -0.895129 -0.199804
v 11.163024 6.549803 -0.170915
v 7.544844 19.230047 -0.103690
v -5.433097 7.460683 -0.212900
v -12.580934 13.862979 -0.148787
v -3.933282 7.799826 -0.146814
v 9.256917 5.666562 -0.180259
v 1.447382 4.383271 -0.184518
v -2.803841 9.612925 -0.158631
v 10.716834 6.061333 -0.157581
v -3.883320 -0.679238 -0.176630
v -3.058433 -3.395465 -0.177446
v 9.322385 18.709290 -0.012759
v -10.614297 3.674267 -0.133821
v -11.003409 4.271749 -0.179165
v 0.362721 4.363807 -0.192172
v 2.938295 22.474548 -0.168740
v 10.658383 6.975709 -0.179426
v -5.898509 4.646355 -0.127271
v 0.043132 4.778458 -0.192721
v 8.515561 8.415324 -0.192246
v -6.645818 5.419729 -0.216995
v 0.595844 4.324034 -0.164309
v -6.088252 4.991097 -0.203089
v -8.776472 6.704149 -0.185897
v -5.569133 -0.143775 -0.159483
v -9.192788 7.493978 -0.181416
v -5.457852 0.439488 -0.173919
v -8.769537 7.384771 -0.185247
v -9.266656 7.691198 -0.089523
v -9.111547 7.847429 -0.240243
v 11.019898 7.855799 -0.180428
v -4.359855 0.110390 -0.174792
v 0.905830 5.184167 -0.191891
v -8.883264 7.818070 -0.123980
v -8.594770 8.036586 -0.182396
v -8.972025 7.998857 -0.208163
v -8.558022 8.240664 -0.119788
v 1.817006 4.685386 -0.199750
v -5.504455 1.419575 -0.198177
v -5.353416 1.230101 -0.172816
v -4.711197 0.810158 -0.164475
v 4.069637 3.403124 -0.193773
v -3.777845 0.467769 -0.164862
v 2.814164 3.990252 -0.217309
v -3.474554 -0.067062 -0.198912
v 4.142728 3.880158 -0.159675
v -4.403898 0.909009 -0.147635
v 3.637201 3.945349 -0.129787
v 4.534741 3.491087 -0.149023
v -5.842167 1.501814 -0.170845
v -17.925352 3.342325 -0.231357
v 5.011988 3.808534 -0.185508
v 4.942723 4.176205 -0.203804
v 5.424407 3.851688 -0.129634
v -10.457377 -2.039582 -0.158958
v -9.510117 -2.176582 -0.124230
v 3.309026 4.702426 -0.193410
v 3.726786 4.636624 -0.176309
v 2.736282 5.077180 -0.197934
v 3.236302 5.437696 -0.180703
v 3.763109 5.216159 -0.152969
v -6.781734 -1.929975 -0.208597
v 5.514555 4.219300 -0.218322
v 5.114577 4.812912 -0.185124
v 4.422040 5.173419 -0.177343
v -0.230393 8.201747 -0.253641
v 3.829681 6.446256 -0.190120
v 3.646883 6.935079 -0.179787
v 0.230717 8.939942 -0.156324
v 0.264015 8.979217 -0.156095
v 11.708294 1.444933 -0.213725
v -5.477098 -3.916051 -0.275393
v 11.562573 2.497036 -0.152064
v 0.827138 -2.517257 -0.128374
v -3.605147 7.871436 -0.095136
v 3.811497 -2.716351 -0.136317
v 4.419986 -4.977577 -0.095096
v 2.828192 -4.397910 -0.117559
v 3.563832 -4.056834 -0.112944
v 9.364711 19.772842 -0.009590
v 4.142107 -3.305140 -0.086700
v -12.716002 6.556995 -0.183245
v 3.463140 7.503040 -0.108813
v -10.314608 9.494546 -0.130578
v 3.697113 7.491941 -0.047248
v -8.798202 -0.417710 -0.109520
v 2.686838 2.877295 -0.147861
v -9.883586 9.244694 -0.025931
v -1.043706 -3.077031 -0.156514
v -12.811498 7.520235 -0.124725
v 11.440595 2.500516 -0.078723
v -9.182190 9.470359 -0.160752
v -3.766314 26.773794 0.006163
v 9.828513 22.120787 0.010098
v -15.789333 1.025041 -0.097279
v -7.875572 -2.753230 -0.065153
v -14.406047 10.397448 -0.019963
v -15.094066 0.627870 -0.084028
v 5.232174 -3.008032 -0.114813
v 5.900117 4.393938 -0.174449
v 7.956254 -7.145524 -0.047527
v -14.114511 9.747133 -0.127464
v 9.573580 23.404488 -0.051362
v -14.350009 11.473082 -0.206022
v 8.216617 5.620348 -0.143255
v 9.721140 3.087333 -0.145157
v 9.448386 11.524244 -0.043676
v -14.323956 0.734319 -0.116210
v 9.664891 3.434362 -0.068970
v -3.261549 28.314621 -0.158081
v -8.934002 10.840327 -0.205705
v 5.812584 -5.487776 -0.096929
v 10.236253 -1.428355 -0.108378
v 0.321592 15.230848 -0.030635
v 9.268536 13.424297 -0.128760
v 1.890786 26.436146 -0.156772
v 1.251918 16.030500 0.136773
v 3.452671 26.569607 -0.088840
v 5.523487 15.473236 0.082110
v 2.536857 16.561529 0.067459
v -6.570807 10.390833 -0.279948
v -7.908542 17.572983 -0.019395
v 3.451873 26.725039 -0.186486
v -3.381577 0.605221 -0.070604
v 2.912631 6.704137 -0.101367
v -7.498443 -1.561050 -0.098472
v -4.152628 1.215711 -0.134831
v 1.211908 17.442814 -0.259193
v 1.661515 18.707664 -0.001205
v -9.003162 3.020417 -0.068095
v 2.829836 18.436140 -0.268708
v -16.125145 3.774394 -0.159177
v 6.936824 7.042570 -0.081246
v -5.013870 15.892543 0.023106
v 7.566905 7.465120 -0.036578
v 7.705162 7.787113 0.164736
v -5.159225 15.487427 -0.165055
v -8.170326 3.153603 -0.120917
v -3.660772 15.747286 -0.123478
v 8.444921 14.523080 -0.098609
v -2.328877 15.656046 -0.011452
v 9.638051 26.091089 -0.191218
v -13.813036 3.826495 -0.144123
v -8.805404 1.387079 -0.120340
v -8.314800 0.309878 -0.113771
v 10.730511 27.260605 -0.177654
v -7.439418 0.495951 -0.118837
v -9.011774 6.901816 -0.092005
v 11.852985 28.551296 -0.084311
v 12.532611 29.215401 -0.070594
v 7.348862 18.473991 -0.401260
v -8.107814 2.652254 -0.182853
v 12.628841 29.300047 -0.091172
v -1.759362 13.758421 0.128587
v 11.642323 30.464788 -0.130922
v -2.194949 14.094223 -0.193747
v 13.211927 29.657824 -0.143532
v 13.148181 29.790077 -0.082403
v -0.211961 13.439345 -0.243581
v 13.413076 29.832447 -0.049085
v 2.288584 -3.888721 -0.107316
v -6.329923 21.732450 -0.134507
v 11.837786 30.926170 -0.097021
v 13.124569 31.655598 -0.204757
v -4.338699 4.689608 -0.136886
v 4.845112 5.796524 -0.202284
v -6.805703 1.728832 -0.183894
v 4.586218 5.812408 -0.069636
v -12.469137 5.360535 -0.021159
v 4.092144 6.894794 -0.127272
v -11.550374 5.061948 -0.181530
v -11.591198 -1.236779 -0.104042
v -13.446636 -0.643141 -0.152136
v -13.402997 -0.643141 -0.148506
v 1.494589 -2.945211 -0.147362
v -13.446636 -0.599502 -0.140654
v 4.641657 6.753739 -0.139868
v 2.143220 -2.025796 -0.097546
v -12.160106 5.481394 -0.129758
v -12.600495 6.312682 -0.148254
v -4.530867 22.956884 -0.136192
v -4.800600 23.519684 -0.196465
v 3.038813 7.003006 -0.174939
v 10.546204 -0.539345 -0.121424
v -13.016782 8.406394 -0.098363
v 10.199263 0.095096 -0.159191
v -13.391949 -0.584498 -0.130439
v 3.357762 7.391676 -0.176576
v -3.176774 7.835190 -0.116837
v -14.158467 10.035307 -0.121794
v 3.901259 7.425415 -0.123137
v -10.548866 -1.078240 -0.151893
v 6.841262 0.335963 -0.130224
v -13.084288 8.691843 -0.203023
v 3.488525 -3.557480 -0.125435
v 9.873704 11.045364 -0.133760
v 9.146172 21.651382 -0.026138
v -3.182452 8.477491 -0.218454
v -11.297467 -0.994838 -0.112424
v -11.150974 -0.626022 -0.116128
v 4.691936 7.346106 -0.111187
v -14.112468 9.533330 -0.154121
v 9.374434 22.146746 0.020548
v -10.088903 8.952162 -0.170555
v -3.140325 0.079846 -0.136071
v -3.915739 23.136345 -0.119998
v -13.023828 -0.520994 -0.109390
v -11.431164 11.142669 -0.152751
v -9.659461 8.456026 -0.098405
v -5.880691 30.218510 -0.127995
v -11.695797 11.869737 -0.044103
v 3.327919 -3.132128 -0.135661
v -9.629305 9.929279 -0.208739
v -12.179837 -0.811093 -0.107900
v 3.574248 -0.865600 -0.166467
v -10.264908 -0.140449 -0.112702
v 8.569777 1.688146 -0.100326
v 4.628826 7.687092 -0.092768
v 4.147461 8.177412 -0.109371
v -2.746595 25.914293 -0.063174
v 6.431956 23.837257 -0.083591
v -10.916371 9.885447 -0.116024
v 5.570047 24.085920 -0.083007
v -10.782497 10.146891 -0.121427
v 9.300691 12.057003 0.018362
v 2.982829 2.653421 -0.125433
v -10.967499 10.211851 -0.110060
v 7.158463 23.877481 -0.124805
v 5.881393 4.637949 -0.173307
v -4.648805 28.052303 -0.120889
v -9.634611 -0.295477 -0.122621
v 6.763214 4.850160 -0.111697
v -10.828651 2.973436 -0.130332
v -2.958033 -0.638281 -0.133368
v -10.841965 11.099001 -0.113125
v 7.284688 5.266805 -0.174841
v -10.694960 11.308122 -0.217972
v -11.607389 -0.297605 -0.104810
v 7.531034 5.187131 -0.071386
v 9.345462 13.173391 -0.204254
v 6.966565 5.352890 -0.134340
v -4.332569 28.895582 -0.158806
v -4.798214 29.142200 -0.118324
v 9.402528 2.984623 -0.137766
v -5.632064 0.919525 -0.152911
v 9.643761 2.907724 -0.062752
v 1.339191 3.674345 -0.149430
v 5.954001 -6.857927 -0.151209
v -14.554563 0.046122 -0.152272
v -7.151240 9.144527 -0.119212
v -10.472395 3.428327 -0.132866
v 7.118797 -0.166240 -0.109982
v 2.212607 26.386583 -0.125526
v -10.158541 3.743823 -0.132617
v 0.269755 16.857546 -0.122246
v 6.729356 -0.109519 -0.140255
v -3.983093 0.707104 -0.167406
v -11.171856 11.250778 -0.169399
v 4.081608 26.517506 -0.118203
v -11.039727 11.380566 -0.119031
v 8.954517 -2.415029 -0.140222
v 3.552950 26.724943 -0.091070
v -6.229418 13.731978 -0.101038
v -3.188979 0.850221 -0.122320
v -10.588991 12.751168 -0.108002
v 10.556448 4.489230 -0.119829
v 6.388418 26.853359 -0.059264
v 6.398019 26.952993 -0.165395
v 2.500843 3.359261 -0.151971
v 6.955912 26.973436 -0.227150
v 9.464886 -2.141485 -0.131387
v 2.039542 3.980672 -0.183861
v -6.614487 -2.535504 -0.155970
v 7.008362 -6.504265 -0.131728
v 10.110446 5.276869 -0.172037
v 8.453338 -2.145845 -0.158449
v -8.965619 12.579843 -0.138706
v -3.591036 0.804104 -0.152707
v -7.977004 -1.254184 -0.100305
v -7.747093 11.776567 -0.011021
v -8.095032 -0.552780 -0.124910
v -6.057244 11.224272 -0.191409
v -0.162428 2.706495 -0.111534
v 10.072107 26.532398 -0.114768
v 9.994231 26.653353 -0.074509
v 8.325253 -1.672297 -0.094238
v 2.235013 5.386452 -0.163854
v -9.517122 3.494694 -0.122047
v -7.145003 -0.672222 -0.143282
v -8.013384 13.851292 -0.331761
v -4.936013 15.094660 -0.199941
v -16.642469 3.680820 -0.159190
v 9.854306 28.607651 -0.052281
v 2.898011 3.227769 -0.135301
v 7.190473 -6.106717 -0.133491
v -15.295518 2.037896 -0.202715
v -7.120968 -0.286148 -0.087348
v -14.910292 3.095496 -0.240713
v -9.411745 2.760312 -0.159726
v 10.330737 15.733537 -0.181319
v -15.056889 3.740671 -0.059789
v -4.119590 8.820197 -0.104524
v 7.392991 7.315567 -0.154927
v -2.784492 15.706696 -0.072687
v -8.688231 3.319443 -0.128313
v -10.016083 3.926625 -0.084770
v -9.375417 3.672609 -0.088133
v 4.838359 3.927230 -0.088562
v -11.226115 4.381269 -0.147979
v -10.839023 4.502386 -0.061678
v 9.911355 -1.138971 -0.156478
v -3.399889 9.869298 -0.221550
v 12.015497 28.383953 -0.148640
v -14.295523 4.128679 -0.128913
v 12.521465 29.075027 -0.090338
v 12.657396 29.194561 -0.085622
v -2.503521 8.277477 -0.212543
v -13.032322 3.248685 -0.120947
v -0.446917 14.574479 0.024944
v -11.334656 4.738747 -0.139971
v -6.090289 -0.231963 -0.116740
v 8.535444 5.674317 -0.104161
v 10.569795 -1.839779 -0.161854
v -8.296384 2.771389 -0.069922
v 8.592335 -3.263911 -0.127272
v 13.412271 29.654512 -0.091645
v 10.625805 5.430539 -0.109639
v 9.016311 -0.864354 -0.087681
v -4.959821 17.439011 -0.288079
v 11.915235 30.891529 -0.179344
v -12.868617 0.992986 -0.144009
v 7.954649 19.146074 -0.145994
v -9.176229 7.220703 -0.051818
v -10.223987 0.525466 -0.140712
v -12.420962 0.118233 -0.109799
v -13.779262 3.483594 -0.109551
v -9.039907 8.359338 -0.112597
v -7.759691 5.957517 -0.066853
v -11.230674 0.366990 -0.123003
v -0.171252 12.978192 -0.138659
v -0.075127 7.750522 -0.225218
v -10.662035 0.290295 -0.121198
v -6.117534 7.259580 -0.202932
v -11.709152 0.754905 -0.118879
v -13.281133 4.283814 -0.145436
v -3.393624 3.963494 -0.105323
v 2.357638 24.075901 -0.130100
v -6.648116 22.282488 -0.232729
v -4.436482 4.496562 -0.071428
v -11.644826 2.823302 -0.102443
v -11.268420 2.995195 -0.150768
v -3.836803 4.586643 -0.186153
v -12.482164 3.943701 -0.162646
v -12.053038 3.477925 -0.112717
v -3.541752 4.702911 -0.107379
v 2.096012 -2.811146 -0.123727
v -3.689824 5.008145 -0.109591
v -2.825052 3.950301 -0.116441
v -1.526675 3.931413 -0.186128
v -5.251997 21.074984 -0.053228
v -1.035100 3.636410 -0.060431
v -7.518560 -2.968652 -0.118245
v -8.623617 0.864146 -0.132930
v -7.831095 1.038031 -0.127135
v -8.232564 1.546309 -0.120861
v -6.842019 0.032450 -0.133672
v -6.525780 0.224568 -0.129786
v -6.708267 0.817487 -0.132650
v -6.188889 0.584899 -0.130517
v -7.271988 0.938872 -0.109732
v -8.544559 2.828462 -0.126388
v 0.273407 8.939942 -0.135738
v -11.768507 5.046965 -0.041672
v -2.864814 8.435721 -0.066220
v -12.321264 6.025509 -0.012611
v -10.227067 8.793949 -0.016896
v 4.350845 24.322805 -0.069064
v 2.884658 7.583912 -0.125625
v 3.390553 -1.556579 -0.112341
v 8.783616 -0.026054 -0.081854
v -5.808397 1.961489 0.015237
v -6.010224 1.963418 -0.163225
v 5.741026 4.089237 -0.161118
v 0.853264 3.176036 -0.130125
v -9.242992 9.850528 -0.156054
v 3.391380 -1.018423 -0.181459
v 7.530837 13.744836 -0.100926
v -12.362183 1.451787 -0.058678
v -14.098581 10.522670 -0.104249
v -11.250579 0.950444 -0.080521
v -2.599115 -0.087758 -0.072213
v -7.980184 2.882624 -0.070735
v 9.401767 3.407632 -0.063490
v -7.283758 10.415347 -0.027658
v -4.585509 1.007951 -0.003296
v -3.878255 0.960166 -0.081773
v 5.312280 3.680102 -0.062761
v 3.423286 0.071248 -0.079994
v -14.005518 2.508408 -0.071571
v 9.784138 4.758677 -0.071269
v -13.115472 2.595810 -0.070227
v -12.429905 2.284295 -0.021220
v -12.787971 2.359023 -0.048418
v -12.322906 1.728592 -0.077750
v 7.019507 -2.001200 -0.081710
v 9.036177 13.400359 -0.111355
v 7.249022 24.549107 -0.044272
v -3.530009 28.423828 -0.027265
v 7.528421 24.645237 -0.121269
v -3.424252 28.228548 -0.079849
v -12.026548 2.614383 -0.088659
v -14.133756 11.516176 -0.138821
v -7.454565 13.307364 -0.065557
v -5.632384 12.947513 -0.104820
v -15.580735 2.885700 -0.006944
v 6.565838 -0.174204 -0.036995
v 6.298140 -0.329260 -0.093069
v -7.585424 14.413394 -0.041394
v 7.112245 -0.740074 -0.081424
v 1.298505 25.408409 -0.020592
v -15.796575 4.105497 -0.142240
v -7.100683 14.080963 0.069981
v 8.274553 -1.157302 -0.028598
v -14.944537 4.375666 -0.106410
v -7.292611 17.328861 -0.077704
v -13.182558 13.482251 -0.039224
v 2.322652 11.376897 -0.278032
v -13.000508 13.689471 -0.053188
v -0.931935 12.194818 -0.015824
v -12.702828 5.486805 -0.062913
v 3.821677 12.453265 -0.103717
v 1.251525 17.705050 -0.135499
v 5.330956 26.485540 -0.020865
v 5.712950 26.776373 -0.154980
v 7.633223 10.671597 -0.180047
v 8.398614 25.314325 -0.142349
v 8.631812 25.617874 0.020588
v -1.005928 15.971646 -0.071203
v -0.235292 16.292418 0.059792
v 8.745528 28.041601 -0.141156
v 10.631240 27.229666 -0.043954
v -7.009844 19.555414 -0.130035
v 6.355255 17.695837 0.022689
v -11.732428 12.444281 -0.169052
v 11.037304 27.867231 -0.092753
v 11.951769 28.750052 -0.027175
v 12.309182 29.059435 -0.045341
v 11.151486 29.853556 -0.035673
v 12.642081 29.513933 -0.049804
v 12.952544 29.600328 -0.080898
v 13.031180 29.471733 -0.069840
v 13.273758 29.533770 -0.055682
v 13.278183 29.693739 -0.023140
v 13.265564 31.626385 -0.058307
v 14.125242 31.571913 -0.058453
v -10.505318 4.396227 0.008565
v -6.348292 4.762030 0.008949
v -6.575248 5.250290 -0.027982
v -7.088565 5.396054 -0.044187
v -8.551641 6.382927 -0.030492
v -9.560904 7.921555 -0.089210
v -1.642216 3.490489 -0.045114
v 8.367984 17.752726 -0.010841
v -6.383107 21.524294 -0.197883
v -5.866544 21.920149 -0.073569
v 8.552423 18.887707 -0.148329
v 4.631955 6.083178 -0.067763
v 6.569617 0.095439 -0.092903
v -10.568618 -1.757805 -0.110365
v 1.442376 -1.773003 -0.089486
v 6.569590 0.320590 -0.075489
v -13.542226 -0.366773 -0.087627
v -6.306039 2.141678 -0.086302
v -9.574807 -1.820307 -0.092959
v -4.330551 8.553922 -0.120887
v 8.956092 9.460919 -0.010251
v 7.015076 0.473863 -0.015930
v -12.809861 6.354256 -0.069363
v -14.158075 0.229891 -0.072250
v -3.827991 8.364369 -0.067919
v 7.247425 0.580711 -0.064004
v -12.010860 5.836909 -0.099501
v 9.263832 9.630616 -0.113845
v -10.001811 -0.843665 -0.100736
v 9.450675 9.754195 -0.080163
v 9.232539 9.888094 -0.109134
v -6.926041 2.565658 -0.043282
v 4.877304 23.442953 -0.088604
v -2.112033 -1.984440 -0.117931
v -1.766199 -2.191743 -0.090680
v -3.872389 22.433899 -0.104991
v -12.299482 6.514059 -0.119522
v 3.790556 7.739750 -0.118572
v -3.397250 8.149278 -0.060108
v 3.288434 7.762341 -0.126487
v -2.958291 8.060565 -0.042211
v -12.583531 -0.280616 -0.099935
v -12.716081 7.380873 -0.175505
v -13.138939 -0.070330 -0.104132
v -14.413602 10.869531 -0.183985
v 8.640935 1.551958 -0.127534
v 4.372229 7.711833 -0.064732
v 5.379721 -5.304406 -0.051957
v 4.970517 23.988461 -0.146484
v 4.924891 24.526236 -0.029522
v 4.107639 -4.351058 -0.102655
v -13.869992 9.830942 -0.108816
v -12.089280 -0.184001 -0.112733
v -4.153806 26.814106 -0.074163
v -9.537421 9.476246 -0.065757
v 4.817767 -4.837684 -0.059302
v 6.166611 4.133091 -0.075226
v 6.169088 4.399999 -0.120609
v 7.017532 4.963582 -0.083772
v -8.780663 -2.126927 -0.072924
v -2.725940 26.230818 0.027142
v -11.763256 11.254980 0.027615
v -11.054556 10.483687 -0.123007
v 7.828838 5.772304 -0.133432
v 8.253047 19.944082 -0.111528
v -15.137882 0.760715 -0.110093
v -8.976175 10.387515 -0.137536
v 1.406759 2.783154 -0.034320
v -1.175165 -2.375067 -0.086161
v 9.583283 3.677131 -0.118322
v 2.660514 -2.409073 -0.094124
v -4.606258 28.993063 -0.102384
v 2.073117 3.248660 -0.092986
v 9.746736 3.851030 -0.124854
v 9.302990 5.103659 -0.053106
v 9.473447 5.493493 -0.110580
v 0.869066 15.596546 -0.069494
v -7.629404 12.627196 -0.159072
v 9.890895 5.216740 -0.081554
v -10.930682 -0.380576 -0.100732
v 6.095801 24.152199 -0.134341
v 7.106002 7.156938 -0.049924
v 2.846548 5.847596 0.136983
v -9.634660 2.997342 -0.080942
v 1.958504 15.715189 -0.277418
v -10.052357 3.253668 -0.069500
v -2.794789 -1.194422 -0.112749
v 1.481469 5.604504 -0.172236
v -7.475404 19.184761 -0.019180
v -9.181974 -1.015938 -0.094348
v -9.142443 3.278605 -0.109305
v 2.744893 -3.245303 -0.079863
v -8.607065 -0.864690 -0.091676
v -8.762097 3.145857 -0.115000
v -4.117492 9.164533 -0.072184
v -3.716976 9.515166 -0.087567
v 2.890452 -2.971574 -0.100816
v -9.378402 3.985787 -0.104927
v 4.240788 5.844800 -0.090575
v 4.620523 9.982969 -0.109943
v -5.348729 1.374851 -0.071313
v -5.170419 1.279759 -0.083254
v -4.742102 1.146943 -0.088277
v 3.873169 -1.305847 -0.151397
v 4.309412 -4.005313 -0.106832
v -4.968518 1.393767 -0.023838
v -2.728319 9.013879 -0.092244
v 4.170962 -2.495978 -0.094911
v -10.712700 4.564953 -0.058329
v -4.161407 0.993106 -0.097230
v -11.012186 4.859242 -0.057835
v -13.593005 0.135723 -0.085616
v 4.748045 -2.513662 -0.125721
v -8.751159 -0.037042 -0.060782
v 4.764512 -3.222883 -0.109569
v -2.791190 0.801135 -0.095043
v 4.375234 -1.940739 -0.084073
v 1.083224 25.891970 -0.267347
v -5.600520 1.677738 -0.097005
v -3.015440 14.449274 -0.098175
v -7.451729 5.633109 -0.130823
v 2.719899 26.585163 -0.075064
v 10.566948 15.477598 -0.139128
v 3.654330 26.560717 -0.078416
v 3.659814 26.674749 -0.137380
v 10.815216 15.663115 -0.023577
v -2.407342 0.734645 -0.039987
v 10.810822 15.986493 -0.043662
v 2.399944 -4.161294 -0.083728
v 2.827023 -3.763650 -0.089061
v 5.202095 -1.907990 -0.061055
v 5.162436 -3.412086 -0.073323
v -12.959487 0.381970 -0.083342
v 3.839552 26.645012 -0.088454
v 2.277886 -3.303310 -0.110108
v 5.506304 -1.419133 -0.073603
v -15.623183 3.495548 -0.040082
v -13.418841 1.069995 -0.130736
v 6.525306 19.353817 -0.081963
v -8.061855 6.222182 -0.186753
v 6.924603 19.079515 -0.196718
v -12.949391 1.665832 -0.029350
v -3.524569 4.212153 -0.170962
v 3.034974 0.072577 -0.106223
v -3.118375 3.779982 -0.108884
v 9.526547 26.271730 -0.034311
v -12.239920 0.649013 -0.116706
v 10.362206 27.159781 -0.003052
v 10.739935 27.537359 -0.066147
v 9.588826 19.168505 -0.018705
v -2.031070 3.664517 -0.085552
v 2.265407 24.274426 -0.105988
v 2.861426 2.059500 -0.064745
v -13.457662 3.430774 -0.098901
v 7.298497 -6.943034 -0.104033
v -13.080216 3.796161 -0.110679
v 12.735567 29.157833 -0.044534
v 6.032822 -2.214358 -0.070666
v -13.566139 1.820832 -0.042596
v -12.682578 3.337633 -0.084646
v -7.893058 -0.126993 -0.087030
v 5.523108 -2.108057 -0.101958
v -13.245326 1.935984 -0.075177
v 7.766437 -6.292081 -0.092164
v -0.823280 3.317143 -0.095471
v 8.489830 -6.110495 -0.039779
v 6.300684 -1.680363 -0.071428
v 6.783319 -5.652847 -0.043911
v -13.616426 2.306622 -0.082160
v 14.461676 31.379475 -0.056563
v 14.519420 31.566933 -0.083311
v 7.726207 -5.685898 -0.093849
v -7.327548 0.017808 -0.109530
v 8.302014 -7.073619 -0.038053
v -11.988506 3.175136 -0.096616
v -12.805490 5.177083 -0.180879
v 8.273232 -2.632398 -0.071119
v -11.571843 4.751630 -0.082248
v -12.670386 5.152935 0.013436
v -11.851127 2.066891 -0.079829
v -11.502103 1.508322 -0.071602
v 7.089251 -1.370374 -0.109517
v 8.171713 -4.530662 -0.082797
v 7.644119 -1.515187 -0.068345
v 5.818074 -1.518831 -0.081899
v -9.288835 0.090007 -0.099986
v 5.274689 -1.000924 -0.062601
v -8.929770 0.576805 -0.082416
v 6.695030 -1.547500 -0.113660
v -9.186205 1.199056 -0.088645
v 8.867583 -3.522117 -0.076354
v -9.863640 1.666666 -0.095388
v 8.459650 -3.918214 -0.087981
v 9.262338 -3.720717 -0.061475
v -10.902040 1.957059 -0.103178
v -11.410805 1.799196 -0.063304
v -10.222439 1.900050 -0.065325
v -10.458048 1.547590 -0.072239
v -10.862245 2.410711 -0.083550
v -11.463409 2.345839 -0.066300
v -0.182183 -2.347396 -0.095579
v 9.679185 -3.402894 -0.080662
v 9.422799 -2.906072 -0.072571
v 10.122863 -1.954173 -0.090537
v -9.368363 1.539466 -0.093118
v 9.794168 -1.891393 -0.103563
v -10.071677 2.249527 -0.116914
v 0.319278 -1.773234 -0.082150
v 0.448858 -1.420831 -0.051804
v -8.024423 0.667115 -0.094790
v -7.554140 1.145569 -0.102356
v -5.990477 0.206630 -0.084291
v -4.792875 1.517472 -0.141128
v 5.717668 0.113245 -0.037674
v 4.638337 -0.071740 -0.083579
v -7.874764 2.695221 0.031151
v -7.221335 2.310327 -0.152552
v -0.295515 2.266670 -0.024450
v 7.505906 0.664651 -0.002542
v 8.041411 0.507527 -0.016696
v 9.872872 22.771347 -0.019040
v 1.524908 17.161636 -0.065591
v -16.281387 3.284820 -0.139862
v 5.163580 3.572064 -0.104928
v -9.400155 7.430521 -0.002475
v 3.191552 26.638851 -0.095064
v -7.025965 20.556087 -0.034493
v 1.832458 -0.497179 0.005839
v 2.828522 -1.982087 0.005414
v 5.020945 26.286228 0.085779
v 2.824003 26.620972 -0.005286
v 8.390177 18.238230 -0.047834
v 5.405928 -0.400712 -0.019679
v -11.719718 5.759018 0.100427
v -11.900238 5.525579 -0.164743
v 6.071838 -0.282486 0.013921
v 5.898509 -0.516920 -0.065211
v 4.490717 11.292924 -0.037174
v -8.007452 5.859326 -0.027082
v -12.127227 6.753586 0.001732
v 2.831668 6.032390 0.145429
v 3.481553 12.625998 -0.011077
v -5.502763 21.270460 0.020734
v 7.361995 26.916723 -0.069006
v 4.847831 -1.252793 -0.030709
v -4.436093 27.805857 0.018877
v 1.270702 24.909508 -0.081688
v -13.721366 9.471226 -0.028659
v 4.185923 7.432907 -0.076616
v 3.323778 24.216007 -0.116955
v 5.819964 3.974276 0.001696
v -14.133902 11.669291 -0.118575
v 7.502668 13.033391 0.028974
v 10.004009 19.699467 -0.001963
v -3.086642 27.927719 -0.107834
v 10.515495 19.966444 -0.059652
v 9.620109 10.988068 -0.104340
v -1.848767 26.116533 -0.095482
v -12.864165 13.899945 0.069279
v -12.107518 12.753653 0.086232
v -12.186560 13.191026 -0.067519
v -6.919956 5.646473 -0.227325
v -2.884552 27.667885 -0.043417
v 9.287936 12.749181 -0.059556
v -8.955170 3.287368 -0.001399
v 12.041378 28.974081 -0.009348
v -7.268342 14.510244 -0.049055
v 0.071686 14.858480 -0.142954
v 11.518977 30.213329 -0.008895
v 12.037695 30.533625 0.088133
v 12.840729 29.638197 -0.011415
v 12.941478 29.903051 0.007837
v 13.415628 29.975697 -0.018605
v 13.404251 30.119392 -0.014159
v 13.873157 30.607786 -0.168515
v 5.357420 16.260185 0.058837
v 12.751520 31.499954 -0.064337
v 13.321377 31.392189 0.100691
v -7.647657 18.536350 -0.003404
v -4.661144 15.469562 0.029423
v -10.203738 9.110546 -0.068441
v -8.831327 9.423853 0.006943
v -7.599846 9.867310 -0.167935
v -8.192754 11.989012 -0.277153
v -6.224931 11.550285 -0.014027
v 6.940659 8.532872 -0.070633
v -2.021332 0.543504 -0.014384
v 5.201614 -0.037273 -0.030575
v -10.782052 0.990794 -0.017322
v 8.858471 5.655914 -0.044558
v 8.585702 -0.425471 -0.041515
v 0.446434 9.123609 -0.092826
v 2.777658 16.717482 0.051206
v -8.392830 3.572594 -0.061106
v -7.516427 2.944433 0.015560
v 5.691790 15.231306 -0.044498
v 7.072126 0.133965 -0.074390
v 7.728858 24.704723 -0.076164
v -6.586600 5.075426 -0.138917
v -7.139825 5.134801 0.011665
v -9.497375 7.759610 -0.127813
v -10.858295 1.595026 -0.088790
v -9.961053 7.930319 0.080565
v 2.381606 2.177204 -0.062081
v -10.254775 1.035023 -0.035321
v 8.053400 -3.197387 -0.056571
v 4.658755 10.423865 -0.130593
v -12.086181 1.191987 -0.035497
v 7.627576 17.260998 -0.147622
v 2.439461 11.846201 -0.071164
v -6.733262 20.260019 0.020610
v -3.670235 4.412616 -0.087557
v 8.066096 17.654465 -0.029401
v 1.875705 2.715780 -0.051801
v -5.732935 4.723824 -0.076991
v -6.236700 20.373604 -0.007173
v 5.225835 -4.468206 -0.054354
v -12.517271 5.952461 -0.104492
v -9.860012 0.836507 -0.071189
v 8.765483 -5.145012 -0.018020
v 11.391852 21.619852 0.010510
v 4.846434 -4.093985 -0.065325
v -6.465106 20.930159 -0.014620
v 7.065620 19.388044 -0.029752
v 11.967013 21.150896 -0.042184
v -12.456337 6.580943 -0.081289
v 8.363508 -4.600043 -0.019686
v 2.933707 0.667707 -0.001784
v 12.097062 21.822945 -0.040224
v 7.319602 19.654667 -0.030108
v 4.216423 3.217144 -0.074946
v 4.290303 3.348903 -0.033839
v 3.751991 0.024978 -0.043695
v 6.836234 9.114203 0.001700
v -14.380136 10.948013 -0.093082
v 9.059846 -4.275844 -0.052098
v -12.806797 8.610765 -0.135273
v -14.378561 2.281816 -0.056784
v 8.699512 17.851734 -0.046515
v -13.854262 2.053185 -0.042124
v -0.923419 3.191420 -0.054264
v -13.947779 10.220941 -0.097620
v 5.064886 -3.806392 -0.047178
v 8.429719 8.724630 -0.159620
v -13.995576 10.369832 -0.041023
v 8.551959 9.043361 -0.146339
v 6.017063 -2.512789 -0.024535
v 8.401935 -4.405517 -0.092572
v -11.424767 10.537475 -0.064468
v -11.400120 10.823650 -0.077826
v -9.480706 0.486785 -0.032013
v 5.257646 26.693346 -0.123713
v 2.508111 7.217439 -0.030812
v -13.799601 12.218801 -0.020326
v 5.752449 26.584932 -0.052431
v 5.893837 26.746790 -0.073157
v -6.860648 1.959665 0.027057
v 8.996310 19.634304 -0.038063
v -7.065046 2.396489 0.016821
v -11.926298 11.966932 -0.045332
v -11.106991 10.283257 -0.031267
v 9.183121 25.793610 -0.145330
v -11.249332 10.611234 -0.032856
v 6.642292 -2.014146 -0.047221
v 8.434481 27.798054 -0.107904
v -12.665768 2.796031 -0.097726
v 4.319968 6.084582 -0.044841
v 5.086518 23.344240 -0.031077
v 2.761584 7.340488 -0.062733
v -12.613275 13.702765 -0.127709
v 6.895008 -2.672901 -0.042067
v 5.248327 24.250906 -0.030722
v 5.032706 24.297447 -0.010344
v 1.237976 -1.063731 -0.043559
v -9.132010 3.542291 0.000620
v -5.218721 21.934263 -0.043325
v 8.988035 28.130983 0.026169
v -7.834261 12.113120 -0.163465
v -7.646432 17.201822 -0.037078
v 10.338324 29.158237 -0.068029
v 7.501929 -2.368102 -0.017318
v -4.405354 22.387157 -0.069271
v 11.366213 28.108438 -0.154164
v -4.849509 22.121157 -0.051071
v 7.743896 -2.772531 -0.071638
v 7.999177 -5.235657 -0.097076
v 1.861394 -1.441193 -0.042136
v 12.802713 29.428148 -0.022869
v 6.751522 4.665040 -0.038718
v -1.555657 -1.507617 -0.026786
v -0.174516 -1.307071 -0.066103
v -8.038346 18.790768 -0.024275
v 7.752239 -2.035531 -0.060879
v -7.189954 18.005610 -0.083181
v -0.683824 -1.737419 -0.057922
v -2.172718 26.094379 0.003264
v 0.437887 -0.914707 -0.025265
v 5.535864 -4.879550 -0.059400
v -8.110244 19.335144 -0.134283
v 9.333490 4.383359 0.124478
v -2.213207 -1.522749 -0.058318
v 9.671195 4.674089 -0.096507
v 6.224654 -0.758262 -0.082681
v 5.691698 -0.465260 -0.027603
v -7.847988 19.615173 -0.056559
v 5.866005 -0.232160 -0.052806
v -4.576936 28.359394 -0.043962
v -4.554268 28.657381 -0.096395
v 6.015392 -5.046538 -0.054325
v -2.951665 9.059608 -0.067328
v 13.619002 31.498430 -0.008337
v 6.126844 -0.528918 0.020627
v 7.008596 -5.307874 -0.028561
v 2.203400 -0.896796 -0.037618
v -3.891893 14.891633 0.017517
v 6.548899 -4.662091 -0.032887
v 7.856445 -0.937418 -0.044009
v 3.900423 -2.152053 -0.079461
v 7.550710 -0.299053 -0.062148
v -5.078475 1.599056 -0.113820
v 7.513404 0.129378 -0.017457
v 2.196247 16.287983 -0.099926
v 7.175184 -4.583823 -0.033083
v 8.035648 0.239548 -0.033756
v 4.611898 -1.619797 0.008154
v 4.191247 -1.402338 0.102387
v 7.622441 -4.831172 -0.048388
v 2.962794 -0.146035 -0.056515
v 3.321800 -0.091808 -0.061559
v 7.730742 -4.077871 -0.042447
v 5.772193 -4.002329 -0.038124
v 6.321421 -4.006298 -0.028422
v 6.472425 -3.535944 -0.030890
v 5.819512 -2.930712 -0.041445
v 5.391264 -2.724028 -0.079385
v 5.933210 -3.440178 -0.030196
v 6.589708 -2.959436 -0.024651
v 6.978182 -3.995757 -0.035562
v 7.302791 -3.649431 -0.054920
v 7.617321 -3.314781 -0.017094
v 6.740128 24.421379 0.085994
v -7.674065 2.648315 -0.091510
v 5.004532 0.039735 -0.009163
v -4.414920 16.539656 0.014894
v 11.294232 20.673025 -0.010627
v -6.311816 2.642616 0.059379
v 2.444315 0.637131 0.005831
v 1.428423 25.330822 0.043973
v 1.630947 26.083998 -0.006767
v 1.460729 2.144758 0.016622
v 5.947010 15.772540 0.027624
v 8.530781 2.047718 0.055101
v -7.393651 5.539999 0.015822
v -15.381480 2.632144 0.070230
v 8.829070 2.309921 0.031706
v 8.901056 2.540275 0.041279
v 2.322787 1.818416 -0.008331
v -3.944873 1.376839 0.035344
v 0.042912 12.671494 -0.166409
v -0.687993 13.307753 0.092097
v -0.508799 14.008407 -0.087495
v 4.497349 3.119895 0.012705
v -14.400184 3.614624 0.148804
v 4.822409 3.512630 -0.097034
v -5.200302 1.910523 0.006946
v -9.831762 8.268493 -0.134454
v 4.191291 9.360646 0.055359
v 4.822922 26.483099 -0.085108
v 3.012905 10.355253 0.054176
v -7.832113 5.682805 0.028600
v 2.720416 24.215031 -0.134803
v -12.010248 6.369373 0.021976
v 2.831885 1.126370 0.028685
v -7.936903 6.009598 0.030694
v 5.994716 26.702160 -0.137683
v 5.624945 26.704939 0.060919
v 2.898676 10.894176 -0.071084
v 7.063346 26.763401 0.041652
v 4.683908 24.774681 0.108377
v 0.198407 8.110580 -0.029028
v -4.255252 27.399534 0.082371
v -4.883867 4.702043 -0.043080
v -12.774017 8.859530 0.037039
v 9.074483 25.721748 0.058960
v -13.739797 9.635491 0.078415
v 9.073751 25.966217 0.032877
v -13.423551 9.306680 -0.148299
v -13.334074 9.545867 0.070433
v -2.297147 26.413567 0.163561
v -2.612685 27.097713 0.045415
v 8.067879 10.317686 0.204212
v 9.815031 26.757723 0.043427
v 10.343503 26.943773 -0.032799
v 10.325446 27.354603 0.133108
v 10.217788 21.148411 -0.049661
v -11.666571 10.775384 0.066925
v 6.611451 4.340976 -0.021405
v 6.394256 4.348516 0.026607
v 8.204288 12.819497 0.163757
v -11.985000 12.552748 -0.031379
v 5.998105 24.400034 0.080994
v 7.382083 5.032475 -0.017698
v 9.250313 11.050102 0.131668
v 12.312748 29.112146 0.044115
v 12.457137 29.341953 0.012735
v 9.118567 12.278246 0.136993
v -12.506169 13.300306 -0.047570
v 9.156675 4.863561 0.112807
v 11.623055 30.169323 0.034112
v -8.937444 3.608785 -0.113801
v -8.126390 11.323395 0.041380
v 12.637562 29.433189 0.023962
v 13.209649 29.921549 0.043289
v -3.762827 15.506383 -0.023715
v 12.334121 31.259108 -0.101601
v 6.722050 24.198847 -0.021764
v 7.032519 24.355991 0.060747
v 7.953432 8.012090 0.135824
v 6.216081 -0.036488 -0.064406
v 0.283309 8.590668 -0.033172
v 0.843116 9.299232 0.068888
v 9.310667 22.866810 0.006829
v 5.474070 -0.119612 0.017130
v 7.278025 0.768624 0.092781
v 7.721745 0.982713 0.093084
v 6.879321 0.786924 -0.017567
v 8.455621 -5.053144 -0.026051
v 1.995795 0.974633 0.088575
v 8.358122 1.523580 -0.073482
v 8.143751 1.746712 0.063600
v 11.682853 21.071344 0.044348
v 8.759931 1.860452 -0.086236
v 6.128821 16.557737 0.043037
v 11.844755 21.744883 -0.012884
v -0.022273 -0.915871 -0.029181
v -0.515971 2.686726 0.059089
v 0.827754 2.395948 0.043954
v -15.952442 3.171758 0.053889
v -15.897612 3.610885 0.010278
v 7.244731 17.470774 0.013635
v 6.783783 17.398039 0.019654
v -10.193229 4.144246 -0.120480
v -1.821995 -0.722274 -0.013831
v 7.011969 17.861099 -0.020736
v 7.512436 17.949642 -0.020606
v -1.687212 -0.113651 0.014643
v -11.371540 5.209538 0.052736
v -4.968524 16.926195 0.010952
v -7.308422 19.884439 -0.013564
v 2.964257 26.243505 0.180816
v -8.058496 3.291084 0.007122
v 7.706526 19.456539 0.010137
v 4.205756 11.837855 -0.018629
v -1.343213 -0.752942 0.012544
v 6.470469 26.420338 0.067170
v 6.604374 26.653446 -0.017894
v 8.963774 18.884806 -0.009735
v 6.479598 26.696962 0.022947
v -0.807550 -1.019811 -0.028692
v -9.776301 7.765558 0.009535
v 0.976189 -0.436417 0.029348
v -12.069001 6.025604 0.002901
v -5.751113 20.632914 -0.043529
v -12.570786 7.111925 -0.028937
v 1.424523 -0.185003 0.012217
v 8.508307 27.519890 0.065162
v -5.855928 21.250151 0.017396
v -12.679451 8.287045 -0.039778
v 8.567928 27.680161 -0.020824
v -14.208231 11.267748 -0.029739
v -0.309283 0.008079 0.041428
v 8.921714 19.196302 0.013716
v 10.872952 27.669376 -0.018288
v 2.861527 0.326686 -0.014049
v -14.095539 10.702291 0.040991
v -5.702072 2.126983 0.006833
v -5.871367 21.589293 -0.014199
v 9.132543 3.756447 0.076900
v 9.407792 4.186848 0.023691
v 9.417491 4.730334 -0.009789
v 1.493061 24.790085 -0.066023
v -5.271914 4.662792 0.010606
v 9.185067 5.374119 0.009144
v -13.476327 12.954943 0.027481
v 3.268784 -2.342294 -0.067394
v 11.365481 28.383438 -0.005035
v -2.424743 3.559910 0.003365
v 8.383502 19.415976 0.049623
v -2.584903 3.710294 0.026738
v 11.763597 28.494694 0.001981
v 12.000507 29.363506 0.031663
v 3.508504 2.595224 -0.012922
v -12.409874 13.512883 -0.065769
v -10.436383 8.960001 -0.024269
v 6.056866 0.064591 0.016117
v -7.759344 17.930386 0.045505
v 12.785514 29.716722 0.034998
v 13.012280 29.586456 0.005513
v -11.126009 4.515187 0.090163
v -7.976831 18.399382 0.020284
v 13.186261 30.013075 0.036403
v 13.362123 30.188873 0.067446
v 10.298127 20.250584 0.023663
v 1.276220 16.744974 0.082514
v 14.010745 31.241425 0.074351
v 14.180031 31.330721 0.060640
v 4.671993 -0.756384 0.015310
v 4.086725 -0.005717 -0.038182
v 5.434135 16.693184 0.043256
v 4.863933 -0.247920 -0.008532
v 9.983047 21.555424 -0.006572
v 6.827212 23.942535 -0.014164
v -8.421993 9.552769 0.058111
v -8.323756 10.846705 0.063337
v -6.790098 11.095305 0.160775
v -6.126303 12.775730 0.190856
v 2.883600 1.791066 -0.017648
v -14.068623 2.921782 0.011685
v 8.104870 11.108546 -0.084491
v 6.394796 4.144722 -0.013978
v 10.079611 20.694613 0.056122
v -14.360662 3.257707 0.074366
v 9.145842 26.123577 -0.037698
v 9.527368 26.574121 0.073846
v -14.813725 3.936563 0.082000
v -6.065286 4.577291 0.043480
v -11.834393 6.044917 0.016662
v 4.114253 2.766228 0.054799
v 10.141447 27.136168 0.126249
v -8.722628 6.329620 -0.023676
v 9.105257 4.576818 0.256758
v -6.803161 13.793930 0.128796
v 5.750696 0.375823 0.091069
v 6.397645 24.307283 0.004393
v 6.749677 0.433349 0.064451
v 5.358919 15.960050 0.086298
v 10.559188 27.741047 0.051550
v -3.970229 4.114727 0.001347
v 7.579403 0.727736 0.073333
v -3.126784 3.475478 0.064344
v -3.309676 3.568494 0.092387
v 9.472465 10.646673 -0.049993
v 7.765829 1.501536 0.098100
v 0.193622 0.809401 0.058564
v 10.789459 29.363115 0.088644
v 11.653810 28.666012 0.014912
v -5.501781 2.147097 0.042469
v 11.798185 28.869759 0.152327
v -4.535082 1.954899 0.266632
v 12.045657 29.004354 0.125173
v 11.724189 29.370562 0.080839
v -13.855347 11.836616 -0.090482
v 0.629933 7.040460 0.042462
v 2.161730 5.667013 -0.022559
v 12.620952 29.277313 0.054338
v 11.364580 29.868546 0.084011
v 12.390264 29.529613 0.092426
v 0.260865 7.604650 0.011309
v -10.998544 9.522416 0.167429
v -3.379765 14.826967 0.053880
v 2.145876 26.362257 -0.032155
v 3.006960 -1.704702 0.163550
v 2.632412 26.606495 0.047572
v -8.716574 10.149974 0.059211
v 12.465324 29.722460 0.064634
v 4.213966 10.354333 0.182519
v -4.299575 16.002670 0.097545
v 3.003970 11.446725 0.151002
v -12.106700 11.950050 0.092446
v -1.996866 14.303005 -0.035133
v 7.377644 8.557817 0.229910
v 3.675676 8.205132 0.067404
v 2.628117 -0.559252 -0.044371
v 4.350436 7.320355 0.088558
v 12.520117 31.280201 -0.000171
v 3.544902 26.369987 0.081452
v 5.279350 26.261311 0.141051
v 0.709706 1.939006 0.069352
v -11.272917 5.452325 0.167885
v -7.973478 3.628754 0.156397
v -1.075609 0.098595 0.060292
v 0.086920 0.220804 0.052904
v -15.844076 2.864088 0.028530
v 5.861124 3.723786 -0.010136
v -15.568408 2.515829 0.006361
v -7.263545 12.962841 -0.009505
v -7.297997 5.228337 0.006082
v 3.446383 -0.380214 0.100222
v -1.576695 15.350118 0.029145
v -14.266868 3.239283 0.085487
v 6.818196 4.591027 -0.040503
v 8.741660 9.530821 -0.007288
v 7.268513 4.798564 -0.001648
v -6.589149 4.680747 0.138638
v 3.918417 -0.796326 -0.081581
v 5.452837 0.316364 0.032206
v -15.021555 4.039030 0.093931
v 9.400486 10.284658 -0.098701
v 4.089159 -0.276526 0.030636
v 4.420963 -0.245802 0.041987
v 9.174375 2.800474 0.001087
v 8.758763 3.024545 0.102990
v 7.605523 1.093543 0.030355
v 1.703310 16.158350 0.061640
v -12.379037 7.262140 0.095771
v -3.376290 26.684158 0.096610
v -12.238080 7.136589 0.054428
v 7.932512 0.780454 0.086992
v -12.511777 7.595342 -0.005080
v -12.397104 7.867950 0.069884
v 8.041260 12.404255 -0.097963
v 10.046327 27.067860 0.074206
v -13.537751 9.693352 0.010113
v -7.000742 5.647431 0.051486
v -1.544128 12.907013 0.118787
v 2.079570 16.719381 0.096781
v -7.412148 13.975303 0.056457
v 11.012482 28.273899 0.092543
v 1.274888 0.297690 0.060273
v 11.221100 28.631071 0.169527
v 5.343683 15.719924 0.035002
v 1.580533 0.522170 0.034298
v -13.923676 11.479624 0.020033
v -3.725240 28.392242 0.048051
v -4.101838 28.546110 0.029287
v 2.473436 -1.304350 -0.006896
v -1.995077 3.411822 0.066345
v 12.182281 29.341316 0.041050
v 12.290228 29.231327 0.026413
v -4.258119 15.004447 0.013274
v 12.398672 29.301353 0.090856
v -4.263668 15.314888 0.048005
v -13.266805 13.130875 0.017519
v 2.565483 17.893921 0.068585
v 1.497319 18.481779 0.017572
v 12.888844 29.500891 0.054747
v 13.031464 29.513271 0.037863
v 12.975252 29.731710 0.068553
v -3.587882 15.250182 0.037738
v -3.087408 15.236492 0.073887
v 9.358945 21.075613 0.029631
v 1.731743 5.831403 0.017793
v 2.077950 0.080344 0.039755
v 3.206748 -2.046989 0.067409
v 0.152029 16.311165 0.111588
v 3.597956 -1.940276 0.145034
v 9.445771 21.495527 0.043291
v -5.034963 16.653517 0.058823
v 2.687605 7.789536 -0.052734
v -4.599397 16.117188 0.070258
v 2.994010 -0.578516 0.083412
v 10.933947 21.285591 0.060252
v -11.226034 5.237505 0.033489
v -1.527912 0.451482 0.022652
v 4.307346 10.946455 0.106424
v 2.408109 12.186773 -0.060474
v 6.320951 17.161402 0.035511
v 10.819227 20.704651 0.076546
v 6.028174 17.411562 0.028524
v 2.725713 12.614040 0.049070
v 0.134951 1.892643 0.065094
v 0.223436 2.514817 -0.043870
v -0.451125 1.310292 0.098575
v 2.714220 26.444384 0.028932
v 3.525117 24.435717 0.060753
v 1.855273 1.349895 0.046871
v 5.705127 26.552916 0.030981
v 5.946334 26.497816 0.001872
v 2.228733 1.394059 0.056638
v 5.523315 26.622393 0.012054
v 5.861277 26.658842 0.005011
v -2.013618 15.431493 0.074790
v 3.225197 1.577210 0.276463
v 7.861544 27.078825 0.067072
v 8.110458 27.353626 0.033420
v 3.185323 2.220631 0.040001
v 8.387163 25.582647 0.093507
v -6.899426 2.752249 0.087019
v 5.458156 24.495495 0.108891
v -7.584552 5.405318 0.069361
v 5.505538 0.499286 0.120490
v -11.760984 6.547819 0.152366
v -0.582555 16.046167 0.056579
v 7.617461 24.928110 0.087174
v -12.262567 7.436686 0.043670
v -10.248963 8.132403 0.190877
v 6.390414 3.969325 0.088737
v 7.434967 1.090792 0.103811
v -2.598770 27.399605 -0.128984
v -9.642879 7.586838 0.100616
v -3.164887 1.163321 0.073560
v 7.584871 1.235937 0.143635
v 7.873962 5.195266 0.114271
v 8.068583 1.469716 -0.014118
v 8.916199 3.393249 0.218162
v 11.525215 29.126965 0.140990
v -4.102736 4.139500 0.112508
v -0.880156 1.547203 0.121730
v 11.784475 29.191330 0.070987
v 8.999387 5.129638 0.078639
v 11.934299 29.237797 0.096582
v 12.068297 29.188330 0.173952
v 12.227429 29.112818 0.127656
v -0.701758 2.839820 0.060963
v 7.408568 7.871771 0.090650
v 2.516904 6.316647 0.205562
v -12.775563 9.152427 0.064850
v 1.673912 25.891317 0.119532
v -12.591344 8.741934 0.126290
v 12.400988 29.375427 0.135033
v 12.560018 29.420219 0.152218
v -13.998314 10.987520 0.003038
v 2.793559 9.488312 -0.015004
v 4.286888 -0.815368 0.120194
v -13.623650 12.174691 0.110346
v -13.677914 12.445233 -0.007976
v 3.880055 9.837666 0.263191
v -11.923774 12.208978 0.081582
v -8.175721 9.996733 0.119207
v -0.375587 12.506184 0.142324
v -7.941202 11.014909 0.200929
v 12.567548 30.790314 0.119075
v 3.163666 12.652851 0.069328
v 12.660651 31.226114 0.065361
v 13.913527 30.937082 -0.015333
v 3.084393 24.626614 0.144301
v 8.040308 25.337320 0.058511
v 3.940753 -0.448652 0.108494
v 4.046741 0.485117 0.195886
v -14.912993 2.481755 0.050316
v -8.513166 3.750082 0.074280
v -14.452229 2.779494 0.108574
v -7.206223 2.765827 0.104820
v -6.168271 12.431682 0.130071
v 3.645338 2.399928 0.100479
v 3.690728 2.795390 0.115734
v -3.843309 1.010927 0.073629
v 5.903902 0.452457 0.089425
v 6.219048 0.548149 0.121168
v 6.356959 0.407776 0.054396
v -9.187700 7.071417 0.057706
v -0.495216 12.153107 0.109141
v -0.295830 12.151682 0.088950
v 7.277906 1.343547 0.082594
v -1.749199 13.385892 0.157842
v 8.236989 25.621826 0.083806
v 8.073400 1.172793 0.118474
v 8.931509 25.882320 0.120508
v 9.153057 26.260164 0.110192
v -5.542639 1.898667 0.089686
v 8.393269 1.018917 -0.031217
v 9.279548 28.105612 0.129208
v -1.631644 15.072473 0.137858
v 8.712706 2.474909 0.074076
v 10.688151 20.433302 0.066070
v -10.593942 9.539587 0.046935
v -11.289696 9.552688 0.223814
v -4.697216 15.872275 0.081206
v -12.637706 8.040450 0.067477
v 0.847039 8.927287 0.227828
v 0.714283 0.180099 0.075524
v 1.397589 9.549753 0.036207
v 3.221832 8.212860 0.165496
v -12.740634 8.467356 -0.004464
v 0.810200 0.687568 0.073894
v 11.939636 29.345928 0.159074
v -13.787827 11.037539 0.198477
v -6.554971 11.255579 0.080984
v 10.543515 20.929291 0.089818
v -1.954611 1.098804 0.103099
v -1.631688 14.361281 0.085012
v 1.066424 0.919032 0.113523
v 11.099038 29.720240 0.031822
v 5.449903 24.197575 0.031887
v -2.590910 15.379844 0.107622
v 5.702981 24.334526 0.054218
v 12.687987 29.591204 0.166741
v 13.205614 29.767708 -0.000580
v 13.050951 30.168352 0.212169
v -12.817282 13.429920 0.090748
v 7.286134 24.744770 0.066124
v 12.456450 30.321640 0.109486
v 12.524894 30.514341 0.075612
v -12.303956 13.037743 0.090890
v 12.727673 30.756086 0.095053
v -8.853555 3.825607 0.127631
v 7.109776 9.616788 0.018854
v 12.826400 31.254948 0.070972
v 7.793858 10.034162 0.215252
v 13.077614 31.304501 0.125457
v 13.636820 31.406067 0.217406
v -9.570406 4.190338 -0.073309
v 0.906324 1.349848 0.089266
v 2.715753 17.310062 0.082458
v 3.330074 26.380869 0.100384
v 1.750970 17.665955 0.100051
v 4.384758 26.135433 0.153521
v 3.396715 -1.802954 0.073094
v 2.029304 0.652909 0.073018
v -0.701060 0.647840 0.093309
v 3.877436 -1.910966 0.078129
v 1.533030 1.121010 0.087692
v -1.405360 0.829534 0.099749
v 2.850446 -1.237334 0.121920
v -1.085110 1.230854 0.109740
v -0.651065 1.126212 0.085738
v 6.757640 26.433365 0.139562
v -0.482856 1.910841 0.093208
v -0.309641 2.029859 0.076707
v 1.527239 18.123207 0.074271
v -0.586629 2.486993 0.061598
v 2.111988 18.497993 0.069488
v -0.763548 3.063575 -0.126669
v -15.342367 3.942861 0.067967
v 5.664600 15.903295 0.077069
v 6.019855 16.829924 0.076408
v 0.352636 1.443043 0.098217
v 5.773760 17.025688 0.059996
v 2.394240 24.515396 0.073724
v 1.282570 1.544064 0.082080
v 3.170393 0.309464 -0.007189
v 4.221034 0.172273 0.078047
v 5.067949 0.300375 0.136977
v 5.271143 0.591863 0.094755
v -7.216954 10.719144 0.120987
v 6.781534 4.286171 0.112377
v -13.538082 9.795129 0.122065
v -4.003194 1.560251 0.222842
v 7.360875 4.603917 0.097249
v 2.837406 12.328198 0.210254
v 7.394257 1.515250 0.112941
v -12.403804 8.562833 0.218445
v -3.728498 1.324142 0.096222
v 10.609479 28.095573 0.118293
v 10.751472 28.210218 0.149959
v -13.515401 10.256749 0.328214
v 3.532301 12.150307 0.191139
v -0.016204 15.939508 0.159771
v -11.478832 10.026218 0.082710
v -9.328038 6.166345 0.407858
v 4.679618 3.267479 0.159072
v 5.085070 3.435989 0.158326
v 5.300252 3.492207 0.080330
v 7.984810 8.521530 0.148083
v 4.494871 0.389058 0.137847
v 3.729479 24.777525 0.171378
v 5.679005 26.305130 0.120338
v 8.207459 25.623526 0.173558
v 8.953527 10.472464 0.223323
v 7.679156 13.286647 0.158554
v 8.126463 13.732408 0.115480
v 11.819417 29.085127 0.110081
v 11.822659 29.243620 0.193820
v 12.078121 29.187290 0.087696
v -1.415692 14.298935 0.185879
v -5.407537 4.427540 0.095885
v 12.232453 29.335979 0.156107
v -4.884414 4.635406 0.206776
v 3.980698 9.039938 0.166938
v -1.039387 15.549252 0.082818
v -2.691617 3.342954 0.198821
v -13.327975 12.272381 0.188410
v 8.814876 13.057526 0.145765
v 0.574131 8.196681 0.235309
v -1.428799 3.168099 0.016787
v 11.830965 29.594900 0.122375
v 11.981495 29.535793 0.218497
v -1.198147 2.880736 0.169431
v 12.075143 29.563696 0.115287
v -10.551898 5.061366 0.209372
v 13.280136 30.059023 0.160026
v 12.582589 30.344477 0.174536
v 12.415335 30.424482 0.157174
v 13.280164 30.337605 0.166793
v 12.432487 30.980051 0.090321
v 13.941731 31.439814 0.093110
v 8.903579 12.636116 0.219129
v 6.743934 0.651849 0.157788
v 6.634369 24.621698 0.136825
v 6.329165 0.787436 0.109464
v 6.679996 0.957927 0.178258
v 0.006614 15.706026 0.139723
v 7.029178 1.283441 0.153242
v -1.940331 14.614981 0.146656
v 7.171381 1.175619 0.131969
v -3.580538 1.162338 0.111873
v 8.117323 0.963158 0.157033
v -11.478465 10.269382 0.034824
v -2.832847 14.771800 0.104017
v -2.503494 14.970242 0.149083
v -4.253120 1.739383 0.219103
v 1.757113 25.846670 0.207781
v 1.851369 26.031485 0.114930
v 2.217489 26.099222 0.231865
v 3.228469 26.262144 0.208416
v 4.400241 -1.158093 0.130699
v 8.697421 2.706380 0.164514
v 8.602318 2.808767 0.156372
v 11.569328 28.771742 0.162110
v -7.249298 13.687821 0.117064
v 9.135767 4.253905 0.153514
v 11.404745 29.386574 0.194289
v 0.355706 15.606099 0.130051
v 0.601637 15.867297 0.116032
v -0.885135 1.148998 0.154548
v 4.645539 0.283488 0.154250
v -3.721997 3.777400 0.094374
v 8.110256 25.529568 0.155189
v 4.819712 0.158680 0.110838
v 4.684279 0.582993 0.183420
v -0.942523 2.785596 0.203053
v 5.123768 0.111003 0.147736
v 11.827310 30.322950 0.094364
v -12.204555 12.428228 0.089384
v 12.105695 30.436827 0.145531
v 12.266073 30.641985 0.158516
v -2.096400 15.090906 0.149727
v -8.897680 3.983517 0.111609
v 12.491370 29.482443 0.152613
v 12.577107 29.915596 0.140599
v 12.883475 30.018389 0.178506
v -8.154734 10.515160 0.145588
v -8.053403 10.252401 0.160029
v 12.803164 30.347561 0.165865
v 12.669846 30.453186 0.156868
v -10.919518 5.215825 0.103542
v 13.240026 30.369085 0.203119
v 3.115639 9.821253 0.139569
v 0.439297 16.091290 0.143971
v -7.593303 3.388976 0.205668
v 0.561527 16.562674 0.100954
v -0.114725 15.365639 0.136185
v 12.559742 31.077909 0.125059
v 0.883171 16.465788 0.140560
v 8.255965 25.540024 0.210942
v 8.404691 25.714615 0.162633
v 1.585383 16.421103 0.117651
v 13.350801 30.853125 0.159313
v 9.017323 26.455257 0.191976
v 2.048626 16.982582 0.088629
v -0.197116 1.546991 0.131891
v -0.419037 15.797054 0.151939
v -3.709613 26.910540 0.162630
v 3.968687 -1.675833 0.128279
v -12.091297 6.903914 0.224364
v 6.155797 0.317269 0.131105
v 2.224850 17.498758 0.137509
v 2.090942 18.040356 0.113106
v 2.302653 24.793608 0.241043
v 3.481049 24.611120 0.089739
v -7.804137 5.465275 0.168377
v 9.594646 28.114838 0.196850
v 9.594654 28.114838 0.196850
v 3.157711 12.224269 0.182287
v -5.864485 4.496181 0.174122
v 11.038017 28.634539 0.236793
v 5.032390 0.548389 0.162624
v -13.696636 11.280784 0.116945
v -8.768248 6.000851 0.182342
v -8.586218 6.111547 0.197568
v -9.502518 7.053352 0.126606
v 11.433665 29.084089 0.216226
v -4.256044 28.255779 0.014617
v 11.888674 29.181353 0.230940
v 3.298607 24.807175 0.219611
v -3.322105 27.625326 0.171741
v 6.942524 24.692793 0.149337
v -13.648399 12.027515 0.053824
v -3.886387 28.162560 0.158381
v 6.250404 3.781483 0.210035
v 2.383013 26.503986 -0.065081
v 6.864182 4.191168 0.177199
v 6.989007 4.422993 0.152416
v 7.079243 4.363149 0.311197
v 3.864377 26.026445 0.278272
v 2.046552 6.109615 0.221005
v 7.442866 9.753510 0.188495
v 8.008751 9.125587 0.197848
v 11.342841 29.487654 0.196295
v 11.362895 29.574936 0.225272
v 11.670260 29.349606 0.173325
v -1.538746 1.229257 0.145774
v 11.935495 29.686766 0.178591
v 12.316573 29.455257 0.161070
v 8.145180 13.135339 0.209858
v 5.641686 3.506819 0.114054
v 1.337601 9.135656 0.273236
v -4.468767 4.305287 0.177910
v -0.642742 2.050408 0.225871
v 12.085257 29.876461 0.220869
v -0.827505 2.389609 0.201322
v 8.594843 11.603183 0.173156
v 1.813017 9.163805 0.260860
v 11.933271 30.037437 0.189209
v 3.677954 8.888844 0.284389
v 12.080322 30.345148 0.233659
v -10.364097 8.528734 0.069824
v 12.640845 29.724222 0.224867
v -11.185362 9.946747 0.086396
v 12.533923 29.826386 0.177375
v 12.560185 30.486624 0.197720
v 13.084113 30.632431 0.203858
v -7.476218 11.539117 0.196947
v -7.527053 10.594542 0.182066
v 13.400714 30.327700 0.167964
v 13.366166 30.657328 0.228462
v 13.452053 30.964163 0.214220
v -1.459992 13.727961 0.214493
v 5.528596 26.283880 0.234816
v 8.977437 27.897261 0.061912
v 10.272153 27.610939 0.158585
v 6.112716 3.672936 0.145357
v 3.990594 11.481297 0.244869
v -5.875938 2.366983 0.124890
v 9.594654 28.158474 0.173571
v 9.675110 28.271114 0.173467
v -3.114216 1.377251 0.219519
v -12.393314 8.236497 0.212170
v -13.104823 9.292351 0.079803
v -13.625181 10.009033 0.092430
v 8.467530 5.351787 0.242170
v -1.486579 14.870695 0.169038
v 9.151330 3.552641 0.187313
v -1.220885 15.008924 0.159115
v 9.095542 3.892930 0.141268
v 11.654022 29.122278 0.112366
v 8.976461 4.089149 0.291000
v -0.579315 15.428535 0.149258
v 12.145850 29.311430 0.129196
v 11.553173 29.447287 0.211637
v -0.569400 15.047149 0.169262
v -3.952399 27.148197 0.169725
v 12.177740 29.584202 0.155255
v -12.861672 13.212809 0.123230
v 12.130188 29.675842 0.216665
v 9.078794 11.351043 0.219562
v 1.491787 25.550028 0.211079
v 7.456080 1.391422 0.162092
v 12.321209 29.801561 0.168298
v -8.671330 4.049614 0.260381
v 11.809355 30.255415 0.169780
v 7.538015 1.637840 0.206792
v 11.960505 30.357698 0.113280
v 7.972163 1.621735 0.173286
v 7.442892 8.191255 0.188114
v -9.628974 6.812058 0.333896
v 8.312728 2.358838 0.251507
v 4.361752 0.597588 0.273245
v 8.525700 2.634405 0.100351
v -11.380240 5.611266 0.107297
v -9.970201 4.557178 0.122167
v 7.850612 13.536893 0.163353
v -9.803979 7.413420 0.208758
v -4.250645 4.092721 0.210986
v 0.918270 6.574749 0.160864
v -7.226351 12.238676 0.182473
v 3.664579 8.625132 0.253731
v -4.036032 3.854043 0.164457
v -7.246979 3.082940 0.180967
v 8.910443 11.652071 0.223791
v -3.929428 3.959748 0.157908
v 5.697970 0.862671 0.222643
v -6.470369 11.726099 0.170446
v 2.510844 5.844189 0.174660
v 8.499125 12.428014 0.176467
v 8.566489 12.884061 0.200298
v -1.165854 3.106077 0.095567
v 4.072474 26.144102 0.145129
v -7.068575 3.159667 0.186850
v 11.932080 30.525255 0.146660
v -10.763174 9.585104 0.201236
v -7.687448 10.548867 0.183440
v 12.899752 29.889912 0.191129
v 12.767888 30.669495 0.180646
v 12.928097 30.767941 0.188884
v 13.405930 30.405643 0.102234
v 4.870345 24.773565 0.172006
v 12.526316 30.926672 0.154624
v 13.715878 30.744843 0.061749
v 8.961989 26.138142 0.214153
v -0.936101 12.685561 0.176560
v 8.675462 27.522900 0.178614
v -0.596440 12.440496 0.207171
v 9.758028 26.886225 0.104079
v -1.570603 13.105368 0.201000
v -0.884594 12.979370 0.179457
v 4.085289 11.160071 0.248221
v -1.411423 13.329204 0.218165
v 2.897172 11.830890 0.168750
v 11.630539 29.211601 0.183783
v 11.794169 28.987894 0.163317
v -8.430305 3.878317 0.198973
v 7.343569 4.379935 0.260616
v 8.389588 2.235334 0.135700
v 10.248898 28.312862 0.371203
v -3.546325 1.279698 0.220788
v -13.274766 9.897678 0.160990
v -8.197940 5.595031 0.187069
v -8.045908 5.358508 0.283467
v 5.027718 3.333607 0.252537
v -7.216538 4.525421 0.460100
v 10.878260 29.031235 0.307915
v -13.604389 11.527150 0.192012
v 1.445996 6.305381 0.246919
v 11.181375 29.018358 0.218407
v -1.160254 1.762172 0.325549
v 11.523653 29.257483 0.221091
v 11.533429 29.116343 0.269464
v -12.564839 12.313710 0.310765
v 2.085025 9.195220 0.210517
v 0.547247 7.834872 0.127511
v -13.220070 12.652780 0.177449
v -2.387470 3.256148 0.174056
v -1.530993 2.925821 0.236217
v 11.854780 28.981312 0.247384
v 11.650253 29.499228 0.256898
v -3.157112 3.292960 0.225376
v -10.098073 4.908254 0.304527
v 3.399587 1.970603 0.203914
v -11.920399 6.975532 0.209270
v 6.980378 24.931952 0.238790
v 4.550606 2.806488 0.222058
v 7.349754 25.070974 0.202910
v -5.243016 4.355619 0.254605
v 7.766513 25.300900 0.220017
v -7.398996 3.469208 0.272641
v 7.098166 26.545376 0.193670
v 11.827212 29.406425 0.189869
v 11.881555 29.383125 0.222309
v 3.304774 9.516611 0.289217
v 11.671625 30.057901 0.208611
v 8.706994 25.910933 0.216674
v 7.886768 1.791980 0.196118
v 3.796268 11.789711 0.206055
v 9.267920 26.668339 0.278834
v 7.167979 8.986284 0.202138
v 12.634189 29.883844 0.259670
v 12.790360 29.840870 0.200371
v 9.834342 28.356668 0.091017
v 13.789087 31.128920 0.265985
v -7.032716 2.770898 0.197223
v -4.090475 27.775965 0.275033
v -1.922435 3.199533 0.130048
v -11.474412 9.680209 0.275711
v -1.761951 3.118616 0.202551
v 7.628689 4.816625 0.210924
v 8.076847 2.398235 0.326999
v 8.781080 10.076495 0.172029
v 8.460086 3.068665 0.239897
v 8.452747 10.723971 0.229200
v -2.628874 26.615952 0.327552
v 3.378887 10.524467 0.276895
v 8.864401 4.763556 0.192780
v 3.224294 10.942813 0.157406
v 8.577824 10.974973 0.223734
v -6.990112 11.193555 0.198100
v 5.271439 26.215471 0.262913
v -7.471535 11.252028 0.221025
v -12.087575 11.278722 0.237001
v 9.137292 10.860501 0.205526
v -4.955394 2.099869 0.187271
v -12.998408 12.877101 0.223105
v -12.631125 12.986946 0.198334
v -12.563946 12.635917 0.252060
v -10.695786 5.346318 0.253504
v -6.841982 11.860772 0.210019
v -11.203659 5.660953 0.196508
v 8.655923 12.177998 0.246908
v -0.944391 13.522328 0.173040
v 3.013718 9.279901 0.192366
v 3.615060 0.478719 0.144931
v -8.376536 5.919654 0.135255
v 10.051040 27.243063 0.192753
v 10.837986 28.354996 0.237499
v -6.457209 12.296431 0.203208
v 7.700346 8.639425 0.238893
v 2.179554 6.298101 0.257246
v 11.085712 28.364307 0.233250
v -1.405630 1.254423 0.248335
v 11.319444 28.854635 0.249809
v -1.443453 1.435094 0.239065
v 8.429885 13.360803 0.198368
v -8.417236 5.761097 0.330169
v 2.186776 7.042921 0.133323
v -3.577523 3.444081 0.206714
v 11.716617 29.280537 0.210278
v 12.212987 29.134699 0.201875
v -6.969138 12.601346 0.209873
v -1.094487 14.078504 0.216791
v 2.597840 8.047892 0.102194
v 11.652500 29.806814 0.244246
v -4.188405 3.844342 0.286163
v -3.499969 3.609199 0.230119
v 5.344996 3.300339 0.253201
v -0.876656 14.211379 0.164191
v 11.789102 29.559980 0.204282
v 5.959042 3.361897 0.230467
v -1.019929 14.723106 0.233570
v 12.139635 29.436266 0.210373
v 6.714344 4.004869 0.235134
v 12.303859 29.655647 0.205067
v 11.726603 29.971361 0.155783
v -6.589828 12.702637 0.249155
v 11.963728 30.079950 0.254020
v 11.830551 30.182240 0.120317
v 12.124182 30.211458 0.122384
v -6.290708 13.074631 0.246795
v 12.459235 29.641870 0.173917
v 12.534776 29.747055 0.222324
v 3.281921 2.104675 0.231661
v 12.844472 30.362377 0.225598
v 12.643034 30.824541 0.231490
v 13.209842 30.472511 0.234107
v 12.876499 31.020546 0.216751
v 13.085016 31.083645 0.188284
v -11.604729 5.846409 0.140692
v -11.461299 6.022874 0.230126
v 5.472505 0.725474 0.253697
v 6.022406 0.646510 0.268931
v -13.118141 9.514802 0.123537
v 6.368370 1.105694 0.241378
v 9.577198 28.095821 0.208406
v 9.616474 28.117958 0.198704
v -5.939578 2.569630 0.150883
v -12.720984 9.380045 0.220885
v -3.148244 1.501252 0.355581
v -11.674565 9.717250 0.390258
v -3.698469 27.364538 0.389715
v -3.483628 27.082315 0.282614
v -4.841070 2.232130 0.307429
v 4.034441 10.631189 0.271862
v -13.452330 11.114429 0.312948
v 1.877597 6.545790 0.334238
v 8.830864 3.734506 0.353638
v 8.891482 4.212170 0.304199
v -2.034804 1.294879 0.228265
v 8.703334 4.898264 0.271658
v -13.373741 11.931565 0.246017
v 0.763441 8.646828 0.224240
v -12.791913 12.382698 0.345134
v -7.827463 3.564501 0.225580
v 2.588967 9.175271 0.197242
v -6.791719 2.978025 0.280864
v 5.548121 26.236984 0.173033
v -6.855067 3.227143 0.312860
v 10.620139 28.424885 0.314542
v 10.824720 28.617273 0.269354
v 6.134984 26.208565 0.218135
v -10.309134 4.684720 0.078480
v 11.070285 29.144718 0.322002
v 11.046226 28.790829 0.386058
v 11.137898 28.892590 0.304625
v 11.156073 29.261202 0.274661
v -6.599214 4.415397 0.286414
v 11.468078 29.411680 0.332468
v -5.718601 4.352540 0.275712
v 11.718524 29.942396 0.258642
v 11.915483 29.516577 0.267155
v -8.983586 6.009899 0.289665
v 12.195199 29.575348 0.302103
v -9.392199 6.659682 0.192940
v 12.322085 29.862772 0.275278
v -10.354252 7.960879 0.315910
v 12.816161 30.384497 0.304627
v 13.116261 30.380758 0.254388
v 13.073688 30.897251 0.284064
v 13.530175 30.844879 0.241366
v 13.743649 31.277561 0.307084
v 8.694626 27.246620 0.374584
v 10.175797 27.864759 0.361665
v 4.428909 24.952038 0.204335
v 7.581550 25.223089 0.419006
v 3.252259 1.159461 0.333646
v 5.980752 26.189459 0.299369
v 3.820059 10.128029 0.316547
v 10.670259 28.850893 0.257630
v 8.653545 3.343410 0.280533
v 4.088043 2.224823 0.316831
v 3.303161 11.118437 0.233313
v 3.648534 11.178500 0.261559
v 8.144983 2.002704 0.241831
v 4.746126 2.716676 0.300674
v 6.032066 0.866036 0.196966
v 5.906385 1.042324 0.308368
v 3.394616 11.502051 0.274403
v 3.339818 11.889766 0.291891
v -0.804223 1.967698 0.178135
v 6.640643 1.371405 0.264796
v 6.829743 1.233104 0.274724
v -11.551357 6.291605 0.298913
v 6.953101 1.573160 0.257509
v 2.745684 24.728613 0.180528
v -11.887324 7.314116 0.277637
v 7.307485 26.436144 0.456491
v -12.543385 9.083714 0.252005
v 5.148466 3.009198 0.229797
v 4.962120 3.093017 0.296198
v 12.314425 29.524731 0.300354
v 12.410340 29.573811 0.245793
v -13.687639 10.283635 0.144423
v -13.621843 10.723464 0.221380
v 12.405100 30.424955 0.290487
v -8.076011 5.517828 0.261182
v 12.437455 29.698187 0.283948
v -11.646955 10.171083 0.228868
v 1.213331 6.546157 0.256647
v 8.298535 25.731300 0.280786
v 8.831062 25.886055 0.297488
v 12.946163 30.064449 0.285625
v 12.682637 30.142138 0.276482
v 2.177127 6.776045 0.222691
v -6.982889 13.322611 0.199778
v -6.515831 13.255397 0.277381
v 12.529551 30.277048 0.261830
v 7.254077 9.320572 0.232471
v -8.646851 5.770742 0.238586
v 7.544585 9.231411 0.284941
v 13.185014 30.658634 0.252469
v 7.822480 9.659912 0.277535
v 13.375194 30.719137 0.376907
v 12.604062 30.858849 0.257998
v 12.692643 31.021004 0.236694
v -10.175607 7.748668 0.333864
v 6.654657 3.628982 0.312389
v 8.494944 10.263255 0.257738
v 8.441176 9.849162 0.255420
v 9.930235 27.428566 0.265120
v -12.223697 8.205806 0.202679
v -12.325575 8.449268 0.214986
v -5.173067 4.555245 0.338962
v -12.118928 7.937426 0.254573
v -11.976566 8.229578 0.437230
v -12.937446 9.910501 0.347971
v 7.798530 1.886465 0.340132
v -12.140788 9.002963 0.319817
v 2.501009 8.540371 0.332907
v 2.151666 8.840611 0.318922
v 1.770248 25.696800 0.362686
v 2.941496 8.447485 0.323594
v 11.692934 29.620304 0.324921
v -13.096987 10.237247 0.410920
v 12.025312 29.800171 0.306174
v 5.568725 3.077470 0.433900
v 2.810250 25.916666 0.337592
v -1.798176 2.832031 0.327353
v -11.923954 10.842555 0.276894
v 1.659888 6.666497 0.325191
v -9.896070 7.305121 0.377309
v 6.979550 4.060491 0.381512
v 3.541848 9.576901 0.357036
v 3.354924 9.975751 0.294617
v -3.976365 27.966967 0.271632
v -10.724246 8.510189 0.329975
v 1.935930 24.946234 0.220865
v 4.825760 26.112909 0.196655
v 12.483906 29.818424 0.297337
v 8.347195 3.005620 0.341395
v 12.734322 30.002373 0.282175
v 5.057438 0.785732 0.367597
v -4.758414 4.284919 0.333497
v -4.062685 1.760195 0.298488
v -2.352561 3.029726 0.324814
v 12.777268 30.491320 0.249962
v -8.914156 4.637422 0.492867
v 12.614459 30.439865 0.289730
v 12.669335 30.595797 0.291695
v 13.102708 30.595098 0.304880
v 8.265415 26.958405 0.341213
v 12.906448 30.585312 0.328177
v 13.101379 30.341375 0.356234
v -2.283076 1.643032 0.400162
v -1.511203 1.635401 0.444452
v -11.251620 5.975952 0.400098
v 9.424198 27.130812 0.362792
v 4.928230 2.984822 0.220548
v 9.442755 27.771595 0.350358
v 10.432920 28.514454 0.305958
v 2.344640 7.749444 0.151293
v 6.065360 24.715557 0.296763
v -12.268336 8.605103 0.331341
v 7.199541 1.653259 0.290228
v 7.289869 2.052880 0.366281
v 7.568607 1.834572 0.359056
v 5.605432 3.218992 0.244695
v 7.536458 1.742159 0.235514
v -12.311234 8.791006 0.291145
v 11.201213 29.033251 0.308398
v 6.316353 3.559059 0.262035
v -3.826660 27.495682 0.323706
v 11.317174 29.152506 0.331221
v -12.570043 9.382909 0.287898
v -12.272660 9.165959 0.263620
v 8.032158 2.593613 0.410251
v 11.907180 29.654816 0.319712
v 12.073041 29.448561 0.260212
v 2.472219 8.859528 0.308989
v 5.254292 3.118656 0.246646
v -8.087428 3.801484 0.190079
v 11.829334 29.767069 0.285577
v 11.906013 29.797138 0.235806
v -4.336986 1.893326 0.242479
v -4.093667 1.923514 0.297641
v 12.469341 30.565699 0.250264
v -2.589069 1.425752 0.246130
v 12.559058 29.946676 0.276848
v -6.503658 2.871371 0.263820
v 12.561666 30.284594 0.319815
v 3.311994 8.593988 0.364659
v 12.900645 30.723558 0.255856
v 12.969091 30.789989 0.290743
v -7.532026 4.840626 0.311314
v -8.253406 5.381920 0.384163
v -1.153911 2.684949 0.286716
v 2.636217 26.135685 0.248704
v 3.818833 9.427007 0.265765
v -13.528005 11.300423 0.302733
v 8.954932 4.430849 0.430571
v -6.877594 4.669375 0.161424
v -13.579038 11.759403 0.300055
v 1.806463 6.978307 0.331540
v 13.306333 30.382708 0.302762
v -13.189008 12.430633 0.209685
v 0.760494 7.464305 0.218690
v -3.555998 27.617702 0.285799
v 13.637914 31.087458 0.276699
v -2.870050 26.796230 0.319345
v 1.980445 7.339015 0.242311
v -3.012338 27.055059 0.327966
v 3.949115 2.365473 0.299041
v 3.727283 10.724017 0.338360
v 4.483863 2.488597 0.340469
v 6.149621 1.128613 0.304847
v 3.942049 24.857830 0.261554
v 6.221146 1.279913 0.302810
v 5.279703 24.751478 0.230144
v -5.003167 4.167709 0.298461
v 5.494479 25.010017 0.389846
v -4.964645 4.356116 0.253184
v 8.689137 26.154890 0.337217
v 9.201788 26.794546 0.299088
v 9.130675 27.651979 0.293388
v 9.735814 27.226791 0.310648
v 10.344222 28.077587 0.309384
v 6.780837 26.147457 0.364927
v -5.692722 2.469165 0.383647
v -5.456546 2.740287 0.515791
v -5.463981 2.492327 0.279936
v 12.446145 29.974964 0.325354
v -5.818101 2.765272 0.296892
v -10.112469 7.464446 0.337269
v -4.343975 2.172737 0.471599
v -13.278882 10.251413 0.408672
v 4.746166 24.970266 0.295834
v 7.748584 26.671440 0.319017
v -2.399771 1.556738 0.399168
v 8.182166 2.795567 0.356751
v -11.848083 9.865211 0.358108
v -9.380116 4.738449 0.340016
v -10.870375 9.317510 0.218250
v 7.171365 4.150497 0.341924
v -13.368139 11.544674 0.357225
v 6.514956 24.951624 0.395216
v 7.487644 4.303725 0.445273
v 1.168806 7.058071 0.352893
v 8.096720 5.059210 0.290589
v 8.654500 3.567680 0.463043
v -7.613420 3.699883 0.416254
v 9.352736 26.960968 0.323840
v -6.359431 3.052812 0.431052
v -5.581928 4.152184 0.278056
v -1.037119 2.568708 0.245136
v 3.376660 0.857731 0.264209
v 5.800875 1.147420 0.337385
v 2.331396 8.360821 0.289705
v -11.267813 6.191620 0.367232
v 7.352492 26.626316 0.274216
v 7.770855 26.781881 0.205217
v 6.984694 25.151052 0.372734
v -3.762349 27.743505 0.343455
v 8.193441 3.048836 0.347295
v 6.461534 1.514468 0.301433
v -2.925787 1.694513 0.359081
v 8.767371 26.488340 0.402061
v 6.824857 1.775934 0.467558
v 7.118124 1.801188 0.330803
v 2.936575 25.018675 0.447213
v -8.372643 4.061594 0.385839
v -8.070007 4.013670 0.385645
v 3.863860 25.077312 0.345172
v 8.395951 27.176617 0.268588
v 7.750143 2.000389 0.335142
v 8.901092 27.021292 0.502981
v 10.714710 28.696497 0.324364
v -12.832733 9.658036 0.382929
v -10.463872 8.232464 0.355083
v -12.048210 8.693350 0.338485
v 11.720272 29.478148 0.340253
v 11.726978 29.593264 0.413432
v 3.396821 1.687675 0.293103
v 12.159205 29.758303 0.299860
v 12.387216 29.783890 0.383378
v 12.248417 29.930428 0.331569
v 1.041404 8.580720 0.457771
v 4.895449 0.670725 0.340882
v 10.409986 27.826319 0.348958
v -1.405645 2.718466 0.327992
v 10.019932 28.138781 0.318024
v 1.482073 6.966998 0.421755
v -1.229648 1.487947 0.178106
v 12.689671 30.196196 0.359489
v -1.119339 1.955545 0.382265
v -4.057431 3.691962 0.362221
v -11.611172 9.515709 0.385313
v 13.200249 30.553648 0.344926
v 13.397127 30.899590 0.345231
v -13.380182 10.437002 0.316462
v 1.698698 7.465672 0.448196
v -11.801455 7.548143 0.413942
v -11.967111 10.457860 0.324873
v -11.970211 10.723884 0.370194
v -7.651649 5.030803 0.257705
v -6.346763 4.331107 0.203251
v -13.234813 11.905533 0.288350
v 4.217234 24.723337 0.070298
v 3.033283 8.938832 0.323495
v 3.343982 9.182299 0.350921
v 6.039135 26.108614 0.328138
v -11.275661 6.638801 0.561001
v -11.626710 6.911449 0.357828
v -5.270555 2.512561 0.422855
v -11.732430 7.701875 0.424344
v 7.360252 25.414631 0.457563
v 7.699116 25.530310 0.374104
v 3.181801 25.888643 0.399673
v 1.903924 25.167982 0.364680
v 2.232015 25.072369 0.425998
v 0.843424 8.305732 0.422418
v -3.449173 1.592874 0.350139
v 7.544384 26.381117 0.420005
v -4.430351 3.837155 0.401712
v 1.934253 7.708379 0.347010
v 4.843080 0.874974 0.335837
v -12.683166 9.860050 0.427937
v 8.488585 26.952932 0.371919
v -8.467674 5.388384 0.388041
v 4.990505 25.174038 0.393994
v -8.039749 4.931559 0.596508
v -6.863163 4.351789 0.375940
v -11.028154 5.916686 0.352068
v -8.870211 5.454496 0.477091
v -4.079114 3.504342 0.389763
v 7.067078 1.919113 0.481136
v -1.468703 2.149118 0.600578
v -10.873897 8.810530 0.299868
v -3.467129 27.340101 0.359850
v -3.304738 27.193037 0.438491
v -6.538372 2.910403 0.405391
v 6.817844 3.782695 0.321315
v 2.453954 24.880775 0.281083
v -11.648571 7.264349 0.329307
v 7.584549 4.586161 0.305890
v 7.777791 4.668968 0.284415
v 9.691598 27.953497 0.333257
v 3.409236 24.903769 0.362257
v 8.317514 3.304357 0.406690
v 8.481927 3.871878 0.417170
v -7.887635 5.214883 0.361285
v 10.580987 28.602360 0.393583
v 8.701323 4.166781 0.390231
v 5.559329 24.850780 0.318782
v 11.715354 29.786856 0.360187
v -8.354148 5.556774 0.401485
v 8.628470 4.524729 0.400144
v -9.923907 7.134187 0.361971
v 7.698812 2.284382 0.472657
v 7.904237 2.232254 0.298525
v 7.691510 2.453305 0.453059
v -3.706425 1.647081 0.383919
v -6.720875 4.403054 0.474794
v -9.834908 4.886138 0.330529
v 8.500330 4.652529 0.469166
v 1.904048 8.503339 0.416379
v 1.520216 7.278250 0.439007
v -9.576064 6.465932 0.450281
v -1.991328 1.528419 0.404835
v 5.073308 25.878862 0.443070
v -13.320012 10.726933 0.486168
v 8.089904 25.718418 0.204346
v -13.336477 10.974061 0.445101
v 5.342827 26.105257 0.263464
v -1.258425 1.928892 0.543867
v -0.987741 2.419759 0.364533
v 5.737770 3.006783 0.457733
v -1.236093 2.517280 0.491005
v 8.104941 26.996820 0.339384
v 8.240833 27.059620 0.410082
v -4.480711 4.041389 0.331281
v 8.243746 25.989811 0.420035
v 8.560369 26.352066 0.398573
v 8.849233 26.661802 0.368119
v -2.717263 3.113649 0.319008
v 3.512185 1.083903 0.485618
v 6.561083 26.171015 0.269708
v -10.514823 7.707470 0.509683
v 2.110068 25.836866 0.368848
v 7.737234 2.733875 0.502647
v 3.688781 0.798575 0.435492
v -11.280100 6.898643 0.494069
v -3.771900 1.842259 0.535855
v -10.682704 8.231246 0.394144
v 4.675095 0.870390 0.388404
v 3.454597 25.141792 0.531292
v -11.988482 8.478161 0.368986
v -6.007153 3.120617 0.497017
v -5.076151 4.043512 0.411879
v -12.355782 11.742843 0.357390
v -12.578654 12.005662 0.429593
v 3.722422 2.137414 0.248321
v -10.837875 5.810694 0.410769
v -3.952352 3.244580 0.493579
v -8.373212 4.247553 0.386763
v -10.556087 5.536100 0.509887
v -10.194503 5.419082 0.614579
v 9.666346 27.260567 0.507199
v -3.185735 3.135824 0.272127
v -3.040795 2.922915 0.426355
v -1.462550 2.406235 0.539101
v -2.124778 2.930271 0.465445
v -10.930265 8.600369 0.472432
v 1.164230 8.913774 0.359359
v 5.935075 1.084414 0.497072
v 6.664200 1.744612 0.382201
v 6.077633 3.345309 0.316066
v 4.105141 25.741043 0.462143
v 1.879427 25.542358 0.524209
v 7.514284 2.236070 0.384881
v 9.684175 27.418726 0.437763
v 6.823908 25.174728 0.421623
v 9.787790 27.691086 0.443221
v 9.935576 27.965759 0.451076
v -2.642435 1.668882 0.382377
v -2.021489 1.731785 0.469405
v 1.438070 7.936699 0.481099
v 5.347441 25.801935 0.469262
v -12.187366 10.601506 0.433013
v 5.566310 25.910128 0.414860
v 8.349159 4.852752 0.427079
v 5.834881 26.027336 0.409695
v -6.094670 2.938796 0.402131
v 5.418158 0.840423 0.439549
v -13.060114 11.942879 0.430251
v -6.651645 4.201675 0.424640
v -12.868055 12.112676 0.396088
v 7.418550 26.559540 0.426189
v -1.665636 1.810163 0.464711
v -12.367600 11.296725 0.453163
v 5.609018 0.983442 0.431541
v 5.416638 1.404356 0.532566
v 8.837503 3.866159 0.468911
v -11.407726 6.411109 0.353153
v 5.835264 1.393451 0.438027
v 8.579956 27.179014 0.309764
v 9.266040 27.536367 0.444163
v -12.177726 9.342188 0.373173
v -12.745411 10.097052 0.470862
v -5.491210 2.984281 0.527452
v 8.077644 26.064816 0.461905
v -13.047155 10.800052 0.451705
v 4.932868 1.006516 0.481291
v 8.030339 26.677971 0.434557
v -4.407211 3.501817 0.491901
v 7.326775 4.103662 0.447036
v 5.131497 1.176655 0.480187
v -7.641230 4.771543 0.458232
v 8.596642 26.587086 0.440350
v 8.610592 26.724478 0.592500
v -11.686385 8.018429 0.570756
v -3.101857 1.800281 0.490570
v 2.392278 25.460104 0.559171
v -11.873136 8.163827 0.587206
v 9.387025 27.368967 0.454372
v 4.580213 2.245704 0.592885
v -3.542641 3.041786 0.398481
v 6.016773 1.255439 0.562621
v -7.023520 3.586157 0.572227
v -6.665478 3.179453 0.401634
v -9.701529 6.361220 0.553590
v 3.645773 1.489282 0.523994
v -12.229255 9.803274 0.571728
v -1.645714 2.379329 0.563758
v 6.242564 1.773322 0.500580
v -13.003626 10.337459 0.516939
v 6.491683 1.826818 0.597453
v -13.080610 10.591292 0.493863
v -6.218544 4.012174 0.450124
v 5.812235 25.827335 0.525098
v 6.385949 3.267966 0.414356
v 6.431233 25.854942 0.525649
v 7.307606 26.441750 0.525682
v -8.772255 4.329501 0.340149
v 7.188436 3.882828 0.435398
v -5.068388 2.506451 0.393885
v 1.086257 7.531598 0.399214
v 8.486617 26.704531 0.504528
v -3.411113 1.820041 0.466313
v 3.610995 1.783928 0.376070
v -3.102506 1.606113 0.497382
v 8.743468 26.851597 0.502711
v 4.083928 1.953331 0.503808
v 1.076389 8.010466 0.495226
v -3.217759 1.791356 0.411708
v 8.377298 3.702325 0.508869
v 9.147657 27.236713 0.474790
v 5.442970 1.231454 0.416294
v 1.353532 7.594919 0.501020
v 8.401045 4.279424 0.517671
v 1.651062 8.726815 0.442229
v 6.129455 1.460095 0.451357
v 7.238837 25.349234 0.443194
v 1.749486 8.134556 0.479277
v 6.267789 24.940575 0.429751
v 1.424131 8.283789 0.490586
v 6.276423 25.098549 0.595316
v -4.705281 4.040926 0.345092
v 1.978588 8.097604 0.460596
v 2.433784 25.270187 0.526930
v 6.025230 3.158562 0.516774
v -11.255857 8.738007 0.572239
v 3.163980 25.806364 0.493365
v -11.409764 9.130691 0.564096
v 3.628677 25.278864 0.511075
v 7.812802 2.941803 0.456157
v 3.975153 0.818749 0.572222
v 3.229268 25.191013 0.484010
v 4.338893 25.643381 0.498218
v -12.451183 9.452616 0.455856
v -12.366504 9.696552 0.462052
v -11.935639 9.370380 0.511709
v -11.800846 9.379066 0.606015
v 7.013963 26.302477 0.351378
v -13.020697 11.761605 0.423518
v -12.951762 11.543740 0.470080
v -12.741884 12.191252 0.512046
v 7.255189 2.238170 0.522143
v 7.908327 26.100576 0.580325
v 7.241591 2.402340 0.558200
v 5.642593 25.130222 0.513208
v -4.390821 2.324843 0.520722
v -4.095602 2.197542 0.602358
v -12.125454 10.013594 0.563109
v -7.498513 4.566790 0.709491
v 4.069701 1.834222 0.512425
v 7.809651 4.349146 0.456229
v -5.141150 3.932091 0.564043
v -3.889285 2.073267 0.468057
v -12.348911 10.516115 0.549148
v -4.550876 3.666380 0.555737
v -10.857335 6.006829 0.562596
v -11.052127 6.253829 0.450038
v 5.279905 25.897589 0.512585
v 3.183574 25.687988 0.534855
v -3.284542 2.849457 0.525721
v -10.437360 5.367198 0.393493
v 3.400684 25.835125 0.471480
v 6.336948 25.720753 0.566152
v -11.909748 8.839323 0.474810
v -9.143070 4.989524 0.618567
v 4.352695 25.326626 0.516200
v 7.054103 25.287720 0.572788
v -6.909230 3.902531 0.744524
v -13.266472 10.697743 0.575238
v -12.814226 10.551659 0.517331
v -7.010735 4.342247 0.523547
v -13.112242 11.357485 0.531995
v -5.285691 3.987082 0.418848
v 7.506555 4.051450 0.507820
v -3.617705 1.983565 0.537127
v -11.743882 8.661645 0.503660
v 7.912377 4.574364 0.458885
v -2.884806 2.835982 0.550171
v -11.812657 9.122652 0.434880
v -11.561202 9.202948 0.553800
v -11.909671 9.610138 0.447981
v 7.723099 25.860193 0.477246
v 5.406662 25.225229 0.687385
v 3.802613 1.018916 0.460993
v 4.202155 0.639544 0.498104
v 9.450872 27.539371 0.542841
v 5.278955 0.957721 0.522574
v -12.865091 10.200534 0.547149
v -2.635611 2.808194 0.497088
v -7.990476 4.195402 0.554693
v -12.619723 11.829837 0.548206
v -7.796648 4.038418 0.587467
v -9.274445 5.724998 0.612844
v 5.343329 2.865269 0.468179
v -6.293231 3.285233 0.513523
v -6.510699 3.883478 0.577788
v -5.864187 4.199571 0.298044
v 6.901009 26.099255 0.570418
v -2.289221 2.658493 0.586137
v -4.873497 2.506435 0.569126
v 4.508908 25.612633 0.604511
v 6.141608 3.009970 0.519046
v -3.040020 2.080006 0.595479
v 2.607432 25.686325 0.476817
v -8.640418 4.578377 0.526818
v -12.836398 11.190077 0.531900
v 8.276526 26.621523 0.574923
v -11.658925 8.339659 0.570031
v 8.332830 26.458736 0.572400
v 7.930665 3.084290 0.501015
v 5.594273 1.455175 0.589721
v -3.293608 2.169088 0.582223
v 6.299653 25.905771 0.502176
v -1.905029 1.842539 0.637669
v -10.274743 7.162935 0.575681
v 3.876294 25.314087 0.536614
v -9.908532 5.241184 0.627153
v -12.476822 9.892177 0.587184
v -8.675447 5.093716 0.674436
v -7.638337 4.451074 0.639366
v -12.615247 10.918664 0.612894
v -7.585819 4.087129 0.567673
v -12.666411 11.414040 0.595044
v -6.188852 3.080104 0.623237
v -6.314826 3.418625 0.609907
v 7.484323 2.480139 0.567547
v 8.110512 3.645510 0.608364
v 4.188226 25.315903 0.583954
v 7.335577 25.750391 0.614637
v 4.370781 2.132891 0.538748
v 4.610596 25.369894 0.484893
v 7.007236 25.771605 0.651947
v 7.407238 25.985323 0.574490
v 7.568147 25.767632 0.587471
v 7.667672 26.156612 0.598842
v 1.999002 25.562946 0.591301
v -7.886764 4.117886 0.514302
v -7.247788 3.708057 0.523640
v 7.123047 3.597312 0.659681
v -11.224208 7.141742 0.643245
v 4.709652 25.673607 0.551720
v 5.889585 1.730940 0.549293
v 7.892708 26.346003 0.594381
v -6.493337 3.350941 0.593868
v -8.211649 5.179041 0.571148
v -12.793159 10.896490 0.528863
v 8.618588 26.611870 0.541909
v -11.588415 7.782233 0.650699
v -12.461752 10.761326 0.566333
v -5.976151 3.462385 0.691677
v -5.101448 3.756813 0.540466
v 8.372762 26.481680 0.653761
v 7.569927 2.843088 0.728729
v 6.302558 25.421526 0.778040
v -11.511301 8.839060 0.627579
v 6.346988 25.666758 0.689259
v -7.919675 4.445236 0.713525
v 3.665825 25.811756 0.489837
v -10.250665 6.791683 0.732884
v -10.071282 6.950462 0.609060
v 5.017522 1.255020 0.712935
v -8.329247 5.009412 0.613387
v -10.494017 5.899117 0.624139
v -10.594410 6.162867 0.707248
v -3.706371 2.504626 0.656402
v -9.156220 5.259185 0.741249
v -2.152437 2.107607 0.672146
v -4.824710 2.349761 0.526290
v 6.660821 25.318342 0.525160
v -6.904635 3.803219 0.649450
v -3.628776 2.181586 0.623179
v -2.085817 2.517297 0.567018
v -4.775220 3.749454 0.545529
v 5.026131 25.456575 0.619223
v 4.725979 2.190507 0.610225
v -12.643697 10.356079 0.574331
v 5.211718 25.336878 0.561339
v 7.992797 4.355801 0.594189
v -1.996709 2.621794 0.594110
v 4.957956 2.438474 0.572413
v 5.256124 25.616840 0.643131
v 5.170747 2.520854 0.528361
v -3.831282 2.355089 0.586961
v -3.570154 2.642773 0.612914
v -3.414544 2.120202 0.593692
v 2.884999 25.431429 0.649902
v -9.415434 6.072990 0.610173
v -2.968853 2.666102 0.573618
v -2.362897 1.973749 0.592356
v 3.717145 1.363837 0.598065
v 5.598522 2.767577 0.639553
v 6.793580 25.815994 0.626460
v 5.833231 2.859561 0.585421
v -1.707649 1.919444 0.578985
v 7.804285 3.980658 0.702595
v -5.148683 2.812664 0.575697
v -5.816801 3.276248 0.626882
v 3.308316 25.490843 0.679723
v -1.995248 2.125657 0.722556
v -1.743769 2.129390 0.590530
v 6.611468 2.132552 0.703227
v -4.397737 3.316770 0.751017
v 5.456225 2.633391 0.578891
v -5.341728 3.565982 0.728181
v -7.377292 4.339423 0.677360
v -1.660365 2.210901 0.632380
v -3.920336 2.954990 0.687133
v 6.239617 25.246126 0.653074
v 5.122910 2.299044 0.732146
v -11.439420 8.622358 0.689871
v -10.904868 6.399920 0.663613
v -10.353450 7.383534 0.638120
v -9.970503 5.699329 0.718974
v -5.356825 2.886004 0.680786
v -3.968660 2.496123 0.703234
v -2.909299 2.304548 0.793964
v -6.658330 3.481893 0.521399
v -6.445855 3.698658 0.655002
v -8.402621 4.568078 0.738094
v -12.569239 10.207194 0.691041
v 3.101978 25.515491 0.618749
v -10.114591 5.625169 0.723513
v 4.696417 0.919690 0.692850
v 3.931443 1.575673 0.646556
v 4.152926 1.655838 0.674651
v -11.412237 7.521280 0.570873
v 6.640847 25.718243 0.658649
v -11.077978 6.564747 0.603867
v -11.116965 8.535491 0.671728
v 6.910148 2.058980 0.524579
v 4.452403 0.875747 0.619653
v 3.334317 25.695654 0.649153
v 3.518006 25.470743 0.621525
v 3.710165 25.448215 0.683577
v 7.365016 2.781402 0.641635
v 3.564207 25.671766 0.680727
v 3.894235 25.640894 0.601881
v 7.874682 3.343405 0.636253
v 8.041232 3.328920 0.679699
v 7.905024 3.664539 0.643692
v -7.330951 3.965415 0.650513
v -5.570358 3.794398 0.642211
v -8.142185 4.398886 0.618769
v 7.979039 4.117610 0.640878
v 8.266493 4.015776 0.668673
v 5.601682 25.521765 0.719899
v -9.657486 5.898320 0.724102
v -9.571106 6.018860 0.748513
v 7.539644 3.471381 0.765361
v -4.121043 2.353848 0.760146
v 5.950817 2.662158 0.648922
v 7.764382 3.758521 0.717023
v -11.137269 8.315578 0.697793
v 6.341852 2.752218 0.966513
v -6.769209 3.600952 0.772844
v -7.997941 4.593355 0.770487
v 4.393589 1.907167 0.566774
v -1.811413 2.409792 0.639857
v -7.632664 4.270696 0.655562
v 5.712309 2.438605 0.751050
v -2.244591 2.440317 0.682236
v 6.960570 2.283408 0.672775
v -11.483047 7.952768 0.723414
v -11.474009 8.707277 0.771041
v -9.276989 5.305142 0.748421
v 5.612123 1.636108 0.629252
v -10.045264 5.344840 0.572952
v -9.030778 5.121291 0.675094
v -6.193620 3.644907 0.690049
v -6.185109 3.469085 0.726728
v -9.994218 6.325655 0.704087
v 4.028077 1.294956 0.669944
v 4.013139 1.046669 0.664502
v 8.036920 3.864694 0.722899
v -11.054042 7.262437 0.854206
v -9.659099 5.430416 0.726691
v -4.553427 2.551007 0.817619
v -9.447687 5.487475 0.897088
v -11.234417 7.744709 0.748837
v -11.045098 6.646477 0.828384
v -10.685762 6.309055 0.797946
v 5.325216 2.481894 0.698365
v 5.350966 1.684890 0.794807
v -5.931365 3.619963 0.794228
v 6.178346 25.750153 0.671247
v 6.770972 2.169564 0.807893
v -11.097954 6.823301 0.739768
v -10.363947 6.141638 0.813381
v 5.642531 2.131616 0.850613
v -10.547364 6.396807 0.817304
v 5.933562 2.175122 0.754863
v -11.003035 7.908508 0.789087
v -11.145257 6.964893 0.788977
v -10.811103 7.712896 0.799185
v -3.300910 2.383867 0.737852
v 6.570308 3.031711 0.755900
v 4.442270 1.847310 0.781080
v 4.548907 1.938990 0.766169
v 4.804136 1.919134 0.746845
v 4.917171 2.176060 0.709927
v 5.644555 25.444391 0.739132
v 4.765512 1.154350 0.828106
v -5.002306 2.721638 0.730202
v -4.248244 2.522907 0.756625
v 5.874313 25.676617 0.712364
v 5.683686 2.023452 0.771974
v 5.132826 1.542073 0.734405
v 7.659095 3.242722 0.742478
v -7.159454 4.055211 0.746729
v -3.081023 2.215864 0.781949
v 6.996827 2.804383 0.726715
v -11.255292 8.270412 0.755244
v -9.888910 5.895934 0.786902
v 7.176538 2.647971 0.781903
v -8.376685 4.825681 0.771338
v -5.678075 3.581577 0.767499
v 6.723812 3.217053 0.684852
v 7.020946 2.982256 0.791321
v -8.186284 4.888842 0.726683
v -4.261073 2.815443 0.759424
v 7.224417 3.089031 0.770014
v -2.450806 2.293639 0.791681
v 4.408347 1.100121 0.767751
v 7.397672 3.766302 0.706444
v -10.770811 7.370327 0.869219
v -2.064402 2.304301 0.767968
v -1.861834 2.171099 0.862763
v 6.573166 2.532021 0.854517
v 5.012388 1.759077 0.801707
v 4.249393 1.282456 0.763756
v 5.439118 25.548204 0.745485
v 6.711133 2.340606 0.739180
v 6.259338 25.580477 0.812706
v -2.292171 2.220048 0.755848
v 6.821133 2.497947 0.837779
v 7.107782 2.446705 0.741768
v -4.643567 2.723631 0.812265
v 6.312946 2.457735 0.968573
v -6.672649 3.837402 0.784877
v -5.454868 3.311027 0.783065
v -5.099562 3.510735 0.750218
v -8.236780 4.482704 0.800528
v 7.444586 3.093759 0.789053
v -4.507273 3.130305 0.787220
v 4.310192 1.025789 0.813141
v 7.293656 3.429035 0.775170
v -5.213989 3.293609 0.821055
v -5.194520 2.971748 0.712314
v -10.831381 6.707779 0.887992
v -4.781629 2.945468 0.884264
v 5.230263 1.856722 0.839270
v -11.107544 7.387745 0.815650
v -9.763125 5.606620 0.918463
v 6.367084 2.095318 0.750771
v 4.375723 1.419987 0.885854
v 4.706420 1.677419 0.818745
v 4.866078 1.682504 0.902786
v -4.521819 2.923753 0.871339
v -4.995256 3.055497 0.784238
v -1.877749 2.354645 0.936717
v -4.890711 3.377565 0.765464
v -4.586044 3.227316 0.846614
v 4.913342 2.050308 0.835013
v 4.687648 1.301001 0.894846
v 5.529944 1.845362 0.823279
v 5.537912 2.307332 0.807087
v 5.050462 1.429029 0.814160
v -10.899806 6.996344 0.776262
v -10.234633 5.997210 0.852923
v -10.205619 6.136332 0.832451
v -10.653515 6.581498 0.810348
v -10.339079 6.611915 0.855725
v -11.135378 7.571400 0.831885
v 7.078426 3.216367 0.852026
v 6.039368 2.481297 0.825080
v -10.567579 7.059092 0.911139
v -9.766212 5.838014 0.870397
v -10.686386 7.058908 0.908300
v -9.581178 5.568806 0.838924
v 5.333424 2.178205 0.898265
v 5.266012 2.003290 0.907972
v 6.770115 2.757257 0.866630
v 4.751250 1.472349 0.839639
v 6.531785 2.840614 0.929462
v 4.410235 1.587524 1.065819
v -10.333568 6.283799 0.995546
vn -0.350258 0.242825 0.904630
vn 0.000000 0.000000 0.000000
vn 0.103811 0.043882 0.993629
vn 0.624105 -0.552997 0.551986
vn -0.060065 0.017298 0.998045
vn 0.008450 -0.022790 0.999705
vn 0.590674 -0.211090 -0.778810
vn 0.361686 0.672549 0.645648
vn -0.022062 0.004869 0.999745
vn 0.764701 0.251083 -0.593456
vn -0.094761 0.007743 0.995470
vn 0.002821 0.017108 0.999850
vn 0.152238 0.071135 0.985781
vn -0.081388 -0.043805 0.995719
vn -0.035066 0.103849 0.993975
vn 0.081318 -0.153186 0.984846
vn 0.034984 -0.000921 0.999387
vn 0.050129 -0.004475 0.998733
vn -0.173033 -0.094792 0.980344
vn 0.000000 0.000000 0.000000
vn -0.029098 -0.013726 0.999482
vn -0.006104 -0.226103 0.974084
vn -0.430413 -0.198810 0.880465
vn -0.295049 0.350865 0.888729
vn -0.016921 0.037957 0.999136
vn 0.000000 0.000000 0.000000
vn -0.030731 0.070036 0.997071
vn -0.144021 0.153775 0.977554
vn -0.780450 -0.182205 0.598080
vn -0.092338 0.018837 0.995550
vn 0.098404 -0.346002 -0.933059
vn -0.145659 -0.421138 0.895224
vn 0.052536 0.000190 0.998619
vn 0.004624 -0.058582 0.998272
vn 0.024289 0.130097 0.991204
vn -0.039985 0.000740 0.999200
vn -0.151288 -0.024434 0.988188
vn 0.063721 -0.033057 0.997420
vn 0.436043 0.149377 0.887442
vn -0.000000 0.000000 0.000000
vn 0.012554 -0.106144 0.994271
vn -0.018210 0.316763 0.948330
vn -0.026437 0.067970 0.997337
vn 0.000000 0.000000 0.000000
vn 0.062968 -0.000532 0.998015
vn -0.151671 -0.985367 0.077770
vn 0.103095 -0.045802 0.993616
vn 0.155879 -0.069617 0.985320
vn -0.277583 0.399166 0.873851
vn 0.191407 0.165162 0.967515
vn -0.133814 0.068199 0.988657
vn -0.037026 0.144283 0.988843
vn 0.038291 -0.026389 0.998918
vn -0.102770 0.080538 0.991439
vn 0.048839 0.040779 0.997974
vn -0.113754 -0.021495 0.993276
vn -0.119866 -0.005049 0.992777
vn -0.041550 -0.037685 0.998425
vn 0.420860 -0.576625 0.700272
vn 0.000000 0.000000 0.000000
vn -0.005611 0.050529 0.998707
vn -0.015396 0.010979 0.999821
vn 0.005950 0.103158 0.994647
vn 0.040647 0.010923 0.999114
vn 0.630049 -0.699040 0.338205
vn -0.036038 0.016869 0.999208
vn 0.246866 -0.018208 0.968879
vn -0.041770 -0.019853 0.998930
vn -0.020343 0.007257 0.999767
vn 0.023046 0.131957 0.990988
vn -0.003446 -0.221095 0.975246
vn -0.115875 0.096535 0.988562
vn 0.083331 0.116025 0.989744
vn 0.686949 0.337535 0.643562
vn -0.069028 0.062517 0.995654
vn -0.058370 -0.003810 0.998288
vn -0.019062 0.069408 0.997406
vn 0.300610 -0.252452 0.919729
vn -0.075291 0.085527 0.993487
vn 0.151747 0.056286 0.986815
vn -0.021253 0.062057 0.997846
vn 0.063130 -0.231676 0.970743
vn -0.033951 0.015777 0.999299
vn -0.023361 0.055286 0.998197
vn -0.067192 -0.180489 0.981279
vn -0.834350 -0.142148 -0.532592
vn 0.038561 0.137007 0.989819
vn 0.035027 0.083329 0.995906
vn -0.014155 0.074674 0.997108
vn -0.037636 0.353998 0.934489
vn -0.039908 0.052787 0.997808
vn 0.007082 0.051799 0.998632
vn -0.134603 0.088464 0.986943
vn 0.000000 -0.000000 -0.000000
vn 0.138071 0.265671 -0.954125
vn 0.624785 0.429835 0.651832
vn -0.001600 -0.353503 -0.935432
vn 0.147022 0.101571 -0.983904
vn 0.049049 0.021694 0.998561
vn -0.204048 -0.944793 -0.256381
vn -0.008756 -0.060440 0.998133
vn -0.085758 -0.764156 0.639305
vn 0.625296 0.411283 0.663214
vn -0.044542 0.017313 0.998857
vn 0.030184 0.052583 0.998160
vn 0.000000 -0.000000 -0.000000
vn -0.003424 0.026429 0.999645
vn 0.001581 0.038139 0.999271
vn -0.673799 0.297742 0.676273
vn -0.083370 0.024620 0.996214
vn 0.700639 0.621093 0.351210
vn -0.057641 0.197577 0.978591
vn -0.142009 0.093202 0.985468
vn 0.031912 0.033813 0.998919
vn -0.031980 0.014171 0.999388
vn 0.047711 -0.031604 0.998361
vn 0.073345 0.032077 -0.996791
vn -0.590674 0.211090 0.778810
vn -0.509179 -0.242477 -0.825798
vn 0.000000 0.000000 -0.000000
vn -0.028090 0.094154 0.995161
vn -0.013434 0.006741 0.999887
vn -0.042791 0.101275 0.993938
vn -0.000000 0.000000 0.000000
vn 0.807334 0.321823 -0.494612
vn 0.010912 -0.016768 0.999800
vn 0.003338 -0.027842 0.999607
vn 0.025479 0.152269 0.988011
vn 0.007798 -0.023353 0.999697
vn -0.021362 0.093491 0.995391
vn -0.001472 -0.001298 0.999998
vn -0.107962 -0.012117 0.994081
vn 0.527411 0.639864 -0.558938
vn -0.020203 0.073468 0.997093
vn -0.007898 0.024901 0.999659
vn -0.042301 -0.001329 0.999104
vn -0.046909 -0.040493 0.998078
vn -0.041113 0.073379 0.996456
vn -0.094588 -0.209751 0.973169
vn -0.010939 0.131599 0.991243
vn -0.584720 0.074621 0.807796
vn -0.032871 -0.078629 0.996362
vn 0.096740 0.132793 0.986411
vn -0.089069 -0.084991 0.992393
vn -0.007721 0.072267 0.997355
vn 0.009254 0.006952 0.999933
vn 0.044168 0.071013 0.996497
vn -0.063020 0.033551 0.997448
vn -0.027911 0.025759 0.999278
vn 0.015052 -0.010589 0.999831
vn 0.218977 0.960430 -0.172114
vn 0.088687 -0.044817 0.995051
vn -0.063466 0.072341 0.995359
vn -0.305477 0.118864 -0.944751
vn -0.033712 0.037987 0.998709
vn -0.152866 -0.484958 -0.861074
vn -0.104041 -0.100591 0.989473
vn -0.101751 0.064264 0.992732
vn 0.041970 0.058862 0.997383
vn 0.067551 -0.010816 -0.997657
vn -0.014838 0.015184 0.999775
vn 0.000000 0.000000 0.000000
vn -0.149860 -0.203181 0.967605
vn -0.092445 0.071823 0.993124
vn 0.000000 0.000000 0.000000
vn 0.144530 -0.079382 0.986311
vn -0.063450 0.063985 0.995932
vn -0.039218 0.294654 0.954799
vn -0.213610 0.109914 0.970716
vn -0.095015 -0.114254 0.988897
vn -0.004730 0.148074 0.988965
vn -0.191847 0.198665 0.961107
vn -0.059920 0.070613 0.995702
vn -0.551248 0.820358 0.152114
vn -0.140397 0.100957 0.984935
vn 0.000000 0.000000 0.000000
vn 0.000000 0.000000 0.000000
vn 0.000000 0.000000 0.000000
vn 0.000000 0.000000 -0.000000
vn 0.000000 0.000000 0.000000
vn -0.048333 0.068297 0.996494
vn -0.903442 -0.373961 0.209633
vn -0.037027 -0.015819 0.999189
vn -0.042483 0.009434 0.999053
vn -0.056400 -0.051298 0.997090
vn -0.092901 0.135350 0.986433
vn -0.233738 -0.116348 0.965313
vn -0.206806 0.015000 0.978267
vn -0.846764 0.258552 -0.464909
vn -0.242317 0.097602 0.965275
vn -0.044109 0.043588 0.998075
vn -0.442991 -0.351633 -0.824690
vn 0.027999 0.090751 0.995480
vn 0.166051 -0.035852 0.985465
vn 0.072176 0.046458 0.996309
vn -0.035279 0.106895 0.993644
vn 0.127685 -0.030348 0.991350
vn 0.000000 0.000000 0.000000
vn -0.191407 -0.165162 -0.967515
vn -0.042015 0.022281 0.998868
vn -0.587483 -0.431869 0.684363
vn 0.140509 0.265590 0.953792
vn -0.000000 0.000000 0.000000
vn 0.000000 -0.000000 0.000000
vn 0.159801 -0.238881 -0.957810
vn 0.138374 0.057256 0.988724
vn 0.034612 0.062546 0.997442
vn -0.058798 0.012979 0.998186
vn 0.036504 0.052172 0.997971
vn 0.172817 0.274739 0.945861
vn 0.287753 -0.025825 0.957356
vn 0.087877 0.026018 0.995791
vn 0.006524 -0.180779 0.983502
vn 0.199678 0.334548 0.920981
vn -0.000000 0.000000 0.000000
vn 0.040835 0.023698 0.998885
vn 0.005410 0.072579 0.997348
vn -0.248853 0.115165 0.961670
vn -0.049633 0.083359 0.995283
vn -0.412839 0.009130 0.910758
vn -0.037288 0.058285 0.997603
vn 0.000000 0.000000 0.000000
vn -0.032932 0.131354 0.990788
vn -0.036097 0.035222 0.998727
vn 0.079485 -0.046762 0.995739
vn -0.457350 0.599392 -0.656933
vn 0.010965 -0.036932 0.999258
vn -0.026926 0.027459 0.999260
vn -0.101797 0.084331 0.991224
vn 0.059710 0.034318 0.997626
vn -0.025872 0.053426 0.998237
vn 0.210068 -0.054084 0.976190
vn 0.035299 0.052347 0.998005
vn -0.089133 0.006199 0.996000
vn 0.000000 0.000000 0.000000
vn 0.199877 -0.408505 -0.890602
vn 0.733732 0.665083 -0.138930
vn 0.007405 0.075618 0.997109
vn -0.088439 -0.037101 0.995390
vn -0.119732 0.046206 0.991730
vn 0.082945 -0.125443 0.988627
vn 0.096627 0.015005 0.995208
vn -0.064693 0.051596 0.996570
vn 0.010695 0.046651 0.998854
vn 0.093376 0.075730 0.992747
vn 0.024732 0.078943 0.996572
vn 0.038929 0.128275 0.990974
vn 0.071717 0.074495 0.994639
vn -0.052008 0.060624 0.996805
vn -0.010310 0.053750 0.998501
vn 0.052964 0.063246 0.996592
vn -0.060741 0.011696 0.998085
vn 0.048947 0.074795 0.995997
vn 0.041708 0.068753 0.996761
vn 0.015652 -0.004005 -0.999869
vn 0.163422 0.065241 0.984397
vn -0.057519 0.048478 0.997167
vn -0.005747 -0.097827 0.995187
vn -0.036301 -0.003758 0.999334
vn -0.022537 0.098732 0.994859
vn -0.041987 0.095004 0.994591
vn -0.142539 -0.026251 0.989441
vn 0.126505 0.924057 0.360715
vn 0.137766 0.092082 0.986175
vn -0.173524 -0.192468 -0.965839
vn -0.054192 0.047851 0.997383
vn 0.157072 -0.786206 0.597669
vn -0.015652 0.004005 0.999869
vn -0.199364 -0.119657 0.972593
vn 0.000000 -0.000000 0.000000
vn -0.152728 0.090085 0.984154
vn 0.000000 0.000000 0.000000
vn 0.068775 -0.289363 0.954745
vn -0.111954 0.026464 0.993361
vn 0.023960 -0.410867 0.911380
vn 0.361663 -0.213503 -0.907533
vn 0.000000 0.000000 0.000000
vn 0.150906 0.438301 0.886070
vn -0.054890 -0.123105 0.990874
vn -0.000000 0.000000 0.000000
vn 0.090115 0.199499 0.975746
vn -0.000000 0.000000 0.000000
vn -0.685403 0.529433 -0.499924
vn 0.136849 0.401249 0.905688
vn -0.047262 0.141069 0.988871
vn 0.123438 0.114012 0.985781
vn -0.075448 -0.059649 0.995364
vn -0.005642 0.015784 0.999860
vn 0.189999 0.014521 -0.981677
vn 0.000000 0.000000 0.000000
vn 0.000000 0.000000 0.000000
vn 0.053651 0.073154 0.995876
vn -0.010316 -0.030228 0.999490
vn -0.044533 0.050480 0.997732
vn -0.120395 0.036290 0.992063
vn 0.033145 0.146936 0.988591
vn 0.673581 -0.378685 0.634734
vn 0.109869 0.037855 0.993225
vn 0.035166 -0.078316 0.996308
vn -0.058117 0.108564 0.992389
vn -0.116552 0.947635 0.297328
vn 0.696122 0.706949 0.125044
vn -0.151981 -0.151464 -0.976709
vn -0.952734 -0.092778 -0.289294
vn -0.126578 0.076285 0.989019
vn -0.040387 0.074575 0.996397
vn 0.000000 0.000000 -0.000000
vn 0.047287 0.545887 0.836524
vn -0.091575 -0.001905 0.995796
vn -0.004189 0.005919 0.999974
vn 0.019132 -0.046501 0.998735
vn 0.000000 0.000000 0.000000
vn 0.000000 0.000000 0.000000
vn -0.000000 0.000000 0.000000
vn -0.226424 -0.022570 0.973767
vn -0.161348 0.011941 0.986825
vn 0.104890 -0.023798 0.994199
vn 0.000000 0.000000 0.000000
vn -0.021266 0.034355 0.999183
vn -0.120535 0.094137 0.988236
vn -0.097719 0.010061 0.995163
vn 0.000000 -0.000000 0.000000
vn -0.014492 0.124952 0.992057
vn -0.000596 0.016097 0.999870
vn 0.115419 0.110937 0.987103
vn -0.052864 -0.152710 0.986856
vn 0.362570 -0.281197 0.888522
vn -0.143223 0.054596 0.988183
vn 0.020058 0.088139 0.995906
vn 0.000000 0.000000 -0.000000
vn -0.009779 -0.131873 0.991218
vn -0.003135 -0.001292 0.999994
vn 0.107268 -0.026471 0.993878
vn 0.189342 -0.748130 -0.635964
vn 0.079018 0.075155 0.994036
vn 0.760590 0.325527 0.561725
vn -0.031137 0.117694 0.992562
vn 0.000000 0.000000 -0.000000
vn -0.067543 0.066466 0.995500
vn -0.017632 0.010803 0.999786
vn -0.015499 0.072457 0.997251
vn 0.044472 0.031843 0.998503
vn -0.118956 0.131211 -0.984192
vn -0.024327 0.167550 0.985563
vn -0.011894 0.409347 -0.912301
vn -0.040103 -0.030905 0.998717
vn 0.134858 -0.273199 0.952458
vn 0.008271 0.045075 0.998949
vn -0.034816 0.112567 0.993034
vn 0.014121 0.055016 0.998386
vn -0.025461 0.034231 0.999090
vn -0.086405 0.024178 0.995967
vn -0.051092 0.120236 0.991430
vn -0.108519 0.064614 0.991992
vn -0.026797 0.068911 0.997263
vn -0.065595 0.097040 0.993117
vn 0.030704 -0.012260 0.999453
vn 0.054257 0.072786 0.995871
vn -0.002025 0.012510 0.999920
vn -0.188706 0.097002 0.977231
vn -0.010360 0.025255 0.999627
vn -0.067931 0.024300 0.997394
vn -0.040424 -0.046210 0.998113
vn -0.120043 -0.008801 0.992730
vn 0.020105 0.021225 0.999573
vn 0.010641 0.048703 0.998757
vn 0.043212 0.108406 0.993167
vn -0.129940 -0.039506 0.990734
vn 0.087351 -0.038025 0.995452
vn -0.024190 0.073814 0.996979
vn 0.134182 0.014674 0.990848
vn 0.008110 -0.007349 0.999940
vn 0.067354 -0.037249 0.997034
vn -0.030217 0.009994 0.999493
vn 0.027391 0.059598 0.997847
vn 0.039270 -0.043172 0.998296
vn 0.180403 -0.090759 0.979397
vn 0.174246 -0.201609 0.963842
vn 0.057008 0.022285 0.998125
vn 0.008697 0.021317 0.999735
vn 0.221878 0.008062 0.975041
vn 0.018580 0.043279 0.998890
vn -0.132239 -0.021958 0.990975
vn -0.008542 0.807607 -0.589659
vn -0.011408 -0.056258 0.998351
vn 0.378823 0.195285 0.904631
vn -0.079560 0.015388 0.996711
vn 0.200466 0.559120 0.804486
vn -0.258364 -0.294149 0.920176
vn 0.290846 0.201769 0.935253
vn 0.000000 0.000000 0.000000
vn 0.000000 0.000000 0.000000
vn -0.024900 0.068578 0.997335
vn 0.000000 -0.000000 -0.000000
vn -0.009071 -0.039480 0.999179
vn -0.147954 0.171400 0.974029
vn 0.048000 0.088706 0.994901
vn 0.454212 -0.448090 0.770004
vn 0.000000 -0.000000 0.000000
vn 0.035067 0.066259 0.997186
vn -0.091880 0.054146 0.994297
vn -0.057904 -0.112541 0.991959
vn 0.451369 0.043065 0.891298
vn 0.191930 0.041966 0.980511
vn -0.018753 0.007681 0.999795
vn 0.044749 0.079605 0.995822
vn 0.000000 0.000000 0.000000
vn -0.154446 0.152171 0.976212
vn 0.030372 0.104001 0.994113
vn 0.046454 0.021520 0.998689
vn -0.071079 -0.746401 0.661690
vn -0.106012 0.041943 0.993480
vn -0.381122 0.096360 0.919489
vn -0.106124 -0.046690 0.993256
vn 0.023835 0.244030 0.969475
vn -0.127678 0.076365 0.988871
vn -0.113287 -0.066479 0.991336
vn 0.149776 0.177622 0.972634
vn -0.326222 0.481273 0.813607
vn -0.612418 0.050963 -0.788890
vn 0.044388 -0.015127 0.998900
vn -0.181473 0.429423 0.884683
vn -0.766372 -0.000027 0.642397
vn -0.156168 0.034182 0.987139
vn 0.039786 0.115653 0.992493
vn 0.179097 0.230778 0.956382
vn 0.114434 0.046978 0.992320
vn 0.044733 0.074748 0.996199
vn -0.092413 0.032854 0.995179
vn -0.008029 0.044085 0.998996
vn 0.033427 0.140028 0.989583
vn -0.159658 0.092880 0.982793
vn -0.823177 0.566938 -0.031011
vn -0.417175 0.187691 0.889234
vn 0.000000 0.000000 0.000000
vn 0.019791 0.016179 0.999673
vn -0.160385 -0.010237 -0.987001
vn 0.363915 -0.131173 -0.922149
vn 0.041836 0.114716 0.992517
vn 0.242042 0.216105 0.945893
vn 0.000000 -0.000000 0.000000
vn -0.065121 0.150968 0.986391
vn -0.011975 -0.007481 0.999900
vn -0.070475 0.073292 0.994817
vn 0.115686 -0.330706 0.936616
vn 0.006332 0.078071 0.996928
vn -0.001717 0.231591 0.972812
vn -0.011924 0.169706 0.985423
vn 0.126779 -0.004606 0.991920
vn -0.184427 -0.322568 -0.928405
vn 0.009428 0.013157 0.999869
vn 0.102470 -0.681685 0.724435
vn 0.165279 0.183649 -0.968997
vn 0.048217 0.166339 0.984889
vn 0.012791 0.093214 0.995564
vn -0.052476 0.077305 0.995626
vn 0.030340 0.140280 0.989647
vn 0.000000 0.000000 -0.000000
vn -0.431748 0.289603 0.854239
vn -0.034900 0.012356 0.999314
vn 0.225683 0.373098 0.899925
vn -0.021590 0.129638 0.991326
vn 0.000000 0.000000 0.000000
vn 0.177086 0.036575 0.983516
vn -0.031767 0.015599 0.999374
vn 0.000000 0.000000 0.000000
vn 0.032598 0.011274 0.999405
vn -0.080561 -0.006216 0.996730
vn -0.020940 0.027414 0.999405
vn 0.431555 0.285807 -0.855613
vn -0.038496 0.018137 0.999094
vn 0.004829 0.124879 0.992160
vn -0.089733 0.887470 0.452046
vn 0.399009 0.526396 0.750799
vn 0.002894 0.028503 0.999590
vn -0.079905 0.026457 0.996451
vn -0.024780 -0.027091 0.999326
vn 0.003022 0.222455 0.974938
vn -0.168689 -0.063468 -0.983624
vn -0.487102 -0.509303 -0.709466
vn -0.000378 0.048304 0.998833
vn -0.061452 0.008077 0.998077
vn 0.551248 -0.820358 -0.152114
vn 0.029059 0.111038 0.993391
vn -0.000572 0.053142 0.998587
vn -0.081674 -0.072516 0.994017
vn -0.725903 -0.074928 0.683704
vn 0.001854 0.174602 0.984637
vn 0.038465 0.070728 0.996754
vn -0.011697 -0.040467 0.999112
vn -0.163599 -0.124546 0.978634
vn 0.006159 0.013468 0.999890
vn 0.527743 -0.356424 -0.771005
vn -0.015113 -0.014164 0.999785
vn -0.000804 0.041932 0.999120
vn 0.000000 0.000000 0.000000
vn 0.000000 -0.000000 -0.000000
vn -0.144387 0.282039 0.948476
vn -0.237915 0.107006 0.965374
vn 0.088719 0.435697 0.895710
vn 0.016896 0.066333 0.997654
vn 0.055228 0.052795 0.997077
vn -0.698996 0.712417 -0.062175
vn 0.032407 0.090014 0.995413
vn 0.161182 0.255003 0.953412
vn 0.003275 0.081220 0.996691
vn 0.021212 0.099474 0.994814
vn 0.005082 0.171962 0.985091
vn -0.022695 0.065599 0.997588
vn -0.023722 0.046953 0.998615
vn 0.172206 0.077625 0.981998
vn 0.039801 0.044059 0.998236
vn 0.244661 -0.367087 -0.897434
vn 0.160985 0.055215 0.985411
vn -0.027878 0.062369 0.997664
vn -0.492286 0.486610 -0.721710
vn 0.083020 0.145847 0.985818
vn -0.006117 0.018163 0.999816
vn 0.019795 0.032232 0.999284
vn 0.000000 0.000000 0.000000
vn 0.044783 0.856299 0.514535
vn 0.365739 -0.653380 0.662819
vn 0.037607 -0.049952 0.998043
vn -0.088437 0.127476 0.987891
vn -0.573151 0.357178 -0.737510
vn 0.095523 0.026750 0.995068
vn 0.002140 -0.037569 0.999292
vn 0.525549 0.013840 0.850650
vn 0.051850 0.074902 0.995842
vn -0.001454 0.150286 -0.988642
vn 0.034025 -0.015925 0.999294
vn -0.735448 -0.172498 0.655256
vn -0.085138 0.072193 0.993750
vn -0.264263 -0.106994 0.958497
vn -0.032501 0.066622 0.997249
vn 0.495607 0.206082 -0.843744
vn -0.070866 0.010435 0.997431
vn 0.093634 0.110066 0.989504
vn -0.023155 0.084515 0.996153
vn 0.000000 0.000000 0.000000
vn -0.004153 0.029314 0.999562
vn 0.045284 0.202617 0.978210
vn 0.000000 0.000000 0.000000
vn -0.241733 0.190584 0.951442
vn 0.101010 0.236729 0.966311
vn 0.421339 -0.130673 0.897440
vn -0.144634 0.135653 0.980143
vn 0.011121 0.260719 0.965351
vn -0.451912 0.017798 0.891885
vn -0.086700 -0.002497 0.996231
vn -0.101588 -0.047196 0.993706
vn -0.301088 -0.268841 0.914916
vn -0.098209 -0.135253 0.985932
vn 0.013689 0.200970 0.979502
vn -0.090586 0.029125 0.995463
vn 0.167194 -0.022765 0.985661
vn -0.069084 0.428332 0.900977
vn -0.212359 -0.042219 0.976279
vn 0.048643 0.012041 0.998744
vn -0.028230 0.017921 0.999441
vn -0.030493 0.015215 0.999419
vn 0.109885 -0.114209 0.987361
vn -0.247811 0.020589 0.968590
vn 0.007828 -0.163989 0.986431
vn -0.018482 0.159810 0.986975
vn 0.043991 0.180709 0.982552
vn -0.072607 0.039319 0.996585
vn 0.178813 0.047099 0.982755
vn 0.013263 -0.311629 -0.950111
vn -0.071808 0.086303 0.993678
vn -0.073736 0.049062 0.996070
vn 0.034196 0.151690 0.987836
vn 0.108425 0.018728 0.993928
vn 0.014259 0.790566 -0.612211
vn -0.229944 -0.056396 0.971569
vn 0.092989 0.058748 0.993933
vn -0.246913 -0.582383 -0.774509
vn 0.009170 0.017552 0.999804
vn -0.014306 0.087237 0.996085
vn 0.145418 -0.008189 0.989336
vn -0.065795 -0.014927 0.997721
vn -0.172445 -0.334101 0.926628
vn -0.234888 0.300921 0.924270
vn -0.017447 0.071440 0.997292
vn -0.050834 0.081800 0.995352
vn 0.000000 -0.000000 -0.000000
vn 0.235474 -0.299640 -0.924537
vn 0.814964 0.540780 0.208305
vn -0.200204 0.194406 0.960273
vn 0.085068 0.194096 0.977287
vn 0.024019 0.131224 0.991062
vn 0.024532 0.082841 0.996261
vn -0.086667 0.021716 0.996001
vn -0.015799 0.022691 0.999618
vn -0.091950 0.034114 0.995179
vn 0.020854 0.077959 0.996738
vn 0.121092 0.023046 0.992374
vn 0.118201 -0.249799 -0.961056
vn -0.026334 -0.394486 0.918525
vn -0.002549 0.080167 0.996778
vn -0.066101 0.048473 0.996635
vn -0.034822 0.150004 0.988072
vn -0.033510 0.007755 0.999408
vn 0.026097 -0.026092 0.999319
vn 0.058641 0.039618 0.997493
vn -0.045318 0.080360 0.995735
vn 0.061767 0.044249 0.997109
vn -0.059075 -0.075492 0.995395
vn -0.013905 0.085912 0.996206
vn -0.045768 0.144570 0.988436
vn -0.048812 0.105993 0.993168
vn 0.090082 0.058636 0.994207
vn -0.009387 0.068538 0.997604
vn 0.606168 0.483436 0.631546
vn 0.046662 0.041287 0.998057
vn -0.025523 -0.119643 0.992489
vn 0.056797 0.041819 0.997510
vn 0.877326 0.384646 0.286962
vn 0.117981 0.034848 0.992404
vn 0.034032 0.029233 0.998993
vn 0.037035 0.057387 0.997665
vn -0.051847 0.004367 0.998645
vn 0.005254 0.080541 0.996737
vn 0.012762 0.102660 0.994635
vn 0.003344 0.124455 0.992220
vn 0.000000 0.000000 0.000000
vn 0.000000 0.000000 0.000000
vn 0.133846 0.144665 0.980386
vn 0.026456 0.048076 0.998493
vn -0.060831 0.118371 0.991104
vn 0.048815 -0.080013 0.995598
vn -0.049483 0.302374 0.951904
vn -0.238904 -0.079398 0.967792
vn 0.716802 0.273817 -0.641264
vn -0.092324 0.217470 0.971691
vn 0.858275 0.473732 -0.197337
vn -0.729955 -0.270964 0.627490
vn 0.108506 0.144522 0.983534
vn -0.128502 0.076298 0.988770
vn 0.018462 0.072554 0.997194
vn -0.097061 0.196636 0.975660
vn 0.363872 0.036956 -0.930716
vn 0.027681 -0.000695 0.999617
vn 0.047042 0.140003 0.989033
vn -0.305217 0.218241 0.926938
vn 0.032026 0.086838 0.995708
vn -0.000000 0.000000 0.000000
vn 0.000000 0.000000 0.000000
vn -0.000000 0.000000 0.000000
vn 0.016483 -0.002758 0.999860
vn 0.251099 0.254538 0.933895
vn -0.252695 -0.006488 0.967524
vn -0.143125 0.069150 0.987286
vn -0.116708 0.093237 0.988780
vn 0.034793 0.024890 0.999085
vn 0.089734 0.024984 0.995652
vn 0.061944 0.291019 0.954710
vn -0.076529 0.296420 0.951987
vn 0.125267 0.043991 0.991147
vn -0.340811 0.202715 0.918016
vn 0.024297 0.028407 0.999301
vn -0.235383 -0.037374 0.971184
vn -0.103305 0.007598 0.994621
vn -0.696727 -0.309762 0.647007
vn -0.225443 0.131372 0.965358
vn 0.000000 0.000000 0.000000
vn -0.063752 0.016569 0.997828
vn -0.060767 0.149029 0.986964
vn -0.737579 0.535867 0.410882
vn 0.258659 -0.408827 0.875189
vn 0.085627 0.079364 0.993161
vn 0.001597 0.004760 0.999987
vn -0.000000 0.000000 0.000000
vn -0.355240 0.182772 0.916733
vn -0.038643 0.142139 0.989092
vn 0.000000 0.000000 0.000000
vn -0.275832 0.320268 0.906281
vn -0.252488 0.172923 0.952023
vn 0.073698 0.002878 0.997276
vn -0.258011 0.192928 0.946683
vn 0.121277 0.015305 -0.992501
vn 0.301815 0.197927 0.932594
vn -0.012601 0.187753 0.982136
vn 0.097147 -0.102755 0.989951
vn 0.062154 -0.085240 0.994420
vn -0.244201 -0.029530 0.969275
vn -0.005236 0.058699 0.998262
vn -0.033567 0.097467 0.994673
vn 0.661359 0.114395 0.741295
vn -0.366296 0.574878 0.731671
vn 0.023911 -0.142067 0.989568
vn 0.357094 0.194457 -0.913603
vn 0.100929 0.233999 0.966984
vn 0.121768 -0.001509 0.992557
vn -0.061543 0.014926 0.997993
vn -0.021993 0.079660 0.996579
vn 0.000000 0.000000 0.000000
vn 0.082142 0.100012 0.991590
vn 0.007432 0.018817 0.999795
vn 0.007081 0.165340 0.986211
vn 0.146679 0.251948 0.956560
vn -0.044826 0.000332 0.998995
vn -0.031638 0.028961 0.999080
vn -0.025192 0.066769 0.997450
vn -0.001921 0.070679 0.997497
vn 0.047559 0.193269 0.979992
vn 0.009907 -0.026440 0.999601
vn 0.049002 -0.017037 0.998653
vn -0.060059 0.037549 0.997488
vn 0.036445 0.047723 0.998196
vn -0.075346 0.212813 0.974184
vn -0.195572 0.159408 0.967647
vn -0.055135 0.352643 0.934132
vn 0.239345 -0.179585 0.954182
vn 0.861868 -0.424382 -0.277640
vn 0.000000 0.000000 0.000000
vn 0.067794 0.044592 0.996702
vn -0.227264 -0.933848 -0.276188
vn 0.124456 0.806903 -0.577424
vn 0.195203 0.261392 -0.945288
vn -0.099585 0.126256 0.986986
vn -0.035914 -0.028621 0.998945
vn 0.010357 -0.069891 0.997501
vn -0.022567 0.453029 0.891210
vn -0.016773 -0.000898 0.999859
vn 0.293204 0.104421 0.950330
vn -0.078774 0.125805 0.988923
vn 0.122876 0.029007 0.991998
vn 0.117982 -0.010116 0.992964
vn 0.157677 0.133865 0.978375
vn 0.495753 -0.386342 0.777797
vn -0.076823 0.083686 0.993527
vn 0.079448 -0.067427 -0.994556
vn 0.049050 -0.005409 0.998782
vn -0.600751 0.704215 0.378391
vn 0.054719 0.024711 0.998196
vn 0.011522 0.107492 0.994139
vn 0.155767 0.019637 0.987599
vn -0.174104 0.060499 0.982867
vn -0.343105 -0.131519 0.930044
vn 0.157329 -0.970374 -0.183364
vn -0.058881 0.051131 0.996955
vn 0.000000 0.000000 0.000000
vn 0.049001 0.118503 0.991744
vn -0.401342 0.109378 0.909374
vn 0.056108 -0.020912 0.998206
vn -0.049777 -0.024514 0.998459
vn 0.247200 -0.968609 -0.026228
vn -0.018584 -0.107732 0.994006
vn 0.405658 0.290957 0.866479
vn -0.133333 0.537795 0.832466
vn -0.076004 -0.014955 0.996995
vn 0.124682 0.089612 0.988142
vn 0.033221 0.530300 0.847159
vn -0.038867 0.121893 0.991782
vn -0.057671 -0.418251 -0.906499
vn 0.071319 0.110025 0.991367
vn -0.074554 0.147421 0.986260
vn -0.001705 0.048017 0.998845
vn -0.008671 0.031290 0.999473
vn 0.162534 -0.012723 0.986621
vn 0.019234 0.192330 0.981142
vn 0.018883 -0.007837 0.999791
vn -0.163945 0.011214 0.986406
vn -0.223134 0.203241 0.953365
vn 0.074021 0.001709 0.997255
vn -0.087825 0.033971 0.995556
vn -0.274227 0.371005 0.887218
vn -0.345493 0.042359 0.937465
vn -0.010507 -0.303615 0.952737
vn 0.000748 -0.006849 -0.999976
vn -0.017817 0.224218 0.974376
vn 0.692972 -0.582562 -0.424747
vn 0.646418 -0.118591 -0.753711
vn -0.375070 0.019617 0.926789
vn -0.002231 0.130655 0.991425
vn -0.334900 0.658918 0.673549
vn 0.084153 0.089739 0.992404
vn 0.015710 0.052417 0.998502
vn -0.147438 0.106361 0.983336
vn 0.245578 -0.049203 0.968127
vn -0.027537 0.024614 0.999318
vn 0.078428 0.304773 0.949190
vn 0.687800 0.677910 0.259557
vn -0.075048 -0.076448 0.994245
vn -0.096525 0.057039 0.993695
vn 0.006151 0.024770 0.999674
vn 0.073057 0.032527 0.996797
vn -0.012228 0.180005 0.983590
vn -0.049183 0.042670 0.997878
vn 0.119521 0.032544 0.992298
vn 0.111370 0.112479 -0.987393
vn -0.121737 0.149610 0.981222
vn 0.000000 0.000000 0.000000
vn -0.277838 0.810800 0.515179
vn 0.000000 0.000000 0.000000
vn -0.026692 0.054988 0.998130
vn -0.392585 -0.698967 0.597764
vn 0.262080 -0.632350 0.729005
vn 0.047332 0.136129 0.989560
vn -0.145164 -0.043627 0.988445
vn 0.083266 0.115471 0.989815
vn 0.039688 0.041485 0.998351
vn 0.307256 -0.201968 -0.929948
vn 0.104937 -0.074665 0.991672
vn 0.261373 -0.912538 0.314577
vn 0.645921 0.753638 -0.121724
vn -0.104614 0.076705 0.991550
vn 0.048754 -0.003132 0.998806
vn 0.045075 0.189989 0.980751
vn -0.099274 0.177544 0.979093
vn -0.101174 0.029879 0.994420
vn 0.038405 0.278915 0.959547
vn 0.065302 0.142785 0.987597
vn 0.015271 0.146686 0.989065
vn 0.082768 -0.028446 0.996163
vn 0.255217 0.097007 -0.962005
vn 0.000000 0.000000 0.000000
vn -0.116944 -0.014259 -0.993036
vn -0.128326 -0.431732 0.892827
vn -0.034617 0.110272 0.993298
vn 0.028213 0.090308 0.995514
vn 0.137129 0.047520 0.989413
vn -0.070183 0.015942 0.997407
vn 0.035304 0.116265 0.992591
vn -0.036279 0.069164 0.996945
vn 0.149595 0.147859 0.977629
vn 0.011972 0.006733 0.999906
vn 0.006590 0.275880 0.961169
vn -0.235370 0.376634 0.895962
vn 0.189972 -0.073253 0.979053
vn -0.008209 0.312392 0.949918
vn 0.169129 0.148531 0.974338
vn 0.130560 0.121075 0.984020
vn 0.001768 0.152696 0.988272
vn 0.000000 0.000000 0.000000
vn -0.026946 0.143847 0.989233
vn -0.110581 0.027556 0.993485
vn -0.156740 0.148634 0.976392
vn -0.043285 0.163988 0.985512
vn -0.059924 0.448861 0.891590
vn -0.124031 -0.053584 0.990830
vn 0.031133 0.090769 0.995385
vn 0.167991 0.337150 -0.926342
vn 0.000000 0.000000 0.000000
vn 0.002205 0.151826 0.988405
vn 0.056204 0.119039 0.991298
vn -0.008083 0.086146 0.996250
vn -0.114654 0.033223 0.992850
vn -0.058913 0.177645 0.982330
vn 0.007956 0.393768 0.919176
vn -0.050506 0.027094 0.998356
vn -0.037292 0.136910 0.989881
vn -0.128363 -0.073421 0.989006
vn -0.013300 0.139435 0.990142
vn -0.013504 0.163101 0.986517
vn -0.042508 -0.012616 -0.999016
vn -0.036593 0.075202 0.996497
vn -0.035995 0.074578 0.996565
vn -0.038460 0.025996 0.998922
vn -0.055443 0.024831 0.998153
vn 0.079200 0.003937 0.996851
vn -0.022970 0.008776 0.999698
vn 0.091987 0.195569 0.976366
vn -0.060767 0.046905 0.997049
vn -0.100900 0.008163 0.994863
vn 0.037397 0.137385 0.989811
vn 0.033238 0.116207 0.992669
vn 0.046316 0.186197 0.981420
vn 0.215147 0.216803 0.952212
vn -0.278505 0.092352 0.955984
vn 0.000000 0.000000 0.000000
vn 0.346082 -0.134271 0.928547
vn -0.032091 0.024126 0.999194
vn -0.075009 0.043961 0.996213
vn 0.174400 0.058142 0.982957
vn -0.182106 0.166801 0.969028
vn 0.096280 -0.039231 0.994581
vn -0.162310 -0.056255 0.985135
vn -0.063247 0.075911 0.995107
vn 0.060920 0.003562 0.998136
vn -0.226199 -0.216605 0.949693
vn 0.135454 -0.199475 0.970496
vn 0.273664 -0.757627 -0.592545
vn 0.048944 -0.087094 0.994997
vn -0.043047 0.023116 0.998806
vn 0.228800 -0.175730 0.957481
vn 0.097009 0.004545 0.995273
vn -0.982821 0.058653 -0.174996
vn 0.145351 0.011197 0.989317
vn 0.149128 0.045881 0.987753
vn 0.000000 0.000000 0.000000
vn 0.072794 -0.000026 0.997347
vn -0.111250 0.139583 0.983941
vn 0.045246 -0.043758 0.998017
vn 0.123520 0.060787 0.990478
vn 0.100277 0.034019 0.994378
vn 0.069278 0.162697 0.984241
vn 0.018032 0.184520 0.982663
vn -0.100733 -0.006587 0.994892
vn -0.029295 -0.041983 0.998689
vn 0.097397 -0.143996 0.984774
vn 0.026401 0.179084 0.983480
vn 0.140001 0.013012 0.990066
vn -0.034251 0.029036 0.998991
vn 0.118863 0.184733 0.975574
vn 0.066157 0.078188 0.994741
vn 0.010972 0.014917 0.999829
vn -0.081162 -0.117698 0.989727
vn -0.031896 -0.194373 0.980409
vn 0.022946 -0.029259 0.999308
vn 0.068891 0.009324 0.997581
vn 0.071369 0.166066 0.983529
vn -0.168169 0.313430 0.934602
vn 0.012922 0.142495 0.989711
vn 0.054893 0.119325 0.991337
vn -0.163253 -0.165790 0.972554
vn -0.085257 0.043284 0.995418
vn 0.002403 0.118311 0.992974
vn 0.474600 0.325570 -0.817777
vn -0.076630 0.129820 0.988572
vn -0.128836 -0.192817 0.972740
vn 0.000000 -0.000000 0.000000
vn -0.095913 0.257613 0.961476
vn 0.000000 0.000000 0.000000
vn 0.103633 0.138101 0.984981
vn -0.055492 0.094169 0.994008
vn -0.891919 0.285889 0.350353
vn -0.278412 0.184970 0.942482
vn 0.239123 0.021302 0.970756
vn 0.102967 0.286251 0.952606
vn 0.112970 0.338672 0.934098
vn 0.000000 0.000000 0.000000
vn 0.015593 -0.016915 0.999735
vn -0.378919 0.102451 0.919741
vn -0.159397 0.142654 0.976853
vn 0.004157 0.006876 0.999968
vn -0.083132 0.050910 0.995237
vn -0.371606 0.019482 0.928186
vn -0.267525 0.334549 0.903608
vn 0.068391 -0.072626 0.995012
vn -0.057550 0.065200 0.996211
vn -0.196276 -0.825444 -0.529262
vn 0.487861 -0.341818 0.803214
vn 0.148539 0.114883 0.982211
vn -0.000637 -0.004445 0.999990
vn 0.174984 0.030290 0.984105
vn -0.339578 0.205323 0.917894
vn -0.104157 0.039931 0.993759
vn -0.480449 0.249905 -0.840664
vn 0.010362 0.007507 0.999918
vn 0.000000 0.000000 0.000000
vn -0.102907 0.259880 0.960142
vn 0.565272 -0.684094 0.460959
vn -0.017216 0.377995 0.925648
vn 0.000000 0.000000 0.000000
vn 0.078778 0.184194 0.979728
vn 0.091856 -0.023997 0.995483
vn 0.007492 0.146762 0.989143
vn 0.185699 0.014037 0.982506
vn 0.098574 -0.012023 0.995057
vn -0.079520 0.056431 0.995235
vn 0.000000 0.000000 0.000000
vn 0.000000 0.000000 0.000000
vn -0.215375 0.133613 0.967347
vn 0.039667 0.190921 0.980804
vn -0.127813 0.031503 0.991298
vn 0.124486 0.030716 0.991746
vn 0.104677 0.011688 0.994438
vn 0.000000 -0.000000 0.000000
vn 0.029222 0.053673 0.998131
vn -0.039343 -0.204368 0.978103
vn -0.041574 -0.088113 0.995242
vn -0.048798 -0.056503 0.997209
vn -0.074600 0.022595 0.996958
vn 0.047914 0.083021 0.995395
vn 0.000000 0.000000 0.000000
vn -0.020030 0.203128 0.978947
vn -0.084275 0.056429 0.994843
vn -0.167717 0.097235 0.981028
vn -0.058934 0.179317 0.982025
vn -0.179256 -0.044950 0.982775
vn -0.394853 0.156631 0.905294
vn -0.043569 0.225360 0.973301
vn -0.316731 0.042426 0.947566
vn 0.121417 0.004085 0.992593
vn 0.005665 -0.364173 -0.931314
vn -0.304481 0.055077 0.950925
vn -0.021870 0.094052 0.995327
vn -0.180136 0.079058 0.980460
vn -0.138048 0.102019 0.985157
vn 0.034708 0.023015 0.999132
vn -0.038450 0.263777 0.963817
vn -0.053436 0.011300 0.998507
vn -0.009718 0.095948 0.995339
vn -0.043936 0.056012 0.997463
vn 0.045935 0.416395 0.908023
vn 0.011702 0.002300 0.999929
vn -0.022092 0.223940 0.974352
vn 0.024476 0.136742 0.990304
vn 0.053465 -0.072241 0.995953
vn 0.027577 0.098718 0.994733
vn 0.011183 0.168877 0.985574
vn 0.000000 0.000000 0.000000
vn 0.001310 -0.000901 0.999999
vn -0.004143 0.019605 0.999799
vn 0.004177 0.047773 0.998849
vn -0.006042 0.105605 0.994390
vn 0.091873 -0.052489 0.994386
vn 0.025254 0.165774 0.985840
vn -0.000000 0.000000 0.000000
vn -0.005984 0.161465 0.986860
vn -0.952371 0.214545 -0.216704
vn 0.098726 0.019178 0.994930
vn 0.066163 -0.013503 0.997717
vn -0.102494 0.113023 -0.988292
vn 0.113290 -0.832758 -0.541922
vn -0.019565 0.147581 0.988856
vn 0.071113 0.232074 0.970095
vn -0.087210 0.073439 0.993479
vn 0.066762 0.331083 0.941237
vn -0.076005 0.066627 0.994879
vn -0.981811 0.132984 0.135506
vn -0.010277 0.060507 0.998115
vn -0.150971 0.090311 0.984404
vn -0.091011 0.025572 0.995521
vn 0.013642 0.038062 0.999182
vn 0.100136 0.113000 0.988536
vn 0.032909 0.131497 0.990770
vn -0.053692 0.239388 0.969438
vn 0.126236 -0.030002 0.991546
vn 0.032168 0.066475 0.997269
vn 0.059050 -0.011307 0.998191
vn -0.484336 0.309555 0.818287
vn 0.008717 0.151706 0.988387
vn 0.000000 0.000000 0.000000
vn 0.298518 0.168292 0.939449
vn 0.182081 -0.222830 0.957702
vn -0.309506 -0.060670 0.948960
vn -0.041577 0.142949 0.988856
vn 0.069783 0.040641 0.996734
vn 0.233636 0.336224 0.912342
vn 0.034548 -0.027383 0.999028
vn 0.096440 -0.046634 0.994246
vn 0.000000 0.000000 0.000000
vn 0.121322 0.043949 0.991640
vn 0.049517 -0.028271 0.998373
vn -0.054670 0.073865 0.995769
vn 0.066748 0.116828 0.990907
vn -0.008909 0.080727 0.996696
vn -0.054453 0.101962 0.993297
vn -0.018880 0.116794 0.992977
vn -0.028597 -0.280959 0.959294
vn -0.227824 -0.230062 0.946133
vn 0.000000 0.000000 0.000000
vn 0.000000 0.000000 0.000000
vn 0.372207 0.224998 -0.900465
vn 0.013699 0.162786 0.986566
vn 0.000000 0.000000 0.000000
vn -0.462938 0.225998 0.857096
vn 0.043387 0.182659 0.982219
vn -0.180625 0.250770 0.951046
vn 0.000000 0.000000 0.000000
vn -0.969943 0.152381 0.189713
vn -0.194391 -0.023241 -0.980649
vn -0.079694 0.467968 0.880145
vn 0.612030 0.728430 0.307911
vn 0.930092 -0.062739 0.361928
vn 0.019911 0.098076 0.994980
vn 0.033125 0.078611 0.996355
vn 0.049487 -0.028889 0.998357
vn 0.008488 0.010370 0.999910
vn 0.183682 0.161447 0.969637
vn -0.328228 0.128405 0.935830
vn -0.155620 0.035791 0.987168
vn -0.010568 0.050246 0.998681
vn 0.000000 0.000000 0.000000
vn -0.898579 -0.325167 0.294657
vn 0.345419 -0.829057 0.439716
vn -0.693441 0.381487 -0.611234
vn -0.246291 0.100896 0.963930
vn 0.571359 -0.503205 0.648331
vn 0.062840 -0.213809 0.974852
vn 0.990515 -0.070290 0.118068
vn 0.685651 -0.603110 0.407605
vn -0.069133 0.071819 0.995019
vn -0.022962 0.205480 0.978392
vn 0.073673 0.174752 0.981852
vn -0.340071 0.322664 0.883312
vn 0.002352 0.029130 0.999573
vn -0.012296 0.031218 0.999437
vn 0.058284 0.178414 0.982228
vn 0.096101 0.230493 0.968317
vn 0.058406 0.040327 0.997478
vn -0.317605 -0.139029 0.937975
vn 0.000000 0.000000 0.000000
vn -0.003435 0.142382 0.989806
vn 0.990551 0.058763 -0.123918
vn 0.075818 0.991736 0.103498
vn 0.076583 -0.022166 0.996817
vn 0.103603 0.369001 0.923637
vn 0.109809 0.100819 0.988826
vn -0.107082 0.132162 0.985427
vn 0.283531 -0.122432 0.951115
vn 0.411193 -0.289940 -0.864208
vn -0.105158 0.117924 0.987439
vn -0.031550 0.147231 0.988599
vn -0.004676 0.031014 0.999508
vn -0.881272 -0.184603 0.435065
vn 0.041107 0.015806 0.999030
vn 0.007947 0.048255 0.998803
vn -0.566886 -0.726153 -0.389028
vn 0.228555 -0.443732 0.866524
vn 0.017197 0.021559 0.999620
vn 0.097136 -0.022156 0.995024
vn -0.017125 0.061381 0.997968
vn 0.002642 0.089281 0.996003
vn -0.095484 -0.052585 0.994041
vn -0.036739 0.007673 0.999295
vn -0.150138 0.119372 0.981432
vn -0.172424 0.053044 0.983594
vn 0.019820 0.083614 0.996301
vn 0.014054 0.080507 0.996655
vn 0.018000 0.070130 0.997375
vn -0.078446 -0.163070 0.983491
vn 0.036453 0.075923 0.996447
vn 0.073463 0.070986 0.994768
vn 0.082854 0.249271 0.964883
vn 0.064302 0.061565 0.996030
vn -0.026090 0.075545 0.996801
vn -0.348930 0.215031 0.912145
vn 0.059329 0.054214 0.996765
vn 0.117483 -0.047164 0.991954
vn -0.050272 0.141617 0.988644
vn -0.023790 -0.064474 0.997636
vn -0.317093 0.213389 0.924076
vn 0.022206 0.084955 0.996137
vn -0.003785 -0.049811 0.998752
vn 0.243249 -0.077965 0.966825
vn 0.000000 0.000000 -0.000000
vn 0.388176 0.029413 0.921116
vn -0.265564 0.240902 0.933511
vn -0.313532 0.243212 0.917903
vn -0.030733 0.041251 0.998676
vn 0.362052 -0.631194 -0.685939
vn 0.089437 0.011427 0.995927
vn -0.113837 0.117441 0.986534
vn -0.155182 0.420002 0.894157
vn 0.022575 0.038609 0.998999
vn 0.055629 0.205458 0.977084
vn -0.023581 -0.048921 0.998524
vn 0.190255 0.155466 0.969347
vn 0.124934 0.418297 0.899677
vn 0.064735 0.017753 0.997745
vn -0.073479 0.025638 0.996967
vn 0.089319 0.029386 0.995569
vn 0.835151 0.358321 0.417288
vn 0.054412 -0.786776 -0.614835
vn 0.052468 0.287733 0.956272
vn -0.073866 -0.020168 0.997064
vn 0.120209 0.374477 0.919411
vn 0.128574 0.024323 0.991402
vn -0.053893 0.025818 0.998213
vn 0.026620 0.000063 0.999646
vn -0.145295 0.064704 0.987270
vn -0.025289 0.004243 0.999671
vn 0.054951 -0.002160 0.998487
vn 0.041941 0.029740 0.998677
vn 0.125483 0.214716 0.968582
vn -0.018269 -0.018912 0.999654
vn 0.302650 -0.095529 0.948302
vn 0.094100 0.017150 0.995415
vn -0.018920 -0.076271 0.996908
vn 0.000000 0.000000 0.000000
vn 0.122888 -0.012218 0.992345
vn 0.141594 -0.671644 -0.727217
vn 0.046051 0.009259 0.998896
vn 0.045307 -0.008538 0.998937
vn 0.037451 -0.085627 0.995623
vn -0.025692 0.023716 0.999389
vn 0.131782 0.012730 0.991197
vn 0.063987 0.235259 0.969824
vn 0.011965 -0.009381 0.999884
vn -0.186122 0.382342 0.905082
vn -0.071308 0.180291 0.981025
vn 0.000000 0.000000 0.000000
vn -0.043691 -0.008073 0.999012
vn 0.012101 0.367748 0.929847
vn -0.105427 -0.004146 0.994418
vn 0.017704 0.035984 0.999196
vn 0.041014 0.031625 0.998658
vn -0.497838 0.494017 -0.712815
vn -0.356142 0.073040 0.931573
vn 0.033961 -0.075407 0.996574
vn 0.082371 0.061413 0.994708
vn -0.111601 0.190360 0.975350
vn -0.058233 0.178280 0.982255
vn 0.144877 -0.049469 0.988212
vn -0.163359 0.111951 0.980194
vn -0.116551 0.078910 0.990045
vn -0.070160 0.014957 0.997424
vn -0.139240 0.109410 0.984196
vn 0.021807 0.090973 0.995615
vn -0.070859 -0.069344 0.995073
vn -0.075189 -0.170267 0.982525
vn 0.000086 0.006792 0.999977
vn -0.006577 0.033670 0.999411
vn 0.227833 0.382737 0.895324
vn 0.000000 0.000000 -0.000000
vn 0.079430 0.145910 0.986104
vn 0.059933 0.098039 0.993376
vn 0.021130 0.057001 0.998150
vn -0.125717 0.492460 0.861207
vn 0.000000 0.000000 0.000000
vn -0.000000 0.000000 0.000000
vn -0.336012 0.081592 0.938317
vn 0.139218 0.000857 0.990261
vn 0.289336 -0.280013 0.915356
vn 0.021612 0.164133 0.986201
vn 0.172975 -0.016605 0.984786
vn 0.012325 0.140328 0.990028
vn -0.025522 0.002600 0.999671
vn 0.000000 0.000000 0.000000
vn -0.340009 0.633695 0.694856
vn 0.107017 0.039270 0.993481
vn -0.016072 -0.024801 0.999563
vn 0.002905 0.075537 0.997139
vn -0.154088 -0.289557 0.944676
vn -0.150065 0.035840 0.988026
vn -0.069496 0.108686 0.991644
vn -0.137016 0.151046 0.978985
vn 0.000000 0.000000 0.000000
vn 0.676108 -0.242416 -0.695782
vn -0.008999 0.932317 0.361531
vn -0.598700 -0.317878 0.735195
vn 0.000000 0.000000 0.000000
vn -0.049891 -0.409045 0.911149
vn -0.041354 0.100709 0.994056
vn 0.000000 0.000000 -0.000000
vn -0.021366 0.080394 0.996534
vn -0.273665 -0.067242 0.959472
vn 0.449225 -0.868119 0.211105
vn 0.295292 -0.486553 -0.822234
vn -0.188599 0.182746 0.964901
vn 0.102440 0.116990 0.987836
vn -0.114636 -0.358174 -0.926591
vn 0.060185 0.266236 0.962027
vn 0.124717 0.007959 0.992160
vn 0.088633 0.029985 -0.995613
vn 0.436751 0.336327 -0.834346
vn -0.000000 0.000000 0.000000
vn 0.010738 0.397899 0.917366
vn -0.339177 -0.055783 -0.939067
vn 0.392585 0.698967 -0.597764
vn -0.011631 -0.245045 -0.969442
vn 0.125717 -0.492460 -0.861207
vn 0.122401 0.230797 0.965272
vn 0.813824 -0.057696 0.578241
vn -0.813824 0.057696 -0.578241
vn -0.268361 -0.501215 0.822658
vn 0.219036 0.284347 0.933365
vn -0.025166 -0.011440 0.999618
vn -0.027487 0.018670 0.999448
vn 0.114224 0.012358 0.993378
vn -0.315749 0.203064 0.926859
vn 0.006347 0.045546 0.998942
vn -0.045693 0.081294 0.995642
vn -0.584944 0.517533 0.624500
vn 0.000000 0.000000 0.000000
vn 0.000000 0.000000 0.000000
vn 0.247161 -0.213412 -0.945181
vn -0.023641 0.048582 0.998539
vn -0.157396 0.074391 0.984730
vn -0.084848 0.179840 0.980030
vn 0.000000 0.000000 0.000000
vn -0.297034 -0.040805 0.953995
vn -0.047643 0.185856 0.981421
vn -0.021620 -0.105208 -0.994215
vn 0.000000 0.000000 0.000000
vn 0.000000 0.000000 0.000000
vn 0.157797 0.020291 0.987263
vn -0.057209 0.049459 0.997136
vn -0.019571 0.122894 0.992227
vn 0.081029 0.053493 0.995275
vn 0.000000 0.000000 0.000000
vn -0.047661 -0.049255 0.997648
vn 0.000000 -0.000000 0.000000
vn 0.154740 -0.022828 0.987692
vn 0.884299 -0.466597 -0.017401
vn 0.083093 0.001435 0.996541
vn 0.115208 -0.000385 0.993341
vn -0.041702 0.066323 0.996926
vn -0.450010 0.834246 -0.318629
vn -0.043147 0.030073 0.998616
vn 0.118974 0.213524 0.969666
vn 0.021477 0.083763 0.996254
vn -0.009524 0.077020 0.996984
vn 0.007670 0.104437 0.994502
vn -0.099397 0.023618 0.994767
vn 0.001340 -0.192794 0.981238
vn 0.328288 -0.229344 0.916312
vn 0.018495 0.169873 0.985292
vn 0.019799 0.037832 0.999088
vn -0.000000 0.000000 0.000000
vn 0.081107 0.176913 0.980879
vn 0.014520 0.093956 0.995471
vn -0.291189 0.895897 -0.335525
vn -0.126262 -0.575291 -0.808145
vn -0.012389 0.082064 0.996550
vn -0.005487 0.064475 0.997904
vn -0.032363 0.094030 0.995043
vn 0.020398 0.039790 0.999000
vn 0.035550 0.189961 0.981148
vn -0.039212 0.139321 0.989471
vn 0.036513 0.130793 0.990737
vn 0.018738 0.182857 0.982961
vn 0.009167 0.087824 0.996094
vn 0.194136 0.007337 0.980947
vn -0.043331 0.105791 0.993444
vn -0.013335 0.036278 0.999253
vn 0.008832 0.103245 0.994617
vn -0.016698 0.040636 0.999034
vn 0.011555 0.065425 0.997791
vn -0.024748 0.020922 0.999475
vn -0.511447 -0.751076 -0.417502
vn -0.129464 0.263874 0.955829
vn 0.117145 0.025965 0.992775
vn 0.089762 0.048718 0.994771
vn 0.006295 0.054368 0.998501
vn -0.013533 0.047576 0.998776
vn 0.057035 0.007934 0.998341
vn 0.144808 0.014502 0.989354
vn 0.007374 0.054964 0.998461
vn 0.029754 0.119729 0.992361
vn 0.032378 0.042962 0.998552
vn 0.000000 -0.000000 0.000000
vn -0.579096 0.291388 -0.761407
vn -0.078966 -0.002469 0.996874
vn 0.000000 0.000000 0.000000
vn 0.256374 0.919549 0.297828
vn 0.031705 0.083836 0.995975
vn 0.000000 0.000000 0.000000
vn 0.020616 0.059674 0.998005
vn 0.029344 0.072705 0.996922
vn 0.025503 0.075973 0.996784
vn 0.090719 0.119257 0.988710
vn 0.268513 -0.090061 0.959057
vn -0.018904 0.214739 0.976489
vn 0.000000 0.000000 0.000000
vn -0.045255 0.003396 0.998970
vn -0.463842 -0.396126 0.792424
vn -0.469767 -0.424897 -0.773810
vn -0.412083 -0.005568 0.911130
vn -0.530818 0.287593 0.797196
vn -0.024097 0.123251 0.992083
vn 0.130518 0.084679 0.987823
vn -0.832700 0.510105 -0.215416
vn 0.000000 0.000000 0.000000
vn -0.118276 0.159451 0.980095
vn -0.286383 0.104089 0.952444
vn -0.570204 0.147058 0.808233
vn -0.647185 0.061897 0.759816
vn 0.109705 0.196661 0.974315
vn -0.356043 0.189639 0.915025
vn -0.347561 0.461522 0.816210
vn 0.000000 0.000000 0.000000
vn 0.552115 -0.123071 0.824634
vn -0.013866 -0.002403 0.999901
vn -0.061804 0.075727 0.995211
vn 0.169023 -0.525953 0.833549
vn 0.022933 0.110458 0.993616
vn -0.042540 0.097736 0.994303
vn -0.050885 0.233628 0.970994
vn 0.000000 0.000000 0.000000
vn 0.000000 0.000000 0.000000
vn -0.121958 0.018295 0.992367
vn 0.000000 -0.000000 0.000000
vn -0.054201 0.097109 0.993797
vn 0.354445 0.048571 0.933815
vn 0.033929 0.116506 0.992610
vn -0.390361 0.202312 0.898158
vn 0.000000 0.000000 -0.000000
vn -0.163814 -0.461462 0.871905
vn 0.411298 0.906507 0.095279
vn -0.073226 0.116665 0.990468
vn 0.137039 0.019759 0.990369
vn -0.060937 0.160794 0.985105
vn -0.235115 -0.009891 0.971917
vn 0.250116 0.156194 0.955534
vn 0.093702 0.187537 0.977778
vn -0.279714 0.301775 -0.911423
vn -0.195522 -0.003244 0.980694
vn -0.051360 -0.054133 0.997212
vn 0.150458 0.309953 0.938771
vn 0.337002 -0.193342 -0.921438
vn 0.439452 0.151570 0.885386
vn 0.059026 0.236995 0.969716
vn 0.029071 0.115610 0.992869
vn 0.101919 0.327915 0.939193
vn -0.099998 0.067467 0.992698
vn -0.017517 0.095747 0.995252
vn -0.048836 0.068193 0.996476
vn -0.031340 0.085000 0.995888
vn -0.424399 0.321248 0.846572
vn -0.849269 0.525600 0.049868
vn 0.097074 0.007184 0.995251
vn -0.212378 0.110647 0.970903
vn 0.615989 -0.167200 0.769806
vn 0.035706 0.318368 0.947294
vn 0.133059 0.021824 0.990868
vn 0.000000 0.000000 0.000000
vn -0.010793 0.118004 0.992954
vn 0.000000 0.000000 0.000000
vn 0.000000 0.000000 0.000000
vn 0.274772 0.513555 -0.812873
vn -0.340853 0.588501 -0.733135
vn 0.156423 0.006933 0.987666
vn 0.076451 0.075162 0.994236
vn 0.048662 -0.251510 -0.966630
vn -0.034629 0.080899 0.996121
vn -0.035385 0.086564 0.995618
vn -0.001059 -0.244379 -0.969679
vn 0.068990 -0.004011 0.997609
vn -0.039623 0.101874 0.994008
vn -0.096177 0.036919 0.994679
vn 0.027168 0.080120 0.996415
vn -0.060811 0.139706 0.988324
vn 0.138360 -0.028646 0.989968
vn 0.049169 0.201105 0.978335
vn 0.590068 -0.789876 -0.167078
vn 0.088945 0.037094 0.995346
vn -0.073529 0.246092 0.966453
vn 0.258392 0.041433 0.965151
vn -0.031429 0.086695 0.995739
vn -0.528379 0.100933 -0.842988
vn 0.046568 0.163892 0.985379
vn 0.003002 0.046079 0.998933
vn 0.029513 0.200483 0.979253
vn 0.277804 0.052252 0.959216
vn -0.090984 0.109686 0.989793
vn 0.111934 0.009327 0.993672
vn 0.192504 -0.195111 -0.961704
vn 0.203070 -0.014856 0.979052
vn -0.024638 0.117783 0.992734
vn 0.000000 0.000000 0.000000
vn -0.339422 0.101451 0.935147
vn -0.188067 0.547703 0.815262
vn -0.038961 0.041865 0.998363
vn -0.139973 0.144882 0.979498
vn 0.000000 0.000000 0.000000
vn -0.065024 0.040313 0.997069
vn 0.023479 0.030646 0.999255
vn 0.065026 0.029220 0.997456
vn 0.112396 -0.013299 0.993575
vn 0.052534 -0.079545 0.995446
vn 0.244420 0.121527 0.962024
vn -0.046354 0.129740 0.990464
vn -0.376856 0.277542 0.883714
vn -0.080973 0.015709 0.996592
vn -0.225443 0.415678 0.881129
vn -0.334971 -0.030234 0.941743
vn 0.599732 0.799952 -0.019949
vn -0.065078 0.026244 0.997535
vn -0.153068 0.227537 0.961664
vn -0.353536 -0.133576 0.925835
vn 0.026868 0.157387 0.987171
vn 0.099439 -0.011543 0.994977
vn -0.097901 0.109452 0.989159
vn 0.092622 -0.013827 0.995605
vn -0.038943 0.047370 0.998118
vn -0.000000 0.000000 0.000000
vn -0.097850 0.090043 0.991119
vn -0.486462 0.036612 0.872934
vn -0.057226 0.088642 0.994418
vn 0.002337 -0.039710 0.999209
vn 0.180629 0.380071 0.907149
vn -0.015595 0.061700 0.997973
vn 0.031461 0.000173 0.999505
vn 0.059912 -0.424468 -0.903459
vn -0.003427 0.095911 0.995384
vn 0.084520 0.349003 0.933302
vn 0.000000 -0.000000 0.000000
vn -0.000000 0.000000 -0.000000
vn 0.000000 -0.000000 0.000000
vn 0.111116 0.015219 0.993691
vn -0.117344 0.178049 0.977000
vn 0.000000 0.000000 0.000000
vn -0.183029 0.146601 0.972115
vn -0.325373 -0.029301 0.945132
vn -0.102556 0.452799 0.885695
vn -0.000000 0.000000 0.000000
vn 0.000000 0.000000 -0.000000
vn 0.034951 0.256076 0.966025
vn 0.000000 0.000000 0.000000
vn 0.000000 0.000000 0.000000
vn 0.222479 0.456755 0.861324
vn -0.389247 0.272519 0.879898
vn -0.037018 0.167733 0.985137
vn -0.113345 0.095038 0.989000
vn 0.013019 0.141872 0.989799
vn -0.099548 0.161283 0.981875
vn 0.016901 0.141212 0.989835
vn -0.007251 0.153942 0.988053
vn -0.001155 0.066497 0.997786
vn 0.390042 0.055933 0.919097
vn 0.099935 0.013676 0.994900
vn 0.000000 -0.000000 0.000000
vn -0.048753 0.099072 0.993885
vn -0.073935 0.092393 0.992974
vn -0.014954 0.093904 0.995469
vn 0.018951 0.515958 0.856404
vn 0.047490 0.255686 0.965593
vn -0.055041 -0.027590 0.998103
vn 0.046582 0.004082 0.998906
vn -0.162293 0.120042 0.979414
vn -0.351994 0.388009 0.851792
vn 0.017235 0.031904 0.999342
vn -0.139397 0.221009 0.965258
vn -0.118569 0.065830 0.990761
vn -0.338159 0.599112 0.725750
vn 0.178380 -0.159590 0.970933
vn -0.063972 -0.164664 0.984273
vn 0.000000 0.000000 -0.000000
vn 0.022803 0.622890 0.781977
vn 0.292841 -0.215234 0.931621
vn -0.064905 0.069413 0.995474
vn 0.336933 -0.071765 0.938790
vn 0.238707 0.326142 0.914686
vn 0.088738 0.096256 0.991393
vn -0.301758 -0.118714 0.945965
vn -0.000000 0.000000 -0.000000
vn -0.048459 0.030193 0.998369
vn -0.360519 -0.036677 0.932031
vn -0.197418 0.107251 0.974435
vn 0.010703 -0.028426 0.999539
vn 0.221566 0.312504 0.923715
vn -0.007397 0.023369 0.999700
vn 0.179387 0.251038 0.951210
vn 0.076526 0.203537 0.976072
vn 0.000505 0.082917 0.996556
vn -0.026775 0.124461 0.991863
vn 0.205156 -0.082738 0.975226
vn 0.021572 0.026017 0.999429
vn -0.047191 0.119403 0.991724
vn 0.000000 -0.000000 -0.000000
vn 0.162774 0.225861 0.960464
vn -0.021519 0.064631 0.997677
vn 0.078519 -0.077307 0.993911
vn 0.013455 0.053583 0.998473
vn -0.010317 0.092245 0.995683
vn -0.065493 0.045915 0.996796
vn 0.019343 0.137799 0.990271
vn -0.014825 0.138513 0.990250
vn -0.952102 -0.135722 0.274010
vn -0.020122 0.098444 0.994939
vn 0.125738 -0.007414 0.992036
vn -0.004770 0.060054 0.998184
vn -0.224525 0.904095 0.363593
vn 0.092831 0.187568 0.977855
vn 0.471408 -0.266449 -0.840702
vn -0.079794 0.141028 0.986785
vn -0.014716 -0.091200 0.995724
vn -0.315986 0.501515 0.805380
vn -0.262392 -0.043516 0.963980
vn 0.165529 -0.088816 0.982197
vn -0.017653 0.048112 0.998686
vn 0.006434 0.068422 0.997636
vn -0.068065 0.205874 0.976208
vn 0.000000 0.000000 -0.000000
vn 0.026140 0.009461 0.999614
vn 0.073509 0.041689 0.996423
vn -0.034704 0.081501 0.996069
vn -0.469999 -0.167062 0.866713
vn -0.008380 0.077667 0.996944
vn 0.000000 0.000000 0.000000
vn -0.261752 0.907120 -0.329574
vn -0.079438 0.018674 0.996665
vn -0.097834 0.147405 0.984226
vn 0.201597 0.350841 -0.914478
vn -0.113776 0.358459 0.926586
vn 0.179706 0.353382 0.918056
vn -0.298606 -0.410399 -0.861631
vn 0.000000 0.000000 0.000000
vn -0.116252 0.140441 0.983240
vn 0.339100 0.372819 0.863723
vn 0.000000 0.000000 0.000000
vn 0.423527 0.098425 0.900521
vn -0.068796 0.078583 0.994531
vn -0.011713 -0.483673 -0.875170
vn -0.142957 0.202080 0.968879
vn -0.082017 0.023951 0.996343
vn 0.208078 -0.037705 0.977385
vn 0.027296 0.091492 0.995432
vn 0.018787 0.079088 0.996691
vn 0.000000 0.000000 0.000000
vn -0.030623 0.158870 0.986824
vn -0.071488 0.142344 0.987232
vn -0.790795 -0.113740 0.601420
vn 0.265561 0.621943 0.736657
vn 0.117597 -0.013919 0.992964
vn -0.328626 -0.197302 0.923622
vn -0.310101 0.353353 0.882598
vn 0.106534 -0.018565 0.994136
vn 0.147597 0.911289 0.384405
vn 0.036466 -0.063612 0.997308
vn -0.061797 0.193131 0.979225
vn -0.076141 0.086279 0.993357
vn -0.874064 0.247742 -0.417895
vn -0.005719 0.088255 0.996082
vn -0.216561 0.244479 0.945162
vn -0.361313 0.217667 0.906683
vn 0.358953 0.490387 0.794149
vn -0.028996 0.085355 0.995929
vn -0.120454 0.453895 0.882876
vn -0.787209 0.316278 -0.529406
vn -0.234496 0.054164 0.970607
vn -0.000000 0.000000 -0.000000
vn -0.314713 -0.135139 0.939517
vn -0.219271 0.018484 0.975489
vn -0.057429 0.072697 0.995699
vn -0.074082 -0.014683 0.997144
vn 0.309547 -0.068839 0.948389
vn 0.016881 0.056173 0.998278
vn -0.029994 0.036493 0.998884
vn 0.004057 0.145828 0.989302
vn -0.052821 0.311381 0.948816
vn 0.261871 -0.158447 0.952007
vn -0.156922 0.131041 0.978879
vn -0.064390 0.048632 0.996739
vn 0.000000 0.000000 0.000000
vn 0.566909 -0.032556 0.823137
vn -0.033815 0.587690 0.808380
vn -0.181352 0.089427 0.979344
vn -0.000000 0.000000 -0.000000
vn 0.098342 -0.040823 0.994315
vn 0.031522 0.121231 0.992124
vn -0.257994 0.187018 0.947873
vn 0.191309 0.362861 0.911994
vn 0.019439 0.157428 0.987339
vn -0.082425 0.075770 0.993713
vn -0.057258 -0.023575 0.998081
vn -0.028192 0.021705 0.999367
vn -0.033814 -0.003259 0.999423
vn -0.135019 0.144360 0.980270
vn 0.023300 0.075781 0.996852
vn 0.022754 0.061469 0.997850
vn -0.133015 0.211205 0.968349
vn -0.011738 0.090322 0.995843
vn 0.273220 -0.097249 0.957023
vn 0.000000 0.000000 0.000000
vn -0.002358 0.122457 0.992471
vn 0.147895 -0.017249 0.988853
vn -0.345020 0.178413 0.921483
vn 0.030399 0.020740 0.999323
vn 0.052236 0.050443 0.997360
vn -0.094804 0.100363 0.990424
vn -0.060688 -0.001658 0.998155
vn -0.013736 0.107126 0.994151
vn 0.007288 0.113466 0.993515
vn 0.119018 -0.026389 0.992541
vn -0.092685 0.066650 0.993462
vn 0.008502 0.113211 0.993535
vn 0.030618 0.061076 0.997663
vn 0.754278 0.524227 -0.395285
vn 0.001634 0.136115 0.990692
vn 0.629682 -0.722555 -0.285333
vn 0.024693 0.231751 0.972462
vn 0.000000 0.000000 -0.000000
vn -0.021098 0.261874 0.964871
vn 0.039283 0.016534 0.999091
vn -0.109201 0.096969 0.989279
vn 0.110311 0.022414 0.993644
vn 0.103534 0.023166 0.994356
vn 0.056954 0.043125 0.997445
vn -0.020912 0.017947 0.999620
vn 0.065716 -0.082703 0.994405
vn 0.187831 -0.160193 0.969050
vn -0.027077 0.116995 0.992763
vn 0.022953 0.013600 0.999644
vn 0.331923 0.487445 0.807605
vn 0.009359 0.050055 0.998703
vn 0.138453 -0.921203 0.363614
vn -0.261059 0.091838 0.960944
vn -0.126167 0.183553 0.974880
vn 0.011873 0.109196 0.993949
vn 0.030291 0.079820 0.996349
vn -0.003825 0.028608 0.999583
vn -0.053006 0.070571 0.996097
vn 0.000000 0.000000 0.000000
vn 0.373766 -0.195812 0.906618
vn 0.102910 0.165710 0.980790
vn -0.143237 0.752634 0.642670
vn 0.000000 0.000000 0.000000
vn -0.179320 0.134381 0.974570
vn -0.970761 -0.193490 -0.142075
vn -0.009368 0.080804 0.996686
vn 0.000000 0.000000 0.000000
vn 0.000000 0.000000 0.000000
vn 0.000000 -0.000000 0.000000
vn 0.396962 -0.296677 0.868564
vn -0.127979 0.163474 0.978212
vn -0.106438 0.184677 0.977019
vn -0.030437 0.202097 0.978892
vn -0.176444 0.251230 0.951709
vn -0.086621 0.136205 0.986887
vn -0.227841 0.236638 0.944506
vn -0.358210 0.092630 0.929034
vn 0.976481 -0.028336 -0.213735
vn -0.306472 -0.922191 -0.235879
vn 0.397867 0.027566 0.917029
vn 0.111979 0.036287 0.993048
vn -0.000000 0.000000 0.000000
vn -0.271030 0.188400 0.943953
vn -0.105157 0.172177 0.979437
vn -0.456665 0.326150 -0.827698
vn -0.277087 0.079245 0.957571
vn -0.254152 -0.240376 0.936817
vn -0.419775 0.478909 0.770996
vn -0.376339 0.392693 0.839143
vn 0.000000 0.000000 -0.000000
vn 0.021596 0.032392 0.999242
vn 0.050006 -0.054420 0.997265
vn 0.145965 -0.008997 0.989249
vn -0.024234 0.131010 0.991085
vn 0.077606 0.006927 0.996960
vn -0.071193 0.077792 0.994424
vn -0.149413 0.044073 0.987792
vn -0.061279 0.117953 0.991127
vn 0.173199 0.017073 0.984739
vn 0.176893 -0.162609 0.970704
vn 0.000000 0.000000 -0.000000
vn 0.226345 0.278701 0.933324
vn 0.000000 0.000000 0.000000
vn 0.045888 0.075641 0.996079
vn 0.141952 -0.021865 0.989632
vn 0.140503 -0.161934 0.976748
vn -0.112548 0.024916 0.993334
vn -0.106665 0.313959 0.943426
vn -0.033529 0.146938 0.988577
vn -0.106444 0.019493 0.994128
vn 0.044574 0.015937 0.998879
vn 0.387154 -0.895624 0.219019
vn -0.035545 0.140188 0.989487
vn -0.018986 0.083265 0.996347
vn 0.054135 0.019207 0.998349
vn 0.009055 0.032114 0.999443
vn 0.011934 -0.095854 0.995324
vn -0.015478 0.091378 0.995696
vn -0.024988 0.009018 0.999647
vn -0.242823 0.028806 0.969643
vn -0.027375 -0.094999 0.995101
vn 0.214819 -0.052434 0.975245
vn 0.000000 0.000000 0.000000
vn -0.103751 0.182501 0.977716
vn 0.063164 0.082778 0.994564
vn -0.015043 0.239720 0.970726
vn 0.100886 -0.055374 0.993356
vn -0.037634 0.072337 0.996670
vn 0.004261 0.121165 0.992623
vn -0.004681 0.063875 0.997947
vn 0.042867 0.123742 0.991388
vn -0.049514 0.480778 0.875443
vn 0.934181 0.255111 0.249449
vn -0.169561 0.137127 0.975933
vn -0.037445 0.081278 0.995988
vn 0.086839 0.021265 0.995995
vn -0.142828 -0.056494 0.988134
vn -0.028377 0.051147 0.998288
vn -0.288553 -0.748761 0.596736
vn -0.006377 0.009324 0.999936
vn -0.389164 -0.209609 0.897004
vn -0.078805 0.143724 0.986475
vn -0.007213 0.100788 0.994882
vn 0.026892 0.042252 0.998745
vn -0.248813 0.111208 0.962146
vn -0.000000 0.000000 -0.000000
vn -0.015839 0.033805 0.999303
vn -0.007826 0.060084 0.998163
vn 0.021391 0.010717 0.999714
vn -0.001197 -0.115841 0.993267
vn 0.026684 0.100690 0.994560
vn 0.042517 -0.033739 0.998526
vn 0.017521 0.009911 0.999797
vn 0.003883 -0.021926 0.999752
vn -0.045293 0.119334 0.991820
vn 0.055932 0.204357 0.977297
vn -0.105769 0.097963 0.989554
vn -0.101099 0.092532 0.990564
vn -0.008927 0.144987 0.989393
vn 0.083672 0.044357 0.995506
vn -0.031254 -0.091532 0.995312
vn 0.227182 -0.361868 0.904124
vn 0.042985 0.057395 0.997426
vn 0.083127 -0.012816 0.996457
vn 0.005769 -0.021152 0.999760
vn -0.031147 -0.052810 0.998119
vn 0.192568 -0.153143 0.969260
vn -0.302821 0.460766 0.834263
vn -0.034000 0.098163 0.994589
vn 0.738705 -0.626958 -0.247466
vn 0.315267 0.315783 0.894923
vn -0.306762 0.439615 0.844178
vn 0.000000 0.000000 0.000000
vn 0.024433 0.051510 0.998374
vn -0.664732 0.437395 0.605654
vn -0.103494 0.024698 0.994323
vn 0.731174 -0.560376 0.389055
vn 0.125172 -0.054229 0.990652
vn 0.065256 -0.120093 0.990616
vn -0.038925 0.135696 0.989986
vn 0.000000 0.000000 0.000000
vn 0.000000 0.000000 0.000000
vn -0.089685 -0.000255 0.995970
vn 0.016505 0.077775 0.996834
vn -0.073125 0.110787 0.991150
vn -0.338449 0.417103 0.843491
vn 0.016667 0.100365 0.994811
vn 0.378723 0.407008 0.831212
vn 0.315803 -0.103638 0.943148
vn 0.814886 0.065802 -0.575874
vn -0.388541 0.391910 -0.833932
vn 0.247974 0.424136 0.870986
vn 0.202652 0.343677 0.916961
vn -0.073220 0.325968 0.942541
vn 0.014698 0.099316 0.994947
vn 0.206314 0.208253 0.956068
vn 0.198704 -0.514135 -0.834375
vn -0.240318 -0.211594 0.947352
vn 0.045773 0.427458 0.902875
vn -0.185521 -0.000341 0.982640
vn -0.035631 0.159646 0.986531
vn 0.018354 0.058268 0.998132
vn 0.489800 -0.171688 0.854763
vn 0.038739 0.114184 0.992704
vn 0.069155 0.016988 0.997461
vn -0.073806 0.008362 0.997238
vn -0.106178 0.267801 0.957606
vn -0.136098 0.072894 0.988010
vn -0.001305 0.110886 0.993832
vn -0.071086 0.242124 0.967638
vn -0.011422 0.544132 0.838922
vn -0.054640 0.092666 0.994197
vn 0.313171 -0.318329 0.894757
vn 0.036733 0.064082 0.997268
vn 0.000000 0.000000 0.000000
vn 0.111604 -0.029125 0.993326
vn -0.162645 -0.533437 -0.830055
vn -0.434304 0.165059 0.885514
vn -0.448265 0.107765 0.887381
vn 0.578488 0.589058 -0.564236
vn 0.000000 0.000000 0.000000
vn -0.406200 0.757852 -0.510550
vn 0.562080 -0.314083 -0.765126
vn -0.149148 -0.044231 0.987825
vn -0.020893 0.030339 0.999321
vn 0.186360 -0.010117 0.982429
vn -0.136781 0.276625 0.951194
vn -0.046204 -0.047563 0.997799
vn 0.053203 0.002465 0.998581
vn 0.047492 0.099592 0.993894
vn 0.000000 0.000000 0.000000
vn -0.052967 -0.620297 0.782577
vn -0.259357 0.327419 0.908587
vn -0.180438 -0.014563 0.983479
vn 0.017936 0.004065 0.999831
vn 0.012991 0.007914 0.999884
vn 0.016031 0.043195 0.998938
vn -0.397867 -0.027566 -0.917029
vn -0.012547 0.011191 0.999859
vn 0.000000 0.000000 0.000000
vn 0.001325 0.033343 0.999443
vn 0.014351 -0.089875 0.995850
vn 0.000000 0.000000 0.000000
vn -0.026776 0.029540 0.999205
vn -0.159694 -0.092897 0.982786
vn 0.030939 0.020818 0.999304
vn -0.755235 0.119636 0.644443
vn -0.281604 -0.558261 0.780412
vn 0.002631 0.139753 0.990183
vn 0.051416 0.216733 -0.974876
vn 0.000000 0.000000 0.000000
vn 0.000000 0.000000 0.000000
vn 0.040631 0.025120 0.998858
vn -0.090059 0.034226 0.995348
vn 0.000000 -0.000000 0.000000
vn -0.233194 0.288691 0.928589
vn -0.131156 0.200513 0.970872
vn 0.029700 -0.011198 0.999496
vn -0.319418 0.399052 0.859494
vn -0.002378 0.031702 0.999495
vn 0.042700 -0.005903 0.999070
vn 0.010484 0.005203 0.999932
vn 0.559997 -0.800786 0.212474
vn 0.024275 -0.023949 0.999418
vn -0.008951 0.027828 0.999573
vn 0.110687 0.237303 0.965109
vn -0.190232 -0.127000 0.973490
vn -0.021160 0.297163 0.954592
vn 0.098603 0.081051 0.991821
vn -0.036628 -0.074771 0.996528
vn -0.085393 -0.124166 0.988580
vn 0.110059 -0.414425 0.903404
vn 0.150918 0.341896 0.927540
vn 0.232792 0.036197 0.971853
vn -0.081112 0.057900 0.995022
vn -0.350796 0.141267 0.925735
vn -0.351126 0.220515 0.909991
vn -0.036763 -0.027010 0.998959
vn -0.151550 -0.119923 0.981148
vn 0.223609 0.015758 0.974552
vn 0.056010 0.085540 0.994759
vn 0.022206 0.077724 0.996728
vn -0.150240 0.049034 0.987433
vn -0.059060 0.153131 0.986439
vn -0.324717 0.200045 0.924414
vn -0.048171 0.238390 0.969974
vn 0.004648 0.001785 0.999988
vn 0.143615 -0.060824 0.987763
vn 0.216715 -0.269150 0.938399
vn -0.206072 0.140547 0.968391
vn -0.031240 0.100833 0.994413
vn 0.032420 0.000676 0.999474
vn 0.051986 0.102346 0.993389
vn 0.013168 0.543596 0.839244
vn 0.047280 0.087272 0.995062
vn 0.095395 0.098705 0.990534
vn 0.014279 0.070165 0.997433
vn 0.604726 -0.652173 0.457140
vn -0.029324 0.108581 0.993655
vn -0.011939 0.024459 0.999630
vn -0.069269 -0.107196 0.991822
vn 0.023632 0.095085 0.995189
vn 0.045038 -0.022014 0.998743
vn 0.023789 -0.015562 0.999596
vn -0.229366 0.296702 0.927016
vn -0.023753 0.062160 0.997784
vn 0.012336 -0.007731 0.999894
vn -0.060870 0.084943 0.994525
vn -0.016733 0.115409 0.993177
vn 0.029586 0.142264 0.989386
vn -0.048865 0.105416 0.993227
vn -0.073364 0.230802 0.970231
vn -0.093527 0.166659 0.981569
vn -0.021281 0.093730 0.995370
vn 0.079485 -0.022357 0.996585
vn -0.077131 -0.025712 0.996689
vn 0.001369 0.013014 0.999914
vn 0.035703 -0.070640 0.996863
vn 0.139845 -0.041599 0.989299
vn 0.162679 -0.026301 0.986329
vn -0.309470 -0.553503 -0.773216
vn -0.083545 0.009233 0.996461
vn 0.000293 -0.046855 0.998902
vn 0.000000 0.000000 0.000000
vn -0.119826 -0.091398 0.988579
vn 0.006273 0.052623 0.998595
vn 0.191167 -0.194111 0.962172
vn -0.046587 0.002986 0.998910
vn 0.208153 -0.304780 0.929398
vn -0.398081 0.188035 0.897872
vn -0.104406 -0.010190 0.994483
vn -0.021129 0.176376 0.984096
vn 0.029910 0.085260 0.995910
vn 0.033244 0.035728 0.998808
vn 0.016893 0.142852 0.989600
vn 0.612884 0.062681 -0.787683
vn -0.154217 0.070791 0.985498
vn -0.003706 -0.019542 0.999802
vn 0.000000 0.000000 0.000000
vn -0.030180 0.068644 0.997185
vn 0.478043 -0.474209 0.739325
vn 0.061539 0.051456 0.996777
vn 0.067066 0.065805 0.995576
vn -0.306595 0.244858 0.919807
vn -0.429630 -0.218883 0.876075
vn -0.144861 0.118479 0.982333
vn 0.024630 -0.007739 0.999667
vn -0.100502 0.022707 0.994678
vn 0.024035 0.074474 0.996933
vn -0.019439 -0.002065 0.999809
vn -0.034436 0.028005 0.999014
vn -0.003048 0.000957 0.999995
vn 0.044241 -0.006983 0.998996
vn -0.867287 0.399409 0.297129
vn -0.166251 0.007335 0.986056
vn -0.019938 0.107357 0.994021
vn 0.150748 -0.055413 0.987018
vn -0.166492 0.066736 0.983782
vn 0.040199 0.060105 0.997382
vn 0.009713 0.092229 0.995690
vn -0.075639 -0.006838 0.997112
vn 0.131035 0.042320 0.990474
vn -0.302283 -0.145942 0.941980
vn 0.211331 -0.344500 0.914691
vn -0.088355 -0.005644 0.996073
vn 0.435808 -0.324181 0.839630
vn 0.075152 0.170499 0.982488
vn 0.291874 -0.222898 0.930122
vn -0.144939 0.199647 0.969089
vn 0.000000 0.000000 0.000000
vn -0.024530 0.128335 0.991427
vn 0.000000 0.000000 -0.000000
vn 0.081171 0.067645 0.994402
vn -0.279255 0.272128 0.920849
vn -0.362320 -0.273855 0.890914
vn 0.081672 0.051709 0.995317
vn 0.063788 0.487009 0.871065
vn 0.007629 0.020796 0.999755
vn -0.412346 -0.270973 0.869796
vn -0.288378 0.307525 0.906789
vn 0.051945 0.002418 0.998647
vn 0.008019 0.116221 0.993191
vn -0.006725 0.069802 0.997538
vn -0.083538 0.039051 0.995739
vn 0.037360 0.067502 0.997019
vn 0.000000 0.000000 0.000000
vn -0.133416 -0.108588 0.985093
vn 0.282136 0.031906 0.958844
vn -0.299305 -0.321389 -0.898402
vn -0.048667 0.144024 0.988377
vn 0.078829 -0.082227 0.993491
vn 0.104286 -0.090336 0.990436
vn -0.396955 0.081948 0.914172
vn -0.140598 0.048477 0.988879
vn -0.016037 0.054161 0.998403
vn 0.126484 -0.021674 0.991732
vn -0.185112 0.476940 0.859221
vn -0.082923 0.111359 0.990315
vn 0.047926 0.149273 0.987634
vn -0.203775 -0.010713 0.978959
vn -0.112223 0.518245 0.847837
vn -0.135451 0.060701 0.988923
vn -0.013537 -0.062277 0.997967
vn -0.132472 -0.034179 0.990597
vn -0.118159 0.619671 0.775917
vn -0.068589 -0.007105 0.997620
vn 0.098194 0.094125 0.990706
vn -0.591215 -0.443204 -0.673822
vn -0.131041 0.504699 0.853292
vn 0.306124 0.325873 0.894480
vn 0.199173 0.161413 0.966580
vn -0.025904 0.567390 0.823042
vn 0.172604 0.459137 0.871436
vn 0.326029 -0.050437 -0.944013
vn -0.111386 -0.180195 0.977304
vn -0.127194 -0.019866 0.991679
vn 0.259052 0.519775 0.814080
vn -0.040231 0.058489 0.997477
vn 0.196131 -0.044830 -0.979552
vn 0.135548 -0.057339 0.989110
vn 0.514588 0.261987 -0.816433
vn -0.031359 0.150062 0.988179
vn 0.184254 -0.065711 0.980680
vn 0.105731 -0.119746 0.987158
vn -0.096445 0.137421 0.985806
vn 0.000000 -0.000000 0.000000
vn 0.160131 -0.119434 0.979844
vn 0.000000 -0.000000 0.000000
vn 0.108602 -0.008102 0.994052
vn -0.065492 0.058931 0.996111
vn -0.009281 0.033154 0.999407
vn -0.006917 0.050592 0.998695
vn -0.063538 0.396060 0.916024
vn -0.045419 -0.126035 0.990986
vn -0.398165 -0.258572 0.880117
vn 0.400366 -0.267352 0.876487
vn 0.000444 0.059735 0.998214
vn 0.045882 0.088084 0.995056
vn 0.216885 0.004178 0.976188
vn -0.019169 0.023357 0.999543
vn 0.025571 0.077568 0.996659
vn 0.045576 0.065184 0.996832
vn -0.085778 0.208576 0.974237
vn -0.049047 0.113072 0.992375
vn -0.238627 0.043624 0.970131
vn 0.041830 -0.042402 0.998225
vn -0.024271 0.158775 0.987016
vn -0.015172 0.042453 0.998983
vn -0.013156 -0.013000 0.999829
vn 0.017659 0.115232 0.993182
vn -0.256306 0.122439 0.958810
vn -0.013196 0.027646 0.999531
vn -0.035686 -0.007916 0.999332
vn 0.022162 0.032418 0.999229
vn 0.002123 0.049189 0.998787
vn -0.004808 0.046467 0.998908
vn -0.035208 0.043077 0.998451
vn 0.006662 0.008757 0.999939
vn 0.005249 -0.041225 0.999136
vn -0.021958 0.015542 0.999638
vn -0.020416 0.068478 0.997444
vn -0.633624 -0.323651 0.702688
vn -0.051247 0.134538 0.989582
vn 0.070888 0.128618 0.989157
vn 0.253172 0.336114 0.907155
vn -0.180831 0.052215 0.982127
vn 0.194475 -0.524783 0.828723
vn 0.161628 0.059205 0.985074
vn -0.067647 0.087589 0.993857
vn 0.147239 0.443447 0.884124
vn 0.207464 -0.060878 0.976346
vn -0.383785 0.287452 0.877542
vn 0.000253 0.050564 -0.998721
vn 0.001539 0.052795 0.998604
vn 0.072912 0.149925 0.986005
vn 0.116579 0.005370 0.993167
vn 0.240071 0.415053 0.877552
vn 0.103608 -0.419666 0.901746
vn -0.032529 0.108119 0.993606
vn -0.180802 0.151025 0.971855
vn -0.185892 0.606001 0.773438
vn -0.057097 0.137857 0.988805
vn 0.178192 0.378321 0.908362
vn 0.073650 0.094663 0.992781
vn 0.243118 0.285999 0.926875
vn -0.008117 0.046684 0.998877
vn -0.164015 0.209415 0.963973
vn -0.054234 0.046921 0.997425
vn -0.053736 0.005671 0.998539
vn 0.132834 0.071470 0.988558
vn -0.082350 0.094774 0.992087
vn 0.001841 -0.042846 0.999080
vn 0.000000 0.000000 0.000000
vn 0.012499 -0.027832 0.999534
vn 0.000000 0.000000 0.000000
vn -0.014725 -0.929925 -0.367454
vn -0.183963 -0.005447 0.982918
vn -0.057790 0.171642 0.983463
vn -0.000916 0.097593 0.995226
vn -0.003284 0.031609 0.999495
vn -0.110626 -0.039014 0.993096
vn -0.020636 0.111123 0.993592
vn 0.061933 0.146565 0.987260
vn -0.088676 0.116751 0.989194
vn 0.023627 0.011973 0.999649
vn -0.216884 -0.080862 0.972843
vn -0.008094 0.169030 0.985578
vn -0.040925 0.153327 0.987328
vn -0.002278 0.041969 0.999116
vn 0.218571 -0.048215 0.974629
vn -0.010200 -0.020560 0.999737
vn -0.093700 0.160342 0.982604
vn 0.002465 0.342393 -0.939553
vn -0.016064 0.006060 0.999853
vn 0.034111 -0.023186 0.999149
vn -0.019944 0.026859 0.999440
vn 0.191860 0.068657 0.979018
vn -0.030853 0.003411 0.999518
vn -0.033556 0.013101 0.999351
vn 0.418881 -0.235957 -0.876848
vn -0.174227 0.072856 0.982007
vn -0.058793 0.041766 0.997396
vn -0.020127 -0.031250 0.999309
vn -0.135642 -0.098012 0.985898
vn -0.039793 0.032173 0.998690
vn -0.115262 0.857413 -0.501555
vn -0.150999 0.091373 -0.984302
vn -0.359473 -0.538500 0.762100
vn -0.123359 -0.215482 0.968685
vn -0.110014 -0.001794 0.993928
vn 0.329897 -0.219059 0.918249
vn 0.000000 0.000000 0.000000
vn -0.104440 0.051408 0.993202
vn 0.074059 0.107801 0.991410
vn 0.050783 -0.010442 0.998655
vn 0.000000 0.000000 -0.000000
vn 0.095464 0.040220 0.994620
vn -0.260271 0.368900 0.892285
vn 0.193998 0.183227 0.963739
vn -0.096380 0.238746 0.966287
vn 0.379832 0.204857 0.902087
vn -0.000000 0.000000 -0.000000
vn 0.010170 0.037202 0.999256
vn -0.338492 0.350172 0.873386
vn 0.058430 0.081259 0.994979
vn 0.000000 0.000000 0.000000
vn 0.000000 0.000000 0.000000
vn 0.201664 0.386881 0.899808
vn 0.245572 0.266380 0.932060
vn -0.016842 0.053199 0.998442
vn -0.012765 0.137232 0.990457
vn 0.293635 -0.274866 0.915547
vn -0.356448 0.389553 0.849231
vn 0.053592 0.031506 0.998066
vn 0.254330 0.487867 0.835046
vn 0.084114 0.085094 0.992816
vn -0.049660 0.112766 0.992380
vn -0.000000 0.000000 -0.000000
vn 0.300090 0.477011 0.826079
vn 0.498515 0.445108 0.743883
vn 0.401072 0.588605 -0.701915
vn 0.323582 0.373455 0.869383
vn -0.855653 0.301338 -0.420777
vn 0.097476 -0.075283 0.992386
vn 0.000000 0.000000 0.000000
vn 0.087738 0.055909 0.994573
vn -0.486422 0.296085 0.822027
vn -0.039389 0.058662 0.997501
vn -0.075827 0.074498 0.994334
vn 0.465588 -0.461722 0.755011
vn 0.209781 -0.076954 0.974715
vn 0.000000 0.000000 0.000000
vn 0.129071 -0.842733 -0.522630
vn 0.017214 0.023199 0.999583
vn -0.144522 0.754189 0.640556
vn -0.056876 0.598047 0.799440
vn -0.032574 0.520934 0.852975
vn 0.084423 -0.328500 0.940723
vn -0.288201 -0.165181 0.943215
vn -0.123220 0.063651 0.990336
vn 0.038614 0.039955 0.998455
vn 0.018424 0.192452 0.981133
vn -0.035547 0.013696 0.999274
vn -0.115925 0.306350 0.944834
vn 0.330282 -0.260399 0.907252
vn -0.067521 0.003406 0.997712
vn -0.145882 -0.130059 0.980716
vn 0.011906 0.002039 0.999927
vn -0.296192 -0.344282 0.890921
vn -0.035139 0.042228 0.998490
vn 0.031577 0.136578 0.990126
vn 0.039558 0.187494 0.981469
vn 0.132057 -0.013468 0.991151
vn 0.489931 -0.242040 0.837487
vn 0.355969 -0.024463 0.934178
vn 0.133825 0.765406 0.629479
vn -0.102092 0.036175 0.994117
vn 0.313169 -0.233733 0.920486
vn 0.193373 -0.095378 0.976478
vn 0.347973 -0.254586 0.902275
vn -0.136726 0.224790 0.964767
vn 0.019497 0.080333 0.996577
vn 0.009143 0.094137 0.995517
vn -0.092046 -0.064908 0.993637
vn 0.012239 0.318012 0.948008
vn 0.083206 0.055331 0.994995
vn -0.247106 0.418374 0.874015
vn -0.300448 0.438923 -0.846805
vn 0.181576 0.007282 0.983350
vn -0.244567 0.146769 0.958460
vn -0.043672 0.024723 0.998740
vn -0.023782 0.342974 0.939044
vn 0.216303 -0.306287 0.927039
vn -0.064102 0.100507 0.992869
vn -0.000000 0.000000 0.000000
vn -0.081530 0.034903 0.996060
vn 0.078084 0.120489 0.989639
vn 0.009033 0.084290 0.996400
vn -0.054031 0.082538 0.995122
vn -0.526958 -0.173850 0.831920
vn -0.250066 -0.110344 -0.961921
vn -0.066954 0.033402 0.997197
vn -0.231665 0.046234 0.971696
vn 0.000000 0.000000 -0.000000
vn -0.030942 -0.056050 0.997948
vn 0.018046 0.042023 0.998954
vn -0.086018 -0.022876 0.996031
vn -0.372552 0.111847 -0.921246
vn -0.130133 -0.115595 0.984735
vn -0.169573 0.126789 0.977328
vn -0.000598 0.106691 0.994292
vn -0.055867 -0.008435 0.998403
vn 0.006423 0.061812 0.998067
vn -0.004339 -0.008957 0.999950
vn -0.023273 -0.020482 0.999519
vn 0.027403 0.037371 0.998926
vn -0.112524 0.103590 0.988235
vn 0.004454 0.027191 0.999620
vn 0.354320 0.351383 0.866595
vn 0.052643 0.001726 0.998612
vn 0.026228 0.040429 0.998838
vn 0.142890 0.089767 0.985659
vn -0.009086 0.226685 0.973926
vn 0.029485 -0.034523 0.998969
vn 0.103782 0.160668 0.981537
vn 0.123145 0.084568 0.988779
vn 0.013186 0.065577 0.997760
vn 0.037054 0.045941 0.998257
vn 0.037185 0.030023 0.998857
vn -0.034309 0.005462 0.999396
vn -0.052506 0.135670 0.989362
vn 0.006418 0.074142 0.997227
vn 0.025915 0.060081 0.997857
vn 0.091579 0.055890 0.994228
vn -0.003502 0.100632 0.994918
vn 0.103255 -0.003962 0.994647
vn 0.026030 0.074324 0.996894
vn 0.001100 0.140492 0.990081
vn -0.072482 0.029912 0.996921
vn 0.026788 0.021177 0.999417
vn -0.088033 0.064047 0.994056
vn -0.028197 -0.028123 0.999207
vn -0.101647 0.065796 0.992642
vn -0.051617 0.043500 0.997719
vn 0.024089 0.002070 0.999708
vn -0.022834 0.140672 0.989793
vn 0.002946 0.006095 0.999977
vn -0.069915 0.027354 0.997178
vn -0.008996 -0.069774 0.997522
vn -0.002864 0.116124 0.993231
vn 0.012854 0.006015 0.999899
vn -0.023781 0.023188 0.999448
vn -0.044586 0.112933 0.992602
vn 0.014164 0.017868 0.999740
vn -0.052148 -0.006919 0.998615
vn -0.031632 -0.019307 0.999313
vn -0.038798 0.005298 0.999233
vn -0.054434 -0.015119 0.998403
vn -0.092837 0.039357 0.994903
vn -0.034779 -0.003229 0.999390
vn 0.016059 0.004190 0.999862
vn 0.042064 0.056094 0.997539
vn -0.055500 0.068466 0.996109
vn -0.083822 0.064128 0.994415
vn 0.059488 0.019490 0.998039
vn 0.050043 0.004270 0.998738
vn 0.037590 -0.017018 0.999148
vn 0.129790 0.004217 0.991533
vn 0.049547 -0.008255 0.998738
vn -0.055889 0.205261 0.977110
vn 0.135090 -0.046655 0.989734
vn 0.029199 0.065497 0.997425
vn -0.000000 0.000000 0.000000
vn -0.000000 0.000000 0.000000
vn -0.071957 0.043963 0.996438
vn -0.076404 0.010365 0.997023
vn -0.316940 -0.355351 0.879361
vn -0.479172 -0.265575 0.836579
vn -0.340389 -0.139220 0.929921
vn 0.506038 0.128866 -0.852830
vn 0.132179 -0.105587 0.985586
vn 0.000000 0.000000 -0.000000
vn 0.000000 0.000000 -0.000000
vn 0.228759 -0.189439 0.954873
vn -0.007808 0.116423 0.993169
vn -0.015511 0.132369 0.991079
vn 0.034166 -0.009981 0.999366
vn -0.039891 -0.007940 0.999172
vn 0.045401 0.137265 0.989493
vn -0.231194 -0.095884 0.968171
vn -0.264232 -0.000028 0.964459
vn 0.019110 -0.013577 0.999725
vn 0.130526 0.399440 0.907420
vn 0.086975 0.066369 0.993997
vn -0.000000 0.000000 -0.000000
vn -0.219676 0.044558 0.974555
vn -0.160983 -0.006093 0.986938
vn 0.055717 0.249813 0.966690
vn -0.081720 0.388022 0.918020
vn 0.162279 0.337631 0.927184
vn -0.141296 -0.048149 0.988796
vn 0.003694 0.182410 0.983216
vn 0.026165 -0.023852 0.999373
vn 0.000000 0.000000 -0.000000
vn -0.209384 0.001847 0.977832
vn -0.382408 0.123241 0.915738
vn 0.000000 0.000000 0.000000
vn 0.394994 0.319015 0.861516
vn -0.034367 0.087776 0.995547
vn 0.047243 0.067359 0.996610
vn 0.000000 0.000000 0.000000
vn 0.447184 -0.327788 0.832215
vn -0.597053 0.157640 0.786560
vn -0.036634 0.533370 0.845088
vn 0.037655 0.484897 0.873760
vn 0.277135 -0.030602 0.960344
vn -0.000881 0.012447 0.999922
vn 0.088185 0.093732 0.991684
vn 0.017416 0.019512 0.999658
vn 0.007272 0.186448 0.982438
vn 0.013913 -0.001455 0.999902
vn 0.063312 0.057316 0.996347
vn -0.069295 0.037666 0.996885
vn -0.178214 0.036382 0.983319
vn -0.299729 0.434230 0.849475
vn -0.036500 0.133837 0.990331
vn -0.124198 0.007758 0.992227
vn 0.060273 0.006072 0.998163
vn -0.095186 -0.007157 0.995434
vn 0.038050 -0.338805 0.940087
vn 0.008047 0.023058 0.999702
vn -0.062428 0.099037 0.993124
vn -0.492760 -0.025107 0.869803
vn -0.052737 0.201138 0.978142
vn 0.054754 0.047524 0.997368
vn -0.217941 0.362560 0.906119
vn -0.045742 0.171537 0.984115
vn 0.025543 -0.020145 0.999471
vn -0.175718 -0.226516 0.958026
vn 0.034037 0.018825 0.999243
vn -0.152484 -0.043285 0.987358
vn 0.043488 -0.037379 0.998354
vn -0.011046 0.001472 0.999938
vn -0.056788 -0.008552 0.998350
vn 0.386915 0.296909 0.873007
vn 0.051586 0.101232 0.993524
vn 0.078146 0.132259 0.988130
vn 0.029228 0.033367 0.999016
vn -0.378965 0.447088 0.810246
vn -0.366624 0.267662 0.891035
vn -0.000601 0.198791 0.980042
vn -0.010749 0.025353 0.999621
vn -0.227164 0.143656 0.963203
vn -0.027309 0.114794 0.993014
vn -0.069878 0.069924 0.995102
vn -0.010630 0.035932 0.999298
vn -0.027887 0.080761 0.996343
vn 0.180880 0.067473 0.981188
vn -0.112279 0.288690 0.950816
vn 0.245777 -0.307908 0.919122
vn -0.207889 0.023883 0.977861
vn 0.142172 0.482213 0.864441
vn 0.197957 -0.219270 0.955371
vn 0.012798 0.018861 0.999740
vn 0.000000 0.000000 0.000000
vn -0.000000 0.000000 -0.000000
vn -0.391896 0.174422 0.903324
vn 0.000000 -0.000000 -0.000000
vn -0.094294 0.129642 0.987067
vn 0.000096 0.046057 0.998939
vn -0.310629 0.408682 0.858189
vn 0.172007 -0.014819 0.984984
vn 0.000000 0.000000 0.000000
vn -0.078615 -0.004671 0.996894
vn -0.299305 0.361057 0.883207
vn 0.087109 0.000763 0.996198
vn 0.415762 -0.268166 0.869039
vn -0.008240 0.120071 0.992731
vn -0.000000 0.000000 -0.000000
vn 0.019837 0.030094 0.999350
vn -0.276454 0.493825 0.824445
vn 0.146190 0.049121 0.988036
vn 0.000000 0.000000 -0.000000
vn 0.164768 0.068156 0.983975
vn -0.057202 0.515142 0.855194
vn 0.153844 -0.017610 0.987938
vn 0.162757 0.035548 0.986026
vn -0.013346 0.043486 0.998965
vn -0.198963 0.058769 0.978243
vn -0.050301 0.028420 0.998330
vn -0.109352 0.074642 0.991197
vn -0.008590 0.095620 0.995381
vn 0.017466 0.053610 0.998409
vn 0.049497 -0.008401 0.998739
vn -0.017791 0.050838 0.998548
vn 0.051729 0.078090 0.995603
vn 0.003295 0.060277 0.998176
vn 0.067383 0.073822 0.994992
vn -0.017785 -0.082479 0.996434
vn 0.073426 0.041502 0.996437
vn -0.022082 0.120934 0.992415
vn 0.102291 -0.049614 0.993517
vn 0.094983 0.037497 0.994772
vn -0.115660 -0.482523 0.868213
vn -0.013660 0.113022 0.993499
vn -0.001677 0.176849 0.984237
vn -0.446489 -0.301190 0.842574
vn 0.168738 0.254054 0.952357
vn -0.091130 0.103033 0.990495
vn 0.048238 0.474445 0.878963
vn 0.084820 0.527715 0.845176
vn -0.211137 0.353086 0.911456
vn -0.026012 0.133285 0.990736
vn 0.491521 -0.294380 0.819602
vn 0.409487 -0.460409 0.787619
vn 0.030559 0.028257 0.999133
vn 0.134803 -0.006519 0.990851
vn -0.118359 0.138374 0.983282
vn 0.025789 0.264544 0.964029
vn 0.067300 -0.060396 0.995903
vn 0.444833 -0.082511 0.891804
vn -0.174049 0.157248 0.972101
vn 0.262730 0.315351 0.911881
vn -0.317718 0.397508 0.860838
vn 0.195756 -0.077427 0.977591
vn -0.182666 -0.075028 0.980308
vn -0.276879 0.101272 0.955553
vn -0.117325 0.015122 0.992978
vn -0.109383 0.063039 0.991999
vn -0.010498 0.017275 0.999796
vn -0.167061 0.378612 0.910354
vn 0.274011 0.467826 0.840272
vn 0.376888 -0.347034 0.858792
vn -0.022986 -0.178158 0.983733
vn -0.042533 0.096401 0.994433
vn 0.086823 -0.112201 0.989885
vn -0.076433 -0.022624 0.996818
vn -0.141568 0.105442 0.984297
vn 0.034321 0.175697 0.983846
vn -0.000000 0.000000 0.000000
vn -0.028330 0.033978 0.999021
vn 0.103409 0.101032 0.989494
vn 0.031414 0.088861 0.995549
vn -0.026512 0.065473 0.997502
vn 0.152194 -0.227794 0.961742
vn 0.283177 -0.157193 0.946098
vn 0.088600 0.019832 0.995870
vn 0.475819 -0.111881 0.872398
vn -0.154409 0.397151 0.904671
vn 0.126875 0.003967 0.991911
vn 0.034599 0.011722 0.999333
vn 0.003665 0.030662 0.999523
vn 0.061543 -0.162390 0.984806
vn -0.317777 -0.096176 0.943275
vn 0.001424 -0.095983 0.995382
vn -0.290017 0.382041 0.877459
vn 0.076096 0.049734 0.995859
vn 0.307959 -0.336189 0.890022
vn 0.086518 0.058084 0.994556
vn 0.106023 -0.030282 0.993902
vn 0.006182 -0.070479 0.997494
vn 0.091610 0.012339 0.995719
vn -0.156741 0.241477 0.957664
vn 0.197275 -0.320680 0.926416
vn -0.090516 0.281838 0.955183
vn -0.061438 0.079650 0.994928
vn -0.004140 0.093200 0.995639
vn 0.269429 -0.347741 0.898045
vn -0.029215 0.028362 0.999171
vn -0.309834 0.004049 0.950782
vn 0.424048 -0.420607 0.802043
vn 0.255113 -0.137929 0.957023
vn 0.173729 -0.003369 0.984788
vn -0.087722 0.234402 0.968174
vn -0.041685 0.113256 0.992691
vn 0.032168 0.437141 0.898818
vn -0.074496 0.076732 0.994265
vn -0.219681 0.016817 0.975427
vn 0.014556 -0.034474 0.999300
vn -0.000000 0.000000 -0.000000
vn -0.030823 -0.131827 0.990793
vn 0.006143 0.107798 0.994154
vn 0.186567 -0.099305 0.977410
vn -0.052908 0.011086 0.998538
vn -0.407964 0.160414 0.898795
vn 0.067706 0.031751 0.997200
vn 0.197516 0.564356 0.801554
vn -0.018111 0.191791 0.981269
vn -0.093804 -0.034965 0.994977
vn 0.260386 -0.260629 0.929662
vn -0.035160 0.048797 0.998190
vn -0.007310 0.007212 0.999947
vn 0.047432 -0.000804 0.998874
vn -0.062770 0.033084 0.997479
vn -0.091771 0.159894 0.982859
vn 0.132948 0.009328 0.991079
vn 0.083724 0.086597 0.992719
vn 0.271473 -0.097528 0.957492
vn 0.101729 0.022825 0.994550
vn 0.273965 0.562991 0.779734
vn 0.237632 -0.435939 0.868037
vn -0.082379 -0.019285 0.996414
vn -0.045568 0.079113 0.995824
vn -0.176857 0.099688 0.979175
vn 0.001531 0.070241 0.997529
vn 0.001272 0.113250 0.993566
vn -0.076517 -0.093020 0.992720
vn 0.037132 0.040427 0.998492
vn -0.013083 0.022845 0.999653
vn -0.228904 0.061956 0.971475
vn 0.033579 0.035217 0.998815
vn -0.105085 0.033968 0.993883
vn -0.125873 0.013112 0.991960
vn 0.490340 -0.043154 0.870462
vn -0.058461 0.037080 0.997601
vn -0.092657 0.124757 0.987851
vn -0.108269 0.023463 0.993845
vn -0.069845 0.089945 0.993495
vn -0.173082 0.003062 0.984903
vn -0.028440 0.045160 0.998575
vn -0.174912 0.210182 0.961888
vn -0.106787 -0.003174 0.994277
vn -0.000000 0.000000 0.000000
vn -0.014260 -0.149367 0.988679
vn -0.177488 0.034229 0.983527
vn 0.000000 -0.000000 0.000000
vn 0.086601 0.094629 0.991739
vn -0.037205 -0.036819 0.998629
vn 0.028623 -0.064217 0.997525
vn 0.134713 0.083474 0.987362
vn 0.000000 0.000000 0.000000
vn 0.110789 0.083964 0.990291
vn 0.000000 0.000000 0.000000
vn -0.098470 0.087245 0.991308
vn 0.001948 -0.142063 0.989856
vn -0.451991 0.366556 0.813228
vn -0.020678 -0.032502 0.999258
vn -0.271809 0.437505 0.857152
vn -0.088705 0.063905 0.994006
vn -0.063009 -0.018432 0.997843
vn 0.476263 -0.031639 0.878734
vn 0.000000 0.000000 -0.000000
vn 0.617688 -0.144854 0.772967
vn 0.484456 0.077875 0.871343
vn -0.136241 0.139746 0.980770
vn -0.105420 0.116982 0.987523
vn 0.229272 -0.064752 0.971206
vn -0.222611 0.119464 0.967560
vn -0.025278 -0.015364 0.999562
vn -0.370490 0.071271 0.926098
vn -0.201336 0.132386 0.970535
vn 0.027343 -0.002713 0.999622
vn -0.027939 0.057317 0.997965
vn -0.019479 0.030202 0.999354
vn 0.028494 0.033562 0.999030
vn -0.024818 0.020904 0.999473
vn -0.073712 0.045788 0.996228
vn -0.022809 -0.040894 0.998903
vn -0.034843 0.124677 0.991585
vn -0.019446 -0.198649 0.979878
vn 0.011813 0.017132 0.999783
vn -0.068631 0.062011 0.995713
vn 0.062573 -0.023559 0.997762
vn -0.153883 0.017429 0.987935
vn -0.127710 -0.092534 0.987486
vn -0.057866 0.013539 0.998233
vn 0.090298 0.081911 0.992541
vn 0.112322 -0.023251 0.993400
vn 0.016015 -0.029725 0.999430
vn 0.004877 -0.028453 0.999583
vn 0.065712 0.001095 0.997838
vn 0.087315 0.014232 0.996079
vn 0.033166 -0.003274 0.999445
vn -0.002584 0.024692 0.999692
vn 0.033737 0.005494 0.999416
vn 0.020373 0.500049 0.865758
vn 0.150798 0.016789 0.988422
vn -0.062369 -0.109562 0.992021
vn -0.039601 0.057248 0.997574
vn -0.086061 0.071392 0.993729
vn 0.100251 0.259254 0.960592
vn -0.042378 -0.019784 0.998906
vn 0.041916 0.038517 0.998378
vn -0.043154 0.071730 0.996490
vn 0.035354 0.098183 0.994540
vn -0.045990 0.057509 0.997285
vn 0.138923 0.114572 0.983653
vn 0.155680 0.054547 0.986300
vn 0.000000 0.000000 0.000000
vn -0.282962 -0.380299 0.880514
vn -0.040314 0.075212 0.996352
vn -0.006791 0.042117 0.999090
vn -0.411792 -0.250881 0.876063
vn 0.015296 0.023896 0.999597
vn -0.331417 0.444328 0.832307
vn 0.123456 -0.084626 0.988735
vn 0.163054 -0.260975 0.951475
vn 0.253108 -0.076382 0.964418
vn 0.083873 -0.074709 0.993672
vn -0.013392 0.059341 0.998148
vn -0.000729 -0.006086 0.999981
vn 0.048401 0.114239 0.992274
vn -0.373599 -0.267619 0.888147
vn -0.228767 0.159504 0.960325
vn 0.164801 -0.029498 0.985886
vn -0.155471 0.125281 0.979864
vn -0.398409 0.376819 0.836228
vn 0.177009 0.307834 0.934830
vn -0.003931 -0.046157 0.998926
vn -0.207340 0.177765 0.961982
vn -0.138493 -0.010080 0.990312
vn -0.237795 0.180029 0.954486
vn -0.028228 0.103731 0.994205
vn -0.309508 0.375838 0.873470
vn 0.273246 0.163638 0.947924
vn 0.037291 -0.014314 0.999202
vn -0.047784 -0.049093 0.997651
vn -0.033943 -0.023288 0.999152
vn -0.052773 0.231872 0.971314
vn 0.380716 -0.475943 0.792801
vn 0.332597 -0.192552 0.923203
vn 0.570391 -0.259683 0.779242
vn 0.462896 -0.146191 0.874274
vn 0.000000 0.000000 0.000000
vn 0.002572 0.511700 0.859160
vn -0.105489 0.041170 0.993568
vn 0.023395 -0.002705 0.999723
vn 0.052232 0.269506 0.961581
vn -0.040073 -0.208563 0.977188
vn -0.206885 0.090401 0.974180
vn -0.308470 0.271734 0.911596
vn -0.001445 -0.003623 0.999992
vn -0.504224 -0.146026 0.851137
vn 0.022928 -0.056955 0.998113
vn -0.500230 -0.001155 0.865892
vn -0.285022 0.310673 0.906777
vn -0.366493 0.413191 0.833640
vn 0.129353 0.014128 0.991498
vn 0.069392 -0.140508 0.987645
vn -0.013295 -0.145726 0.989236
vn -0.039001 -0.035373 0.998613
vn -0.036468 -0.029743 0.998892
vn -0.030891 -0.058249 0.997824
vn 0.024157 -0.114226 0.993161
vn 0.000000 0.000000 -0.000000
vn -0.514438 -0.114283 0.849878
vn -0.200324 0.089256 0.975656
vn -0.083848 0.071149 0.993935
vn 0.248422 0.074564 0.965778
vn 0.014897 0.014697 0.999781
vn -0.059540 -0.047668 0.997087
vn -0.077596 0.093160 0.992623
vn -0.240516 0.054594 0.969109
vn 0.054519 0.002674 0.998509
vn -0.018361 0.099195 0.994899
vn -0.293167 0.085034 0.952272
vn -0.032609 0.154339 0.987480
vn 0.068149 0.057108 0.996039
vn 0.411394 0.116312 0.904006
vn -0.139283 0.334471 0.932056
vn 0.085264 0.041188 0.995507
vn 0.231729 0.017991 0.972614
vn -0.301088 0.270300 0.914486
vn -0.029397 -0.086647 0.995805
vn -0.063187 0.040985 0.997160
vn 0.000304 -0.170574 0.985345
vn 0.086403 -0.057474 0.994601
vn 0.242358 -0.233317 0.941714
vn 0.193807 -0.133474 0.971918
vn 0.004352 -0.007485 0.999963
vn -0.022849 0.041782 0.998865
vn -0.096172 0.063474 0.993339
vn 0.218426 0.326081 0.919761
vn 0.049536 0.041538 0.997908
vn 0.042641 -0.032029 0.998577
vn 0.357628 -0.326744 0.874837
vn 0.079380 -0.040707 0.996013
vn 0.483513 -0.386084 0.785592
vn -0.094037 0.021844 0.995329
vn -0.073385 0.045033 0.996286
vn -0.014143 0.034971 0.999288
vn -0.160660 0.512444 0.843558
vn 0.433466 -0.202949 0.878020
vn 0.049977 -0.104339 0.993285
vn 0.108273 0.353820 0.929026
vn 0.133897 -0.104309 0.985490
vn 0.034921 0.121112 0.992024
vn 0.004914 -0.010158 0.999936
vn 0.019547 0.128227 0.991552
vn -0.016093 0.050686 0.998585
vn 0.440375 -0.112934 0.890683
vn -0.068639 0.049062 0.996434
vn -0.004455 0.143885 0.989584
vn 0.006828 -0.030559 0.999510
vn 0.009926 -0.457622 0.889091
vn -0.073381 0.034668 0.996701
vn -0.019944 -0.389213 0.920932
vn -0.122199 -0.013708 0.992411
vn 0.071839 0.085898 0.993711
vn -0.044546 -0.233031 0.971448
vn 0.011584 0.156751 0.987570
vn 0.315476 -0.418602 0.851614
vn 0.060318 0.139627 0.988365
vn 0.339540 -0.355909 0.870656
vn 0.053800 -0.002280 0.998549
vn 0.016991 -0.039670 0.999068
vn 0.012596 -0.052411 0.998546
vn 0.236651 -0.351679 0.905714
vn 0.203226 0.009769 0.979083
vn 0.020460 0.038514 0.999049
vn 0.020965 -0.189876 0.981584
vn 0.490778 -0.400836 0.773607
vn 0.017770 -0.160702 0.986843
vn -0.161703 0.042539 0.985922
vn -0.106396 0.079573 0.991135
vn 0.271125 -0.317121 0.908804
vn 0.174936 0.072359 0.981917
vn -0.331185 0.501966 0.798966
vn -0.032904 0.072544 0.996822
vn -0.009425 0.197011 0.980356
vn 0.361432 0.376658 0.852934
vn 0.041343 0.026862 0.998784
vn -0.025252 0.144378 0.989200
vn -0.049528 0.240600 0.969360
vn -0.041992 0.030340 0.998657
vn -0.194023 -0.289423 0.937331
vn -0.151044 -0.161728 0.975208
vn -0.032114 0.011333 0.999420
vn 0.234405 0.070018 0.969614
vn -0.053973 -0.011400 0.998477
vn -0.024124 0.019643 0.999516
vn 0.033028 -0.097611 0.994676
vn 0.031232 -0.023455 0.999237
vn -0.081260 -0.015956 0.996565
vn 0.204515 0.022594 0.978603
vn -0.077681 -0.026385 0.996629
vn -0.065660 0.007834 0.997811
vn -0.027242 0.539160 0.841762
vn 0.125374 -0.053975 0.990640
vn -0.255524 0.261128 0.930870
vn -0.027703 0.100008 0.994601
vn -0.032940 0.131349 0.990789
vn -0.428503 -0.270073 0.862233
vn -0.060713 0.051764 0.996812
vn -0.026600 -0.010550 0.999590
vn 0.000000 0.000000 0.000000
vn -0.118759 0.480105 0.869135
vn -0.013132 0.091229 0.995743
vn 0.097815 0.561669 0.821560
vn 0.002841 0.025108 0.999681
vn -0.013706 0.059307 0.998146
vn -0.381534 -0.223836 0.896844
vn -0.005308 0.051523 0.998658
vn -0.076606 -0.056732 0.995446
vn -0.041191 -0.007912 0.999120
vn 0.399743 0.112160 0.909739
vn 0.004944 0.094934 0.995471
vn -0.369644 -0.263351 0.891072
vn -0.006417 -0.064056 0.997926
vn 0.245841 -0.049604 0.968040
vn 0.202280 -0.207943 0.956997
vn 0.278897 0.122764 0.952442
vn 0.096893 0.146558 0.984445
vn 0.371791 0.065385 0.926011
vn 0.464774 0.017267 0.885261
vn 0.235682 0.164862 0.957745
vn -0.086721 0.074719 0.993427
vn -0.070889 0.047531 0.996351
vn 0.063040 -0.041554 0.997146
vn -0.156992 0.531589 0.832326
vn -0.023996 -0.055232 0.998185
vn -0.374673 -0.299441 0.877471
vn -0.163248 -0.534377 0.829332
vn 0.051490 -0.473494 0.879291
vn -0.375183 0.278697 0.884062
vn 0.367447 0.435665 0.821693
vn 0.155474 0.014323 0.987736
vn 0.203235 -0.348162 0.915139
vn 0.351370 0.269579 0.896586
vn -0.017464 -0.001422 0.999846
vn -0.072956 0.118932 0.990219
vn 0.071582 -0.106049 0.991781
vn 0.345312 0.347283 0.871868
vn 0.061624 0.451005 0.890391
vn 0.408596 -0.542816 -0.733758
vn 0.065578 0.180695 0.981350
vn -0.276419 0.452564 0.847808
vn -0.026512 -0.033591 0.999084
vn 0.040720 -0.073936 0.996431
vn 0.198749 0.547039 0.813171
vn 0.415297 -0.417062 0.808448
vn -0.001530 0.036225 0.999342
vn -0.093591 0.156817 0.983183
vn 0.020665 0.325513 0.945312
vn -0.153855 0.516669 0.842248
vn -0.048829 0.018789 0.998630
vn 0.003454 -0.050455 0.998720
vn -0.064432 -0.030138 0.997467
vn -0.150423 0.410996 0.899141
vn 0.053623 0.084550 0.994975
vn 0.066063 -0.000136 0.997815
vn 0.055196 0.146508 0.987668
vn -0.124389 0.064506 0.990135
vn -0.320899 0.818788 0.476035
vn 0.085771 0.047274 0.995193
vn -0.035728 0.056215 0.997779
vn 0.102842 -0.003424 0.994692
vn 0.173871 0.003933 0.984761
vn -0.011056 0.150544 0.988541
vn -0.133177 0.385772 0.912932
vn -0.231639 0.054124 0.971295
vn -0.227250 0.191952 0.954731
vn 0.109851 -0.110005 0.987842
vn 0.000000 0.000000 0.000000
vn -0.093626 0.045537 0.994565
vn -0.091598 0.070319 0.993310
vn 0.000400 -0.033483 0.999439
vn 0.028051 0.092961 0.995275
vn -0.036340 0.009970 0.999290
vn -0.187912 0.016755 0.982043
vn 0.053635 0.008394 0.998525
vn -0.118219 0.027553 0.992605
vn 0.021259 -0.034853 0.999166
vn -0.018145 0.062035 0.997909
vn -0.014896 -0.323991 0.945943
vn -0.318875 -0.297840 0.899783
vn -0.096110 -0.462509 0.881390
vn -0.364203 0.450278 0.815233
vn 0.151978 -0.103510 0.982949
vn -0.381160 0.486736 0.786006
vn 0.402097 -0.412597 0.817362
vn -0.046454 0.094511 0.994439
vn 0.020428 0.100645 0.994713
vn -0.091182 -0.128750 0.987476
vn 0.041063 0.007237 0.999130
vn 0.115316 0.060019 0.991514
vn -0.034781 0.000153 0.999395
vn -0.026917 0.153254 0.987820
vn 0.325815 -0.326309 0.887337
vn 0.253496 -0.377298 0.890722
vn -0.058633 0.079934 0.995074
vn -0.449346 0.215258 0.867036
vn -0.067589 0.081229 0.994401
vn -0.106586 -0.109307 0.988277
vn -0.032536 -0.165754 0.985630
vn -0.435764 0.205919 0.876189
vn -0.317700 0.365034 0.875109
vn -0.169939 0.461419 0.870754
vn -0.008770 0.083307 0.996485
vn 0.161137 0.123135 0.979220
vn -0.164025 0.356874 0.919640
vn 0.139588 -0.177884 0.974101
vn -0.275774 -0.367207 0.888318
vn -0.089321 -0.033471 0.995440
vn 0.360183 0.205439 0.909980
vn -0.061283 0.214513 0.974797
vn 0.192795 -0.049541 0.979988
vn 0.004182 0.218594 0.975807
vn -0.016392 0.115877 0.993128
vn -0.026777 -0.007095 0.999616
vn 0.230720 -0.094605 0.968410
vn 0.038861 0.111611 0.992992
vn 0.020834 0.059297 0.998023
vn 0.146908 0.032718 0.988609
vn -0.061788 -0.000319 0.998089
vn 0.059806 0.016936 0.998066
vn -0.024689 0.078803 0.996584
vn -0.176557 0.280769 0.943396
vn 0.010460 -0.106887 0.994216
vn 0.088796 0.016573 0.995912
vn -0.050333 0.049741 0.997493
vn 0.099742 0.130879 0.986368
vn 0.305514 0.370857 0.876998
vn -0.024032 0.035418 0.999084
vn 0.038038 0.050053 0.998022
vn 0.324884 0.232697 0.916680
vn -0.343745 -0.246653 0.906091
vn 0.189199 -0.165204 0.967942
vn -0.073923 0.151286 0.985722
vn -0.152497 0.364193 0.918754
vn -0.017934 0.076305 0.996923
vn -0.000366 0.070694 0.997498
vn 0.255641 0.546872 0.797232
vn 0.329953 0.507702 0.795845
vn -0.251489 0.471945 0.844998
vn -0.031481 -0.027000 0.999140
vn -0.014619 0.033116 0.999345
vn 0.022163 0.123639 0.992080
vn -0.182952 0.002161 0.983119
vn -0.012778 0.073344 0.997225
vn 0.120553 -0.060679 0.990851
vn 0.028306 0.010500 0.999544
vn -0.216685 0.418407 0.882034
vn -0.066931 -0.087655 0.993900
vn -0.020362 0.016195 0.999662
vn -0.176318 0.338401 0.924336
vn 0.184876 0.028517 0.982348
vn 0.304336 -0.027424 0.952170
vn -0.023111 -0.130625 0.991163
vn -0.030702 0.033178 0.998978
vn 0.081000 0.017755 0.996556
vn -0.031542 0.015740 0.999378
vn -0.022796 -0.013456 0.999650
vn -0.043511 0.007476 0.999025
vn -0.020041 0.058718 0.998073
vn -0.029460 -0.014410 0.999462
vn -0.018875 -0.017792 0.999664
vn 0.093173 -0.009207 0.995607
vn -0.035204 -0.040623 0.998554
vn 0.000000 0.000000 0.000000
vn -0.240447 0.405164 0.882059
vn 0.248002 0.010715 0.968700
vn 0.205988 0.017428 0.978399
vn 0.033989 -0.004707 0.999411
vn 0.016539 0.010424 0.999809
vn -0.063958 0.061707 0.996043
vn -0.023015 -0.030410 0.999273
vn -0.035150 0.035939 0.998736
vn 0.041168 -0.137125 0.989698
vn 0.312260 -0.340311 0.886951
vn 0.040560 0.049973 0.997927
vn 0.047475 0.028869 0.998455
vn -0.005487 -0.035714 0.999347
vn -0.079674 0.086505 0.993060
vn 0.074473 -0.015420 0.997104
vn -0.043512 -0.057832 0.997378
vn 0.150912 0.045844 0.987484
vn -0.374538 0.026191 0.926842
vn -0.038846 -0.036727 0.998570
vn 0.000000 0.000000 0.000000
vn 0.000000 0.000000 0.000000
vn -0.000141 -0.004030 0.999992
vn 0.176872 0.021820 0.983992
vn -0.346535 0.014319 0.937928
vn -0.166209 -0.060783 0.984215
vn 0.010325 -0.018325 0.999779
vn -0.311125 0.150923 0.938309
vn -0.282559 -0.074658 0.956340
vn 0.834147 -0.075787 0.546310
vn 0.185137 0.002358 0.982710
vn -0.257976 -0.231192 0.938082
vn -0.404934 -0.390372 0.826824
vn -0.153081 0.084933 0.984557
vn -0.036061 -0.018998 0.999169
vn -0.244802 0.595797 0.764917
vn 0.189381 0.121743 0.974327
vn 0.144711 0.160465 0.976376
vn -0.301211 0.032281 0.953011
vn 0.128243 -0.067164 0.989466
vn -0.163547 0.427692 0.889006
vn 0.077618 -0.022296 0.996734
vn -0.028144 -0.320459 0.946844
vn -0.028910 -0.031586 0.999083
vn -0.140331 -0.108945 0.984093
vn -0.171169 0.447101 0.877954
vn 0.076057 0.189254 0.978978
vn -0.301898 0.067402 0.950954
vn 0.072868 0.177848 0.981356
vn -0.500304 0.096558 0.860449
vn -0.002495 0.349886 0.936789
vn 0.330612 0.630398 0.702349
vn -0.227059 0.256806 0.939412
vn -0.092924 0.021562 0.995440
vn 0.193543 0.341590 0.919705
vn 0.375591 -0.053939 0.925215
vn 0.424053 -0.128694 0.896447
vn -0.095762 0.300766 0.948878
vn 0.077955 0.169235 0.982488
vn 0.000000 0.000000 0.000000
vn -0.362722 0.390038 0.846347
vn -0.234747 0.491627 0.838569
vn -0.356121 0.271798 0.894038
vn -0.032955 0.515467 0.856275
vn 0.000000 0.000000 0.000000
vn 0.042495 -0.064299 0.997025
vn -0.007140 -0.082756 0.996544
vn -0.061474 -0.121481 0.990688
vn 0.077026 -0.055687 0.995473
vn 0.007214 -0.140241 0.990091
vn 0.443122 -0.437865 0.782251
vn -0.087883 -0.430243 0.898425
vn -0.341969 0.524805 0.779511
vn 0.621667 -0.433436 0.652429
vn 0.388289 -0.272635 0.880285
vn 0.287850 -0.579946 0.762106
vn -0.316789 0.430921 0.844957
vn -0.036023 0.590529 0.806212
vn -0.051717 0.070005 0.996205
vn -0.011885 0.133215 0.991016
vn -0.054179 0.024037 0.998242
vn 0.246194 0.435205 0.866017
vn 0.082792 -0.414808 0.906135
vn -0.374173 0.134596 0.917539
vn -0.387225 0.143322 0.910778
vn 0.018267 -0.013859 0.999737
vn 0.402620 0.365907 0.839052
vn 0.263785 -0.346661 0.900135
vn -0.012416 -0.015007 0.999810
vn 0.146374 -0.195116 0.969796
vn 0.007350 -0.271727 0.962346
vn 0.004807 0.245379 0.969415
vn -0.090359 0.089993 0.991835
vn 0.082497 -0.020514 0.996380
vn -0.068247 -0.107753 0.991832
vn 0.098671 -0.016503 0.994983
vn 0.078383 0.264742 0.961129
vn 0.020351 0.088748 0.995846
vn 0.100181 -0.001572 0.994968
vn 0.068819 -0.105760 0.992007
vn 0.127422 0.222443 0.966583
vn -0.095691 0.031103 0.994925
vn -0.097409 0.177288 0.979327
vn 0.052436 0.096214 0.993979
vn -0.107264 0.200921 0.973717
vn 0.021115 0.077619 0.996760
vn 0.075195 0.050752 0.995876
vn 0.063187 0.001234 0.998001
vn 0.031089 -0.018796 0.999340
vn -0.033321 0.019927 0.999246
vn 0.049295 0.031857 0.998276
vn -0.071795 0.011407 0.997354
vn -0.018752 -0.003881 0.999817
vn -0.118163 -0.082113 0.989593
vn -0.036940 0.043007 0.998392
vn 0.030353 0.013769 0.999444
vn -0.063684 0.002946 0.997966
vn -0.015421 -0.022194 0.999635
vn 0.019626 0.032219 0.999288
vn 0.042102 0.009823 0.999065
vn 0.061773 0.046040 0.997028
vn 0.019864 0.153765 0.987908
vn -0.025220 -0.007393 0.999655
vn -0.000332 0.051294 0.998684
vn -0.110386 0.222533 0.968656
vn -0.002599 -0.000649 0.999996
vn -0.090547 0.108858 0.989925
vn -0.050158 0.029528 0.998305
vn -0.139286 0.048699 0.989054
vn -0.107203 0.035062 0.993619
vn 0.023218 -0.047495 0.998602
vn -0.031684 -0.008012 0.999466
vn -0.207268 0.483593 0.850399
vn 0.023415 -0.072805 0.997071
vn 0.131533 0.559835 0.818097
vn -0.060439 -0.023765 0.997889
vn -0.005269 0.066642 0.997763
vn -0.417979 0.089957 0.903992
vn 0.259857 -0.025471 0.965311
vn 0.004424 -0.036076 0.999339
vn 0.037354 -0.027808 0.998915
vn -0.285939 -0.082863 0.954658
vn 0.001466 0.363445 0.931614
vn -0.074079 -0.016604 0.997114
vn -0.141164 -0.073353 0.987265
vn -0.252863 0.182873 0.950062
vn -0.016445 0.059071 0.998118
vn -0.014448 0.085550 0.996229
vn -0.333145 0.453074 0.826885
vn -0.005937 -0.016010 0.999854
vn -0.000929 -0.004056 0.999991
vn 0.113978 0.008940 0.993443
vn 0.036435 -0.113505 0.992869
vn -0.034802 -0.002123 0.999392
vn 0.078225 -0.111581 0.990672
vn -0.113601 0.390933 0.913382
vn -0.053001 -0.051897 0.997245
vn 0.044019 0.168612 0.984699
vn -0.043534 0.000613 0.999052
vn 0.034148 0.191320 0.980933
vn 0.071791 0.625772 0.776695
vn -0.302391 0.082985 0.949565
vn -0.050978 0.346427 0.936691
vn -0.067339 0.001832 0.997728
vn -0.249382 0.208245 0.945750
vn -0.306482 0.108747 0.945644
vn -0.022922 -0.024501 0.999437
vn -0.046747 -0.061341 0.997022
vn 0.014131 0.026634 0.999545
vn -0.329558 0.090151 0.939821
vn 0.156633 0.040658 0.986820
vn -0.019922 -0.030739 0.999329
vn 0.025219 0.008082 0.999649
vn 0.290781 -0.332432 0.897182
vn -0.048476 -0.032321 0.998301
vn 0.288613 -0.360996 0.886783
vn -0.021654 -0.031119 0.999281
vn -0.047677 -0.027496 0.998484
vn -0.189496 0.172997 0.966521
vn 0.022929 -0.094137 0.995295
vn 0.049907 0.211940 0.976008
vn 0.220961 -0.044233 0.974279
vn 0.017614 -0.056520 0.998246
vn -0.073263 -0.019625 0.997120
vn -0.029114 -0.049397 0.998355
vn 0.000000 -0.000000 0.000000
vn 0.065933 0.034606 0.997224
vn -0.009806 0.535233 0.844647
vn 0.373356 -0.267210 0.888372
vn -0.063727 0.030016 0.997516
vn 0.108156 -0.000847 0.994134
vn 0.351161 -0.024116 -0.936005
vn -0.015585 -0.034370 0.999288
vn -0.095722 -0.282104 0.954597
vn 0.180623 0.010776 0.983493
vn -0.008483 0.127046 0.991861
vn 0.479654 -0.178795 0.859049
vn 0.033809 -0.299963 0.953351
vn 0.053130 0.070624 0.996087
vn 0.183783 0.108694 0.976939
vn -0.073317 0.159137 0.984530
vn 0.046592 -0.037495 0.998210
vn 0.142019 -0.043095 0.988925
vn -0.152972 -0.114761 0.981544
vn -0.020174 0.005114 0.999783
vn 0.057269 0.379613 0.923371
vn 0.217107 -0.027973 0.975747
vn 0.003596 0.119499 0.992828
vn 0.220481 -0.198731 0.954931
vn -0.107845 -0.039451 0.993385
vn 0.231011 0.222974 0.947057
vn 0.032984 0.038096 0.998730
vn 0.431386 0.336707 0.836979
vn 0.072495 0.076077 0.994463
vn 0.038844 0.031352 0.998753
vn 0.063727 0.037284 0.997271
vn 0.025903 0.029822 0.999220
vn -0.193183 0.072528 0.978478
vn 0.046947 0.054303 0.997420
vn 0.036496 -0.003113 0.999329
vn 0.041460 0.040959 0.998300
vn 0.025237 0.001932 0.999680
vn 0.001905 -0.095277 0.995449
vn 0.016199 0.016124 0.999739
vn 0.077772 -0.042312 0.996073
vn 0.172740 -0.028425 0.984557
vn -0.113969 0.050578 0.992196
vn 0.070019 -0.109359 0.991533
vn -0.300893 0.204306 0.931516
vn -0.108650 0.411691 0.904823
vn -0.104349 -0.031150 0.994053
vn -0.389570 0.059635 0.919064
vn 0.065317 0.362898 0.929537
vn 0.415800 0.206684 0.885659
vn 0.363444 0.350604 0.863125
vn 0.094874 0.119686 0.988268
vn -0.104630 -0.262504 0.959241
vn -0.315304 -0.081630 0.945473
vn 0.111475 0.187365 0.975945
vn 0.192612 -0.102496 0.975907
vn 0.053827 0.062970 0.996563
vn 0.220484 -0.117362 0.968304
vn 0.001327 -0.013639 0.999906
vn -0.208664 -0.361222 0.908833
vn 0.053208 0.005728 0.998567
vn -0.087246 0.080010 0.992969
vn 0.294352 -0.341060 0.892768
vn 0.105916 -0.002128 0.994373
vn -0.409885 -0.073558 0.909166
vn 0.043216 0.184843 0.981817
vn 0.120453 -0.080907 0.989417
vn -0.068080 -0.101851 0.992467
vn 0.007131 0.008839 0.999936
vn -0.294608 -0.343553 0.891727
vn -0.036354 0.056806 0.997723
vn -0.421545 -0.250133 0.871627
vn 0.006712 0.018559 0.999805
vn -0.170005 0.473637 0.864156
vn 0.368906 -0.017162 0.929308
vn -0.006168 -0.075152 0.997153
vn -0.465098 -0.002623 0.885255
vn 0.080468 -0.031449 0.996261
vn 0.453726 0.028283 0.890692
vn 0.069096 -0.020193 0.997406
vn -0.068494 -0.210630 0.975163
vn 0.211975 0.062766 0.975257
vn 0.025231 0.038273 0.998949
vn 0.094374 -0.103468 0.990145
vn 0.321713 0.048917 0.945573
vn 0.289516 0.078897 0.953916
vn -0.046659 0.061171 0.997036
vn -0.515219 -0.292493 0.805603
vn -0.535164 -0.072696 0.841614
vn -0.060744 0.080935 0.994867
vn -0.063048 0.039490 0.997229
vn 0.161660 -0.408572 0.898295
vn -0.021001 0.434542 0.900407
vn -0.125265 -0.371307 0.920022
vn -0.058359 0.075343 0.995449
vn 0.104751 0.544950 0.831900
vn 0.007790 0.533193 0.845958
vn 0.095920 0.285426 0.953589
vn 0.450183 0.322795 0.832549
vn -0.291627 0.381706 0.877071
vn 0.414049 0.321455 0.851604
vn 0.096231 0.335713 0.937036
vn -0.298114 0.331536 0.895104
vn -0.012536 0.054639 0.998427
vn 0.243309 -0.020852 0.969725
vn 0.301613 -0.463867 0.832981
vn -0.011496 0.281054 0.959623
vn 0.146182 -0.027893 0.988864
vn 0.153686 -0.021630 0.987883
vn 0.142301 0.110872 0.983594
vn 0.374742 0.356730 0.855752
vn -0.152188 0.369604 0.916641
vn -0.391908 0.103642 0.914148
vn -0.058898 0.033021 0.997718
vn -0.079881 0.039709 0.996013
vn 0.015564 0.058264 0.998180
vn -0.397673 0.167028 0.902196
vn 0.383183 -0.299659 0.873713
vn 0.193289 -0.223474 0.955353
vn 0.062605 0.115204 0.991367
vn 0.097535 -0.018317 0.995063
vn 0.352689 -0.791888 0.498521
vn -0.440721 0.481884 0.757332
vn -0.017690 0.113946 0.993329
vn 0.000000 0.000000 0.000000
vn -0.090083 0.173623 0.980683
vn -0.102589 0.035717 0.994082
vn 0.429421 -0.393401 0.812916
vn 0.036536 0.048093 0.998174
vn 0.423459 0.539073 -0.728068
vn -0.086314 0.510225 0.855699
vn -0.022704 -0.042287 0.998848
vn 0.210049 0.415242 0.885129
vn 0.010181 -0.092265 0.995682
vn -0.022669 -0.007263 0.999717
vn 0.181954 -0.021571 0.983070
vn 0.033392 -0.002966 0.999438
vn 0.267883 -0.012208 0.963374
vn -0.010873 0.076469 0.997013
vn -0.030010 -0.002419 0.999547
vn 0.029221 0.133980 0.990553
vn 0.248646 -0.199464 0.947834
vn 0.166814 -0.242159 0.955789
vn -0.047906 -0.010950 0.998792
vn -0.013581 0.184500 0.982739
vn -0.092504 0.003415 0.995706
vn 0.031722 0.063201 0.997497
vn 0.076894 0.083814 0.993510
vn -0.333232 0.385268 0.860538
vn -0.023411 0.113618 0.993249
vn 0.021927 0.055166 0.998236
vn -0.020778 -0.041347 0.998929
vn 0.054595 0.082421 0.995101
vn 0.130672 0.140221 0.981460
vn -0.050902 -0.031683 0.998201
vn -0.200811 -0.414842 0.887457
vn 0.111216 0.097393 0.989012
vn 0.048375 -0.006402 0.998809
vn -0.559832 -0.202219 0.803552
vn -0.510132 0.401513 0.760627
vn -0.412556 -0.109671 0.904306
vn -0.257890 -0.303472 0.917277
vn -0.023538 0.017687 0.999566
vn -0.071516 0.019433 0.997250
vn -0.022407 -0.067459 0.997470
vn -0.027864 -0.007867 0.999581
vn -0.036497 -0.000107 0.999334
vn 0.001106 0.040759 0.999168
vn 0.016314 0.151950 0.988254
vn -0.032912 -0.021068 0.999236
vn 0.006919 -0.031976 0.999465
vn 0.098836 -0.003091 0.995099
vn -0.131139 0.070911 0.988825
vn -0.032570 -0.000743 0.999469
vn -0.023333 0.030837 0.999252
vn -0.119663 0.130056 0.984259
vn -0.272143 -0.070748 0.959652
vn 0.015810 -0.029505 0.999440
vn 0.159562 -0.130604 0.978510
vn -0.037148 -0.062294 0.997366
vn -0.028258 -0.044753 0.998598
vn -0.214007 -0.136668 0.967224
vn -0.034382 0.187222 0.981716
vn -0.037786 -0.470165 0.881769
vn 0.041781 -0.063057 0.997135
vn -0.058738 -0.020266 0.998068
vn 0.109244 -0.016977 0.993870
vn -0.041651 0.038154 0.998403
vn 0.005273 -0.045474 0.998952
vn -0.020232 0.022432 0.999544
vn 0.035706 -0.025273 0.999043
vn -0.026358 0.038942 0.998894
vn 0.231431 0.030722 0.972366
vn -0.041853 0.047655 0.997987
vn -0.035140 0.087220 0.995569
vn 0.007431 -0.046897 0.998872
vn 0.127987 -0.411190 0.902520
vn 0.011385 -0.014084 0.999836
vn -0.024124 0.075109 0.996884
vn -0.075995 0.052011 0.995751
vn 0.057244 -0.065976 0.996178
vn 0.105794 0.057481 0.992725
vn -0.033096 0.031557 0.998954
vn -0.008648 0.592441 0.805568
vn 0.035660 0.039067 0.998600
vn 0.028747 0.025376 0.999265
vn 0.067763 -0.076120 0.994793
vn -0.013233 -0.006272 0.999893
vn 0.030954 -0.026068 0.999181
vn 0.017780 -0.016652 0.999703
vn 0.056488 0.056597 0.996798
vn 0.073177 0.035506 0.996687
vn 0.036835 0.016929 0.999178
vn -0.058087 -0.107417 0.992516
vn 0.040440 -0.003315 0.999176
vn 0.343076 -0.593478 0.728068
vn 0.000000 0.000000 0.000000
vn -0.026471 0.028513 0.999243
vn 0.189886 0.446988 0.874154
vn 0.479096 -0.428636 0.765988
vn 0.020545 -0.152807 0.988042
vn 0.081648 -0.228216 0.970181
vn -0.010540 -0.002018 0.999942
vn -0.092516 0.076995 0.992730
vn 0.001061 -0.010310 0.999946
vn -0.450881 -0.071420 0.889722
vn -0.199853 0.041152 0.978961
vn 0.018865 -0.065261 0.997690
vn 0.052435 0.043599 0.997672
vn -0.174951 -0.119860 0.977254
vn 0.025279 0.002896 0.999676
vn 0.036996 0.008557 0.999279
vn -0.035718 -0.012897 0.999279
vn 0.044607 0.034439 0.998411
vn 0.014366 0.043666 0.998943
vn -0.071568 0.023277 0.997164
vn -0.341334 -0.016156 0.939803
vn 0.246079 -0.176472 0.953049
vn 0.386871 -0.163593 0.907507
vn 0.343852 -0.412407 0.843615
vn 0.202043 -0.160917 0.966066
vn -0.187457 0.085610 0.978535
vn 0.086183 0.069865 0.993827
vn -0.029628 0.072198 0.996950
vn -0.003323 0.090837 0.995860
vn 0.019482 -0.013278 0.999722
vn -0.075974 -0.112132 0.990785
vn -0.371914 -0.497936 0.783415
vn -0.172936 -0.312293 0.934113
vn -0.075860 0.020250 0.996913
vn 0.006555 -0.009503 0.999933
vn -0.111540 -0.044125 0.992780
vn -0.057497 0.521684 0.851199
vn -0.060121 0.103649 0.992795
vn 0.315507 0.115080 0.941919
vn -0.118468 0.030109 0.992501
vn -0.451483 0.026476 0.891887
vn -0.020547 0.069158 0.997394
vn 0.209105 -0.144787 0.967115
vn -0.077034 0.088196 0.993120
vn -0.126800 -0.039416 0.991145
vn -0.042993 -0.032890 0.998534
vn 0.031959 0.006253 0.999470
vn 0.058687 -0.245964 0.967501
vn 0.036320 0.003686 0.999333
vn 0.283706 -0.223892 0.932407
vn 0.004709 -0.289865 0.957056
vn -0.044673 0.065829 0.996830
vn -0.019340 0.005584 0.999797
vn -0.083023 -0.223083 0.971258
vn -0.304348 -0.289800 0.907407
vn 0.001785 0.433493 0.901155
vn -0.043588 -0.459280 0.887222
vn 0.016600 -0.006951 0.999838
vn -0.019144 -0.013361 0.999727
vn 0.070692 -0.005844 0.997481
vn 0.006209 0.174985 0.984551
vn 0.309438 -0.324871 0.893704
vn 0.001145 0.042332 0.999103
vn 0.051835 0.021355 0.998427
vn 0.252639 -0.281561 0.925687
vn 0.014452 -0.074105 0.997146
vn 0.122798 -0.083772 0.988890
vn 0.086182 -0.015732 0.996155
vn 0.094490 -0.102165 0.990270
vn 0.047711 0.019328 0.998674
vn 0.203212 -0.069855 0.976640
vn -0.136848 0.051913 0.989231
vn -0.231723 0.025128 0.972457
vn -0.017073 0.016796 0.999713
vn -0.141313 -0.114308 0.983344
vn 0.018550 -0.021150 0.999604
vn -0.311472 0.309709 0.898368
vn 0.034435 0.039580 0.998623
vn -0.397169 0.340407 0.852279
vn 0.034602 -0.029759 0.998958
vn 0.333430 -0.133557 0.933267
vn -0.011562 -0.021824 0.999695
vn -0.064560 -0.038855 0.997157
vn 0.171751 0.227057 0.958617
vn 0.021793 -0.040586 0.998938
vn 0.004061 -0.011674 0.999924
vn -0.025282 0.025471 0.999356
vn 0.150371 -0.122927 0.980958
vn 0.078739 0.023338 0.996622
vn 0.037078 -0.071668 0.996739
vn 0.084491 0.067534 0.994133
vn -0.021327 -0.023394 0.999499
vn -0.018657 -0.005561 0.999810
vn 0.033665 -0.072285 0.996816
vn -0.022316 -0.016898 0.999608
vn 0.039680 -0.067861 0.996905
vn -0.088455 0.043569 0.995127
vn 0.031502 0.081316 0.996190
vn 0.046058 0.046647 0.997849
vn -0.147733 -0.159695 0.976049
vn 0.117376 -0.032590 0.992553
vn 0.288022 -0.136595 0.947832
vn 0.179454 -0.028077 0.983366
vn 0.185998 0.046453 0.981451
vn -0.026997 -0.061594 0.997736
vn -0.027095 -0.143011 0.989350
vn 0.281325 -0.307055 0.909161
vn 0.421738 -0.128899 0.897509
vn -0.217963 0.312963 0.924417
vn -0.095420 0.086189 0.991699
vn 0.070600 -0.043991 0.996534
vn 0.229933 0.017281 0.973053
vn 0.081176 0.039951 0.995899
vn 0.031877 0.047300 0.998372
vn 0.096579 0.143346 0.984949
vn -0.022038 0.079231 0.996613
vn 0.049953 0.027867 0.998363
vn -0.077079 -0.120079 0.989768
vn 0.093492 -0.112130 0.989286
vn 0.145726 -0.123120 0.981634
vn -0.452447 0.100195 0.886145
vn -0.312985 -0.369069 0.875116
vn -0.252878 -0.077160 0.964416
vn 0.222130 0.254593 0.941191
vn -0.113836 0.469459 0.875585
vn 0.459989 0.108484 0.881273
vn 0.044654 0.041168 0.998154
vn 0.281880 0.266401 0.921723
vn 0.544566 -0.057893 0.836718
vn -0.028485 0.045297 0.998567
vn -0.100779 0.008313 0.994874
vn -0.048923 0.016303 0.998670
vn 0.079216 0.067778 0.994551
vn -0.073462 -0.032455 0.996770
vn 0.038323 0.483361 0.874582
vn 0.222774 0.567170 0.792900
vn -0.120261 0.586856 0.800710
vn 0.083792 0.565849 0.820240
vn 0.417114 0.152598 0.895952
vn -0.016173 0.070124 0.997407
vn 0.296187 -0.099311 0.949953
vn 0.181885 0.354495 0.917197
vn -0.075178 0.046751 0.996074
vn 0.235906 0.240928 0.941436
vn 0.117641 -0.091248 0.988855
vn 0.000000 0.000000 -0.000000
vn 0.114026 -0.302394 0.946338
vn -0.015415 0.074458 0.997105
vn -0.026935 0.038932 0.998879
vn 0.071883 0.056435 0.995815
vn -0.059333 0.038389 0.997500
vn 0.072460 0.047799 0.996225
vn -0.355547 0.128074 0.925842
vn -0.346890 -0.116180 0.930682
vn -0.387488 0.401050 0.830068
vn -0.082983 -0.107046 0.990785
vn -0.400753 0.457813 0.793602
vn -0.277214 -0.189328 0.941970
vn 0.026209 0.363099 0.931382
vn 0.381935 -0.392300 0.836795
vn -0.438627 -0.046600 0.897460
vn -0.187110 0.109813 0.976182
vn -0.303410 0.418804 0.855888
vn -0.443543 0.113294 0.889063
vn 0.140912 -0.176212 0.974214
vn -0.257835 0.473164 0.842399
vn 0.372348 -0.358078 0.856234
vn -0.702015 0.064372 0.709247
vn 0.022798 0.008397 0.999705
vn -0.274933 0.419604 0.865069
vn -0.134868 -0.116289 0.984016
vn 0.641526 -0.651449 0.405042
vn 0.286589 0.530952 0.797469
vn 0.390624 0.119472 0.912765
vn -0.255113 0.237988 0.937165
vn 0.163731 -0.452390 0.876662
vn -0.280346 0.377175 0.882692
vn 0.165408 -0.135898 0.976817
vn -0.036155 -0.174181 0.984050
vn -0.075391 0.060164 0.995337
vn -0.010777 -0.148563 0.988844
vn -0.126356 -0.186413 0.974312
vn -0.025286 0.020592 0.999468
vn 0.171942 -0.001696 0.985106
vn -0.022298 0.014887 0.999641
vn 0.099585 -0.008404 0.994994
vn -0.053737 0.020687 0.998341
vn -0.031903 0.025323 0.999170
vn 0.056452 0.005941 0.998388
vn 0.053670 -0.080678 0.995294
vn 0.000515 0.029017 0.999579
vn 0.216016 -0.051661 0.975022
vn -0.001686 0.040715 0.999169
vn -0.028594 0.054697 0.998093
vn 0.084245 0.029603 0.996005
vn 0.320347 -0.057677 0.945543
vn 0.000194 0.042744 0.999086
vn 0.060536 0.218990 0.973847
vn 0.025364 0.087264 0.995862
vn 0.015960 0.019331 0.999686
vn -0.058724 0.033807 0.997702
vn 0.151697 0.042777 0.987501
vn -0.089892 0.050225 0.994684
vn -0.143069 0.243251 0.959354
vn 0.003699 0.110029 0.993921
vn 0.057199 0.030714 0.997890
vn -0.117030 -0.258720 0.958837
vn -0.124742 -0.407789 0.904515
vn 0.053866 0.044030 0.997577
vn -0.338322 -0.439483 0.832102
vn -0.069120 -0.115819 0.990863
vn -0.072258 -0.020706 0.997171
vn -0.237976 -0.486914 0.840406
vn -0.082317 0.103614 0.991205
vn 0.024570 0.043146 0.998767
vn 0.543293 0.307133 0.781346
vn -0.157478 0.043127 0.986580
vn -0.275757 0.023383 0.960943
vn 0.123315 -0.010300 0.992314
vn -0.099229 0.081105 0.991754
vn -0.004201 -0.074926 0.997180
vn -0.004333 -0.005792 0.999974
vn 0.045458 0.031946 0.998455
vn 0.021039 0.053938 0.998323
vn -0.061268 0.119940 0.990889
vn -0.015710 -0.051988 0.998524
vn -0.014688 -0.015052 0.999779
vn 0.014189 0.084559 0.996317
vn 0.451332 0.236375 0.860480
vn 0.016798 -0.035978 0.999211
vn -0.084417 -0.081664 0.993078
vn -0.055812 0.067066 0.996186
vn -0.034485 -0.028970 0.998985
vn -0.417023 -0.281188 0.864306
vn -0.423243 -0.250326 0.870748
vn 0.009380 0.049165 0.998747
vn -0.467707 -0.254128 0.846563
vn -0.019855 -0.028466 0.999398
vn -0.029443 -0.052184 0.998203
vn 0.212928 -0.086467 0.973234
vn 0.113345 0.025084 0.993239
vn -0.021273 -0.014353 0.999671
vn 0.022940 0.029581 0.999299
vn 0.143132 0.188120 0.971661
vn 0.293104 -0.058825 0.954269
vn 0.124236 0.087740 0.988366
vn 0.136457 0.063670 0.988598
vn 0.305470 -0.309587 0.900469
vn -0.156994 -0.089616 0.983525
vn -0.364681 -0.155101 0.918124
vn 0.104845 -0.163239 0.981000
vn -0.028519 0.023103 0.999326
vn -0.002208 0.021721 0.999762
vn 0.113318 -0.054819 0.992045
vn 0.002274 0.043179 0.999065
vn -0.177308 -0.021717 0.983916
vn -0.029062 0.011895 0.999507
vn 0.078376 0.143934 0.986479
vn 0.003663 0.037737 0.999281
vn -0.010949 -0.018533 0.999768
vn 0.011683 0.068528 0.997581
vn 0.196138 0.133652 0.971425
vn -0.444667 -0.036796 0.894940
vn -0.012845 -0.013895 0.999821
vn -0.023994 -0.093656 0.995315
vn 0.106350 -0.029841 0.993881
vn 0.184580 -0.129549 0.974242
vn 0.478856 -0.154843 0.864130
vn -0.048517 0.018886 0.998644
vn 0.369867 -0.269092 0.889263
vn 0.375953 0.253134 0.891394
vn 0.438352 -0.107326 0.892373
vn -0.132891 -0.177258 0.975151
vn -0.057447 -0.065407 0.996204
vn -0.092604 0.011857 0.995632
vn -0.043387 -0.019139 0.998875
vn 0.114542 0.028568 0.993008
vn -0.058837 0.520363 0.851916
vn -0.033042 0.500449 0.865135
vn -0.118765 0.022688 0.992663
vn 0.169556 -0.051266 0.984186
vn -0.253523 0.037918 0.966586
vn -0.006049 -0.017528 0.999828
vn 0.128928 -0.025594 0.991324
vn -0.450195 -0.026023 0.892551
vn -0.050303 0.045907 0.997678
vn -0.232034 -0.257660 0.937961
vn -0.194035 -0.057494 0.979308
vn -0.099744 -0.005080 0.995000
vn -0.006973 0.061396 0.998089
vn -0.046361 -0.116464 0.992112
vn -0.040714 -0.024785 0.998863
vn -0.498526 0.055935 0.865069
vn -0.427063 0.068676 0.901610
vn 0.000000 0.000000 -0.000000
vn -0.237445 -0.177866 0.954978
vn 0.079064 -0.236381 0.968438
vn -0.044718 -0.035560 0.998367
vn 0.348617 -0.357404 0.866446
vn 0.183665 0.175279 0.967235
vn 0.511795 -0.378231 0.771367
vn 0.106049 -0.173860 0.979044
vn -0.042928 -0.030111 0.998624
vn -0.257361 0.146976 0.955073
vn 0.034082 -0.249957 0.967657
vn -0.262626 0.011643 0.964828
vn -0.433387 0.381374 0.816535
vn -0.059670 -0.057463 0.996563
vn -0.260776 -0.036049 0.964726
vn -0.041069 0.045810 0.998106
vn -0.017288 0.061702 0.997945
vn 0.083332 0.056845 0.994899
vn -0.379082 0.449428 0.808895
vn -0.109990 -0.393385 0.912771
vn 0.095448 0.027538 0.995053
vn -0.378495 0.480018 0.791407
vn -0.024478 0.020419 0.999492
vn 0.020725 -0.006669 0.999763
vn 0.015431 0.008634 0.999844
vn 0.232234 -0.351580 0.906895
vn 0.260059 -0.478723 0.838566
vn 0.043389 -0.181009 0.982524
vn -0.082578 0.049727 0.995343
vn -0.104748 0.127947 0.986234
vn -0.382115 -0.109980 0.917547
vn -0.021096 0.074808 0.996975
vn -0.012856 -0.011133 0.999855
vn 0.133652 -0.004622 0.991018
vn 0.557199 -0.181619 0.810274
vn 0.020945 -0.021777 0.999543
vn -0.052893 0.040820 0.997766
vn 0.042785 -0.112495 0.992731
vn -0.018495 0.045814 0.998779
vn -0.004173 0.028797 0.999577
vn -0.009860 -0.060413 0.998125
vn -0.007635 -0.004555 0.999960
vn 0.167414 0.043525 -0.984925
vn -0.001280 0.408426 0.912791
vn -0.097132 0.109325 0.989249
vn -0.213757 0.308609 0.926859
vn 0.541348 -0.128653 0.830897
vn -0.095657 0.030621 0.994943
vn 0.101069 -0.033852 0.994303
vn 0.004658 0.042839 0.999071
vn -0.039222 -0.069108 0.996838
vn 0.012730 0.028237 0.999520
vn 0.225356 0.088111 0.970284
vn -0.006492 0.022236 0.999732
vn 0.074579 0.022158 0.996969
vn 0.002122 0.006058 0.999979
vn 0.082645 0.044050 0.995605
vn 0.297580 0.098073 0.949646
vn -0.074420 0.021884 0.996987
vn 0.079447 -0.044224 0.995858
vn 0.061200 -0.371583 0.926380
vn -0.058880 -0.000306 0.998265
vn 0.156727 0.036271 0.986976
vn 0.003061 -0.155250 0.987870
vn -0.005319 0.019624 0.999793
vn 0.047191 0.055412 0.997348
vn 0.024657 0.001260 0.999695
vn -0.005447 0.044083 0.999013
vn -0.075623 0.025084 0.996821
vn 0.034558 -0.087673 0.995550
vn -0.053948 -0.080277 0.995312
vn -0.043165 -0.008861 0.999029
vn -0.015918 0.000962 0.999873
vn 0.175907 -0.203861 0.963067
vn -0.060527 0.030418 0.997703
vn -0.079908 0.088503 0.992865
vn -0.014902 0.045988 0.998831
vn 0.054564 0.127576 0.990327
vn 0.038798 0.103649 0.993857
vn 0.007960 -0.097104 0.995242
vn 0.043432 0.015924 0.998929
vn -0.271423 -0.017313 0.962304
vn 0.243698 -0.281504 0.928099
vn -0.050720 0.057886 0.997034
vn 0.086439 -0.031044 0.995773
vn 0.088040 0.166501 0.982103
vn -0.041833 -0.139633 0.989319
vn -0.290296 0.022032 0.956683
vn -0.355978 0.075889 0.931408
vn 0.051045 0.084340 0.995129
vn -0.091688 -0.036208 0.995129
vn -0.266935 0.238399 0.933762
vn -0.118389 0.072761 0.990298
vn -0.013500 -0.029575 0.999471
vn 0.097951 -0.056475 0.993587
vn 0.024076 -0.107982 0.993861
vn 0.011977 0.062109 0.997998
vn -0.222392 -0.089934 0.970801
vn -0.418184 0.194005 0.887403
vn -0.075502 -0.012477 0.997068
vn 0.178786 -0.137868 0.974181
vn -0.071220 -0.026558 0.997107
vn 0.102429 -0.212751 0.971723
vn 0.006245 -0.036399 0.999318
vn -0.024729 -0.004328 0.999685
vn 0.056426 -0.025594 0.998079
vn 0.020980 0.054902 0.998271
vn 0.357530 -0.185052 0.915384
vn 0.061804 0.001332 0.998087
vn 0.164786 -0.054427 0.984826
vn -0.307832 -0.004425 0.951430
vn -0.130940 0.314491 0.940186
vn 0.251415 -0.331768 0.909242
vn 0.171726 -0.066124 0.982923
vn -0.220332 0.048304 0.974228
vn -0.243619 0.127045 0.961514
vn -0.093643 0.166007 0.981668
vn 0.092670 0.275468 0.956833
vn -0.081411 -0.142866 0.986388
vn -0.041032 0.071029 0.996630
vn 0.025478 -0.117281 0.992772
vn -0.172650 0.282722 0.943536
vn -0.069740 -0.014334 0.997462
vn 0.306922 -0.298006 0.903876
vn 0.115154 0.006599 0.993326
vn 0.030914 0.057958 0.997840
vn 0.097045 0.001662 0.995279
vn 0.223581 0.221579 0.949165
vn 0.356988 0.280098 0.891126
vn -0.070252 0.104918 0.991996
vn 0.035380 0.082151 0.995992
vn 0.036686 -0.148334 0.988257
vn -0.333951 0.245732 0.909996
vn -0.052412 0.063194 0.996624
vn -0.490942 -0.103715 0.864997
vn 0.044779 0.092703 0.994686
vn -0.052130 -0.060259 0.996821
vn -0.106685 0.357920 0.927638
vn -0.030001 -0.071673 0.996977
vn -0.039593 0.065856 0.997043
vn 0.112681 -0.027566 0.993249
vn -0.060503 0.130562 0.989592
vn 0.006926 0.006678 0.999954
vn 0.027145 0.485491 0.873820
vn -0.018687 0.047628 0.998690
vn -0.084666 0.056042 0.994832
vn -0.192191 -0.119212 0.974090
vn 0.040117 0.017058 0.999049
vn -0.163702 0.423993 0.890748
vn 0.383506 0.297635 0.874263
vn -0.033404 0.000012 0.999442
vn -0.156035 0.245834 0.956671
vn 0.034258 0.497118 0.867007
vn 0.074600 0.582700 0.809256
vn -0.381346 -0.249838 0.890032
vn -0.232965 -0.165295 0.958334
vn -0.015359 0.022627 0.999626
vn -0.240817 -0.259022 0.935369
vn -0.091543 0.073577 0.993079
vn 0.032528 0.083815 0.995950
vn 0.087845 0.130943 0.987490
vn 0.019362 0.016225 0.999681
vn -0.097672 0.477564 0.873151
vn 0.054911 -0.047532 0.997359
vn 0.265544 0.435856 0.859951
vn -0.215766 0.588044 0.779518
vn 0.040152 0.015913 0.999067
vn -0.164274 0.495396 0.852993
vn 0.105487 -0.009264 0.994378
vn -0.052556 0.245011 0.968095
vn -0.007587 0.019250 0.999786
vn -0.311146 0.372129 0.874476
vn 0.272253 -0.210599 0.938896
vn 0.025035 -0.023769 0.999404
vn 0.410652 -0.149745 0.899412
vn -0.429913 0.492682 0.756597
vn 0.134702 -0.047886 0.989728
vn 0.052489 -0.019746 0.998426
vn -0.056084 -0.035480 0.997795
vn 0.046150 0.403885 0.913645
vn 0.193812 0.176344 0.965059
vn -0.115410 0.058797 0.991576
vn -0.241035 -0.352735 0.904146
vn 0.241702 -0.577117 0.780074
vn -0.027111 0.017469 0.999480
vn 0.048029 -0.010830 0.998787
vn -0.032738 -0.261071 0.964764
vn 0.112936 0.343225 0.932439
vn -0.027631 -0.018447 0.999448
vn 0.504704 0.006266 0.863270
vn -0.323760 0.399863 0.857490
vn 0.040902 0.039788 0.998371
vn -0.306271 0.510651 0.803389
vn -0.283563 0.547635 0.787203
vn 0.010089 -0.064739 0.997851
vn 0.089489 0.100232 0.990931
vn 0.011820 0.138485 0.990294
vn 0.020309 -0.007450 0.999766
vn -0.435123 0.459064 0.774551
vn -0.017673 0.079029 0.996716
vn 0.380975 -0.379949 0.842910
vn 0.020728 0.042772 0.998870
vn 0.235343 -0.474780 0.848055
vn -0.153036 -0.178830 0.971905
vn -0.060133 0.050063 0.996934
vn -0.049179 -0.074252 0.996026
vn 0.063558 0.122000 0.990493
vn 0.498920 -0.162287 0.851318
vn 0.091877 -0.279306 0.955796
vn 0.318032 -0.258696 0.912103
vn 0.572383 -0.251981 0.780309
vn -0.091711 -0.088843 0.991814
vn 0.010231 -0.011208 0.999885
vn 0.055203 0.125374 0.990572
vn -0.037167 -0.002686 0.999305
vn -0.000559 -0.012185 0.999926
vn 0.335988 -0.125245 0.933502
vn 0.189698 0.005074 0.981829
vn 0.144194 0.073472 0.986818
vn 0.152284 -0.153552 0.976336
vn 0.033841 0.150592 0.988017
vn 0.339333 -0.344972 0.875127
vn -0.024999 0.056998 0.998061
vn -0.034955 0.006656 0.999367
vn 0.114438 0.409755 0.904989
vn -0.407961 0.108910 0.906480
vn 0.015258 0.142593 0.989664
vn -0.077158 -0.189499 0.978845
vn -0.093616 0.121781 0.988132
vn 0.147035 -0.314536 0.937789
vn -0.041224 0.099427 0.994191
vn -0.000095 0.075990 0.997109
vn -0.004805 0.025928 0.999652
vn 0.044953 -0.070400 0.996505
vn -0.040753 0.060220 0.997353
vn 0.031805 -0.072298 0.996876
vn -0.077308 0.008060 0.996975
vn -0.329727 -0.008258 0.944040
vn 0.405268 -0.433764 0.804740
vn -0.067217 0.089028 0.993758
vn -0.052698 0.042574 0.997703
vn 0.468461 -0.105167 0.877202
vn 0.011229 -0.047534 0.998807
vn 0.034243 -0.067657 0.997121
vn 0.009096 0.027592 0.999578
vn 0.006847 0.047227 0.998861
vn -0.024789 -0.110718 0.993543
vn -0.194528 0.395542 0.897611
vn -0.052039 0.011342 0.998581
vn -0.054905 0.038394 0.997753
vn 0.083136 -0.076845 0.993571
vn 0.047291 -0.018799 0.998704
vn -0.065064 -0.083570 0.994375
vn 0.055135 0.064861 0.996370
vn 0.042723 0.022295 0.998838
vn -0.022691 0.019137 0.999559
vn 0.250269 -0.061302 0.966234
vn -0.010988 0.017910 0.999779
vn -0.114376 -0.008485 0.993401
vn -0.016843 -0.003290 0.999853
vn 0.107824 -0.077969 0.991108
vn -0.009640 0.008814 0.999915
vn -0.010165 0.132903 0.991077
vn -0.061072 -0.076815 0.995173
vn -0.153114 0.068635 0.985822
vn 0.100011 0.073368 0.992278
vn -0.082838 -0.025755 0.996230
vn 0.105296 -0.058024 0.992747
vn 0.035837 -0.019817 0.999161
vn -0.007447 0.023987 0.999685
vn -0.209884 -0.022070 0.977477
vn 0.046591 -0.066518 0.996697
vn 0.060256 -0.049130 0.996973
vn 0.041447 0.046366 0.998064
vn 0.154869 -0.052723 0.986527
vn 0.050677 -0.020741 0.998500
vn 0.034118 -0.064055 0.997363
vn 0.009290 -0.032810 0.999418
vn 0.009498 0.067824 0.997652
vn -0.210611 -0.071461 0.974954
vn -0.108207 -0.071769 0.991534
vn -0.216296 0.261660 0.940611
vn -0.065749 0.088890 0.993869
vn 0.003752 -0.005133 0.999980
vn 0.102106 -0.045532 0.993731
vn -0.017675 -0.003672 0.999837
vn -0.043873 0.007261 0.999011
vn 0.050267 0.051330 0.997416
vn 0.533850 -0.193177 0.823217
vn -0.087362 -0.087201 0.992353
vn -0.006581 0.017690 0.999822
vn 0.074557 0.010961 0.997157
vn -0.462438 -0.119866 0.878512
vn 0.018815 0.027636 0.999441
vn 0.216242 0.869516 0.444050
vn 0.105381 -0.301498 0.947625
vn 0.032850 0.052955 0.998056
vn -0.011257 0.023852 0.999652
vn 0.032797 0.006324 0.999442
vn -0.154962 0.051403 0.986582
vn 0.292688 0.085471 0.952380
vn -0.015309 0.015040 0.999770
vn 0.093695 -0.142745 0.985315
vn -0.133119 0.105819 0.985435
vn -0.101283 0.103527 0.989456
vn 0.158156 0.405651 0.900241
vn 0.076083 -0.132568 0.988249
vn 0.026604 0.020274 0.999440
vn -0.250936 -0.186185 0.949930
vn -0.257854 0.466463 0.846123
vn -0.416309 0.506275 0.755230
vn -0.375777 0.368122 0.850457
vn 0.028524 -0.075941 0.996704
vn 0.066913 -0.237438 0.969095
vn -0.009480 0.018075 0.999792
vn -0.029795 0.034086 0.998975
vn 0.309862 -0.281749 0.908076
vn 0.357087 -0.441680 0.823048
vn -0.016756 0.037041 0.999173
vn -0.030365 -0.205509 0.978184
vn -0.057638 0.208224 0.976382
vn -0.056446 0.042004 0.997522
vn 0.034318 -0.045921 0.998355
vn -0.027798 0.022383 0.999363
vn -0.000484 0.078870 0.996885
vn -0.001037 0.039130 0.999234
vn -0.079585 0.001847 0.996826
vn 0.004397 -0.002919 0.999986
vn 0.103365 -0.185875 0.977121
vn -0.117961 -0.029231 0.992588
vn -0.011026 0.029631 0.999500
vn -0.005234 -0.007147 0.999961
vn 0.325476 -0.501068 0.801871
vn -0.029257 -0.002264 0.999569
vn 0.361333 -0.484033 0.796963
vn -0.021750 -0.027365 0.999389
vn 0.417114 -0.363783 0.832873
vn 0.011844 0.029928 0.999482
vn 0.005943 -0.084943 0.996368
vn -0.008845 0.120541 0.992669
vn -0.194806 -0.049404 0.979597
vn 0.458011 -0.421023 0.782921
vn 0.298753 -0.822422 0.484117
vn -0.063443 -0.004870 0.997974
vn -0.009978 -0.034663 0.999349
vn 0.051480 0.077405 0.995670
vn -0.110212 -0.035064 0.993289
vn 0.505771 -0.216927 0.834948
vn 0.506464 -0.109466 0.855284
vn -0.016093 0.005095 0.999858
vn -0.828586 0.407857 0.383534
vn -0.341533 0.062388 0.937797
vn -0.318429 0.390858 0.863616
vn -0.033099 0.040683 0.998624
vn 0.057363 0.049287 0.997136
vn -0.041220 0.539898 0.840720
vn 0.096589 0.175433 0.979742
vn -0.151577 0.123163 0.980742
vn 0.276417 -0.028592 0.960612
vn -0.002684 0.127545 0.991829
vn 0.006023 -0.070508 0.997493
vn 0.020330 -0.148196 0.988749
vn 0.242350 0.213054 0.946506
vn 0.383926 -0.245967 0.890001
vn 0.540735 0.025299 0.840812
vn 0.068053 0.056546 0.996078
vn 0.032292 -0.184080 0.982381
vn -0.064731 0.005206 0.997889
vn 0.056025 0.030827 0.997953
vn -0.045419 0.107485 0.993169
vn -0.066725 -0.005871 0.997754
vn 0.035880 -0.175825 0.983767
vn -0.086507 0.059673 0.994463
vn 0.037553 -0.146373 0.988516
vn -0.046341 0.018319 0.998758
vn -0.051427 0.161786 0.985485
vn -0.023069 0.004571 0.999723
vn -0.087240 0.061507 0.994287
vn 0.001095 0.002523 0.999996
vn -0.022771 0.060667 0.997898
vn -0.124311 -0.260636 0.957401
vn 0.243095 -0.382399 0.891446
vn -0.067352 0.046051 0.996666
vn -0.048844 -0.113814 0.992301
vn -0.070719 0.025828 0.997162
vn 0.309277 -0.415327 0.855483
vn -0.025603 0.017970 0.999511
vn -0.023141 0.027892 0.999343
vn 0.117190 -0.008122 0.993076
vn 0.000643 -0.097812 0.995205
vn 0.085963 0.077717 0.993263
vn 0.049817 -0.035947 0.998111
vn 0.060812 0.004981 0.998137
vn 0.223005 -0.337019 0.914706
vn 0.008090 0.044210 0.998989
vn 0.215088 -0.009139 0.976552
vn 0.037263 0.386072 0.921716
vn -0.397302 0.117462 0.910139
vn 0.097516 0.024603 0.994930
vn -0.058975 0.300641 0.951912
vn -0.032893 -0.005748 0.999442
vn -0.001960 0.049350 0.998780
vn -0.101327 0.034814 0.994244
vn 0.299270 0.056652 0.952485
vn 0.081024 -0.122748 0.989125
vn 0.052832 0.036383 0.997940
vn -0.104022 0.005423 0.994560
vn 0.312795 0.048587 0.948577
vn -0.126127 -0.012063 0.991941
vn -0.040573 0.008551 0.999140
vn 0.062179 0.008178 0.998032
vn 0.027551 -0.039892 0.998824
vn -0.304804 0.175381 0.936128
vn 0.102347 -0.101680 0.989538
vn 0.096677 -0.027004 0.994949
vn -0.122534 -0.163466 0.978910
vn 0.047393 -0.026155 0.998534
vn -0.142673 -0.017570 0.989614
vn -0.075564 0.041750 0.996267
vn 0.026834 -0.165196 0.985896
vn 0.057520 -0.026456 0.997994
vn 0.070442 -0.089078 0.993531
vn -0.041802 -0.085792 0.995436
vn 0.182613 0.295051 0.937868
vn 0.056037 0.008879 0.998389
vn -0.142296 -0.032940 0.989276
vn -0.002179 -0.067575 0.997712
vn -0.020746 0.028188 0.999387
vn 0.020773 -0.070478 0.997297
vn 0.048947 -0.011390 0.998736
vn -0.078557 0.039230 0.996137
vn 0.029476 0.009536 0.999520
vn 0.085581 -0.057753 0.994656
vn -0.028253 0.044021 0.998631
vn -0.001022 0.038710 0.999250
vn 0.065467 -0.018847 0.997677
vn 0.022071 0.022805 0.999496
vn 0.161674 -0.029172 0.986413
vn 0.001824 0.024820 0.999690
vn 0.111885 0.017269 0.993571
vn -0.033279 0.011251 0.999383
vn 0.037479 -0.087606 0.995450
vn 0.105434 0.022155 0.994179
vn -0.033241 0.038223 0.998716
vn 0.005267 0.013540 0.999894
vn -0.023782 -0.026100 0.999376
vn -0.007661 0.001486 0.999970
vn 0.074746 0.085546 0.993527
vn 0.115628 0.025338 0.992969
vn 0.150383 0.011470 0.988561
vn -0.004356 0.495222 0.868755
vn 0.187034 -0.005880 0.982336
vn 0.102100 -0.003374 0.994768
vn -0.055032 -0.021498 0.998253
vn 0.000875 0.319097 0.947722
vn -0.068741 0.033675 0.997066
vn 0.093091 -0.000014 0.995658
vn 0.267013 0.030484 0.963211
vn -0.093965 0.031885 0.995065
vn 0.084793 -0.040500 0.995575
vn 0.238864 0.197996 0.950653
vn 0.033254 -0.091526 0.995247
vn -0.064753 0.137358 0.988403
vn 0.056119 0.013121 0.998338
vn 0.012017 -0.071354 0.997379
vn 0.058043 -0.014973 0.998202
vn 0.024328 -0.166209 0.985790
vn -0.059375 0.038030 0.997511
vn 0.033331 0.011880 0.999374
vn 0.034300 -0.013416 0.999322
vn 0.147042 0.018316 0.988961
vn 0.007645 0.062779 0.997998
vn -0.046220 0.036513 0.998264
vn -0.008171 0.031386 0.999474
vn -0.027535 0.072934 0.996957
vn 0.013765 -0.007893 0.999874
vn -0.016865 -0.018500 0.999687
vn -0.007530 0.029931 0.999524
vn 0.024058 -0.009853 0.999662
vn 0.091550 -0.114870 0.989153
vn 0.011800 0.032451 0.999404
vn -0.002725 0.024136 0.999705
vn 0.015252 0.021707 0.999648
vn -0.110640 0.035923 0.993211
vn 0.043541 0.017779 0.998893
vn -0.004483 0.014178 0.999889
vn -0.039793 0.012687 0.999127
vn -0.013567 0.037661 0.999198
vn -0.087875 0.003011 0.996127
vn -0.156642 -0.122658 0.980009
vn 0.001749 0.474252 0.880388
vn 0.029494 0.550573 0.834266
vn 0.226267 -0.068697 0.971640
vn -0.052302 -0.209081 0.976499
vn 0.139643 -0.002287 0.990199
vn 0.127024 -0.033245 0.991342
vn -0.188224 -0.073222 0.979393
vn 0.306824 -0.104147 0.946051
vn 0.100396 -0.015590 0.994825
vn -0.063736 -0.143421 0.987607
vn 0.197381 -0.057233 0.978655
vn -0.026662 -0.133500 0.990690
vn -0.068108 -0.244364 0.967289
vn 0.091867 -0.375579 0.922226
vn 0.292878 -0.115099 0.949197
vn -0.026470 -0.115017 0.993011
vn -0.252999 -0.446031 0.858515
vn 0.083195 0.193287 0.977609
vn -0.272815 -0.125516 0.953844
vn -0.198697 -0.164243 0.966201
vn -0.248561 -0.170114 0.953561
vn -0.121504 -0.198104 0.972621
vn -0.431789 -0.168543 0.886088
vn 0.006441 0.082939 0.996534
vn 0.086745 -0.105221 0.990658
vn 0.047599 0.024543 0.998565
vn 0.318822 0.583209 0.747141
vn 0.008460 0.094924 0.995449
vn -0.102878 0.031785 0.994186
vn 0.032279 0.472621 0.880675
vn 0.313491 0.390561 0.865555
vn -0.057727 -0.303844 0.950971
vn -0.002401 0.047291 0.998878
vn 0.011676 0.255702 0.966685
vn -0.290747 0.186544 0.938439
vn -0.090233 -0.155306 0.983737
vn -0.081478 -0.106231 0.990998
vn -0.030743 -0.161523 0.986390
vn -0.074465 -0.072870 0.994558
vn 0.019028 -0.118589 0.992761
vn -0.111136 -0.074848 0.990983
vn -0.028312 0.492723 0.869726
vn -0.021074 -0.396260 0.917896
vn -0.201863 -0.219076 0.954598
vn -0.210838 0.028002 0.977120
vn -0.019925 -0.083201 0.996334
vn -0.030875 0.034079 0.998942
vn 0.093275 -0.095209 0.991078
vn 0.126471 0.033107 0.991418
vn -0.007978 -0.041913 0.999089
vn 0.025564 -0.030033 0.999222
vn 0.510504 0.000167 0.859875
vn 0.391873 -0.350720 0.850548
vn 0.012550 -0.037564 0.999215
vn 0.000834 -0.013924 0.999903
vn -0.277878 -0.099743 0.955424
vn 0.078463 -0.080789 0.993638
vn -0.107396 -0.022461 0.993963
vn 0.167637 0.225622 0.959684
vn 0.001781 -0.319152 0.947702
vn 0.027784 0.056571 0.998012
vn 0.163867 -0.030181 0.986021
vn -0.068790 0.047178 0.996515
vn -0.054248 0.417891 0.906876
vn -0.213494 -0.139474 0.966937
vn 0.098773 0.100329 0.990039
vn 0.016638 0.081422 0.996541
vn -0.022812 0.064483 0.997658
vn -0.292135 -0.297366 0.908972
vn 0.005779 0.063420 0.997970
vn 0.123801 -0.011433 0.992241
vn 0.148460 0.023605 0.988637
vn -0.013968 0.011638 0.999835
vn -0.164671 -0.048877 0.985137
vn 0.007715 0.029177 0.999544
vn -0.584080 0.248827 0.772616
vn -0.117240 0.120298 0.985791
vn -0.170485 0.335302 0.926557
vn -0.432939 0.213595 0.875752
vn 0.003670 0.099289 0.995052
vn 0.351928 -0.019709 0.935819
vn 0.023274 0.058406 0.998022
vn -0.501396 -0.023325 0.864903
vn -0.316953 0.266317 0.910284
vn -0.013520 0.042113 0.999021
vn 0.007692 0.016825 0.999829
vn -0.095508 0.195464 0.976049
vn 0.175918 0.350271 0.919980
vn 0.016676 -0.008865 0.999822
vn 0.279439 0.329568 0.901831
vn -0.297509 -0.310636 0.902770
vn 0.108328 0.140109 0.984192
vn 0.390852 0.088892 0.916151
vn 0.024851 0.017872 0.999531
vn -0.048466 -0.063999 0.996772
vn -0.229799 0.226470 0.946522
vn 0.417369 0.144402 0.897191
vn -0.345492 0.342243 0.873788
vn 0.248054 -0.071331 0.966116
vn 0.065799 0.258055 0.963887
vn 0.009755 0.039764 0.999161
vn -0.128797 -0.212645 0.968604
vn -0.008731 0.261362 0.965201
vn -0.686053 -0.058320 0.725210
vn 0.486208 -0.116472 0.866046
vn 0.068001 -0.129334 0.989267
vn -0.099442 -0.000058 0.995043
vn 0.059529 0.132145 0.989441
vn 0.064178 0.214391 0.974637
vn 0.225964 0.229672 0.946674
vn 0.337998 0.338871 0.878023
vn -0.053835 0.051775 0.997207
vn -0.349475 0.376040 0.858173
vn 0.276035 0.228841 0.933508
vn 0.024034 0.050033 0.998458
vn 0.214776 0.040522 0.975822
vn -0.376303 0.272654 0.885469
vn -0.057637 -0.016247 0.998205
vn -0.279484 0.333996 0.900186
vn -0.017593 -0.000895 0.999845
vn 0.043208 -0.037398 0.998366
vn 0.221619 0.112202 0.968657
vn -0.389277 0.112610 0.914211
vn -0.128852 0.100277 0.986581
vn 0.059676 0.169786 0.983672
vn 0.076024 0.128227 0.988827
vn -0.324469 0.357399 0.875777
vn 0.107115 0.086236 0.990500
vn -0.261487 -0.410230 0.873691
vn -0.380307 0.492406 0.782881
vn 0.031959 -0.512820 0.857901
vn 0.163045 -0.310695 0.936421
vn 0.008100 0.011998 0.999895
vn 0.380049 -0.430456 0.818700
vn -0.402918 0.013521 0.915136
vn 0.055235 -0.022642 0.998217
vn -0.184950 0.512600 0.838472
vn -0.030764 -0.069964 0.997075
vn 0.101906 -0.122564 0.987215
vn 0.020013 0.029254 0.999372
vn 0.266568 0.179717 0.946912
vn 0.172002 0.229680 0.957947
vn -0.093167 -0.112132 0.989316
vn 0.085425 0.171861 0.981410
vn 0.206929 0.187794 0.960163
vn 0.241506 -0.117426 0.963268
vn -0.019425 -0.129990 0.991325
vn 0.001792 -0.012451 0.999921
vn -0.140554 -0.262435 0.954658
vn 0.195009 -0.243991 0.949968
vn 0.256203 0.164221 0.952571
vn 0.245629 0.202863 0.947899
vn 0.043969 -0.025662 0.998703
vn -0.002651 -0.030567 0.999529
vn 0.273585 0.130820 0.952910
vn 0.269026 -0.112311 0.956562
vn 0.104011 0.098821 0.989655
vn 0.203884 -0.042322 0.978080
vn 0.146070 -0.038626 0.988520
vn -0.036141 0.002643 0.999343
vn 0.105772 0.010129 0.994339
vn -0.043167 0.067299 0.996799
vn 0.011549 0.025184 0.999616
vn -0.194379 -0.103137 0.975489
vn -0.122771 -0.140201 0.982482
vn 0.020808 0.061682 0.997879
vn 0.003856 0.018900 0.999814
vn 0.009232 0.013311 0.999869
vn 0.316543 0.538190 0.781122
vn 0.358802 0.128854 0.924477
vn -0.017319 0.048422 0.998677
vn -0.038735 0.041994 0.998367
vn 0.031153 0.062730 0.997544
vn 0.128316 0.042060 0.990841
vn 0.263647 -0.133681 0.955311
vn 0.001666 0.052473 0.998621
vn -0.205847 -0.007253 0.978557
vn 0.032801 -0.307855 0.950868
vn 0.051572 0.017184 0.998521
vn 0.012484 -0.040300 0.999110
vn 0.195783 -0.447383 0.872650
vn 0.066685 -0.015162 0.997659
vn 0.033093 0.022935 0.999189
vn -0.104621 -0.335979 0.936041
vn -0.026866 -0.046292 0.998567
vn 0.018744 -0.167831 0.985638
vn 0.056326 -0.158939 0.985680
vn 0.001795 -0.015533 0.999878
vn -0.088220 0.075843 0.993209
vn -0.060141 -0.019689 0.997996
vn 0.006669 -0.392801 0.919599
vn 0.018436 0.012299 0.999754
vn -0.056857 0.046805 0.997285
vn -0.051198 0.409753 0.910759
vn 0.049982 0.006474 0.998729
vn -0.124899 -0.176655 0.976316
vn -0.015512 -0.021743 0.999643
vn -0.299741 0.014535 0.953910
vn 0.142076 -0.062134 0.987904
vn -0.134796 0.488655 0.862002
vn -0.055323 0.043399 0.997525
vn 0.084004 0.034438 0.995870
vn 0.113666 0.048091 0.992354
vn -0.187067 0.025008 0.982029
vn -0.003464 0.014247 0.999893
vn 0.282510 -0.342109 0.896186
vn 0.094781 0.104457 0.990003
vn -0.032856 0.027647 0.999078
vn -0.006348 0.040878 0.999144
vn -0.009585 0.048241 0.998790
vn 0.050073 -0.052658 0.997356
vn -0.150724 -0.026852 0.988211
vn 0.080140 -0.114557 0.990179
vn 0.038280 -0.019986 0.999067
vn -0.044697 0.102742 0.993703
vn 0.041058 0.019248 0.998971
vn 0.107463 0.181411 0.977518
vn 0.142382 0.000343 0.989812
vn 0.098326 0.043334 0.994210
vn -0.040192 -0.100201 0.994155
vn -0.043311 -0.056741 0.997449
vn -0.072239 -0.075311 0.994540
vn 0.010713 0.077516 0.996934
vn -0.144291 -0.126460 0.981421
vn -0.024786 0.006828 0.999669
vn 0.078054 -0.182294 0.980141
vn -0.079467 0.017083 0.996691
vn 0.011713 0.038399 0.999194
vn 0.064389 0.034505 0.997328
vn -0.047555 -0.014657 0.998761
vn 0.130782 0.102923 0.986054
vn 0.015818 0.050856 0.998581
vn 0.082874 -0.084209 0.992996
vn 0.269067 -0.173476 0.947369
vn -0.029237 0.028439 0.999168
vn 0.355794 -0.181191 0.916832
vn -0.166960 -0.097059 0.981175
vn -0.260486 -0.132953 0.956279
vn -0.025369 0.095196 0.995135
vn 0.113613 0.081688 0.990161
vn -0.505853 0.007713 0.862585
vn -0.021125 0.015763 0.999653
vn -0.055960 0.214175 0.975191
vn 0.553746 0.060331 0.830497
vn 0.489338 -0.108864 0.865273
vn 0.037976 -0.003687 0.999272
vn 0.011901 0.028056 0.999535
vn -0.102135 0.005795 0.994754
vn -0.091774 -0.009704 0.995733
vn -0.032446 -0.069044 0.997086
vn -0.097919 -0.048818 0.993996
vn 0.036346 -0.151301 0.987819
vn 0.147678 0.049105 0.987816
vn 0.021406 -0.089577 0.995750
vn 0.307918 0.038830 0.950620
vn -0.018798 -0.086142 0.996106
vn 0.181521 -0.026318 0.983035
vn 0.082666 0.169037 0.982137
vn 0.039486 -0.000120 0.999220
vn 0.081541 -0.074043 0.993916
vn -0.008464 0.011774 0.999895
vn -0.022222 0.042026 0.998869
vn -0.169840 -0.364355 0.915642
vn 0.004077 -0.006600 0.999970
vn -0.070463 0.079463 0.994344
vn -0.115269 0.026717 0.992975
vn -0.296754 -0.111565 0.948415
vn -0.003954 -0.073072 0.997319
vn -0.110758 0.069548 0.991411
vn -0.038137 0.040006 0.998471
vn -0.418539 0.034996 0.907524
vn 0.070891 0.023835 0.997199
vn -0.119265 0.040061 0.992054
vn 0.003538 -0.122980 0.992403
vn 0.272322 0.037959 0.961457
vn -0.355508 -0.061925 0.932620
vn 0.146537 -0.013094 0.989119
vn -0.463466 -0.125703 0.877153
vn -0.222370 0.231417 0.947099
vn 0.053645 -0.007836 0.998529
vn 0.066261 0.010478 0.997747
vn -0.082266 -0.066491 0.994390
vn 0.087537 0.045924 0.995102
vn -0.144351 0.316098 0.937681
vn 0.122124 -0.139562 0.982654
vn 0.081398 0.424506 0.901759
vn 0.033456 0.025179 0.999123
vn 0.034907 0.475206 0.879182
vn 0.039705 -0.082360 0.995811
vn 0.374069 0.213765 0.902429
vn 0.119227 -0.038106 0.992136
vn 0.091879 0.309228 0.946539
vn -0.012677 0.551848 0.833848
vn -0.124355 -0.176825 0.976355
vn -0.055403 -0.054532 0.996974
vn -0.091777 -0.101753 0.990567
vn -0.016133 0.002608 0.999866
vn -0.496442 0.102816 0.861959
vn -0.047662 -0.113880 0.992351
vn 0.001860 0.007273 0.999972
vn 0.002179 -0.110256 0.993901
vn 0.359730 0.428917 0.828628
vn -0.025607 -0.009241 0.999629
vn -0.289365 0.001236 0.957218
vn 0.035190 -0.015075 0.999267
vn -0.327932 0.328793 0.885639
vn -0.012544 -0.010174 0.999870
vn -0.023712 -0.051951 0.998368
vn -0.008118 0.023032 0.999702
vn 0.212973 0.197128 0.956965
vn -0.109266 -0.234495 0.965957
vn 0.237278 0.042588 0.970508
vn -0.010103 -0.000920 0.999949
vn 0.036069 -0.104019 0.993921
vn -0.101237 0.048466 0.993681
vn -0.005727 0.070676 0.997483
vn 0.008994 0.018231 0.999793
vn -0.014264 0.025935 0.999562
vn 0.112742 0.054091 0.992151
vn 0.011912 -0.033482 0.999368
vn -0.133094 0.065366 0.988946
vn -0.071398 -0.002733 0.997444
vn 0.192466 0.097793 0.976419
vn -0.137792 0.064699 0.988346
vn -0.067241 -0.032256 0.997215
vn -0.005729 0.046423 0.998905
vn -0.431187 0.337769 0.836654
vn 0.062607 -0.325066 0.943617
vn -0.098749 0.020009 0.994911
vn 0.313599 0.083379 0.945888
vn -0.114998 0.092531 0.989047
vn 0.131230 -0.041873 0.990467
vn -0.053385 -0.063882 0.996529
vn 0.355795 -0.214533 0.909607
vn -0.108225 0.041187 0.993273
vn 0.006682 0.003554 0.999971
vn 0.083708 -0.251188 0.964312
vn -0.023588 -0.013737 0.999627
vn 0.007472 0.097374 0.995220
vn 0.079768 0.015940 0.996686
vn -0.276471 0.427237 0.860833
vn 0.107873 -0.317837 0.941989
vn -0.191158 0.095533 0.976899
vn 0.290487 -0.101878 0.951440
vn -0.020408 0.063569 0.997769
vn 0.010530 -0.015298 0.999828
vn 0.115969 -0.169139 0.978746
vn -0.081703 -0.012955 0.996573
vn -0.014935 -0.077305 0.996896
vn -0.088177 0.566484 0.819341
vn 0.010080 0.485336 0.874269
vn 0.010506 0.076431 0.997019
vn 0.007081 0.142120 0.989824
vn -0.014238 0.034866 0.999291
vn -0.043329 0.046923 0.997958
vn -0.002445 -0.041434 0.999138
vn 0.009791 0.044345 0.998968
vn -0.047405 0.044183 0.997898
vn -0.013481 0.032677 0.999375
vn 0.267350 0.122615 0.955767
vn 0.233349 -0.100005 0.967237
vn 0.235727 -0.261906 0.935862
vn -0.202581 -0.034423 0.978660
vn -0.507059 -0.239919 0.827846
vn 0.060673 0.049089 0.996950
vn 0.315947 -0.002526 0.948773
vn 0.071179 -0.048797 0.996269
vn -0.344533 -0.099316 0.933506
vn 0.094943 -0.046132 0.994413
vn 0.089185 -0.002048 0.996013
vn -0.020644 0.039942 0.998989
vn 0.012747 0.013009 0.999834
vn -0.026442 0.008350 0.999615
vn -0.177921 0.003024 0.984040
vn 0.037602 0.048876 0.998097
vn -0.195274 -0.029178 0.980315
vn 0.001095 0.013723 0.999905
vn -0.006196 0.060494 0.998149
vn -0.023064 0.063851 0.997693
vn -0.057764 0.035134 0.997712
vn 0.121375 0.081440 0.989260
vn 0.107355 0.057280 0.992569
vn 0.068022 -0.012301 0.997608
vn 0.026948 -0.068813 0.997266
vn 0.078870 0.123334 0.989226
vn 0.044035 -0.027814 0.998643
vn 0.006462 0.079446 0.996818
vn -0.011009 0.012818 0.999857
vn 0.041917 0.028435 0.998716
vn 0.002355 0.002469 0.999994
vn 0.056409 -0.048153 0.997246
vn 0.066162 0.103613 0.992415
vn 0.085137 0.023963 0.996081
vn -0.005545 0.046587 0.998899
vn -0.072519 0.007413 0.997340
vn -0.061669 0.019553 0.997905
vn 0.015047 -0.035532 0.999255
vn -0.015167 0.162540 0.986585
vn -0.016617 0.047629 0.998727
vn 0.004806 0.036193 0.999333
vn 0.018100 -0.005799 0.999819
vn -0.004892 0.033430 0.999429
vn -0.050137 -0.222481 0.973647
vn -0.068465 0.020291 0.997447
vn -0.017783 0.022898 0.999580
vn -0.048344 -0.001724 0.998829
vn -0.086570 -0.279624 0.956199
vn 0.014528 -0.027666 0.999512
vn -0.017162 0.038589 0.999108
vn -0.050004 0.045822 0.997697
vn 0.001135 -0.006137 0.999981
vn -0.085644 0.017059 0.996180
vn -0.009618 0.042963 0.999030
vn -0.019188 0.008293 0.999781
vn -0.345653 0.066020 0.936037
vn -0.427455 -0.074419 0.900968
vn 0.147462 0.087307 0.985207
vn 0.216277 -0.084435 0.972674
vn 0.044147 -0.053419 0.997596
vn -0.013716 0.026436 0.999556
vn 0.000973 0.015808 0.999875
vn 0.076783 0.503230 0.860734
vn 0.453167 -0.320139 0.831956
vn -0.003434 0.381269 0.924458
vn 0.459606 -0.171123 0.871481
vn -0.149641 0.076082 0.985809
vn -0.080434 -0.241568 0.967045
vn -0.138818 -0.250491 0.958115
vn -0.057555 -0.154925 0.986248
vn 0.023275 -0.094938 0.995211
vn 0.186405 0.144633 0.971769
vn -0.139442 -0.024051 0.989938
vn -0.086392 -0.097708 0.991458
vn 0.050343 0.076011 0.995835
vn 0.375076 0.322535 0.869074
vn 0.240058 0.612954 0.752768
vn -0.191189 0.008958 0.981512
vn 0.040150 0.053356 0.997768
vn 0.035071 0.133205 0.990468
vn 0.056192 0.083078 0.994958
vn -0.021178 -0.035235 0.999155
vn -0.402626 -0.156130 0.901951
vn 0.136423 -0.532452 0.835395
vn 0.081759 -0.194550 0.977479
vn -0.102728 0.429970 0.896980
vn 0.470198 -0.123330 0.873901
vn 0.115494 0.001185 0.993307
vn 0.105085 0.082187 0.991061
vn 0.023494 0.055093 0.998205
vn -0.066048 0.098216 0.992971
vn 0.096773 0.011353 0.995242
vn 0.014410 0.125354 0.992007
vn -0.130986 -0.081379 0.988038
vn -0.086471 0.278306 0.956592
vn -0.006023 0.003645 0.999975
vn -0.029767 -0.036235 0.998900
vn -0.171598 0.254901 0.951619
vn -0.117178 0.134687 0.983935
vn -0.152694 -0.044251 0.987282
vn -0.079626 0.075104 0.993992
vn 0.484992 -0.127499 0.865174
vn -0.094221 -0.023986 0.995262
vn -0.389252 -0.223010 0.893728
vn -0.034751 -0.104817 0.993884
vn 0.121585 0.047814 0.991429
vn 0.014196 -0.087512 0.996062
vn 0.155925 0.024453 0.987466
vn -0.073644 -0.181726 0.980588
vn -0.005106 0.091974 0.995748
vn 0.073887 0.359789 0.930104
vn 0.053066 0.000488 0.998591
vn -0.098684 -0.209503 0.972816
vn 0.062250 -0.038536 0.997316
vn 0.135563 0.278329 0.950871
vn -0.024875 0.028418 0.999287
vn 0.003933 -0.063887 0.997949
vn -0.324040 -0.168923 0.930840
vn -0.262310 -0.087605 0.960999
vn 0.127041 0.091610 0.987658
vn -0.009642 0.067887 0.997646
vn -0.074601 -0.152113 0.985544
vn -0.196038 -0.065020 0.978438
vn -0.146260 -0.225801 0.963131
vn -0.081472 0.105583 0.991067
vn -0.171710 0.276440 0.945567
vn -0.177210 -0.284169 0.942255
vn -0.106760 0.357775 0.927685
vn -0.413945 0.146272 0.898473
vn -0.380912 -0.137374 0.914349
vn -0.336600 -0.328229 0.882591
vn 0.107885 -0.054563 0.992665
vn -0.073794 -0.153462 0.985395
vn -0.119704 0.113871 0.986258
vn 0.094266 0.136069 0.986204
vn -0.369877 0.224200 0.901624
vn 0.070452 0.227857 0.971143
vn -0.022311 0.171587 0.984916
vn -0.075846 -0.090096 0.993041
vn 0.198635 -0.016662 0.979932
vn 0.329491 -0.039227 0.943344
vn 0.315402 -0.157143 0.935857
vn -0.210234 0.149711 0.966120
vn -0.018008 0.080666 0.996579
vn 0.040612 -0.566581 0.823005
vn 0.281621 0.054007 0.958005
vn 0.138204 0.224820 0.964549
vn 0.510924 0.008808 0.859581
vn -0.386215 0.265568 0.883352
vn 0.518230 0.003087 0.855236
vn -0.369062 0.262872 0.891455
vn -0.436058 0.293044 0.850869
vn -0.018296 0.046816 0.998736
vn 0.158738 -0.374210 0.913657
vn 0.096785 0.159423 0.982455
vn -0.000305 0.415049 0.909799
vn -0.152754 -0.203353 0.967116
vn -0.064781 0.077815 0.994861
vn -0.005184 0.062165 0.998052
vn 0.012240 0.014130 0.999825
vn -0.135488 -0.227397 0.964331
vn -0.159919 0.420632 0.893026
vn -0.095594 0.512049 0.853620
vn 0.121674 0.510574 0.851181
vn -0.013274 0.596495 0.802507
vn 0.012131 -0.111456 0.993695
vn -0.371347 0.484932 0.791797
vn -0.337957 0.080792 0.937687
vn -0.365785 0.470253 0.803158
vn 0.100688 0.001205 0.994917
vn 0.211324 -0.666781 0.714665
vn -0.346152 0.467586 0.813352
vn 0.301726 -0.308211 0.902201
vn 0.151867 -0.155830 0.976040
vn 0.263305 0.448471 0.854133
vn 0.320998 0.005474 0.947064
vn 0.274663 -0.512242 0.813738
vn 0.220360 0.084167 0.971781
vn 0.000000 0.000000 0.000000
vn 0.311747 -0.596415 0.739664
vn 0.270592 -0.271660 0.923570
vn 0.081858 0.020971 0.996423
vn -0.362657 0.392449 0.845259
vn -0.341884 0.312912 0.886116
vn -0.372410 0.335313 0.865376
vn -0.311521 -0.438895 0.842808
vn 0.188160 -0.524844 0.830141
vn 0.473019 0.400029 0.785003
vn 0.148831 -0.009023 0.988821
vn 0.428981 0.021034 0.903069
vn 0.384845 -0.082879 0.919253
vn 0.352390 0.013883 0.935750
vn 0.026992 -0.009105 0.999594
vn 0.000000 0.000000 0.000000
vn 0.030746 0.104740 0.994024
vn 0.450367 0.453028 0.769373
vn 0.053911 -0.048095 0.997387
vn 0.037005 -0.298779 0.953604
vn -0.150817 -0.016190 0.988429
vn -0.194796 -0.298848 0.934208
vn 0.126646 -0.116447 0.985089
vn -0.043678 0.057756 0.997375
vn 0.039883 -0.257521 0.965449
vn 0.067736 0.016752 0.997563
vn 0.031698 -0.369704 0.928609
vn -0.237285 -0.090567 0.967209
vn -0.050361 0.065826 0.996559
vn 0.020235 0.074211 0.997037
vn -0.032064 -0.059137 0.997735
vn 0.024470 -0.326895 0.944744
vn -0.183528 0.483761 0.855741
vn -0.086679 -0.165489 0.982395
vn -0.245254 -0.181643 0.952290
vn -0.046649 0.074957 0.996095
vn 0.080906 0.014021 0.996623
vn 0.053427 -0.024772 0.998264
vn 0.277976 0.127463 0.952094
vn 0.028676 0.106615 0.993887
vn 0.404465 0.035878 0.913850
vn 0.001392 0.065041 0.997882
vn -0.040599 -0.119589 0.991993
vn 0.016766 -0.007340 0.999833
vn 0.174691 0.172483 0.969398
vn 0.159143 0.369238 0.915607
vn 0.035621 0.045884 0.998311
vn 0.029376 -0.002048 0.999566
vn -0.088474 -0.017481 0.995925
vn -0.040459 0.031156 0.998695
vn 0.068950 0.052248 0.996251
vn -0.045029 0.044870 0.997977
vn -0.046906 0.050711 0.997611
vn 0.186576 -0.163289 0.968775
vn -0.040236 0.028654 0.998779
vn 0.339301 -0.177788 0.923724
vn 0.037674 0.009788 0.999242
vn 0.112645 0.041759 0.992757
vn -0.122692 -0.308709 0.943210
vn -0.404321 0.008227 0.914580
vn -0.401479 0.230052 0.886505
vn -0.008350 -0.018060 0.999802
vn 0.017803 0.060410 0.998015
vn 0.032334 0.188657 0.981511
vn 0.067067 0.344381 0.936431
vn -0.045898 0.053360 0.997520
vn 0.521086 -0.041900 0.852475
vn 0.006974 0.086279 0.996247
vn 0.000390 -0.031601 0.999500
vn 0.000491 0.037262 0.999305
vn 0.093254 0.063514 0.993614
vn -0.042220 0.184947 0.981841
vn 0.302450 -0.004439 0.953155
vn 0.094905 0.065568 0.993325
vn -0.153588 0.063121 0.986117
vn 0.126967 -0.036754 0.991226
vn 0.132039 -0.016257 0.991111
vn -0.013623 0.028692 0.999495
vn 0.055933 0.158088 0.985840
vn -0.004731 0.056109 0.998413
vn -0.365990 0.298240 0.881535
vn -0.501718 0.062013 0.862806
vn -0.144903 0.021492 0.989212
vn -0.411757 0.286628 0.865044
vn -0.038773 -0.266034 0.963184
vn 0.132836 -0.022129 0.990891
vn 0.055159 0.558005 0.828003
vn -0.043214 -0.097495 0.994297
vn -0.052847 0.058440 0.996891
vn 0.095399 0.535377 0.839208
vn -0.059197 0.031771 0.997741
vn 0.074434 0.291359 0.953713
vn 0.064342 0.028359 0.997525
vn -0.002059 0.006931 0.999974
vn -0.060428 -0.028684 0.997760
vn -0.075612 0.023699 0.996856
vn 0.103626 0.027266 0.994243
vn -0.032547 0.042022 0.998586
vn -0.022578 -0.045001 0.998732
vn -0.043499 -0.013117 0.998967
vn 0.123422 -0.012972 0.992270
vn 0.405638 -0.144232 0.902583
vn 0.225573 -0.212841 0.950692
vn -0.021386 -0.199355 0.979694
vn 0.247069 0.051576 0.967624
vn -0.013057 -0.117056 0.993040
vn 0.287509 -0.319569 0.902892
vn 0.476408 -0.132157 0.869235
vn 0.215728 -0.157161 0.963723
vn -0.214637 -0.367561 0.904892
vn -0.118512 0.093158 0.988573
vn -0.024783 -0.053817 0.998243
vn -0.089413 0.043171 0.995059
vn -0.071793 -0.102161 0.992174
vn -0.003071 0.008024 0.999963
vn 0.121443 0.000669 0.992598
vn -0.036110 0.020455 0.999138
vn 0.317594 -0.423939 0.848180
vn 0.337049 -0.063699 0.939330
vn 0.003605 -0.039848 0.999199
vn -0.081274 -0.033963 0.996113
vn 0.322786 -0.119355 0.938916
vn 0.290287 0.110000 0.950596
vn -0.268827 0.107239 0.957200
vn -0.007675 0.021053 0.999749
vn 0.105303 -0.009799 0.994392
vn -0.068014 -0.250101 0.965828
vn -0.079028 0.054262 0.995394
vn -0.008560 -0.035451 0.999335
vn -0.026718 -0.036637 0.998971
vn 0.500547 -0.189587 0.844695
vn -0.004115 0.404766 0.914411
vn -0.251295 -0.316420 0.914729
vn -0.210151 -0.121372 0.970106
vn 0.419831 -0.343038 0.840278
vn -0.111489 0.119448 0.986561
vn 0.087557 0.016855 0.996017
vn -0.286657 -0.247279 0.925571
vn -0.055928 -0.016781 0.998294
vn -0.070574 0.065870 0.995329
vn -0.122099 -0.505656 0.854052
vn 0.164263 -0.048485 0.985224
vn 0.110099 -0.065362 0.991769
vn -0.261331 0.075974 0.962255
vn -0.053090 0.009569 0.998544
vn -0.340202 -0.181035 0.922762
vn 0.009389 0.054463 0.998472
vn -0.221582 0.276363 0.935160
vn -0.209989 0.106894 0.971843
vn 0.037152 -0.044923 0.998299
vn 0.086248 0.058748 0.994540
vn 0.006803 -0.009921 0.999928
vn -0.482056 -0.088651 0.871644
vn -0.326621 -0.179396 0.927974
vn -0.357371 -0.103563 0.928203
vn 0.001102 0.018284 0.999832
vn -0.550451 -0.148886 0.821485
vn 0.209106 -0.178260 0.961508
vn 0.083373 0.031004 0.996036
vn 0.212956 0.290343 0.932926
vn 0.021097 0.078828 0.996665
vn -0.032753 0.039369 0.998688
vn 0.019064 0.103566 0.994440
vn -0.065670 0.054893 0.996330
vn -0.443473 0.261325 0.857345
vn -0.137781 0.104891 0.984893
vn 0.002140 0.032443 0.999471
vn 0.014840 0.024008 0.999602
vn 0.002167 -0.032443 0.999471
vn -0.086677 0.149233 0.984996
vn -0.233537 -0.173168 0.956804
vn -0.284695 -0.161761 0.944872
vn -0.053443 0.068568 0.996214
vn -0.005570 0.018246 0.999818
vn -0.024578 -0.020418 0.999489
vn 0.143553 -0.068509 0.987268
vn 0.235586 -0.032637 0.971305
vn 0.013529 0.001856 0.999907
vn -0.008546 0.028820 0.999548
vn -0.065871 -0.004952 0.997816
vn 0.362758 0.113346 0.924964
vn 0.048663 -0.045078 0.997797
vn -0.257824 0.310190 0.915046
vn -0.047690 -0.091291 0.994682
vn 0.016684 0.127196 0.991737
vn -0.262316 0.176886 0.948631
vn -0.178964 -0.059066 0.982081
vn 0.080765 0.006324 0.996713
vn -0.035410 -0.400167 0.915758
vn 0.148986 -0.004528 0.988829
vn 0.431549 -0.006366 0.902067
vn -0.231611 -0.225230 0.946376
vn 0.141083 0.241907 0.959988
vn 0.020203 0.023214 0.999526
vn 0.112690 0.201805 0.972921
vn -0.029897 0.041538 0.998690
vn 0.018816 -0.057298 0.998180
vn 0.016131 0.021466 0.999639
vn 0.260299 -0.121463 0.957857
vn -0.042203 0.028252 0.998710
vn -0.013691 -0.046346 0.998832
vn -0.035696 -0.012595 0.999283
vn -0.013428 -0.000307 0.999910
vn -0.014310 0.013979 0.999800
vn 0.085382 0.631163 0.770936
vn 0.005461 0.015370 0.999867
vn 0.076402 -0.120240 0.989800
vn -0.004051 0.323652 0.946168
vn -0.025619 0.001661 0.999670
vn 0.171894 0.293922 0.940246
vn 0.374674 0.331139 0.866006
vn 0.027680 -0.041731 0.998745
vn 0.283402 0.156518 0.946142
vn 0.035887 0.018918 0.999177
vn 0.076719 0.046355 0.995975
vn 0.356913 0.181939 0.916248
vn 0.128635 -0.011648 0.991624
vn 0.041882 0.015724 0.998999
vn 0.015371 -0.000256 0.999882
vn 0.016026 0.053481 0.998440
vn -0.086702 -0.099967 0.991206
vn 0.010656 -0.038417 0.999205
vn 0.110801 -0.072259 0.991212
vn -0.160649 0.051318 0.985677
vn 0.033259 0.048516 0.998269
vn -0.073563 -0.063047 0.995296
vn -0.112679 -0.153964 0.981631
vn -0.023912 -0.053729 0.998269
vn -0.075204 0.051074 0.995859
vn 0.006780 -0.038509 0.999235
vn -0.017809 0.019487 0.999651
vn -0.014835 -0.012918 0.999807
vn 0.026734 0.024273 0.999348
vn 0.067769 -0.223746 0.972289
vn -0.042466 -0.023255 0.998827
vn -0.068154 0.204000 0.976596
vn -0.036013 -0.010704 0.999294
vn -0.070517 0.070923 0.994986
vn -0.019130 0.146763 0.988987
vn -0.008688 0.021821 0.999724
vn -0.149427 0.246962 0.957435
vn -0.078567 -0.195381 0.977575
vn -0.081327 -0.188542 0.978692
vn -0.047557 0.000736 0.998868
vn 0.025077 0.009399 0.999641
vn -0.013150 -0.237599 0.971274
vn 0.131896 -0.136428 0.981830
vn 0.008210 0.026939 0.999603
vn 0.106541 0.046283 0.993231
vn -0.041627 0.105541 0.993543
vn -0.015438 0.000234 0.999881
vn 0.025072 -0.029559 0.999249
vn -0.252182 0.036311 0.966998
vn -0.116065 -0.034236 0.992651
vn -0.060144 -0.039595 0.997404
vn -0.333038 0.288525 0.897686
vn -0.482745 0.253484 0.838274
vn 0.168285 -0.044885 0.984716
vn -0.047948 -0.231691 0.971607
vn 0.104657 -0.005927 0.994491
vn 0.003752 -0.072527 0.997359
vn -0.014097 -0.228682 0.973399
vn -0.012134 -0.035646 0.999291
vn -0.102004 -0.209605 0.972451
vn -0.071086 -0.180085 0.981079
vn 0.003544 0.013224 0.999906
vn -0.205570 0.158341 0.965748
vn -0.036385 0.011463 0.999272
vn -0.264179 0.128540 0.955870
vn -0.164458 0.040251 0.985562
vn 0.407809 0.154112 0.899967
vn 0.002559 -0.167471 0.985874
vn -0.015341 -0.015625 0.999760
vn 0.063729 0.056840 0.996347
vn 0.282319 0.032272 0.958778
vn -0.030091 -0.111313 0.993330
vn -0.326975 -0.054947 0.943434
vn 0.000000 0.000000 0.000000
vn -0.221528 -0.094956 0.970520
vn -0.291814 -0.526217 0.798711
vn 0.331450 0.030225 0.942989
vn -0.097503 -0.036795 0.994555
vn -0.002548 -0.080462 0.996754
vn -0.311800 -0.023459 0.949858
vn -0.066363 -0.098772 0.992895
vn -0.068993 0.026340 0.997269
vn -0.146851 0.192447 0.970257
vn -0.047337 -0.162484 0.985575
vn -0.215676 -0.098645 0.971469
vn -0.208159 0.323388 0.923087
vn -0.485621 0.253543 0.836593
vn -0.068296 0.386660 0.919690
vn 0.182106 -0.109859 0.977122
vn 0.441306 0.077125 0.894036
vn 0.005707 0.103764 0.994586
vn 0.171960 -0.011766 0.985034
vn 0.442396 0.438348 0.782391
vn -0.308633 0.126228 0.942768
vn -0.068886 -0.163599 0.984119
vn 0.052365 0.011271 0.998564
vn 0.258290 -0.416441 0.871701
vn 0.045028 -0.073281 0.996294
vn -0.286266 0.513908 0.808672
vn 0.121560 -0.307117 0.943876
vn 0.022944 0.571813 0.820063
vn -0.184882 -0.154715 0.970506
vn 0.102623 -0.288686 0.951908
vn 0.217254 -0.255945 0.941962
vn -0.343939 -0.143875 0.927904
vn 0.008594 0.534626 0.845045
vn -0.064909 -0.089027 0.993912
vn 0.396878 0.215846 0.892132
vn 0.047577 0.014645 0.998760
vn -0.313273 -0.391866 0.865044
vn -0.466835 -0.122181 0.875864
vn -0.112250 0.468542 0.876281
vn 0.021721 -0.099569 0.994793
vn 0.356123 0.207875 0.911024
vn -0.171113 0.124530 0.977350
vn -0.118692 -0.002362 0.992928
vn -0.322685 -0.127725 0.937849
vn 0.009714 -0.481504 0.876390
vn 0.102530 -0.362962 0.926146
vn -0.382148 -0.240753 0.892188
vn -0.166360 -0.066348 0.983831
vn 0.490084 0.234371 0.839576
vn 0.199410 0.166375 0.965689
vn 0.083987 0.470692 0.878291
vn 0.424211 -0.407860 0.808515
vn 0.082881 0.142030 0.986386
vn 0.038872 0.050235 0.997981
vn 0.013812 0.037403 0.999205
vn 0.472308 -0.439931 0.763797
vn 0.009969 -0.007240 0.999924
vn 0.534910 0.151851 0.831152
vn 0.376108 -0.453189 0.808185
vn 0.383833 -0.360888 0.849960
vn -0.048120 0.407868 0.911772
vn -0.161717 -0.207309 0.964816
vn 0.040331 -0.414214 0.909286
vn -0.471312 0.098865 0.876408
vn -0.465522 0.406320 0.786253
vn -0.403334 -0.035630 0.914359
vn -0.576344 0.598642 0.556287
vn -0.722601 -0.506627 -0.470294
vn 0.420260 0.114884 0.900102
vn 0.455425 -0.174636 0.872978
vn -0.059017 0.040547 0.997433
vn -0.271381 0.033955 0.961873
vn 0.000000 0.000000 0.000000
vn -0.161071 0.635918 0.754761
vn 0.120794 0.315479 0.941213
vn 0.244406 -0.103433 0.964141
vn 0.046575 -0.057125 0.997280
vn 0.123397 -0.293215 0.948050
vn 0.127412 0.255453 0.958389
vn -0.098012 -0.010681 0.995128
vn -0.254200 -0.149277 0.955562
vn -0.022888 -0.055162 0.998215
vn -0.094181 -0.266624 0.959188
vn -0.093625 -0.267285 0.959059
vn -0.026261 -0.065546 0.997504
vn -0.131051 -0.233279 0.963539
vn 0.168019 0.040442 0.984954
vn -0.042231 -0.066790 0.996873
vn -0.060723 -0.083749 0.994635
vn -0.108171 0.011086 0.994071
vn -0.064952 0.061193 0.996010
vn -0.204748 0.041425 0.977938
vn 0.118026 0.002262 0.993008
vn -0.007998 0.008620 0.999931
vn -0.390065 0.052845 0.919270
vn -0.058142 0.035507 0.997677
vn -0.061945 -0.226112 0.972130
vn -0.020102 -0.119180 0.992669
vn -0.101554 -0.311924 0.944664
vn -0.401695 -0.075692 0.912640
vn -0.082463 -0.107845 0.990742
vn -0.003475 0.001488 0.999993
vn -0.040375 -0.257732 0.965373
vn -0.255664 -0.214853 0.942589
vn 0.006518 0.005772 0.999962
vn 0.177541 -0.072792 0.981418
vn -0.480231 -0.025993 0.876757
vn -0.189400 0.371449 0.908930
vn 0.048118 -0.014920 0.998730
vn 0.013720 -0.016392 0.999771
vn 0.416976 -0.143010 0.897596
vn -0.260127 -0.284465 0.922721
vn -0.267792 0.026446 0.963114
vn 0.283802 0.004818 0.958871
vn -0.130681 -0.017136 0.991276
vn 0.202128 0.185697 0.961593
vn -0.014332 -0.076694 0.996952
vn 0.392535 0.084562 0.915841
vn 0.149058 -0.035048 0.988207
vn -0.034575 0.392580 0.919068
vn 0.343875 0.136447 0.929049
vn 0.021996 -0.009026 0.999717
vn 0.013436 0.068822 0.997538
vn -0.022472 -0.051209 0.998435
vn 0.009391 -0.330910 0.943616
vn 0.004470 0.005161 0.999977
vn 0.263539 -0.292515 0.919229
vn 0.241319 0.103754 0.964884
vn 0.274636 -0.114770 0.954674
vn -0.119631 -0.469305 0.874895
vn -0.165317 -0.331222 0.928958
vn 0.282152 0.418004 0.863517
vn 0.010872 -0.494309 0.869218
vn 0.235480 0.137192 0.962147
vn 0.515241 0.071355 0.854070
vn -0.062345 0.145444 0.987400
vn 0.431401 0.101081 0.896480
vn 0.333035 -0.313189 0.889382
vn 0.017049 0.040738 0.999024
vn -0.541542 0.013977 0.840557
vn -0.021316 -0.008996 0.999732
vn -0.274381 0.252603 0.927851
vn 0.031091 0.080224 0.996292
vn -0.142625 -0.028207 0.989375
vn 0.081531 -0.086656 0.992896
vn -0.062093 0.225927 0.972163
vn 0.221195 0.169855 0.960324
vn 0.000025 0.006322 0.999980
vn -0.369394 0.350617 0.860591
vn 0.344070 0.082745 0.935291
vn 0.001317 0.093827 0.995588
vn 0.148348 0.460044 0.875416
vn 0.143404 0.181100 0.972953
vn 0.292521 -0.124742 0.948088
vn 0.013494 0.026258 0.999564
vn 0.057908 -0.108223 0.992439
vn -0.013432 0.092803 0.995594
vn -0.070498 -0.112826 0.991111
vn -0.114883 -0.193286 0.974393
vn -0.040046 0.007172 0.999172
vn -0.082462 -0.043690 0.995636
vn -0.117331 -0.025989 0.992753
vn -0.177144 0.494130 0.851149
vn -0.063813 0.028565 0.997553
vn -0.171429 0.474411 0.863450
vn 0.118355 0.077335 0.989955
vn -0.015709 -0.088957 0.995912
vn -0.032014 -0.033767 0.998917
vn -0.091307 0.595903 0.797849
vn 0.272630 0.291020 0.917050
vn -0.005335 0.047792 0.998843
vn -0.020322 0.531776 0.846641
vn 0.374617 0.420041 0.826576
vn -0.084762 -0.159631 0.983531
vn 0.114192 -0.026397 0.993108
vn -0.030047 -0.054606 0.998056
vn -0.017194 0.543323 0.839347
vn 0.267842 0.642475 0.717974
vn 0.062384 0.089542 0.994027
vn -0.142316 0.607970 0.781101
vn -0.065475 0.065313 0.995714
vn 0.034346 0.067968 0.997096
vn 0.043957 0.048774 0.997842
vn -0.045888 0.032253 0.998426
vn -0.045448 0.007943 0.998935
vn 0.057982 0.020567 0.998106
vn -0.123834 0.057822 0.990617
vn -0.010497 -0.263785 0.964524
vn 0.010216 0.023913 0.999662
vn -0.400252 0.307079 0.863424
vn 0.021077 -0.022666 0.999521
vn 0.409259 -0.208558 0.888263
vn 0.040708 0.222617 0.974056
vn 0.368421 -0.482255 0.794793
vn 0.248794 -0.466148 0.849004
vn 0.075210 -0.084180 0.993608
vn -0.137751 -0.409769 0.901728
vn -0.024624 -0.003752 0.999690
vn 0.054391 -0.040821 0.997685
vn -0.382893 -0.064311 0.921551
vn -0.328798 -0.330813 0.884565
vn -0.058735 0.039653 0.997486
vn -0.367731 0.468260 0.803434
vn 0.044515 0.067871 0.996701
vn -0.036983 -0.082525 0.995903
vn -0.033341 -0.241703 0.969777
vn 0.011482 -0.019034 0.999753
vn -0.251067 0.213771 0.944070
vn -0.005341 -0.103309 0.994635
vn -0.172659 0.070285 0.982471
vn 0.129179 -0.477658 0.868997
vn 0.208675 0.049011 0.976756
vn -0.076998 -0.227343 0.970766
vn -0.069711 0.460906 0.884707
vn 0.043806 -0.039602 0.998255
vn -0.031911 -0.060230 0.997674
vn -0.053822 0.202790 0.977742
vn 0.075422 0.063727 0.995113
vn -0.093486 -0.175133 0.980096
vn 0.137094 -0.335421 0.932040
vn -0.071119 0.041540 0.996602
vn -0.027904 0.215025 0.976210
vn 0.492927 -0.374895 0.785160
vn 0.163270 0.301393 0.939417
vn 0.245345 -0.380234 0.891755
vn 0.323246 -0.326723 0.888124
vn 0.225396 -0.101259 0.968991
vn 0.003531 0.022387 0.999743
vn 0.437038 -0.216042 0.873111
vn -0.275002 -0.081229 0.958006
vn 0.046132 -0.161040 0.985869
vn -0.153728 0.603855 0.782129
vn 0.245443 -0.083754 0.965786
vn -0.084662 -0.132558 0.987553
vn 0.011046 0.026550 0.999586
vn 0.583564 -0.276689 0.763476
vn -0.035861 0.032314 0.998834
vn 0.141981 -0.027353 0.989491
vn -0.147262 0.462887 0.874099
vn -0.441823 0.303148 0.844330
vn -0.036745 -0.065155 0.997198
vn -0.126666 -0.457280 0.880256
vn 0.523442 0.353516 0.775264
vn -0.024869 -0.073544 0.996982
vn 0.023628 -0.004873 0.999709
vn 0.171430 0.040132 0.984379
vn 0.036530 0.090235 0.995250
vn 0.367968 0.277661 0.887414
vn -0.003427 -0.001440 0.999993
vn 0.482305 0.243896 0.841366
vn -0.161497 -0.028005 0.986476
vn 0.001737 -0.043358 0.999058
vn -0.096556 -0.086221 0.991586
vn -0.003216 -0.108774 0.994061
vn -0.001453 0.077709 0.996975
vn 0.259088 0.444449 0.857518
vn -0.042087 -0.327642 0.943864
vn -0.331107 0.128617 0.934786
vn 0.285773 0.531878 0.797145
vn 0.045784 0.083214 0.995479
vn 0.032232 0.064520 0.997396
vn 0.020512 -0.002917 0.999785
vn 0.009911 0.078299 0.996881
vn 0.029924 0.052559 0.998169
vn 0.016403 -0.126211 0.991868
vn -0.040188 -0.025605 0.998864
vn -0.041509 0.351416 0.935299
vn 0.017170 0.407215 0.913171
vn -0.007160 0.079659 0.996796
vn 0.283917 -0.134451 0.949375
vn 0.035551 0.078911 0.996248
vn 0.025586 -0.052635 0.998286
vn 0.022185 0.023607 0.999475
vn -0.015754 0.010766 0.999818
vn 0.002539 0.043051 0.999070
vn 0.013770 0.052051 0.998549
vn -0.013932 0.012774 0.999821
vn 0.035301 0.049406 0.998155
vn 0.018498 0.064903 0.997720
vn 0.046710 0.054101 0.997442
vn -0.006956 -0.108772 0.994042
vn -0.473693 0.239843 0.847402
vn 0.090707 -0.215678 0.972242
vn -0.240925 -0.043913 0.969550
vn -0.093922 -0.093093 0.991218
vn 0.406641 0.168101 0.897989
vn 0.166557 -0.411189 0.896204
vn 0.240160 -0.082651 0.967208
vn 0.171927 0.345673 0.922470
vn 0.130174 0.016412 0.991355
vn -0.343042 -0.284463 0.895211
vn -0.201130 -0.317499 0.926683
vn -0.295995 0.288527 0.910571
vn -0.063601 0.147985 0.986942
vn -0.300016 0.032124 0.953393
vn 0.306704 -0.006981 0.951779
vn -0.377013 0.306483 0.874031
vn 0.061398 0.148302 0.987034
vn -0.330701 -0.123612 0.935605
vn -0.037397 -0.089505 0.995284
vn -0.103560 -0.017172 0.994475
vn -0.146515 -0.062468 0.987234
vn 0.369416 -0.116163 0.921975
vn 0.303428 -0.404882 0.862556
vn 0.115024 -0.083444 0.989852
vn -0.218685 -0.427519 0.877157
vn -0.192096 0.487378 0.851799
vn -0.110464 -0.113081 0.987426
vn 0.128657 -0.166894 0.977545
vn 0.159532 0.173317 0.971859
vn -0.008192 0.035347 0.999342
vn 0.029537 0.027513 0.999185
vn -0.036006 -0.006349 0.999331
vn 0.001944 -0.006665 0.999976
vn 0.014719 0.130854 0.991292
vn 0.368215 0.289670 0.883464
vn 0.362681 -0.299642 0.882427
vn 0.388678 0.564824 0.727945
vn 0.313455 -0.502400 0.805816
vn 0.404756 0.347350 0.845884
vn 0.021533 0.054029 0.998307
vn -0.498909 0.296800 0.814248
vn -0.511823 -0.136463 0.848184
vn 0.479356 0.171706 0.860660
vn 0.171163 0.203492 0.963999
vn 0.082217 0.038167 0.995883
vn 0.026892 -0.044689 0.998639
vn -0.321505 0.165321 0.932365
vn -0.031724 -0.007781 0.999466
vn -0.613362 -0.003267 0.789795
vn -0.171567 0.253539 0.951989
vn 0.161648 0.330183 0.929973
vn 0.037379 -0.050922 0.998003
vn 0.002211 0.283640 0.958928
vn 0.353168 -0.145639 0.924154
vn -0.401640 0.303422 0.864072
vn -0.387197 -0.168658 0.906440
vn -0.177637 0.182176 0.967087
vn -0.306892 -0.419015 0.854543
vn -0.531822 0.278909 0.799609
vn 0.374758 0.362527 0.853306
vn -0.468854 -0.176891 0.865382
vn -0.064518 0.452223 0.889568
vn -0.010580 0.544424 0.838743
vn -0.266440 0.200262 0.942818
vn 0.358110 -0.506446 0.784391
vn 0.308057 -0.606161 0.733260
vn -0.397558 0.364462 0.842090
vn -0.177619 0.297653 0.938005
vn -0.321063 0.456587 0.829727
vn 0.506883 -0.377594 0.774914
vn 0.323691 -0.284295 0.902441
vn -0.099813 0.305916 0.946812
vn 0.561820 0.182698 0.806833
vn 0.254161 -0.245568 0.935467
vn 0.520930 -0.361029 0.773492
vn 0.244280 -0.477347 0.844078
vn -0.459480 0.473713 0.751315
vn 0.000000 0.000000 -0.000000
vn 0.117752 0.612395 -0.781733
vn 0.249891 -0.617282 0.746001
vn 0.348006 -0.641668 0.683486
vn 0.234551 -0.245554 0.940579
vn -0.097335 0.643083 0.759585
vn 0.008831 0.571361 0.820651
vn -0.183374 -0.361471 0.914173
vn 0.249830 0.519521 0.817119
vn 0.101040 0.174130 0.979525
vn 0.264864 -0.144903 0.953336
vn 0.200592 0.514666 0.833596
vn 0.313238 0.257962 0.913968
vn 0.205814 0.366665 0.907302
vn 0.104748 -0.276871 0.955181
vn -0.393870 0.108241 0.912771
vn -0.014560 0.333733 0.942555
vn -0.286441 -0.148249 0.946559
vn 0.292714 0.047174 0.955036
vn 0.235549 -0.064700 0.969706
vn -0.029199 -0.022708 0.999316
vn -0.002207 -0.066347 0.997794
vn 0.231541 -0.384179 0.893753
vn -0.048752 -0.106100 0.993160
vn -0.238272 -0.352185 0.905092
vn -0.011724 -0.004014 0.999923
vn -0.270939 -0.143017 0.951913
vn 0.250299 -0.342913 0.905406
vn 0.130281 -0.146978 0.980522
vn -0.211139 0.043100 0.976505
vn -0.030542 -0.036560 0.998865
vn 0.057934 0.138670 0.988643
vn -0.065089 -0.157222 0.985416
vn -0.114178 -0.252030 0.960960
vn 0.138529 -0.204141 0.969090
vn -0.028106 0.015052 0.999492
vn 0.117091 -0.129830 0.984598
vn 0.268068 -0.108500 0.957271
vn 0.004485 -0.452570 0.891717
vn -0.562607 0.130702 0.816327
vn -0.110267 -0.115322 0.987189
vn -0.078554 -0.108959 0.990938
vn 0.166877 -0.030911 0.985493
vn -0.181511 0.021157 0.983161
vn 0.018813 -0.093472 0.995444
vn 0.030882 0.145572 0.988866
vn 0.048842 -0.356894 0.932867
vn 0.141003 -0.115209 0.983283
vn 0.004643 -0.000419 0.999989
vn -0.479621 -0.077707 0.874028
vn 0.017849 -0.018041 0.999678
vn -0.561001 -0.131504 0.817304
vn 0.105947 0.048798 0.993174
vn -0.008467 0.155009 0.987877
vn -0.067780 -0.195363 0.978386
vn -0.002609 -0.300517 0.953773
vn -0.253709 -0.425451 0.868690
vn -0.029416 0.013675 0.999474
vn -0.472317 -0.069584 0.878678
vn 0.003394 0.006773 0.999971
vn -0.418573 -0.413833 0.808418
vn -0.017354 -0.100192 0.994817
vn -0.036857 -0.005860 0.999303
vn -0.120118 0.400820 0.908248
vn -0.190985 0.244429 0.950673
vn -0.175108 0.263172 0.948724
vn -0.010838 0.005052 0.999928
vn -0.169990 -0.468891 0.866743
vn 0.492868 0.163143 0.854673
vn 0.291001 0.210015 0.933387
vn -0.099797 0.194569 0.975799
vn 0.054151 0.476391 0.877564
vn 0.029344 0.139751 0.989752
vn -0.369021 0.172031 0.913361
vn 0.017193 0.113237 0.993419
vn -0.002926 -0.075368 0.997151
vn 0.272552 -0.066407 0.959847
vn -0.049409 -0.081427 0.995454
vn -0.091038 -0.025404 0.995523
vn 0.048029 0.096805 0.994144
vn 0.366507 0.068515 0.927889
vn 0.378783 0.151349 0.913026
vn 0.204154 0.183022 0.961678
vn 0.227539 -0.444613 0.866340
vn -0.441878 0.146650 0.885007
vn -0.077807 0.180635 0.980468
vn 0.009962 -0.008778 0.999912
vn -0.081693 -0.435973 0.896244
vn 0.337100 -0.324778 0.883676
vn 0.311168 -0.297881 0.902464
vn -0.022756 -0.086303 0.996009
vn 0.242889 -0.375877 0.894271
vn -0.050808 -0.003027 0.998704
vn -0.120503 -0.042765 0.991791
vn -0.137057 -0.317286 0.938374
vn 0.108481 -0.010616 0.994042
vn -0.002639 0.012760 0.999915
vn -0.049159 -0.036027 0.998141
vn 0.027809 0.020536 0.999402
vn 0.016506 0.027215 0.999493
vn 0.115049 -0.068641 0.990985
vn -0.007661 0.041172 0.999123
vn -0.004337 -0.002544 0.999987
vn -0.010226 -0.013698 0.999854
vn -0.242542 -0.346150 0.906286
vn -0.144707 -0.163810 0.975821
vn 0.470225 -0.093494 0.877581
vn -0.298203 0.070003 0.951932
vn -0.122731 -0.288988 0.949433
vn -0.009349 0.037331 0.999259
vn -0.314220 0.161836 0.935455
vn -0.045202 -0.010502 0.998923
vn 0.028969 -0.035704 0.998942
vn 0.289550 0.113430 0.950418
vn 0.008105 -0.008824 0.999928
vn -0.264472 -0.307332 0.914113
vn -0.125724 -0.065920 0.989873
vn -0.206614 -0.156735 0.965787
vn 0.013705 0.020138 0.999703
vn -0.015421 -0.032819 0.999342
vn -0.004883 -0.012125 0.999915
vn 0.016262 0.050667 0.998583
vn -0.098083 -0.239415 0.965950
vn 0.055692 -0.181785 0.981760
vn -0.513067 0.167358 0.841875
vn -0.136929 -0.392393 0.909548
vn -0.139433 -0.492074 0.859315
vn 0.042392 0.574682 0.817278
vn -0.048508 0.585575 0.809166
vn -0.042195 -0.127457 0.990946
vn 0.147803 0.542774 0.826771
vn 0.076462 0.592095 0.802233
vn 0.007564 -0.135357 0.990768
vn -0.125616 -0.053723 0.990623
vn -0.098716 0.253019 0.962412
vn -0.087358 -0.197873 0.976327
vn 0.010949 -0.009239 0.999897
vn 0.015312 -0.072063 0.997283
vn -0.073026 0.056640 0.995720
vn 0.009649 0.037219 0.999261
vn 0.218652 0.439881 0.871032
vn -0.071712 0.007281 0.997399
vn 0.053106 -0.003513 0.998583
vn 0.187361 -0.367220 0.911068
vn -0.034211 -0.013585 0.999322
vn -0.136641 -0.283583 0.949163
vn 0.168705 0.330579 0.928577
vn -0.015884 -0.491685 0.870628
vn -0.023981 -0.081314 0.996400
vn 0.273481 0.258961 0.926362
vn 0.003343 -0.109168 0.994018
vn 0.024457 0.398411 0.916881
vn 0.334294 -0.483389 0.809063
vn -0.001579 -0.010908 0.999939
vn 0.489325 -0.404721 0.772504
vn 0.433486 -0.197833 0.879177
vn 0.210930 -0.115700 0.970630
vn 0.038165 0.391771 0.919271
vn -0.138901 -0.425327 0.894317
vn -0.071661 0.141208 0.987383
vn 0.011035 0.046711 0.998848
vn -0.061159 -0.046452 0.997047
vn 0.002532 0.057880 0.998320
vn 0.000000 0.000000 0.000000
vn -0.074490 0.062610 0.995254
vn -0.093504 -0.107016 0.989851
vn -0.000487 0.043867 0.999037
vn 0.013124 -0.022877 0.999652
vn -0.007990 0.012201 0.999894
vn 0.011220 0.043203 0.999003
vn -0.067003 0.020311 0.997546
vn 0.290828 0.219700 0.931210
vn 0.047355 -0.017594 0.998723
vn 0.004277 0.019236 0.999806
vn -0.027402 -0.150492 0.988231
vn 0.053932 0.024233 0.998251
vn 0.417526 -0.133556 0.898796
vn 0.475742 -0.034899 0.878892
vn 0.006488 -0.039334 0.999205
vn 0.021478 0.055010 0.998255
vn 0.168999 -0.101758 0.980349
vn 0.016685 0.013805 0.999765
vn -0.396909 0.021124 0.917615
vn 0.078289 0.032253 0.996409
vn -0.084233 0.025279 0.996125
vn -0.010731 -0.396736 0.917870
vn 0.017217 -0.004436 0.999842
vn -0.002146 0.027536 0.999618
vn -0.047158 -0.015507 0.998767
vn 0.003019 -0.010176 0.999944
vn -0.034613 -0.020874 0.999183
vn 0.005978 -0.023281 0.999711
vn 0.010903 -0.042652 0.999030
vn 0.068854 -0.051260 0.996309
vn 0.058813 0.018910 0.998090
vn 0.013125 0.018960 0.999734
vn 0.048568 0.025945 0.998483
vn -0.045951 0.052876 0.997543
vn 0.049763 0.048918 0.997562
vn 0.033705 0.005306 0.999418
vn -0.020896 0.030588 0.999314
vn 0.026548 0.011691 0.999579
vn 0.023109 0.003937 0.999725
vn 0.029395 0.047366 0.998445
vn -0.007109 0.070241 0.997505
vn 0.039462 0.059617 0.997441
vn 0.011027 0.021608 0.999706
vn 0.018587 -0.064830 0.997723
vn 0.186553 -0.070746 0.979894
vn -0.010626 0.024049 0.999654
vn 0.076104 -0.017737 0.996942
vn 0.030727 0.057952 0.997846
vn -0.083598 0.066044 0.994309
vn 0.031512 0.063561 0.997480
vn 0.011671 -0.044230 0.998953
vn 0.001226 -0.064067 0.997945
vn -0.005133 0.021759 0.999750
vn 0.007475 0.036833 0.999293
vn 0.047665 0.024396 0.998565
vn -0.123014 -0.388968 0.913001
vn -0.031193 -0.149870 0.988213
vn -0.009085 -0.228559 0.973488
vn -0.203707 -0.198170 0.958766
vn -0.058202 -0.111859 0.992018
vn 0.132024 0.186933 0.973461
vn 0.001460 -0.135683 0.990751
vn 0.086926 -0.194545 0.977034
vn 0.154172 0.042420 0.987133
vn -0.284570 0.161566 0.944943
vn -0.205986 -0.031961 0.978033
vn -0.204255 0.627389 0.751441
vn 0.448559 0.255159 0.856556
vn -0.002967 0.607332 0.794443
vn -0.263737 0.278436 0.923535
vn 0.037196 -0.068694 0.996944
vn -0.184989 -0.193470 0.963508
vn -0.154976 0.598760 0.785792
vn 0.000000 0.000000 0.000000
vn -0.133741 0.170850 0.976178
vn 0.059293 -0.043112 0.997309
vn -0.479220 -0.332069 0.812452
vn -0.260316 -0.245552 0.933777
vn 0.080412 -0.054821 0.995253
vn 0.021195 -0.031532 0.999278
vn 0.554881 0.124332 0.822586
vn 0.235163 0.357353 0.903879
vn -0.442432 -0.215511 0.870522
vn 0.398842 0.172466 0.900656
vn 0.284213 0.468869 0.836292
vn 0.084059 -0.029030 0.996038
vn -0.247927 0.610845 0.751931
vn 0.172668 -0.007414 0.984952
vn -0.517636 0.158717 0.840751
vn -0.444461 -0.211187 0.870548
vn -0.164973 -0.551147 0.817937
vn -0.253911 -0.053287 0.965759
vn 0.076832 -0.554886 0.828371
vn -0.235759 0.306920 0.922072
vn -0.378673 0.124002 0.917186
vn -0.294146 -0.335122 0.895082
vn 0.217357 -0.224490 0.949926
vn 0.367903 0.384757 0.846528
vn 0.249098 -0.299607 0.920970
vn 0.356959 -0.025213 0.933780
vn 0.579437 0.120780 0.806018
vn -0.220904 0.378735 0.898755
vn 0.437804 0.139493 0.888183
vn 0.274330 0.309926 0.910323
vn 0.339232 0.143654 0.929669
vn 0.427556 0.353229 0.832121
vn 0.517768 0.190142 0.834124
vn 0.040658 0.012812 0.999091
vn 0.443803 -0.519162 0.730418
vn 0.201528 0.419893 0.884916
vn 0.338349 -0.315318 0.886620
vn -0.459573 0.475089 0.750389
vn -0.437855 0.455317 0.775222
vn 0.000000 -0.000000 0.000000
vn 0.576344 -0.598642 -0.556287
vn 0.484874 -0.197627 0.851963
vn 0.548290 -0.210238 0.809431
vn 0.505901 -0.321153 0.800578
vn -0.280893 0.038786 0.958955
vn -0.172413 0.607760 0.775178
vn -0.180980 0.497646 0.848289
vn 0.129396 0.034533 0.990992
vn -0.221581 -0.208534 0.952584
vn 0.250932 0.091692 0.963652
vn -0.261499 -0.205385 0.943099
vn 0.327445 -0.375536 0.867037
vn -0.302882 0.245043 0.920987
vn 0.491429 -0.205670 0.846285
vn -0.497983 -0.155101 0.853204
vn -0.096324 -0.074973 0.992522
vn 0.068823 -0.144194 0.987153
vn -0.008415 -0.036114 0.999312
vn 0.167014 0.370936 0.913517
vn 0.026700 0.008725 0.999605
vn -0.490423 0.323108 0.809374
vn 0.443751 -0.140830 0.885015
vn -0.231583 -0.371434 0.899114
vn -0.277447 -0.315828 0.907345
vn 0.388787 -0.241547 0.889101
vn -0.136248 -0.093352 0.986267
vn 0.346422 -0.625097 0.699461
vn 0.221587 0.147957 0.963851
vn 0.332397 0.408278 0.850189
vn 0.340648 0.286690 0.895415
vn 0.008828 0.071171 0.997425
vn 0.504662 0.298170 0.810192
vn 0.064629 0.093605 0.993510
vn 0.043388 -0.025719 0.998727
vn 0.087477 0.021470 0.995935
vn 0.488701 0.024505 0.872107
vn -0.017677 -0.071647 0.997273
vn 0.105007 -0.395226 0.912562
vn -0.493938 -0.176586 0.851377
vn 0.007982 -0.050442 0.998695
vn 0.136076 0.276554 0.951315
vn 0.065644 -0.150621 0.986410
vn 0.084360 0.052989 0.995025
vn -0.122705 0.482916 0.867027
vn 0.140131 -0.193731 0.970995
vn -0.026980 -0.006754 0.999613
vn -0.251774 -0.174449 0.951933
vn 0.010690 0.011125 0.999881
vn 0.198774 -0.070067 0.977538
vn -0.128446 0.423856 0.896576
vn -0.057494 -0.000642 0.998346
vn -0.162263 0.191569 0.967973
vn -0.022041 -0.298512 0.954151
vn 0.445874 -0.229259 0.865238
vn -0.264553 0.037626 0.963637
vn -0.012731 0.101125 0.994792
vn -0.265109 -0.176866 0.947858
vn 0.272261 0.137860 0.952297
vn -0.110220 0.270581 0.956367
vn -0.297055 0.266495 0.916918
vn -0.153494 0.420200 0.894355
vn -0.027769 0.071949 0.997022
vn -0.523245 0.106223 0.845536
vn -0.530476 -0.054100 0.845972
vn 0.096994 -0.033048 0.994736
vn -0.499312 -0.027698 0.865980
vn 0.043364 -0.206286 0.977530
vn 0.210238 -0.271711 0.939134
vn -0.034456 -0.041646 0.998538
vn 0.394856 0.418556 0.817863
vn -0.411901 -0.161755 0.896757
vn -0.034791 0.016124 0.999265
vn 0.451408 -0.075367 0.889129
vn -0.360702 -0.153888 0.919898
vn 0.419990 -0.322776 0.848189
vn -0.019939 0.033655 0.999235
vn -0.023241 0.066927 0.997487
vn 0.314839 0.088157 0.945042
vn 0.368195 0.201896 0.907563
vn -0.044764 -0.051423 0.997673
vn -0.179861 0.554857 0.812271
vn 0.366046 -0.036506 0.929880
vn -0.594537 0.093876 0.798570
vn 0.018780 0.487033 0.873182
vn 0.079891 0.503791 0.860123
vn -0.194157 -0.082288 0.977513
vn 0.022946 0.262907 0.964548
vn -0.112391 -0.438125 0.891860
vn 0.315244 -0.000643 0.949010
vn 0.244563 0.269219 0.931509
vn 0.633513 -0.309430 0.709164
vn 0.286523 0.184318 0.940176
vn 0.001795 0.065700 0.997838
vn -0.240468 0.391205 0.888332
vn -0.003702 0.053768 0.998547
vn -0.081260 0.040576 0.995867
vn 0.224429 -0.190552 0.955679
vn 0.256833 -0.013881 0.966356
vn 0.145120 0.387436 0.910403
vn -0.006102 -0.003432 0.999975
vn -0.131515 -0.452954 0.881780
vn -0.238067 -0.225657 0.944671
vn 0.003275 -0.073764 0.997270
vn -0.003264 -0.055584 0.998449
vn -0.040246 0.226512 0.973176
vn -0.444978 0.455432 0.771087
vn -0.433074 0.192428 0.880579
vn 0.017589 -0.312960 0.949604
vn -0.434017 0.382069 0.815875
vn 0.028225 0.040803 0.998768
vn -0.025438 0.096488 0.995009
vn 0.274939 -0.362849 0.890365
vn -0.010900 0.051042 0.998637
vn 0.080973 0.019386 0.996528
vn -0.046310 -0.007389 0.998900
vn -0.033200 -0.055081 0.997930
vn 0.327571 -0.570881 0.752856
vn -0.276374 0.240045 0.930589
vn -0.026995 -0.052218 0.998271
vn 0.008995 -0.051258 0.998645
vn -0.340126 0.090490 0.936016
vn 0.041366 0.024893 0.998834
vn 0.384902 -0.007282 0.922929
vn 0.023383 -0.041125 0.998880
vn 0.068875 -0.446387 0.892186
vn -0.007263 -0.076390 0.997052
vn -0.007901 -0.006469 0.999948
vn -0.397417 0.125274 0.909047
vn 0.495199 -0.019041 0.868571
vn -0.090187 -0.084453 0.992338
vn 0.367707 -0.004763 0.929930
vn 0.103457 -0.073065 0.991947
vn 0.084084 -0.033787 0.995886
vn -0.349284 0.160411 0.923184
vn 0.025650 -0.043237 0.998736
vn -0.389562 0.023594 0.920698
vn -0.218744 0.101642 0.970474
vn -0.019518 -0.032406 0.999284
vn -0.295897 -0.118554 0.947834
vn 0.027969 0.713215 0.700387
vn 0.063309 0.013318 0.997905
vn 0.002492 -0.030050 0.999545
vn -0.003641 -0.021724 0.999757
vn -0.087783 -0.281494 0.955539
vn -0.004344 -0.004746 0.999979
vn -0.036955 0.003521 0.999311
vn 0.095723 -0.269235 0.958306
vn -0.036328 -0.015568 0.999219
vn -0.105475 -0.217035 0.970449
vn -0.067577 -0.059170 0.995958
vn 0.197370 -0.419420 0.886077
vn 0.011350 -0.006598 0.999914
vn 0.049315 -0.009357 0.998739
vn 0.140042 -0.146874 0.979192
vn -0.245685 0.054965 0.967790
vn 0.051071 -0.022132 0.998450
vn 0.021723 0.051970 0.998412
vn -0.101851 0.175281 0.979236
vn 0.033713 -0.011302 0.999368
vn -0.016314 -0.016109 0.999737
vn -0.008332 -0.008955 0.999925
vn 0.015812 0.003387 0.999869
vn -0.049811 0.021661 0.998524
vn -0.063648 0.000560 0.997972
vn -0.024429 0.014515 0.999596
vn 0.001868 -0.005380 0.999984
vn 0.012359 0.011401 0.999859
vn -0.007873 -0.005719 0.999953
vn 0.022803 -0.007602 0.999711
vn 0.077527 -0.289840 0.953930
vn -0.055202 -0.297764 0.953042
vn -0.107583 -0.356277 0.928166
vn 0.266601 0.313414 0.911425
vn 0.274147 -0.429080 0.860659
vn -0.201377 -0.482475 0.852447
vn 0.082642 -0.048377 0.995404
vn -0.481672 -0.221319 0.847944
vn -0.374789 0.477416 0.794737
vn 0.065900 0.077178 0.994837
vn 0.392387 -0.158350 0.906067
vn 0.327846 -0.294694 0.897592
vn 0.008746 0.183753 0.982934
vn 0.108466 0.005771 0.994083
vn 0.380906 -0.235019 0.894246
vn 0.368894 -0.264445 0.891059
vn 0.045124 0.112413 0.992636
vn -0.387354 -0.423544 0.818882
vn 0.413718 0.125006 0.901782
vn 0.469648 0.126337 0.873768
vn 0.533646 -0.041762 0.844676
vn -0.356684 0.422863 0.833045
vn 0.039885 0.059752 0.997416
vn -0.250804 0.562393 0.787916
vn -0.057262 -0.401627 0.914012
vn 0.381575 0.232648 0.894581
vn 0.505163 -0.097890 0.857454
vn -0.067472 0.587359 0.806509
vn -0.538150 0.053447 0.841153
vn 0.340631 0.468705 0.815038
vn -0.000645 -0.459084 0.888392
vn -0.367037 -0.083523 0.926449
vn -0.141469 -0.014341 0.989839
vn 0.102627 0.505320 0.856808
vn -0.146365 0.488116 0.860419
vn -0.561490 0.827483 -0.000931
vn -0.530587 -0.089034 0.842942
vn -0.235784 0.638665 0.732470
vn -0.071266 -0.565907 0.821383
vn -0.535172 0.017933 0.844553
vn -0.420767 -0.276828 0.863899
vn 0.226898 0.703865 0.673120
vn -0.494988 -0.280214 0.822476
vn 0.496404 -0.521924 0.693670
vn -0.548979 -0.208194 0.809492
vn 0.731480 0.033917 0.681018
vn -0.295532 -0.424723 0.855728
vn -0.309800 -0.329925 0.891725
vn 0.373916 -0.113667 0.920471
vn 0.488661 0.399372 0.775701
vn -0.357174 0.290148 0.887829
vn 0.295844 -0.423723 0.856116
vn 0.347568 -0.397531 0.849215
vn 0.394745 -0.180022 0.900982
vn -0.000596 0.313964 0.949435
vn 0.574250 0.138541 0.806872
vn -0.293759 0.384408 0.875178
vn -0.159985 0.351383 0.922461
vn -0.264274 -0.284404 0.921561
vn 0.470661 0.151355 0.869235
vn 0.013862 -0.538556 0.842476
vn -0.336405 0.419521 0.843109
vn 0.547219 0.019791 0.836756
vn 0.493450 -0.554077 0.670452
vn 0.365655 -0.544045 0.755190
vn 0.413452 0.038440 0.909714
vn 0.251587 0.385208 0.887873
vn 0.349764 0.341194 0.872497
vn -0.315954 0.365513 0.875542
vn -0.110589 -0.232461 0.966298
vn -0.364809 0.322811 0.873331
vn 0.250627 -0.617579 0.745508
vn 0.368031 -0.386979 0.845459
vn 0.062874 0.276854 0.958853
vn -0.340918 0.472317 0.812830
vn 0.082480 -0.272930 0.958492
vn 0.250198 -0.317652 0.914603
vn 0.387829 -0.163273 0.907155
vn 0.160035 -0.149714 0.975692
vn -0.485311 0.167435 0.858160
vn -0.300459 0.464334 0.833138
vn -0.251946 0.076607 0.964704
vn 0.037097 0.012485 0.999234
vn -0.078591 -0.285360 0.955193
vn -0.189367 -0.107739 0.975978
vn 0.196835 -0.254093 0.946939
vn -0.071829 0.033399 0.996858
vn 0.036823 -0.022014 0.999079
vn 0.287794 0.028199 0.957277
vn 0.377283 -0.396975 0.836701
vn 0.167696 -0.132065 0.976953
vn 0.312928 -0.221591 0.923566
vn 0.408294 -0.126900 0.903987
vn -0.017113 0.386284 0.922221
vn 0.007604 -0.078696 0.996870
vn 0.358672 0.268282 0.894080
vn -0.021771 0.143832 0.989363
vn -0.063766 0.032373 0.997440
vn -0.159643 0.118565 0.980029
vn 0.068105 -0.216107 0.973991
vn 0.088537 -0.154383 0.984036
vn -0.102208 -0.305192 0.946790
vn -0.081584 -0.031081 0.996182
vn -0.045073 0.357301 0.932901
vn -0.075964 0.379574 0.922038
vn -0.079828 -0.015681 0.996685
vn -0.390512 -0.330770 0.859122
vn -0.036115 0.327828 0.944047
vn -0.009381 -0.025357 0.999634
vn -0.038074 0.555725 0.830494
vn -0.304495 -0.313588 0.899414
vn -0.073265 -0.137557 0.987781
vn 0.463661 0.288967 0.837566
vn -0.000794 -0.060679 0.998157
vn -0.108776 0.482468 0.869133
vn -0.054293 0.575437 0.816042
vn -0.141221 0.017112 0.989830
vn -0.167802 0.246873 0.954409
vn 0.030978 -0.062069 0.997591
vn 0.360354 0.347882 0.865519
vn -0.000147 -0.079785 0.996812
vn -0.219115 -0.160439 0.962418
vn 0.186814 -0.302216 0.934754
vn -0.560438 -0.144718 0.815454
vn 0.025119 -0.040847 0.998850
vn -0.318804 0.514051 0.796314
vn -0.094443 0.038570 0.994783
vn -0.583450 -0.017498 0.811960
vn -0.369649 0.501524 0.782198
vn -0.515859 0.152140 0.843056
vn 0.013862 -0.069136 0.997511
vn -0.009790 -0.053361 0.998527
vn 0.275927 -0.249596 0.928206
vn 0.076023 -0.050897 0.995806
vn -0.438160 -0.111355 0.891973
vn -0.282410 -0.262314 0.922733
vn -0.084092 0.125363 0.988541
vn 0.472585 -0.063713 0.878979
vn 0.455230 -0.096676 0.885110
vn 0.493334 0.202213 0.846009
vn -0.349349 -0.440417 0.827036
vn -0.152953 0.755905 0.636564
vn 0.274740 0.203602 0.939715
vn -0.457266 0.209998 0.864181
vn 0.024836 -0.192802 0.980923
vn 0.251569 -0.372816 0.893153
vn 0.101142 0.469348 0.877201
vn -0.030007 -0.035483 0.998920
vn 0.050997 0.340423 0.938888
vn 0.202869 -0.130877 0.970420
vn 0.252483 0.120030 0.960128
vn -0.310145 0.285028 0.906956
vn 0.312021 0.215498 0.925313
vn 0.433330 0.122847 0.892824
vn -0.068314 -0.332143 0.940752
vn 0.102672 -0.025614 0.994385
vn 0.000000 -0.000000 0.000000
vn 0.398305 -0.358433 0.844322
vn -0.199264 -0.094762 0.975353
vn -0.405817 -0.026572 0.913568
vn 0.282226 -0.298346 0.911777
vn 0.476986 -0.277812 0.833849
vn -0.028769 -0.173730 0.984373
vn -0.093838 0.328544 0.939816
vn 0.523622 -0.261507 0.810823
vn 0.351874 -0.059366 0.934163
vn 0.132751 0.003378 0.991144
vn -0.041449 -0.198089 0.979307
vn -0.458829 0.154521 0.874985
vn 0.015180 0.175102 0.984433
vn 0.227231 0.064405 0.971709
vn 0.112058 -0.338234 0.934367
vn 0.163419 -0.288111 0.943550
vn -0.343649 0.156438 0.925977
vn 0.330872 -0.353480 0.874972
vn 0.426066 -0.116110 0.897210
vn -0.359077 0.134103 0.923623
vn 0.252943 -0.031887 0.966956
vn -0.450808 0.198854 0.870189
vn -0.290701 0.158950 0.943519
vn -0.040970 0.001473 0.999159
vn -0.450467 -0.083690 0.888862
vn 0.426948 -0.418127 0.801801
vn 0.407314 -0.368835 0.835498
vn -0.009550 0.047094 0.998845
vn -0.039285 0.749141 0.661244
vn -0.464511 -0.181829 0.866700
vn -0.198748 0.414340 0.888156
vn 0.336663 -0.399360 0.852742
vn 0.350801 0.432324 0.830683
vn 0.598625 -0.013966 0.800907
vn 0.204405 0.371617 0.905605
vn -0.118437 -0.327954 0.937240
vn -0.085933 -0.322916 0.942518
vn 0.151882 -0.407969 0.900274
vn -0.106732 -0.041114 0.993437
vn 0.471047 -0.232343 0.850959
vn 0.268978 0.411325 0.870898
vn 0.000000 0.000000 0.000000
vn 0.062749 0.561364 0.825187
vn 0.385456 0.428415 0.817242
vn 0.497371 -0.145459 0.855257
vn 0.179992 -0.104513 0.978100
vn 0.006945 -0.036086 0.999325
vn -0.404512 0.425000 0.809781
vn 0.249592 -0.432598 0.866350
vn -0.179792 -0.426279 0.886545
vn 0.279087 -0.435204 0.855984
vn -0.266123 -0.548824 0.792446
vn 0.431151 -0.187143 0.882659
vn 0.068145 -0.190675 0.979285
vn -0.551648 0.151386 0.820224
vn -0.512164 -0.173735 0.841132
vn -0.190769 -0.490882 0.850083
vn 0.000000 0.000000 0.000000
vn -0.383871 0.423235 0.820679
vn -0.017533 -0.242146 0.970081
vn -0.501881 -0.162955 0.849447
vn 0.039875 0.047482 0.998076
vn -0.109342 -0.316605 0.942234
vn -0.276938 0.620028 0.734078
vn -0.017386 0.005792 0.999832
vn 0.000000 0.000000 0.000000
vn -0.285422 0.069289 0.955894
vn -0.000000 -0.000000 0.000000
vn 0.481789 -0.069897 0.873495
vn 0.055189 0.003886 0.998468
vn -0.437376 -0.180310 0.881017
vn 0.546920 0.162268 0.821309
vn -0.133630 -0.485814 0.863787
vn -0.298334 -0.133133 0.945131
vn 0.203954 -0.408198 0.889819
vn -0.127253 0.066037 0.989670
vn 0.070956 -0.036243 0.996821
vn -0.341751 0.477478 0.809457
vn 0.131494 0.607767 0.783153
vn 0.000628 0.661528 0.749920
vn 0.011600 0.081651 0.996593
vn -0.277873 -0.332304 0.901311
vn -0.321950 -0.448691 0.833681
vn -0.030065 -0.055987 0.997979
vn -0.008724 -0.057188 0.998325
vn -0.297997 -0.198745 0.933648
vn -0.223621 0.341353 0.912947
vn -0.170501 -0.282242 0.944070
vn -0.483818 0.063759 0.872843
vn 0.293910 0.300855 0.907250
vn -0.044349 -0.035382 0.998389
vn -0.009423 0.474569 0.880168
vn 0.294612 -0.021360 0.955378
vn -0.267192 0.409409 0.872349
vn 0.353541 -0.319668 0.879103
vn -0.289367 0.238920 0.926922
vn 0.378340 0.534238 0.755943
vn -0.275284 -0.322579 0.905628
vn 0.178511 -0.333329 0.925757
vn -0.120411 0.464224 0.877495
vn 0.452616 -0.210706 0.866453
vn 0.097118 0.191172 0.976740
vn 0.050391 0.127435 0.990566
vn 0.361726 0.015596 0.932154
vn 0.324931 -0.157687 0.932499
vn -0.022039 -0.217347 0.975846
vn 0.272849 -0.350519 0.895930
vn -0.211676 -0.170165 0.962412
vn -0.251302 -0.472451 0.844771
vn -0.480442 -0.151398 0.863860
vn 0.171328 -0.237374 0.956191
vn -0.449799 -0.079095 0.889621
vn -0.388780 -0.215604 0.895748
vn -0.407320 -0.266546 0.873524
vn 0.264701 -0.424073 0.866080
vn -0.061441 -0.337259 0.939405
vn 0.335596 0.387245 0.858730
vn -0.339103 -0.352325 0.872282
vn 0.108781 -0.238826 0.964950
vn -0.403503 -0.013196 0.914883
vn 0.336185 -0.464959 0.819020
vn 0.050145 -0.057785 0.997069
vn 0.394547 -0.399740 0.827370
vn -0.498300 -0.057727 0.865081
vn 0.015150 -0.058091 0.998196
vn -0.392564 0.260234 0.882140
vn 0.137967 0.354977 0.924639
vn -0.009423 0.317548 0.948195
vn -0.178383 -0.033741 0.983382
vn 0.108008 0.454932 0.883952
vn 0.032110 -0.861009 -0.507575
vn 0.177314 0.214338 0.960530
vn -0.220629 -0.395949 0.891374
vn 0.771800 -0.415321 0.481490
vn 0.052553 -0.021815 0.998380
vn -0.349457 0.306629 0.885358
vn 0.359395 0.188358 0.913978
vn -0.397799 0.237883 0.886097
vn 0.284431 -0.529924 0.798924
vn 0.408681 -0.340463 0.846797
vn 0.394342 -0.203283 0.896198
vn -0.029950 0.054191 0.998081
vn -0.083866 0.159221 0.983674
vn -0.248419 -0.108494 0.962558
vn -0.188166 -0.504467 0.842678
vn 0.041242 -0.050063 0.997894
vn -0.106119 -0.297776 0.948719
vn -0.127714 0.289417 0.948645
vn 0.085819 -0.356732 0.930257
vn -0.022363 0.008800 0.999711
vn -0.213691 0.020859 0.976679
vn 0.185774 -0.394619 0.899869
vn -0.009313 0.067558 0.997672
vn 0.075054 -0.043576 0.996227
vn -0.113921 0.286247 0.951359
vn -0.255031 -0.368757 0.893855
vn -0.105670 -0.057997 0.992708
vn 0.555705 0.005088 0.831364
vn -0.508671 0.010614 0.860896
vn 0.254450 -0.141296 0.956708
vn 0.052125 -0.061769 0.996728
vn -0.239373 0.257520 0.936154
vn -0.373169 0.352814 0.858060
vn 0.015135 0.157646 0.987380
vn -0.069802 0.178100 0.981533
vn 0.010576 -0.021825 0.999706
vn -0.058321 0.589180 0.805894
vn 0.139730 -0.530333 0.836195
vn 0.045348 0.088442 0.995049
vn 0.049635 -0.657432 0.751877
vn -0.011488 0.625948 0.779780
vn 0.033768 0.098538 0.994560
vn -0.039086 0.496625 0.867085
vn 0.775781 0.299833 0.555215
vn 0.073986 0.314728 0.946294
vn -0.478541 0.196650 0.855761
vn -0.467870 0.503306 0.726485
vn -0.342045 0.572534 0.745125
vn -0.362746 0.337723 0.868538
vn 0.493818 -0.521700 0.695682
vn -0.116377 -0.528021 0.841219
vn -0.071610 -0.421233 0.904121
vn 0.353634 0.396526 0.847178
vn 0.077081 -0.276232 0.957995
vn -0.515242 -0.164450 0.841119
vn -0.279742 0.383326 0.880231
vn 0.328682 -0.451709 0.829413
vn -0.428856 -0.095944 0.898264
vn 0.549211 0.331572 0.767091
vn -0.283347 0.396123 0.873385
vn 0.031201 -0.149093 0.988331
vn 0.466690 0.356913 0.809206
vn 0.430070 0.300851 0.851192
vn -0.038095 -0.530740 0.846678
vn 0.073255 -0.175105 0.981821
vn -0.277824 0.499697 0.820437
vn 0.338131 -0.042610 0.940134
vn 0.343309 -0.230278 0.910555
vn 0.544957 -0.742090 0.390287
vn 0.419714 0.544371 0.726292
vn 0.242596 -0.142761 0.959566
vn 0.366899 0.082288 0.926614
vn 0.338127 0.237344 0.910680
vn -0.146854 -0.120224 0.981825
vn -0.253455 -0.455611 0.853334
vn 0.224506 -0.821236 0.524565
vn 0.369656 0.346787 0.862029
vn -0.396651 -0.274339 0.876017
vn 0.295616 0.141769 0.944729
vn -0.387397 -0.312161 0.867456
vn -0.425409 0.471936 0.772207
vn -0.570907 -0.164893 0.804286
vn 0.254178 -0.540199 0.802234
vn 0.328912 -0.562061 0.758883
vn -0.418553 -0.115727 0.900789
vn -0.266244 0.398230 0.877796
vn -0.205476 0.031862 0.978143
vn -0.412421 0.104746 0.904951
vn -0.532178 0.181791 0.826885
vn 0.370497 -0.075583 0.925753
vn 0.418330 0.093893 0.903429
vn 0.177008 -0.287772 0.941199
vn 0.398831 0.127791 0.908077
vn -0.201506 0.081307 0.976107
vn 0.606107 -0.582914 -0.541152
vn 0.031389 0.487559 0.872526
vn -0.131682 0.569921 0.811080
vn 0.500419 -0.392430 0.771738
vn 0.010697 -0.535408 0.844526
vn 0.408343 -0.467798 0.783850
vn -0.061944 -0.026520 0.997727
vn -0.101788 -0.611441 0.784716
vn -0.135563 -0.121520 0.983288
vn -0.158776 -0.608159 0.777774
vn -0.092419 0.007482 0.995692
vn -0.249279 -0.412689 0.876098
vn 0.383858 -0.144310 0.912046
vn -0.263924 0.354596 0.896998
vn -0.190192 0.387537 0.902021
vn -0.315902 -0.391001 0.864479
vn -0.084628 -0.312890 0.946011
vn 0.260756 -0.248556 0.932859
vn 0.232159 -0.288254 0.928984
vn 0.450501 0.205601 0.868779
vn 0.025474 -0.437531 0.898842
vn 0.469280 -0.103571 0.876955
vn -0.007617 -0.029008 0.999550
vn -0.457052 -0.064733 0.887081
vn 0.000000 0.000000 0.000000
vn 0.190287 0.145303 0.970916
vn 0.474456 -0.461759 0.749446
vn 0.383080 -0.362522 0.849604
vn -0.112868 -0.261136 0.958681
vn 0.257118 0.052382 0.964959
vn -0.298212 0.498307 0.814100
vn -0.023220 0.179241 0.983531
vn 0.270323 -0.159930 0.949393
vn 0.202676 -0.305843 0.930259
vn 0.428605 0.237019 0.871848
vn 0.296218 0.457693 0.838315
vn -0.095327 -0.053586 0.994003
vn -0.543737 -0.145043 0.826627
vn -0.475884 0.275174 0.835353
vn 0.002921 -0.037880 0.999278
vn -0.029150 0.560253 0.827808
vn 0.102299 -0.511070 0.853430
vn -0.480956 -0.102058 0.870785
vn -0.025904 -0.029597 0.999226
vn -0.198391 -0.181924 0.963091
vn -0.439683 0.035689 0.897444
vn 0.416477 -0.237257 0.877642
vn -0.102438 0.141206 0.984666
vn -0.076922 -0.335966 0.938728
vn -0.290780 -0.037327 0.956061
vn 0.022950 -0.036885 0.999056
vn -0.421668 0.429722 0.798458
vn -0.085582 -0.441791 0.893027
vn -0.056821 0.261995 0.963395
vn 0.102926 -0.492632 0.864129
vn 0.306959 -0.414224 0.856852
vn 0.299285 -0.176807 0.937639
vn 0.190446 -0.316908 0.929139
vn 0.042542 0.370388 0.927903
vn 0.267009 -0.474340 0.838873
vn 0.172093 0.538739 0.824709
vn 0.143447 0.016514 0.989520
vn 0.322213 0.268834 0.907693
vn -0.388801 -0.014706 0.921205
vn -0.213341 -0.486866 0.847022
vn -0.503169 0.320730 0.802467
vn -0.175339 0.434094 0.883639
vn -0.309637 0.294902 0.903968
vn -0.124453 0.554709 0.822685
vn -0.176586 0.647585 0.741250
vn -0.118254 -0.404635 0.906800
vn -0.001642 0.020593 0.999787
vn 0.327779 0.035504 0.944087
vn 0.027405 0.639086 0.768647
vn -0.284684 -0.113595 0.951867
vn -0.040029 0.581887 0.812284
vn 0.011273 0.292676 0.956145
vn 0.039652 -0.050834 0.997920
vn 0.025245 -0.051805 0.998338
vn 0.188758 -0.325896 0.926370
vn 0.035495 0.001583 0.999369
vn -0.039663 -0.132862 0.990341
vn 0.141105 0.087993 0.986076
vn 0.073023 -0.088558 0.993391
vn 0.151339 -0.064939 0.986346
vn -0.270268 0.531286 0.802926
vn 0.134837 -0.014611 0.990760
vn 0.131692 0.194325 0.972057
vn -0.338141 0.002462 0.941092
vn 0.322867 0.133230 0.937020
vn 0.194198 0.304414 0.932534
vn 0.400919 0.415817 0.816309
vn -0.075637 -0.053840 0.995681
vn 0.045359 -0.018725 0.998795
vn 0.024027 0.016620 0.999573
vn 0.015078 -0.001076 0.999886
vn -0.296230 0.290586 0.909840
vn -0.078344 -0.536856 0.840029
vn 0.044527 0.067165 0.996748
vn -0.179631 -0.295902 0.938176
vn -0.032427 -0.441906 0.896475
vn 0.071671 -0.213896 0.974224
vn 0.024476 -0.504649 0.862978
vn 0.279378 -0.406529 0.869875
vn -0.414877 0.425356 0.804331
vn -0.303620 -0.101772 0.947342
vn -0.356963 -0.604075 0.712511
vn -0.360753 0.474077 0.803186
vn -0.255135 0.120005 0.959430
vn 0.155450 -0.437448 0.885705
vn -0.538311 -0.124865 0.833445
vn -0.349609 -0.446173 0.823834
vn 0.495862 -0.272702 0.824472
vn 0.231292 -0.477383 0.847708
vn -0.545615 -0.121695 0.829153
vn 0.316750 0.348619 0.882119
vn -0.052465 0.100757 0.993527
vn 0.348929 0.321876 0.880139
vn 0.498040 0.435073 0.750112
vn -0.426536 0.445869 0.786936
vn -0.157821 0.803091 0.574576
vn -0.125244 0.692538 0.710426
vn 0.508478 -0.054888 0.859324
vn 0.011959 -0.335960 0.941800
vn 0.141003 -0.571249 0.808574
vn -0.087673 0.615828 0.782988
vn 0.000000 0.000000 0.000000
vn 0.299509 -0.137772 0.944094
vn -0.340617 0.024575 0.939881
vn 0.025174 0.483923 0.874748
vn 0.042286 0.066448 0.996893
vn -0.540729 0.015972 0.841045
vn 0.355257 -0.313933 0.880476
vn -0.215718 0.082777 0.972941
vn -0.193791 0.541259 0.818220
vn 0.090447 -0.003254 0.995896
vn 0.262314 0.702291 0.661800
vn 0.493794 -0.119119 0.861382
vn -0.221862 0.294708 0.929475
vn 0.043236 0.552775 0.832208
vn -0.400652 0.140065 0.905461
vn 0.398830 0.252568 0.881558
vn -0.527726 0.012941 0.849316
vn 0.192121 0.480153 0.855887
vn 0.177934 -0.351423 0.919153
vn 0.412635 0.120211 -0.902929
vn 0.111341 0.490907 0.864068
vn 0.090649 -0.054655 0.994382
vn -0.309371 -0.370940 0.875610
vn -0.196549 0.023528 0.980212
vn -0.432874 0.882357 -0.184569
vn -0.260986 -0.016100 0.965208
vn 0.434541 -0.390355 0.811663
vn -0.449675 0.349679 0.821898
vn 0.234201 0.615602 0.752452
vn 0.302812 0.114810 0.946109
vn 0.221204 -0.178614 0.958731
vn 0.128724 -0.497318 0.857965
vn 0.071687 -0.210020 0.975065
vn 0.129742 -0.239037 0.962304
vn 0.042866 -0.043804 0.998120
vn 0.333670 -0.256623 0.907088
vn -0.057476 -0.192007 0.979709
vn 0.184928 -0.269995 0.944936
vn 0.092991 -0.584721 0.805887
vn 0.187649 -0.145333 0.971425
vn 0.451322 0.243429 0.858517
vn -0.115407 -0.302314 0.946196
vn -0.064802 0.005173 0.997885
vn -0.319829 -0.506275 0.800871
vn -0.429493 0.576520 0.695097
vn -0.349898 0.524324 0.776309
vn -0.182195 0.559668 0.808441
vn -0.030720 0.534439 0.844649
vn 0.223504 -0.037023 0.974000
vn 0.215566 -0.093465 0.972006
vn 0.379916 -0.177529 0.907826
vn 0.245871 -0.256998 0.934612
vn -0.364547 -0.026412 0.930810
vn 0.478935 -0.145958 0.865632
vn 0.227960 0.206352 0.951553
vn 0.253133 -0.303817 0.918487
vn 0.080849 -0.173238 0.981556
vn 0.024610 -0.026542 0.999345
vn -0.056694 -0.381150 0.922773
vn 0.284948 0.446477 0.848211
vn 0.331797 -0.376583 0.864925
vn 0.035320 -0.354703 0.934312
vn 0.069759 -0.413794 0.907694
vn 0.347231 0.409093 0.843845
vn 0.156111 -0.388782 0.908008
vn -0.413624 0.411208 0.812295
vn 0.373902 0.089952 0.923096
vn -0.034073 -0.056830 0.997802
vn -0.367059 0.249896 0.896002
vn 0.013606 0.093592 0.995518
vn -0.365355 -0.428216 0.826527
vn 0.816185 -0.155089 -0.556587
vn 0.000000 0.000000 0.000000
vn 0.398196 -0.185914 0.898263
vn -0.196133 -0.023721 0.980290
vn -0.128610 -0.004611 0.991684
vn 0.000000 -0.000000 0.000000
vn -0.727434 0.455706 0.513003
vn -0.275431 -0.349753 0.895439
vn 0.294297 -0.562033 0.772987
vn -0.539971 0.047828 0.840323
vn 0.006697 0.023224 0.999708
vn -0.256757 -0.473490 0.842546
vn -0.114307 0.395736 0.911223
vn 0.175267 -0.240001 0.954820
vn -0.420939 0.414748 0.806718
vn 0.001288 0.052716 0.998609
vn 0.238905 -0.578947 0.779580
vn 0.349583 -0.608017 0.712816
vn 0.064692 0.020724 0.997690
vn 0.000000 0.000000 0.000000
vn 0.392943 -0.292904 0.871667
vn -0.036030 0.040241 0.998540
vn 0.016505 0.003247 0.999859
vn -0.129625 0.146477 0.980684
vn -0.266107 -0.482640 0.834414
vn -0.112811 0.252125 0.961097
vn -0.527381 -0.263763 0.807650
vn 0.106674 -0.238544 0.965255
vn -0.043499 -0.039407 0.998276
vn 0.007090 0.062938 0.997992
vn -0.191984 -0.537898 0.820858
vn -0.002313 -0.511942 0.859017
vn 0.426627 0.426804 0.797388
vn -0.194054 0.517458 0.833415
vn -0.245131 0.488146 0.837630
vn -0.006285 0.180088 0.983630
vn -0.026983 0.625813 0.779506
vn 0.242452 -0.307241 0.920228
vn 0.070847 -0.441844 0.894290
vn -0.507494 0.201201 0.837835
vn 0.202926 0.388598 0.898784
vn 0.385589 0.436561 0.812856
vn 0.433894 0.266372 0.860687
vn 0.369404 -0.036125 0.928566
vn -0.308040 0.203333 0.929391
vn 0.918096 0.170316 -0.357899
vn 0.027838 -0.637874 0.769638
vn 0.433268 0.419842 0.797503
vn 0.211874 -0.398195 0.892496
vn -0.537293 0.203175 0.818557
vn 0.172080 0.449812 0.876389
vn -0.266062 0.415451 0.869834
vn -0.158226 0.600728 0.783640
vn -0.455866 0.421197 0.784078
vn -0.295949 0.605512 0.738762
vn -0.306700 0.396515 0.865281
vn 0.158479 0.610749 0.775803
vn -0.063383 -0.361234 0.930319
vn -0.300887 0.244935 0.921669
vn 0.345459 -0.191857 0.918612
vn 0.207492 -0.113717 0.971604
vn -0.290388 0.249445 0.923825
vn 0.513085 0.713942 -0.476478
vn -0.102926 -0.317664 0.942601
vn 0.418612 -0.886500 0.197185
vn -0.092890 -0.132157 0.986867
vn -0.061686 -0.024161 0.997803
vn -0.070136 0.539305 0.839185
vn -0.030831 0.434595 0.900098
vn 0.389685 0.575526 0.718968
vn 0.270899 0.101312 0.957262
vn -0.008703 0.215787 0.976402
vn 0.530544 0.067204 0.844989
vn -0.429780 0.023043 0.902639
vn 0.059034 0.408564 0.910818
vn 0.046014 0.069757 0.996502
vn 0.347768 -0.114549 0.930557
vn 0.064267 0.113520 0.991455
vn 0.471674 0.314893 0.823630
vn 0.219615 -0.193781 0.956147
vn 0.405475 0.238179 0.882531
vn 0.000198 -0.263508 0.964657
vn 0.291435 -0.156321 -0.943732
vn -0.726472 0.671273 0.147072
vn -0.186149 0.143747 0.971949
vn 0.238202 -0.309443 0.920600
vn 0.637096 0.583427 -0.503708
vn 0.458788 -0.431334 0.776830
vn 0.000000 0.000000 0.000000
vn -0.039980 0.012528 0.999122
vn 0.000000 0.000000 0.000000
vn -0.404079 0.441661 0.801034
vn 0.362799 -0.368623 0.855859
vn -0.417251 0.436796 0.796939
vn 0.309543 0.177377 0.934195
vn -0.212760 -0.495654 0.842057
vn -0.295765 0.487160 0.821705
vn -0.178905 0.545026 0.819109
vn 0.036357 -0.587074 0.808716
vn -0.396060 -0.107358 0.911927
vn -0.356060 -0.367487 0.859171
vn -0.485362 -0.310339 0.817382
vn 0.033351 0.508118 0.860642
vn -0.075413 -0.029308 0.996722
vn 0.500533 0.038233 0.864873
vn -0.074054 0.169418 0.982758
vn 0.641294 -0.162371 0.749919
vn 0.119018 0.078215 0.989807
vn 0.610589 0.139206 0.779617
vn -0.030384 0.073002 0.996869
vn 0.221334 -0.435817 -0.872396
vn 0.018705 -0.674307 0.738214
vn 0.278290 -0.146368 0.949279
vn -0.400338 -0.332134 0.854059
vn -0.300853 0.073897 0.950803
vn -0.022759 0.273890 0.961492
vn 0.449720 -0.109175 -0.886472
vn 0.309794 0.048522 0.949565
vn -0.639628 0.038457 0.767722
vn -0.078706 -0.101337 0.991734
vn -0.142631 -0.334620 0.931497
vn -0.229968 -0.445094 0.865451
vn 0.000000 0.000000 0.000000
vn 0.129846 -0.366042 0.921495
vn -0.292833 -0.106815 0.950178
vn 0.325945 -0.380651 0.865370
vn -0.281199 -0.142003 0.949085
vn 0.528619 0.302744 0.793037
vn 0.409174 -0.065334 0.910114
vn 0.247731 -0.680379 0.689720
vn 0.360849 -0.113339 0.925712
vn -0.418380 -0.353628 0.836603
vn -0.149778 -0.501674 0.851992
vn -0.167447 0.254492 0.952468
vn 0.449113 0.326377 0.831730
vn 0.393240 0.504053 0.768956
vn -0.443319 -0.255794 0.859091
vn -0.375530 0.154275 0.913880
vn 0.383503 -0.191719 0.903421
vn 0.344493 0.435464 0.831682
vn -0.264874 -0.241444 0.933567
vn 0.131799 0.030071 0.990820
vn 0.421277 0.402256 0.812844
vn 0.097421 -0.461192 0.881936
vn 0.364339 -0.151714 0.918825
vn -0.047105 -0.340529 0.939053
vn -0.443428 -0.114669 0.888945
vn -0.022274 0.022832 0.999491
vn 0.098589 0.496498 0.862421
vn 0.102190 0.593657 0.798204
vn -0.227450 -0.415314 0.880784
vn -0.636960 0.375693 0.673154
vn 0.221859 0.528834 0.819215
vn -0.037222 -0.050546 0.998028
vn 0.744271 -0.318062 0.587279
vn -0.274124 -0.188890 -0.942961
vn 0.013136 -0.475479 0.879629
vn 0.562691 -0.349872 0.748978
vn -0.140083 -0.537197 0.831743
vn -0.382772 0.277363 0.881224
vn 0.554942 -0.394002 0.732668
vn 0.606856 -0.161159 0.778302
vn -0.176336 -0.279000 0.943962
vn -0.364554 0.489650 0.792050
vn -0.140158 -0.237755 0.961160
vn 0.349397 -0.401359 0.846660
vn -0.172252 -0.174075 0.969550
vn 0.140700 0.042047 0.989159
vn 0.318702 0.078024 0.944638
vn 0.010244 -0.006218 0.999928
vn -0.409333 -0.139263 0.901694
vn 0.637392 -0.467941 0.612179
vn 0.005606 0.159422 0.987195
vn -0.223957 -0.556744 0.799924
vn -0.330581 0.571973 0.750708
vn 0.447721 -0.231449 0.863700
vn -0.265938 0.314772 0.911151
vn -0.072350 -0.526320 0.847203
vn -0.318162 -0.361898 0.876243
vn 0.441821 0.508544 0.739038
vn 0.310978 0.466910 0.827821
vn -0.141807 0.199266 0.969631
vn 0.414560 0.579670 0.701514
vn -0.286162 0.290165 0.913190
vn -0.629720 0.030378 0.776228
vn -0.215320 -0.408537 0.886980
vn 0.000000 -0.000000 0.000000
vn 0.245457 -0.487047 0.838174
vn -0.926618 0.196939 0.320303
vn 0.190446 -0.529115 0.826903
vn 0.495117 0.227951 0.838390
vn 0.081887 0.551823 0.829931
vn -0.454775 -0.135697 0.880208
vn -0.327405 0.170672 0.929342
vn 0.106746 0.545944 0.830994
vn 0.233493 0.511034 0.827239
vn 0.000000 0.000000 0.000000
vn -0.509309 0.287385 0.811180
vn 0.090027 0.471321 0.877355
vn -0.332985 -0.491252 0.804856
vn -0.191055 0.233260 0.953461
vn -0.396746 -0.175210 0.901052
vn 0.217962 -0.437280 0.872513
vn -0.326360 0.358780 0.874509
vn 0.192140 -0.562578 0.804107
vn -0.335593 0.196072 0.921376
vn 0.474757 -0.512574 0.715453
vn -0.269830 -0.487016 0.830667
vn -0.382697 0.573703 0.724160
vn -0.562825 -0.516142 -0.645620
vn 0.054759 -0.518365 0.853405
vn -0.467901 0.119512 0.875663
vn -0.427372 0.122959 0.895675
vn 0.239066 -0.571433 0.785056
vn 0.165747 -0.434143 0.885465
vn 0.265172 0.215413 0.939830
vn 0.297711 -0.430806 0.851924
vn -0.429350 -0.110257 0.896383
vn -0.007073 -0.190639 0.981635
vn 0.297587 -0.275654 0.914033
vn -0.276248 0.527395 0.803456
vn 0.565918 -0.390575 0.726077
vn 0.052715 -0.221248 0.973792
vn -0.458014 0.020506 0.888709
vn 0.114217 0.592296 0.797584
vn 0.364991 0.341993 0.865923
vn 0.264607 0.497841 0.825916
vn -0.384026 0.376111 0.843246
vn 0.364358 -0.144739 0.919942
vn 0.359529 -0.257306 0.896957
vn 0.457168 -0.219137 0.861961
vn -0.216060 0.173228 0.960890
vn 0.362469 0.164045 0.917445
vn -0.344428 0.042515 0.937850
vn 0.291109 0.364515 0.884525
vn -0.417313 0.052696 0.907234
vn -0.179372 0.056959 0.982131
vn 0.102091 -0.079459 0.991596
vn -0.063535 0.639358 0.766279
vn 0.006938 -0.017169 0.999829
vn 0.571257 0.225688 0.789133
vn 0.258781 -0.049492 0.964667
vn -0.257726 -0.496676 0.828788
vn -0.206656 0.251884 0.945435
vn 0.133192 0.334350 0.932990
vn 0.356288 0.142710 0.923414
vn -0.411548 -0.414845 0.811500
vn 0.004954 -0.010396 0.999934
vn -0.259641 -0.370430 0.891834
vn -0.180618 -0.027208 0.983177
vn 0.149843 0.012602 0.988629
vn -0.287037 0.359559 0.887878
vn -0.161449 -0.468139 0.868781
vn 0.361289 0.461407 0.810292
vn 0.303280 -0.238389 0.922601
vn 0.166963 -0.427632 0.888400
vn 0.091581 -0.047220 0.994677
vn 0.128038 -0.083638 0.988236
vn 0.183885 -0.038515 0.982193
vn 0.351390 -0.333874 0.874673
vn 0.081238 -0.218608 0.972425
vn 0.346570 -0.203063 0.915781
vn 0.089236 -0.488864 0.867784
vn 0.232947 0.282964 0.930412
vn 0.129626 0.498445 0.857175
vn 0.416892 0.188640 0.889166
vn 0.258925 0.407794 0.875592
vn 0.594391 -0.746153 0.299925
vn 0.282753 -0.127564 0.950673
vn -0.199961 0.011017 0.979742
vn 0.034592 -0.034444 0.998808
vn 0.148697 -0.417166 0.896583
vn -0.290099 0.349626 0.890845
vn 0.370154 0.395069 0.840777
vn 0.227607 0.440974 0.868181
vn 0.035054 0.422167 0.905840
vn 0.345435 -0.070122 0.935819
vn -0.158449 -0.313327 -0.936333
vn -0.253584 0.564248 0.785697
vn -0.026361 0.031041 0.999170
vn 0.607489 0.081150 -0.790172
vn -0.404540 0.309179 0.860672
vn -0.144680 -0.579528 0.802007
vn -0.185153 0.333921 0.924237
vn 0.066504 -0.093711 0.993376
vn 0.102358 0.485643 0.868144
vn -0.221603 0.415933 0.881982
vn -0.173973 0.173814 0.969290
vn 0.410995 0.252231 0.876049
vn -0.092381 -0.361409 0.927820
vn 0.398606 -0.270616 0.876288
vn -0.379721 0.296014 0.876463
vn 0.112707 -0.170214 0.978940
vn -0.147423 0.175518 0.973375
vn 0.769082 0.272689 0.578061
vn -0.065229 0.349970 0.934487
vn -0.150672 0.316295 0.936619
vn -0.323338 -0.143122 0.935398
vn -0.464045 -0.245170 0.851207
vn 0.222630 -0.714871 0.662869
vn 0.086913 -0.217851 0.972104
vn -0.414179 -0.294279 0.861310
vn 0.125460 -0.308695 0.942851
vn -0.188913 0.565332 0.802939
vn -0.491445 0.370911 0.787977
vn -0.400413 -0.439077 0.804289
vn -0.307222 -0.406152 0.860613
vn 0.070079 -0.610445 0.788952
vn 0.356275 0.420081 0.834626
vn -0.189947 -0.169449 0.967061
vn -0.253393 -0.448225 0.857255
vn -0.264522 -0.647377 0.714794
vn 0.419722 0.000165 0.907653
vn -0.487200 0.003606 0.873283
vn 0.088566 -0.100055 0.991032
vn 0.565020 -0.333041 0.754875
vn 0.428576 -0.200226 0.881040
vn -0.023780 -0.516914 0.855707
vn 0.406933 0.246717 0.879509
vn -0.372109 0.283170 0.883940
vn -0.540943 0.222628 0.811059
vn -0.117345 0.234396 0.965033
vn -0.449603 -0.488229 0.747991
vn -0.026039 0.506925 0.861597
vn -0.427710 -0.424554 0.798009
vn -0.107486 0.615745 0.780579
vn -0.277461 -0.499079 0.820935
vn 0.291942 -0.282491 0.913766
vn 0.167268 -0.253535 0.952755
vn 0.020572 0.632708 0.774117
vn -0.226850 -0.392817 0.891198
vn -0.206197 0.328042 0.921885
vn 0.140624 -0.205543 0.968492
vn 0.445968 0.001608 0.895047
vn -0.233858 0.412876 0.880252
vn 0.592975 0.354317 0.723077
vn -0.640246 0.207686 0.739562
vn 0.202838 0.634706 0.745657
vn 0.000000 0.000000 0.000000
vn 0.179755 -0.346960 0.920493
vn 0.498812 0.391917 0.773038
vn 0.441389 -0.493515 0.749412
vn 0.510978 0.290255 0.809107
vn -0.367397 0.153324 0.917339
vn 0.460610 0.302545 0.834449
vn 0.339638 -0.244285 0.908279
vn 0.077738 -0.463318 0.882776
vn 0.215008 0.262960 0.940544
vn 0.547986 -0.423488 0.721366
vn 0.351922 0.246613 0.902958
vn -0.306790 0.404891 0.861361
vn 0.293329 -0.215577 0.931388
vn -0.120498 -0.551222 0.825612
vn 0.312030 -0.530958 0.787858
vn -0.540712 -0.024556 0.840849
vn -0.023299 0.664234 0.747162
vn 0.093200 -0.051203 0.994330
vn -0.443921 0.396065 0.803783
vn 0.391947 -0.352814 0.849647
vn -0.298421 0.440444 0.846731
vn -0.333257 -0.167440 0.927849
vn -0.057751 0.028225 0.997932
vn 0.359854 -0.276083 0.891226
vn -0.310826 0.463313 0.829896
vn 0.215303 -0.291549 0.932011
vn 0.249921 -0.522957 0.814896
vn -0.083647 -0.022289 0.996246
vn -0.033230 0.101691 0.994261
vn 0.359986 -0.095254 0.928082
vn 0.063798 -0.195422 0.978642
vn 0.237531 -0.296605 0.924989
vn -0.515992 -0.170217 0.839511
vn 0.166718 -0.338594 0.926045
vn -0.028477 -0.563264 0.825786
vn -0.490732 -0.116901 0.863433
vn -0.267262 0.366705 0.891122
vn -0.397997 -0.131426 0.907924
vn -0.246653 0.316101 0.916102
vn -0.032755 -0.082013 0.996093
vn -0.166260 -0.913642 0.370967
vn 0.038333 0.367965 0.929049
vn -0.623477 -0.076868 0.778054
vn -0.548858 -0.104775 0.829324
vn 0.000000 0.000000 0.000000
vn 0.261915 0.528933 0.807236
vn -0.155137 -0.726063 0.669899
vn 0.546970 0.157455 0.822212
vn -0.187600 -0.204355 0.960752
vn 0.170714 -0.520886 0.836382
vn 0.344540 -0.377134 0.859687
vn 0.038031 0.102481 0.994008
vn 0.104582 0.073823 0.991772
vn 0.305615 0.136091 0.942379
vn -0.322023 0.020659 0.946507
vn 0.087711 0.188689 0.978112
vn -0.294634 0.116498 0.948482
vn -0.419060 0.178016 0.890337
vn 0.103225 0.435376 0.894311
vn -0.026543 -0.004324 0.999638
vn -0.045650 0.030852 0.998481
vn -0.002988 0.018863 0.999818
vn 0.268065 -0.445885 0.854007
vn 0.000000 -0.000000 0.000000
vn -0.217642 0.365345 0.905072
vn 0.512973 0.284681 0.809825
vn -0.375651 0.428607 0.821695
vn 0.013202 0.008869 0.999874
vn 0.189123 -0.129971 0.973314
vn 0.437304 -0.307791 0.845003
vn -0.488564 -0.137225 0.861670
vn -0.289068 -0.259442 0.921482
vn -0.245393 0.436745 0.865469
vn -0.543752 -0.168438 0.822169
vn -0.734988 -0.198395 0.648407
vn -0.436845 -0.291339 0.851051
vn 0.276330 -0.406690 0.870773
vn -0.340024 -0.061333 0.938414
vn -0.006295 -0.203700 0.979013
vn 0.127278 0.135244 0.982603
vn -0.440525 0.573074 0.691031
vn -0.012514 -0.238655 0.971024
vn -0.676578 0.292442 0.675811
vn -0.405640 -0.304722 0.861743
vn -0.140859 0.495421 0.857156
vn -0.214788 0.636516 0.740752
vn -0.060137 0.512925 0.856324
vn 0.289808 0.474662 0.831088
vn 0.526238 0.198276 0.826898
vn -0.075029 -0.185169 0.979838
vn 0.408657 0.297852 0.862719
vn -0.324216 0.383272 0.864862
vn 0.058163 0.044299 0.997324
vn -0.193702 0.040549 0.980222
vn -0.205612 0.380595 0.901594
vn 0.576379 0.313080 0.754830
vn -0.408777 -0.408790 0.815961
vn -0.082784 0.628032 0.773772
vn 0.419808 0.041089 0.906682
vn 0.403874 -0.127845 0.905837
vn 0.374998 -0.095098 0.922135
vn -0.075534 -0.615643 0.784397
vn 0.121790 0.421893 0.898428
vn -0.474216 -0.392934 0.787860
vn -0.024247 0.551488 0.833831
vn 0.008563 0.058748 0.998236
vn -0.298005 -0.482321 0.823747
vn -0.125551 0.135957 0.982727
vn -0.009316 0.100144 0.994929
vn -0.045988 0.084385 0.995371
vn -0.053657 0.402727 0.913746
vn -0.151213 -0.125193 0.980541
vn -0.318130 -0.313920 0.894566
vn -0.083107 -0.493075 0.866008
vn 0.333739 -0.332882 0.881934
vn -0.334599 -0.326445 0.884012
vn 0.242006 -0.398825 0.884518
vn -0.192179 0.333037 0.923122
vn -0.289519 0.478798 0.828813
vn -0.404489 0.416053 0.814425
vn 0.451145 -0.186013 0.872850
vn 0.004910 -0.552557 0.833461
vn -0.316055 -0.117856 0.941392
vn 0.184006 -0.372589 0.909571
vn 0.219353 -0.376984 0.899871
vn -0.018699 -0.263358 0.964517
vn -0.171138 0.544560 0.821076
vn 0.126183 -0.463900 0.876855
vn -0.335629 -0.053975 0.940447
vn 0.197688 -0.048607 0.979059
vn -0.211581 0.401117 0.891257
vn -0.335701 -0.133723 0.932429
vn 0.284383 0.147882 0.947237
vn -0.316040 -0.330065 0.889481
vn -0.209707 -0.155832 0.965266
vn 0.293071 -0.225986 0.928999
vn 0.121059 0.004214 0.992636
vn 0.048981 -0.264244 0.963211
vn 0.009021 0.193557 0.981048
vn -0.166636 0.288431 0.942889
vn -0.316847 -0.517337 0.794966
vn 0.139938 0.461254 0.876164
vn -0.073858 0.526977 0.846664
vn -0.235455 -0.555853 0.797238
vn -0.233468 -0.482071 0.844452
vn -0.376912 0.104905 0.920289
vn -0.025956 -0.499032 0.866195
vn 0.339777 -0.274429 0.899578
vn -0.100300 -0.690259 0.716577
vn -0.104477 -0.114794 0.987880
vn 0.122916 -0.216473 0.968520
vn -0.091473 0.228196 0.969309
vn -0.247408 0.091929 0.964540
vn 0.371618 0.577063 0.727254
vn 0.313641 0.556143 0.769632
vn 0.296435 0.511172 0.806740
vn -0.043082 0.529415 0.847268
vn 0.344261 -0.054661 0.937282
vn -0.548831 0.097916 0.830179
vn 0.223997 0.260075 0.939248
vn 0.224488 0.547370 0.806220
vn -0.582278 0.181466 0.792479
vn 0.324095 0.026419 0.945656
vn 0.626634 -0.482471 0.612006
vn -0.338115 0.241236 0.909661
vn -0.465072 -0.155549 0.871500
vn 0.193038 0.315156 0.929200
vn -0.109732 0.164569 0.980243
vn -0.109184 -0.312108 0.943752
vn 0.442776 -0.123870 0.888035
vn 0.482776 0.412622 0.772445
vn -0.252621 0.431396 0.866072
vn -0.056007 0.070109 0.995966
vn -0.323390 0.479794 0.815608
vn 0.423662 -0.525592 0.737742
vn 0.113814 -0.535973 0.836528
vn 0.412256 -0.246890 0.876978
vn -0.183255 -0.482588 0.856462
vn -0.064775 0.314572 0.947021
vn -0.157856 -0.593106 0.789498
vn 0.225135 0.265981 0.937320
vn 0.319489 -0.209154 0.924219
vn 0.304983 -0.352041 0.884903
vn -0.380517 0.417665 0.825084
vn 0.421111 -0.474692 0.772874
vn 0.294381 -0.087471 0.951677
vn -0.415933 0.591508 0.690737
vn -0.400880 -0.381174 0.833068
vn -0.139289 -0.513479 0.846722
vn -0.076060 -0.697297 0.712736
vn 0.027945 0.035214 0.998989
vn -0.308866 -0.392743 0.866230
vn 0.530188 0.319823 0.785248
vn -0.258124 -0.581610 0.771428
vn -0.247783 -0.405897 0.879688
vn -0.096001 -0.494941 0.863607
vn -0.208181 0.584625 0.784139
vn -0.078669 -0.500431 0.862195
vn 0.395645 -0.165629 0.903345
vn 0.508281 0.192831 0.839325
vn -0.269993 -0.524152 0.807693
vn 0.455499 0.199274 0.867646
vn -0.243499 0.349523 0.904733
vn -0.347945 0.192686 0.917500
vn 0.266134 -0.518029 0.812908
vn -0.300481 0.410111 0.861116
vn -0.365858 -0.184371 0.912225
vn -0.286538 0.398259 0.871370
vn 0.329398 -0.134656 0.934540
vn -0.291722 -0.477061 0.829042
vn 0.361140 -0.375996 0.853349
vn -0.245657 -0.467236 0.849319
vn 0.146891 0.576480 0.803799
vn 0.435349 0.197259 0.878385
vn -0.381660 -0.387489 0.839159
vn -0.008166 -0.274447 0.961568
vn 0.332375 -0.098726 0.937966
vn -0.314466 -0.117289 0.941995
vn -0.253748 0.733590 0.630443
vn -0.367185 0.578883 0.728059
vn 0.202924 -0.611571 0.764724
vn 0.271660 0.337084 0.901430
vn 0.402954 -0.351826 0.844894
vn 0.252890 -0.345135 0.903841
vn 0.074991 -0.463594 0.882869
vn 0.417774 -0.197016 0.886932
vn 0.088161 -0.511964 0.854471
vn 0.330826 -0.482785 0.810847
vn -0.024260 -0.545138 0.837995
vn -0.301356 -0.394825 0.867927
vn -0.183229 -0.568210 0.802224
vn 0.106373 -0.572910 0.812686
vn -0.130117 0.546113 0.827544
vn 0.165836 -0.185916 0.968470
vn 0.174638 -0.166969 0.970373
vn -0.013004 0.000090 0.999915
vn -0.336919 -0.347162 0.875194
vn 0.461897 0.359399 0.810854
vn -0.357939 -0.038251 0.932961
vn 0.212176 -0.303236 0.928994
vn 0.228473 -0.043344 0.972585
vn -0.439863 0.198163 0.875929
vn 0.293935 0.226362 0.928635
vn 0.241663 0.219191 0.945280
vn -0.818311 -0.569536 0.077434
vn -0.238616 0.200394 0.950213
vn -0.269985 -0.326087 0.905967
vn 0.543959 -0.299806 0.783725
vn 0.136615 0.555508 0.820212
vn -0.168377 0.385851 0.907066
vn -0.046512 -0.162619 0.985592
vn 0.307816 -0.275531 0.910677
vn 0.000000 0.000000 0.000000
vn 0.604620 -0.176447 0.776725
vn 0.350122 0.426258 0.834098
vn 0.479237 0.364860 0.798254
vn 0.463637 0.304968 0.831887
vn -0.158061 0.252165 0.954688
vn -0.458885 -0.092345 0.883684
vn 0.270859 -0.131766 0.953558
vn -0.254528 -0.251613 0.933759
vn 0.559983 0.146534 0.815443
vn 0.565831 0.039242 0.823587
vn 0.477680 0.389834 0.787306
vn 0.141111 0.557928 0.817805
vn -0.497753 -0.140026 0.855941
vn 0.065391 -0.526347 0.847752
vn -0.107399 0.161428 0.981023
vn 0.013779 0.034190 0.999320
vn 0.044060 0.596629 0.801307
vn -0.606079 -0.141975 0.782631
vn -0.416996 -0.155708 0.895472
vn -0.181917 -0.674830 0.715200
vn -0.541586 -0.230651 0.808384
vn 0.225331 -0.400447 0.888182
vn 0.445313 -0.300538 0.843430
vn -0.086575 0.533892 0.841109
vn -0.421100 -0.408606 0.809763
vn -0.155409 -0.501335 0.851182
vn -0.503583 0.116868 0.856006
vn -0.082788 -0.415831 0.905666
vn -0.129845 0.389438 0.911854
vn 0.374432 0.365363 0.852239
vn 0.410807 -0.204383 0.888518
vn 0.017486 -0.654584 0.755787
vn -0.337832 -0.355220 0.871601
vn -0.208806 0.407811 0.888870
vn 0.083978 0.469713 0.878816
vn -0.160620 -0.552721 0.817741
vn 0.448996 0.482721 0.751920
vn 0.263803 0.539709 0.799451
vn -0.322904 -0.326928 0.888173
vn 0.378689 0.414340 0.827597
vn 0.372929 0.373763 0.849250
vn 0.386378 -0.334414 0.859581
vn 0.317167 0.006703 0.948346
vn 0.531539 0.235017 0.813777
vn -0.133151 -0.023893 0.990808
vn 0.140135 0.128133 0.981807
vn -0.209617 -0.488892 0.846786
vn -0.437726 0.503321 0.745026
vn -0.026758 -0.550882 0.834154
vn -0.492379 -0.178418 0.851898
vn -0.354318 0.481467 0.801654
vn -0.394082 0.302800 0.867763
vn -0.252916 0.467663 0.846950
vn 0.107504 -0.577223 0.809479
vn 0.483818 -0.262710 0.834807
vn 0.372241 -0.072229 0.925321
vn 0.429343 0.500295 0.751911
vn -0.160115 0.149194 0.975758
vn 0.288659 0.100602 0.952132
vn -0.099608 -0.515687 0.850967
vn -0.598150 0.672676 0.435573
vn 0.411238 0.300239 0.860662
vn 0.292095 0.113083 0.949680
vn 0.511903 0.352646 0.783324
vn 0.208808 -0.220995 0.952660
vn 0.304862 -0.172495 0.936645
vn 0.295365 -0.259077 0.919586
vn -0.202457 -0.555310 0.806623
vn 0.116385 0.521270 0.845418
vn -0.173043 -0.544511 0.820710
vn 0.380373 0.198877 0.903197
vn 0.212643 0.102079 0.971783
vn 0.144087 -0.113812 0.982998
vn 0.557538 0.410468 0.721573
vn 0.066794 -0.477734 0.875962
vn -0.124859 0.598217 0.791547
vn -0.483000 -0.136128 0.864974
vn 0.255099 -0.442868 0.859530
vn -0.379459 0.003304 0.925203
vn 0.100853 0.601583 0.792418
vn 0.318289 -0.138784 0.937780
vn 0.540754 0.113880 0.833436
vn -0.116500 0.505612 0.854859
vn 0.349015 0.386548 0.853680
vn -0.467929 0.374027 0.800716
vn -0.324270 0.575655 0.750647
vn 0.210403 0.462344 0.861376
vn 0.254568 -0.346562 0.902823
vn 0.332787 -0.246762 0.910143
vn 0.374945 -0.333699 0.864905
vn 0.044560 0.519806 0.853122
vn -0.377400 -0.214907 0.900769
vn -0.120796 0.628702 0.768207
vn 0.532253 0.384351 0.754308
vn -0.172117 0.593822 0.785971
vn 0.362400 -0.190062 0.912438
vn -0.292889 -0.529115 0.796400
vn -0.620155 -0.098800 0.778233
vn -0.242718 -0.343326 0.907312
vn 0.516653 0.320970 0.793756
vn 0.320910 -0.783063 0.532756
vn 0.020707 -0.379147 0.925105
vn -0.470170 0.047928 0.881274
vn 0.050676 -0.395855 0.916914
vn 0.109035 0.458217 0.882127
vn 0.586369 0.176255 0.790636
vn 0.506497 0.256011 0.823359
vn -0.256715 0.383128 0.887305
vn -0.427425 -0.389346 0.815915
vn 0.407691 0.536742 0.738713
vn -0.292379 -0.458668 0.839129
vn -0.408419 -0.400783 0.820102
vn -0.223607 -0.503522 0.834545
vn 0.198917 -0.411251 0.889553
vn 0.026758 0.511582 0.858818
vn -0.038859 0.587108 0.808576
vn 0.237339 0.336582 0.911253
vn 0.141715 0.578751 0.803097
vn 0.575419 0.333487 0.746780
vn -0.143910 0.359807 0.921862
vn -0.249312 -0.624848 0.739871
vn 0.177030 -0.530832 0.828781
vn -0.108868 0.548337 0.829141
vn 0.169822 0.538258 0.825493
vn -0.439758 -0.280676 0.853132
vn 0.127263 -0.327906 0.936099
vn 0.444413 -0.177007 0.878161
vn 0.243819 -0.479251 0.843132
vn 0.166258 0.010568 0.986026
vn -0.006520 0.272445 0.962149
vn -0.127956 -0.468490 0.874154
vn -0.044424 -0.537167 0.842305
vn 0.007747 -0.051408 0.998648
vn 0.013266 0.605256 0.795921
vn 0.471568 0.180248 0.863212
vn -0.136743 0.575689 0.806154
vn -0.022870 0.341215 0.939707
vn -0.124959 0.592469 0.795843
vn -0.120478 -0.659534 0.741957
vn 0.219782 -0.557290 0.800702
vn -0.353074 0.189158 0.916274
vn 0.286062 0.508153 0.812373
vn -0.248254 0.234175 0.939964
vn 0.076635 0.493894 0.866138
vn 0.151106 -0.474832 0.867007
vn 0.528138 0.154587 0.834969
vn 0.282125 -0.279007 0.917911
vn 0.258453 -0.569976 0.779955
vn 0.378082 -0.047583 0.924548
vn -0.422220 -0.294880 0.857191
vn 0.011222 -0.278915 0.960250
vn -0.404022 0.399713 0.822798
vn -0.296277 0.306386 0.904626
vn -0.311254 -0.384533 0.869055
vn -0.398404 -0.317111 0.860648
vn -0.404196 -0.341760 0.848425
vn 0.140905 -0.473378 0.869517
vn -0.062702 0.097425 0.993266
vn 0.136414 -0.578774 0.803997
vn -0.337738 0.488917 0.804297
vn 0.318159 0.512799 0.797379
vn -0.414645 0.348233 0.840716
vn 0.428046 -0.453887 0.781513
vn 0.311172 0.493254 0.812325
vn 0.432456 -0.274021 0.859008
vn 0.436428 -0.080822 0.896102
vn -0.547225 -0.122370 0.827992
vn -0.107814 -0.206237 0.972544
vn -0.044969 0.137915 0.989423
vn -0.418149 0.120386 0.900366
vn -0.225992 -0.251327 0.941149
vn -0.249107 0.530757 0.810088
vn 0.332082 0.435360 0.836770
vn 0.395151 -0.102083 0.912926
vn -0.319552 -0.571642 0.755720
vn -0.283456 -0.335804 0.898270
vn 0.371248 0.462283 0.805276
vn -0.515949 0.224151 0.826772
vn -0.047535 -0.236423 0.970487
vn 0.400463 0.525496 0.750656
vn 0.107316 -0.502656 0.857800
vn -0.310754 -0.041905 0.949566
vn 0.195924 -0.626680 0.754245
vn -0.260233 -0.170459 0.950380
vn 0.117882 0.578656 0.807007
vn -0.120830 0.642405 0.756780
vn -0.337415 0.541202 0.770228
vn -0.075259 0.642102 0.762916
vn -0.564360 0.636934 0.525179
vn -0.288342 -0.464976 0.837052
vn -0.381232 0.373311 0.845755
vn -0.292578 -0.550014 0.782230
vn -0.278862 -0.142515 0.949698
vn -0.055932 0.357748 0.932142
vn 0.126971 -0.422881 0.897246
vn -0.365587 0.413536 0.833867
vn 0.065900 -0.419023 0.905581
vn -0.085701 0.122190 0.988800
vn -0.335093 0.369724 0.866612
vn -0.319050 -0.109881 0.941346
vn -0.095444 -0.349625 0.932016
vn 0.276353 -0.214899 0.936722
vn -0.139121 0.293704 0.945718
vn 0.219125 -0.067778 0.973340
vn -0.137381 -0.080251 0.987262
vn 0.340156 0.106665 0.934300
vn 0.049365 0.243831 0.968560
vn 0.297714 -0.196877 0.934134
vn 0.326962 -0.677809 0.658537
vn 0.157054 -0.084166 0.983997
vn 0.029675 -0.601629 0.798224
vn 0.027417 0.100670 0.994542
vn 0.107690 -0.543756 0.832305
vn 0.150643 0.389521 0.908614
vn 0.332217 -0.076320 0.940110
vn -0.130507 -0.419811 0.898180
vn -0.212740 0.551206 0.806792
vn 0.386105 0.339597 0.857670
vn -0.094784 0.537759 0.837754
vn 0.400065 0.309176 0.862762
vn 0.134312 -0.480151 0.866842
vn 0.530362 -0.238222 0.813613
vn -0.288186 -0.557336 0.778669
vn 0.019134 -0.403246 0.914892
vn -0.086303 0.554005 0.828028
vn -0.233548 -0.351772 0.906483
vn -0.290630 -0.346822 0.891767
vn -0.269813 -0.226039 0.936006
vn 0.079584 0.149638 0.985533
vn -0.219792 0.504711 0.834840
vn -0.307201 0.158883 0.938288
vn -0.228481 0.198768 0.953041
vn 0.092688 0.267284 0.959150
vn 0.338559 -0.448309 0.827283
vn 0.289066 -0.412497 0.863879
vn 0.443979 -0.357717 0.821536
vn -0.045877 -0.573870 0.817660
vn -0.165361 -0.713948 0.680393
vn -0.010875 -0.611164 0.791429
vn 0.419986 0.123886 0.899035
vn 0.284166 0.591527 0.754550
vn -0.356971 0.492597 0.793675
vn -0.340476 0.428198 0.837091
vn -0.081296 0.413842 0.906712
vn -0.268571 -0.403174 0.874826
vn 0.302497 0.108479 0.946957
vn 0.353635 0.336529 0.872749
vn -0.507409 -0.403896 0.761186
vn -0.521640 -0.316021 0.792478
vn 0.078529 0.560535 0.824399
vn -0.283964 0.607256 0.742027
vn 0.008606 0.542949 0.839722
vn -0.367651 -0.449400 0.814170
vn -0.061814 0.760569 0.646307
vn 0.000000 0.000000 -0.000000
vn -0.439325 0.030360 0.897815
vn -0.243967 -0.507348 0.826485
vn 0.137858 -0.602186 0.786364
vn 0.115323 -0.390352 0.913414
vn 0.211737 0.311969 0.926198
vn 0.073900 0.186016 0.979764
vn -0.240590 0.045978 0.969537
vn 0.437535 0.543104 0.716660
vn -0.283247 0.070713 0.956436
vn -0.102877 0.540652 0.834932
vn -0.330115 0.476400 0.814903
vn -0.148373 -0.263555 0.953165
vn -0.483902 -0.036720 0.874352
vn -0.385163 0.412048 0.825752
vn -0.010091 0.498737 0.866695
vn -0.362402 -0.067844 0.929550
vn 0.097185 0.293971 0.950861
vn 0.266767 0.214598 0.939565
vn 0.430800 -0.385556 0.815940
vn -0.190997 -0.562596 0.804367
vn -0.332945 -0.211396 0.918945
vn 0.172432 -0.772515 0.611136
vn -0.038709 0.180362 0.982838
vn 0.065157 -0.159086 0.985112
vn -0.228748 -0.258039 0.938664
vn 0.057651 0.506905 0.860072
vn -0.315379 -0.530258 0.786996
vn 0.063347 0.222398 0.972896
vn -0.276332 -0.292932 0.915331
vn 0.513390 0.329310 0.792455
vn -0.418836 0.498864 0.758756
vn -0.165417 -0.383026 0.908806
vn 0.243134 0.566870 0.787112
vn -0.024521 0.581297 0.813322
vn -0.155508 0.538665 0.828044
vn 0.025312 0.469418 0.882613
vn -0.494548 -0.564529 0.660855
vn 0.066060 -0.042935 0.996892
vn -0.314050 0.566617 0.761786
vn -0.047455 -0.576320 0.815845
vn -0.045508 0.480683 0.875713
vn -0.329907 -0.503318 0.798644
vn -0.217252 0.038036 0.975374
vn -0.129235 0.419162 0.898667
vn -0.396105 0.083990 0.914356
vn 0.293555 -0.233260 0.927046
vn 0.223755 -0.415903 0.881452
vn 0.256402 -0.548352 0.795970
vn -0.153509 -0.504653 0.849565
vn -0.000869 0.667432 0.744670
vn -0.019302 -0.479893 0.877115
vn 0.598025 0.309220 0.739424
vn 0.002654 -0.495931 0.868358
vn -0.179585 -0.522775 0.833340
vn 0.017418 -0.205372 0.978529
vn 0.187937 0.530723 0.826446
vn -0.154931 0.056353 0.986317
vn 0.010962 0.013617 0.999847
vn -0.210239 -0.324119 0.922359
vn 0.103720 0.094491 0.990108
vn -0.104747 -0.358325 0.927702
vn -0.220623 -0.343533 0.912858
vn 0.292635 -0.298492 0.908442
vn 0.462802 -0.111212 0.879458
vn 0.047717 -0.139884 0.989017
vn 0.241538 -0.245161 0.938912
vn -0.359363 0.384942 0.850104
vn -0.008781 -0.476002 0.879401
vn 0.075370 0.170609 0.982452
vn -0.115247 0.297234 0.947824
vn 0.307741 -0.221318 0.925372
vn -0.072058 0.095098 0.992856
vn -0.082478 0.365916 0.926986
vn -0.344957 -0.476837 0.808474
vn -0.271545 -0.488908 0.828995
vn -0.396054 0.485962 0.779091
vn -0.626914 -0.220089 0.747355
vn -0.113185 0.472656 0.873948
vn 0.276316 -0.367025 0.888224
vn -0.115814 0.182933 0.976280
vn -0.217891 -0.439420 0.871455
vn 0.290004 0.470877 0.833170
vn -0.224507 -0.094522 0.969877
vn -0.348740 -0.679462 0.645532
vn -0.578903 -0.319053 0.750384
vn 0.381678 0.079709 0.920852
vn -0.081105 -0.548532 0.832187
vn 0.087337 0.522207 0.848335
vn 0.000000 0.000000 0.000000
vn 0.360071 -0.356023 0.862321
vn 0.102653 -0.324406 0.940332
vn -0.211373 0.140032 0.967322
vn 0.165708 0.522916 0.836122
vn 0.194935 -0.173381 0.965370
vn 0.091969 0.617549 0.781137
vn 0.545750 0.246119 0.800989
vn 0.496595 0.374315 0.783123
vn 0.505425 -0.469819 0.723751
vn 0.133650 0.546420 0.826779
vn -0.426261 -0.367142 0.826746
vn -0.271039 -0.468537 0.840839
vn -0.003111 0.028958 0.999576
vn 0.409946 0.184703 0.893213
vn -0.079916 -0.449211 0.889844
vn -0.489013 -0.560138 0.668665
vn 0.229081 -0.443914 0.866292
vn -0.420815 -0.206951 0.883225
vn -0.131622 -0.205739 0.969715
vn 0.090836 0.442915 0.891950
vn 0.117164 0.525964 0.842398
vn -0.153720 -0.327597 0.932229
vn -0.302257 0.469260 0.829720
vn -0.155478 0.028271 0.987435
vn -0.380846 -0.256234 0.888426
vn -0.035002 0.324476 0.945246
vn 0.288662 0.426185 0.857345
vn -0.276014 0.522012 0.807044
vn -0.115580 0.344217 0.931749
vn -0.313162 0.537083 0.783244
vn -0.026039 -0.342632 0.939109
vn 0.188790 0.391180 0.900742
vn -0.065716 -0.331282 0.941240
vn -0.028277 -0.139263 0.989852
vn 0.528361 0.373640 0.762383
vn 0.007367 0.440571 0.897687
vn -0.063047 -0.540700 0.838850
vn -0.284330 -0.172348 0.943108
vn -0.167886 0.346610 0.922863
vn -0.257771 0.535444 0.804272
vn 0.141300 0.545616 0.826037
vn 0.252653 -0.396379 0.882638
vn -0.246603 0.413166 0.876630
vn -0.341973 -0.578789 0.740309
vn -0.225628 -0.477275 0.849294
vn -0.013276 -0.358275 0.933522
vn -0.024049 -0.587024 0.809212
vn 0.279275 -0.490702 0.825359
vn 0.258692 -0.537622 0.802521
vn 0.334917 0.430190 0.838312
vn -0.121953 0.397786 0.909337
vn 0.127040 0.519646 0.844884
vn 0.099370 0.093116 0.990684
vn 0.594270 -0.064441 0.801679
vn 0.337912 0.242376 0.909433
vn 0.081443 -0.495755 0.864635
vn -0.298974 0.509553 0.806827
vn -0.173827 0.158003 0.972018
vn -0.483479 -0.374037 0.791419
vn 0.569324 0.373522 0.732360
vn -0.249673 -0.365670 0.896632
vn -0.313990 -0.382389 0.869016
vn 0.262147 -0.145237 0.954036
vn -0.015918 0.122868 0.992295
vn -0.206405 -0.539232 0.816471
vn 0.167573 -0.232418 0.958072
vn -0.326106 -0.280099 0.902884
vn -0.247244 -0.084680 0.965246
vn -0.121805 0.193043 0.973600
vn -0.404758 -0.383446 0.830144
vn 0.409920 -0.767897 0.492239
vn -0.321460 0.337953 0.884563
vn -0.384824 0.229070 0.894112
vn -0.562980 -0.244192 0.789572
vn 0.094610 0.009509 0.995469
vn -0.555577 -0.462742 0.690799
vn 0.410132 0.363719 0.836361
vn 0.262022 -0.506134 0.821689
vn 0.098975 -0.675917 0.730301
vn -0.186832 0.416859 0.889563
vn -0.048494 -0.385500 0.921432
vn 0.160720 -0.244993 0.956111
vn 0.256113 -0.344563 0.903152
vn 0.047269 0.453916 0.889790
vn 0.253252 0.272210 0.928313
vn 0.279531 -0.202684 0.938500
vn 0.386106 -0.281411 0.878482
vn 0.132857 -0.127404 0.982913
vn -0.338317 -0.446305 0.828464
vn 0.148626 0.630654 0.761699
vn -0.299322 -0.678040 0.671318
vn 0.051254 0.257493 0.964920
vn 0.382706 0.092212 0.919257
vn -0.105571 0.618613 0.778571
vn 0.410188 0.329885 0.850248
vn 0.286537 0.325117 0.901219
vn 0.161003 0.060187 0.985117
vn 0.139972 -0.369824 0.918498
vn -0.324161 0.458651 0.827381
vn 0.141585 -0.014935 0.989813
vn 0.472005 0.285557 0.834067
vn -0.379541 0.454114 0.806058
vn -0.089001 -0.520423 0.849258
vn 0.321060 0.158814 0.933648
vn -0.392353 0.508020 0.766795
vn 0.008918 0.793343 0.608710
vn -0.064614 -0.201839 0.977285
vn -0.128856 0.365627 0.921799
vn 0.079376 0.494676 0.865445
vn 0.377955 -0.468816 0.798349
vn -0.299198 -0.065204 0.951961
vn 0.000000 0.000000 0.000000
vn -0.093271 -0.422782 0.901419
vn 0.414501 -0.398513 0.818154
vn -0.349658 -0.406359 0.844163
vn -0.090169 -0.147425 0.984954
vn -0.114534 0.474981 0.872511
vn -0.271496 -0.315366 0.909304
vn 0.441144 0.274871 0.854306
vn -0.359669 -0.070175 0.930437
vn -0.537935 -0.072685 0.839847
vn 0.288444 -0.161145 0.943839
vn -0.503524 -0.216000 0.836545
vn -0.237280 -0.541815 0.806310
vn -0.100503 -0.699419 0.707610
vn 0.344602 0.159123 0.925164
vn -0.393694 -0.098970 0.913898
vn -0.586270 -0.394632 0.707498
vn -0.352759 -0.298769 0.886735
vn -0.252638 0.522546 0.814322
vn 0.179839 -0.494265 0.850506
vn -0.079377 0.482865 0.872090
vn -0.001969 0.716144 0.697950
vn 0.270668 -0.455130 0.848290
vn -0.601381 -0.064242 0.796376
vn -0.470389 -0.410833 0.780993
vn 0.224797 -0.005089 0.974392
vn -0.420408 -0.108056 0.900878
vn 0.012725 -0.343900 0.938920
vn 0.325482 0.282149 0.902471
vn -0.596962 0.006486 0.802243
vn 0.387829 0.297255 0.872484
vn -0.140322 0.145313 0.979384
vn -0.252750 0.546193 0.798618
vn -0.492081 0.487323 0.721368
vn -0.258810 0.520067 0.813970
vn -0.151152 0.412836 0.898176
vn -0.366111 0.473117 0.801326
vn 0.006173 -0.308946 0.951060
vn 0.242842 -0.351925 0.903978
vn -0.463983 -0.431603 0.773588
vn -0.007128 -0.245893 0.969271
vn -0.155992 0.388571 0.908118
vn 0.379390 -0.314124 0.870281
vn 0.359256 -0.301366 0.883241
vn 0.452793 -0.128735 0.882273
vn 0.027556 0.209522 0.977416
vn -0.233408 -0.569639 0.788056
vn 0.293185 0.010240 0.956001
vn -0.248347 0.099098 0.963589
vn 0.116134 0.112332 0.986861
vn 0.460547 -0.089759 0.883085
vn -0.203872 -0.054964 0.977454
vn -0.039028 -0.015928 0.999111
vn -0.445317 0.534427 0.718387
vn 0.073466 -0.191909 0.978659
vn 0.162209 0.327887 0.930687
vn 0.220809 0.015249 0.975198
vn 0.116368 -0.113634 0.986684
vn 0.061974 0.002397 0.998075
vn 0.029065 -0.320909 0.946664
vn -0.290571 0.462447 0.837682
vn 0.226281 0.229851 0.946554
vn -0.233689 0.357927 0.904034
vn 0.124431 -0.702503 0.700718
vn 0.284598 -0.298333 0.911044
vn 0.032949 -0.043196 0.998523
vn -0.411064 0.008151 0.911570
vn -0.255755 0.210977 0.943440
vn 0.127928 -0.264211 0.955943
vn 0.052941 0.326668 0.943655
vn 0.072238 -0.099088 0.992453
vn 0.230978 -0.214812 0.948950
vn 0.324877 -0.270670 0.906197
vn -0.122065 -0.324849 0.937856
vn -0.024764 -0.285203 0.958147
vn 0.162874 0.260989 0.951502
vn -0.187414 -0.233137 0.954213
vn 0.056444 0.468031 0.881908
vn -0.026187 -0.602757 0.797495
vn 0.078007 -0.042166 0.996061
vn 0.322917 0.129980 0.937459
vn -0.130351 -0.393109 0.910205
vn -0.002070 0.147730 0.989026
vn -0.164477 -0.174347 0.970850
vn -0.298444 -0.326592 0.896811
vn -0.065506 -0.101998 0.992625
vn -0.156030 -0.020041 0.987549
vn -0.066802 -0.289106 0.954963
vn -0.430559 -0.048235 0.901273
vn -0.388953 -0.395556 0.832016
vn 0.082233 -0.486915 0.869570
vn -0.550959 -0.183093 0.814199
vn 0.168489 0.346429 0.922821
vn 0.120734 0.159114 0.979850
vn 0.229187 -0.016875 0.973236
vn -0.293752 -0.134215 0.946412
vn 0.392167 0.538401 0.745875
vn 0.120682 0.357563 0.926059
vn 0.113891 0.492761 0.862679
vn -0.305854 0.055701 0.950448
vn -0.067423 -0.318037 0.945678
vn 0.342145 -0.337497 0.876945
vn 0.031214 0.412652 0.910354
vn 0.303729 -0.294770 0.906013
vn -0.227714 -0.066500 0.971455
vn -0.209339 -0.297685 0.931429
vn 0.338575 -0.022740 0.940665
vn -0.148952 -0.158088 0.976126
vn 0.251426 0.170222 0.952790
vn -0.270148 0.060820 0.960896
vn -0.156651 0.237161 0.958757
vn -0.439592 0.168643 0.882224
vn 0.313891 0.113632 0.942635
vn 0.015576 0.364049 0.931249
vn -0.356435 -0.107743 0.928087
vn 0.231685 0.036270 0.972114
vn -0.167914 0.442467 0.880925
vn -0.026587 0.080083 0.996434
vn 0.297635 0.177577 0.938019
vn 0.242692 -0.189468 0.951421
vn 0.185889 0.127585 0.974252
vn 0.048572 0.193073 0.979981
vn 0.159373 -0.006345 0.987198
f 44//44 2//2 121//121
f 82//82 6//6 5//5
f 8//8 1//1 10//10
f 110//110 14//14 15//15
f 35//35 128//128 266//266
f 266//266 16//16 35//35
f 46//46 7//7 42//42
f 16//16 266//266 22//22
f 46//46 42//42 118//118
f 14//14 110//110 15//15
f 75//75 41//41 432//432
f 39//39 311//311 23//23
f 118//118 42//42 117//117
f 113//113 5//5 15//15
f 230//230 92//92 33//33
f 33//33 92//92 53//53
f 53//53 92//92 141//141
f 1//1 8//8 119//119
f 163//163 16//16 22//22
f 44//44 121//121 2//2
f 163//163 22//22 67//67
f 25//25 130//130 55//55
f 53//53 141//141 142//142
f 119//119 10//10 1//1
f 53//53 142//142 21//21
f 65//65 10//10 1//1
f 149//149 134//134 47//47
f 65//65 1//1 29//29
f 48//48 25//25 11//11
f 11//11 25//25 136//136
f 56//56 89//89 123//123
f 134//134 87//87 47//47
f 56//56 123//123 3//3
f 55//55 14//14 110//110
f 126//126 22//22 57//57
f 126//126 57//57 56//56
f 110//110 13//13 55//55
f 13//13 110//110 15//15
f 95//95 49//49 4//4
f 50//50 28//28 31//31
f 126//126 129//129 22//22
f 13//13 6//6 82//82
f 141//141 30//30 142//142
f 142//142 30//30 214//214
f 144//144 142//142 214//214
f 151//151 28//28 50//50
f 142//142 144//144 34//34
f 5//5 6//6 13//13
f 49//49 86//86 4//4
f 133//133 220//220 32//32
f 14//14 55//55 9//9
f 110//110 14//14 9//9
f 13//13 15//15 5//5
f 12//12 82//82 5//5
f 5//5 52//52 12//12
f 12//12 52//52 58//58
f 135//135 52//52 129//129
f 129//129 127//127 135//135
f 52//52 135//135 58//58
f 36//36 135//135 149//149
f 36//36 149//149 47//47
f 58//58 135//135 36//36
f 213//213 58//58 36//36
f 111//111 40//40 112//112
f 9//9 35//35 16//16
f 205//205 155//155 102//102
f 159//159 9//9 16//16
f 40//40 111//111 112//112
f 155//155 459//459 160//160
f 108//108 61//61 208//208
f 15//15 110//110 159//159
f 53//53 21//21 17//17
f 113//113 15//15 159//159
f 258//258 63//63 371//371
f 122//122 43//43 17//17
f 17//17 21//21 122//122
f 16//16 113//113 159//159
f 64//64 371//371 63//63
f 113//113 16//16 163//163
f 311//311 298//298 23//23
f 63//63 259//259 64//64
f 150//150 104//104 43//43
f 114//114 64//64 259//259
f 194//194 217//217 38//38
f 22//22 129//129 67//67
f 129//129 52//52 67//67
f 128//128 54//54 266//266
f 43//43 122//122 121//121
f 150//150 43//43 48//48
f 43//43 121//121 130//130
f 56//56 54//54 89//89
f 42//42 7//7 117//117
f 203//203 280//280 235//235
f 266//266 57//57 22//22
f 440//440 78//78 443//443
f 118//118 117//117 46//46
f 56//56 266//266 54//54
f 280//280 203//203 124//124
f 125//125 124//124 203//203
f 117//117 7//7 46//46
f 296//296 349//349 354//354
f 89//89 76//76 123//123
f 25//25 48//48 43//43
f 267//267 125//125 334//334
f 190//190 304//304 116//116
f 115//115 246//246 247//247
f 138//138 38//38 217//217
f 246//246 115//115 132//132
f 56//56 3//3 80//80
f 130//130 25//25 43//43
f 115//115 238//238 63//63
f 77//77 217//217 132//132
f 217//217 77//77 138//138
f 126//126 56//56 80//80
f 121//121 55//55 130//130
f 9//9 55//55 121//121
f 156//156 267//267 243//243
f 129//129 126//126 127//127
f 10//10 119//119 8//8
f 115//115 258//258 85//85
f 165//165 26//26 313//313
f 1//1 10//10 422//422
f 29//29 1//1 422//422
f 65//65 422//422 10//10
f 80//80 3//3 126//126
f 149//149 126//126 3//3
f 11//11 136//136 82//82
f 123//123 149//149 3//3
f 32//32 98//98 133//133
f 133//133 98//98 220//220
f 135//135 127//127 126//126
f 126//126 149//149 135//135
f 86//86 49//49 95//95
f 25//25 55//55 136//136
f 4//4 86//86 95//95
f 120//120 200//200 96//96
f 244//244 37//37 62//62
f 82//82 136//136 13//13
f 138//138 77//77 81//81
f 55//55 13//13 136//136
f 52//52 5//5 113//113
f 92//92 90//90 141//141
f 45//45 138//138 148//148
f 32//32 220//220 98//98
f 37//37 311//311 20//20
f 138//138 81//81 148//148
f 311//311 37//37 20//20
f 142//142 141//141 90//90
f 141//141 142//142 90//90
f 311//311 229//229 23//23
f 39//39 229//229 311//311
f 30//30 141//141 214//214
f 214//214 141//141 90//90
f 23//23 229//229 39//39
f 101//101 172//172 59//59
f 153//153 239//239 240//240
f 59//59 172//172 19//19
f 64//64 114//114 224//224
f 19//19 172//172 226//226
f 164//164 144//144 214//214
f 218//218 144//144 93//93
f 153//153 229//229 239//239
f 81//81 146//146 147//147
f 142//142 34//34 21//21
f 229//229 39//39 239//239
f 121//121 145//145 35//35
f 239//239 39//39 229//229
f 121//121 35//35 9//9
f 110//110 9//9 159//159
f 128//128 35//35 145//145
f 147//147 230//230 33//33
f 139//139 87//87 242//242
f 34//34 144//144 41//41
f 34//34 41//41 69//69
f 69//69 21//21 34//34
f 218//218 41//41 144//144
f 45//45 166//166 138//138
f 134//134 139//139 242//242
f 45//45 148//148 150//150
f 47//47 213//213 212//212
f 91//91 76//76 208//208
f 47//47 87//87 213//213
f 145//145 122//122 21//21
f 21//21 69//69 145//145
f 91//91 123//123 76//76
f 69//69 140//140 145//145
f 123//123 91//91 149//149
f 122//122 145//145 121//121
f 134//134 240//240 51//51
f 51//51 139//139 134//134
f 104//104 150//150 148//148
f 145//145 140//140 128//128
f 33//33 104//104 148//148
f 41//41 75//75 432//432
f 104//104 17//17 43//43
f 17//17 104//104 33//33
f 33//33 53//53 17//17
f 183//183 83//83 69//69
f 91//91 134//134 149//149
f 84//84 69//69 83//83
f 221//221 134//134 91//91
f 134//134 221//221 240//240
f 336//336 345//345 268//268
f 84//84 140//140 69//69
f 140//140 54//54 128//128
f 89//89 54//54 140//140
f 97//97 260//260 100//100
f 140//140 84//84 89//89
f 260//260 265//265 100//100
f 84//84 143//143 89//89
f 233//233 61//61 108//108
f 143//143 233//233 108//108
f 89//89 143//143 108//108
f 89//89 108//108 76//76
f 151//151 199//199 28//28
f 199//199 31//31 28//28
f 212//212 213//213 36//36
f 271//271 445//445 438//438
f 270//270 438//438 445//445
f 191//191 61//61 249//249
f 281//281 443//443 78//78
f 204//204 156//156 243//243
f 91//91 244//244 221//221
f 244//244 62//62 221//221
f 61//61 191//191 208//208
f 156//156 204//204 243//243
f 221//221 62//62 153//153
f 153//153 62//62 37//37
f 76//76 108//108 208//208
f 335//335 207//207 209//209
f 37//37 273//273 309//309
f 153//153 309//309 229//229
f 37//37 309//309 153//153
f 208//208 228//228 91//91
f 311//311 23//23 298//298
f 103//103 201//201 152//152
f 23//23 229//229 298//298
f 152//152 201//201 434//434
f 240//240 221//221 153//153
f 155//155 202//202 154//154
f 228//228 208//208 191//191
f 191//191 355//355 228//228
f 355//355 319//319 228//228
f 165//165 313//313 26//26
f 155//155 205//205 202//202
f 299//299 239//239 229//229
f 23//23 299//299 229//229
f 216//216 298//298 311//311
f 29//29 119//119 197//197
f 239//239 299//299 157//157
f 157//157 240//240 239//239
f 228//228 319//319 323//323
f 154//154 459//459 155//155
f 132//132 217//217 18//18
f 134//134 242//242 87//87
f 298//298 216//216 299//299
f 77//77 132//132 219//219
f 92//92 27//27 30//30
f 356//356 30//30 27//27
f 213//213 87//87 139//139
f 219//219 64//64 77//77
f 203//203 235//235 280//280
f 228//228 323//323 73//73
f 244//244 91//91 228//228
f 160//160 459//459 453//453
f 167//167 66//66 227//227
f 160//160 470//470 225//225
f 240//240 909//909 51//51
f 203//203 280//280 124//124
f 216//216 227//227 299//299
f 73//73 244//244 228//228
f 92//92 30//30 164//164
f 164//164 90//90 92//92
f 203//203 457//457 125//125
f 203//203 125//125 457//457
f 227//227 66//66 170//170
f 73//73 323//323 68//68
f 30//30 356//356 164//164
f 146//146 77//77 64//64
f 70//70 164//164 356//356
f 298//298 299//299 23//23
f 72//72 164//164 70//70
f 125//125 203//203 124//124
f 147//147 146//146 64//64
f 64//64 224//224 147//147
f 131//131 125//125 267//267
f 106//106 222//222 195//195
f 73//73 37//37 244//244
f 106//106 195//195 222//222
f 102//102 155//155 160//160
f 323//323 305//305 68//68
f 68//68 273//273 73//73
f 420//420 232//232 225//225
f 273//273 68//68 311//311
f 225//225 232//232 173//173
f 102//102 322//322 106//106
f 106//106 322//322 175//175
f 224//224 114//114 147//147
f 48//48 166//166 150//150
f 114//114 27//27 92//92
f 207//207 238//238 247//247
f 90//90 164//164 214//214
f 147//147 92//92 230//230
f 182//182 223//223 283//283
f 147//147 114//114 92//92
f 283//283 198//198 180//180
f 66//66 71//71 423//423
f 375//375 71//71 66//66
f 423//423 71//71 347//347
f 146//146 81//81 77//77
f 223//223 225//225 470//470
f 225//225 223//223 182//182
f 148//148 81//81 147//147
f 66//66 423//423 170//170
f 144//144 164//164 93//93
f 289//289 182//182 473//473
f 147//147 33//33 148//148
f 200//200 120//120 96//96
f 432//432 218//218 93//93
f 181//181 370//370 238//238
f 82//82 48//48 11//11
f 164//164 320//320 93//93
f 419//419 325//325 74//74
f 171//171 231//231 320//320
f 420//420 289//289 232//232
f 247//247 238//238 115//115
f 268//268 94//94 336//336
f 207//207 247//247 245//245
f 150//150 166//166 45//45
f 473//473 232//232 289//289
f 245//245 247//247 246//246
f 232//232 473//473 79//79
f 79//79 236//236 232//232
f 245//245 246//246 18//18
f 336//336 255//255 345//345
f 217//217 245//245 18//18
f 79//79 473//473 474//474
f 231//231 432//432 93//93
f 93//93 320//320 231//231
f 246//246 132//132 18//18
f 75//75 432//432 231//231
f 243//243 79//79 474//474
f 474//474 325//325 243//243
f 63//63 258//258 115//115
f 236//236 79//79 334//334
f 343//343 260//260 177//177
f 115//115 85//85 132//132
f 345//345 97//97 268//268
f 85//85 219//219 132//132
f 79//79 243//243 334//334
f 243//243 267//267 334//334
f 97//97 345//345 260//260
f 105//105 231//231 171//171
f 101//101 172//172 412//412
f 101//101 575//575 172//172
f 226//226 172//172 575//575
f 219//219 85//85 64//64
f 162//162 159//159 163//163
f 162//162 163//163 67//67
f 370//370 366//366 88//88
f 113//113 163//163 52//52
f 52//52 163//163 67//67
f 265//265 260//260 343//343
f 238//238 370//370 63//63
f 370//370 88//88 63//63
f 69//69 41//41 183//183
f 354//354 349//349 296//296
f 266//266 56//56 57//57
f 487//487 297//297 301//301
f 366//366 367//367 88//88
f 215//215 282//282 76//76
f 88//88 367//367 257//257
f 261//261 354//354 252//252
f 88//88 257//257 63//63
f 197//197 119//119 29//29
f 257//257 259//259 63//63
f 422//422 197//197 29//29
f 29//29 197//197 422//422
f 75//75 231//231 83//83
f 41//41 75//75 183//183
f 261//261 252//252 27//27
f 75//75 83//83 183//183
f 356//356 252//252 354//354
f 252//252 356//356 27//27
f 85//85 258//258 64//64
f 371//371 64//64 258//258
f 231//231 105//105 233//233
f 231//231 233//233 83//83
f 58//58 82//82 12//12
f 70//70 356//356 72//72
f 305//305 323//323 368//368
f 19//19 226//226 575//575
f 575//575 59//59 19//19
f 212//212 36//36 47//47
f 575//575 101//101 59//59
f 59//59 60//60 575//575
f 105//105 61//61 233//233
f 59//59 575//575 60//60
f 233//233 84//84 83//83
f 305//305 425//425 253//253
f 68//68 305//305 311//311
f 311//311 305//305 216//216
f 234//234 616//616 472//472
f 112//112 253//253 425//425
f 234//234 364//364 616//616
f 259//259 257//257 261//261
f 233//233 143//143 84//84
f 302//302 237//237 190//190
f 190//190 237//237 189//189
f 31//31 151//151 50//50
f 422//422 65//65 340//340
f 65//65 29//29 340//340
f 259//259 261//261 27//27
f 27//27 114//114 259//259
f 249//249 337//337 344//344
f 249//249 344//344 337//337
f 325//325 302//302 116//116
f 325//325 116//116 243//243
f 256//256 111//111 390//390
f 105//105 249//249 61//61
f 375//375 111//111 256//256
f 302//302 190//190 116//116
f 217//217 209//209 245//245
f 209//209 217//217 194//194
f 167//167 375//375 66//66
f 375//375 256//256 71//71
f 256//256 24//24 71//71
f 116//116 192//192 243//243
f 199//199 151//151 31//31
f 194//194 38//38 166//166
f 71//71 24//24 263//263
f 264//264 71//71 263//263
f 138//138 166//166 38//38
f 106//106 175//175 195//195
f 195//195 175//175 376//376
f 201//201 103//103 433//433
f 434//434 201//201 433//433
f 307//307 497//497 615//615
f 197//197 310//310 340//340
f 287//287 314//314 531//531
f 287//287 406//406 314//314
f 153//153 463//463 221//221
f 295//295 281//281 308//308
f 273//273 311//311 309//309
f 152//152 388//388 103//103
f 433//433 103//103 388//388
f 309//309 298//298 229//229
f 200//200 310//310 451//451
f 153//153 221//221 463//463
f 283//283 180//180 198//198
f 267//267 334//334 125//125
f 326//326 385//385 241//241
f 274//274 571//571 429//429
f 456//456 267//267 125//125
f 288//288 210//210 286//286
f 131//131 456//456 125//125
f 240//240 157//157 909//909
f 267//267 456//456 131//131
f 157//157 299//299 909//909
f 211//211 210//210 288//288
f 567//567 131//131 456//456
f 483//483 284//284 206//206
f 72//72 320//320 164//164
f 206//206 284//284 174//174
f 483//483 206//206 480//480
f 480//480 206//206 174//174
f 404//404 211//211 327//327
f 211//211 288//288 327//327
f 326//326 137//137 279//279
f 909//909 139//139 51//51
f 429//429 430//430 328//328
f 292//292 328//328 430//430
f 339//339 429//429 328//328
f 333//333 401//401 329//329
f 339//339 328//328 169//169
f 335//335 209//209 194//194
f 168//168 171//171 320//320
f 276//276 202//202 205//205
f 430//430 285//285 444//444
f 209//209 207//207 245//245
f 329//329 131//131 333//333
f 171//171 415//415 105//105
f 284//284 480//480 174//174
f 435//435 540//540 290//290
f 680//680 294//294 444//444
f 294//294 446//446 292//292
f 480//480 174//174 466//466
f 37//37 73//73 273//273
f 340//340 310//310 342//342
f 336//336 94//94 268//268
f 154//154 205//205 155//155
f 97//97 336//336 268//268
f 436//436 340//340 341//341
f 328//328 257//257 169//169
f 297//297 487//487 612//612
f 328//328 261//261 257//257
f 296//296 261//261 328//328
f 350//350 428//428 348//348
f 179//179 330//330 458//458
f 340//340 342//342 137//137
f 310//310 200//200 342//342
f 218//218 432//432 75//75
f 75//75 41//41 218//218
f 438//438 426//426 271//271
f 200//200 401//401 342//342
f 342//342 401//401 96//96
f 349//349 261//261 296//296
f 345//345 343//343 260//260
f 352//352 176//176 349//349
f 101//101 342//342 172//172
f 260//260 343//343 177//177
f 172//172 342//342 96//96
f 160//160 154//154 155//155
f 352//352 446//446 294//294
f 407//407 342//342 101//101
f 97//97 255//255 336//336
f 352//352 349//349 176//176
f 345//345 255//255 97//97
f 350//350 238//238 428//428
f 428//428 335//335 461//461
f 345//345 97//97 100//100
f 312//312 394//394 272//272
f 261//261 349//349 354//354
f 207//207 428//428 238//238
f 162//162 67//67 163//163
f 341//341 340//340 137//137
f 352//352 354//354 349//349
f 265//265 345//345 100//100
f 343//343 345//345 265//265
f 354//354 352//352 362//362
f 362//362 356//356 354//354
f 445//445 271//271 450//450
f 352//352 254//254 362//362
f 362//362 254//254 185//185
f 350//350 361//361 181//181
f 350//350 181//181 238//238
f 155//155 205//205 160//160
f 317//317 278//278 315//315
f 76//76 282//282 215//215
f 248//248 489//489 348//348
f 276//276 589//589 202//202
f 154//154 202//202 589//589
f 427//427 248//248 348//348
f 348//348 428//428 427//427
f 356//356 362//362 72//72
f 453//453 470//470 160//160
f 282//282 391//391 496//496
f 361//361 350//350 107//107
f 348//348 251//251 350//350
f 341//341 137//137 99//99
f 326//326 99//99 137//137
f 322//322 102//102 106//106
f 303//303 267//267 156//156
f 489//489 250//250 251//251
f 303//303 156//156 243//243
f 137//137 342//342 184//184
f 415//415 344//344 105//105
f 184//184 342//342 101//101
f 337//337 344//344 415//415
f 106//106 175//175 322//322
f 175//175 106//106 195//195
f 160//160 205//205 102//102
f 361//361 107//107 363//363
f 447//447 448//448 337//337
f 173//173 160//160 225//225
f 107//107 274//274 363//363
f 360//360 549//549 187//187
f 188//188 185//185 254//254
f 4//4 468//468 86//86
f 429//429 363//363 274//274
f 173//173 232//232 420//420
f 4//4 86//86 468//468
f 188//188 362//362 185//185
f 101//101 331//331 184//184
f 137//137 184//184 331//331
f 86//86 468//468 161//161
f 283//283 223//223 453//453
f 362//362 188//188 72//72
f 188//188 320//320 72//72
f 429//429 339//339 363//363
f 223//223 470//470 453//453
f 182//182 453//453 470//470
f 105//105 344//344 249//249
f 401//401 333//333 357//357
f 249//249 344//344 337//337
f 172//172 96//96 401//401
f 172//172 401//401 412//412
f 401//401 357//357 412//412
f 350//350 251//251 107//107
f 225//225 182//182 420//420
f 448//448 355//355 337//337
f 333//333 131//131 357//357
f 366//366 181//181 361//361
f 355//355 191//191 337//337
f 337//337 191//191 249//249
f 361//361 339//339 367//367
f 131//131 468//468 357//357
f 361//361 367//367 366//366
f 251//251 353//353 107//107
f 274//274 353//353 158//158
f 274//274 107//107 353//353
f 357//357 468//468 472//472
f 289//289 420//420 232//232
f 367//367 339//339 169//169
f 448//448 548//548 355//355
f 169//169 257//257 367//367
f 335//335 428//428 207//207
f 289//289 232//232 236//236
f 101//101 575//575 331//331
f 227//227 216//216 167//167
f 357//357 472//472 412//412
f 412//412 616//616 575//575
f 181//181 366//366 370//370
f 412//412 472//472 616//616
f 229//229 157//157 298//298
f 575//575 616//616 331//331
f 325//325 474//474 74//74
f 474//474 236//236 334//334
f 299//299 227//227 909//909
f 548//548 455//455 355//355
f 334//334 267//267 303//303
f 364//364 234//234 472//472
f 193//193 455//455 454//454
f 166//166 377//377 194//194
f 455//455 319//319 355//355
f 423//423 385//385 170//170
f 347//347 71//71 614//614
f 264//264 614//614 71//71
f 264//264 326//326 241//241
f 347//347 264//264 241//241
f 423//423 347//347 495//495
f 455//455 193//193 319//319
f 347//347 241//241 385//385
f 482//482 319//319 193//193
f 482//482 346//346 319//319
f 302//302 479//479 237//237
f 237//237 479//479 189//189
f 346//346 368//368 319//319
f 302//302 325//325 419//419
f 482//482 481//481 346//346
f 190//190 189//189 479//479
f 346//346 481//481 351//351
f 304//304 190//190 479//479
f 351//351 481//481 421//421
f 116//116 479//479 192//192
f 479//479 303//303 192//192
f 192//192 303//303 243//243
f 304//304 479//479 116//116
f 485//485 300//300 196//196
f 426//426 384//384 271//271
f 481//481 358//358 421//421
f 358//358 365//365 421//421
f 358//358 485//485 365//365
f 485//485 196//196 310//310
f 374//374 485//485 422//422
f 365//365 485//485 374//374
f 319//319 368//368 323//323
f 368//368 109//109 425//425
f 305//305 368//368 425//425
f 346//346 351//351 369//369
f 351//351 372//372 369//369
f 369//369 372//372 387//387
f 253//253 216//216 305//305
f 369//369 387//387 425//425
f 425//425 387//387 112//112
f 167//167 112//112 387//387
f 167//167 387//387 375//375
f 253//253 167//167 216//216
f 167//167 253//253 112//112
f 372//372 421//421 374//374
f 374//374 373//373 372//372
f 421//421 365//365 374//374
f 340//340 374//374 422//422
f 422//422 340//340 29//29
f 436//436 262//262 374//374
f 374//374 262//262 373//373
f 340//340 436//436 374//374
f 373//373 262//262 256//256
f 24//24 256//256 262//262
f 390//390 111//111 375//375
f 262//262 436//436 99//99
f 436//436 341//341 99//99
f 263//263 24//24 262//262
f 262//262 99//99 263//263
f 264//264 263//263 99//99
f 263//263 614//614 264//264
f 264//264 99//99 326//326
f 300//300 310//310 196//196
f 451//451 310//310 300//300
f 195//195 376//376 451//451
f 451//451 376//376 175//175
f 194//194 381//381 335//335
f 166//166 48//48 377//377
f 377//377 381//381 194//194
f 377//377 48//48 378//378
f 378//378 48//48 82//82
f 82//82 58//58 213//213
f 82//82 213//213 910//910
f 910//910 378//378 82//82
f 467//467 379//379 380//380
f 346//346 424//424 368//368
f 346//346 369//369 424//424
f 424//424 368//368 892//892
f 368//368 424//424 109//109
f 424//424 425//425 109//109
f 427//427 428//428 538//538
f 423//423 495//495 385//385
f 383//383 386//386 707//707
f 415//415 168//168 498//498
f 168//168 415//415 171//171
f 614//614 423//423 495//495
f 264//264 347//347 614//614
f 425//425 424//424 369//369
f 429//429 571//571 430//430
f 488//488 431//431 489//489
f 615//615 497//497 700//700
f 489//489 431//431 250//250
f 434//434 433//433 388//388
f 430//430 571//571 285//285
f 571//571 678//678 285//285
f 281//281 78//78 440//440
f 373//373 387//387 372//372
f 281//281 870//870 308//308
f 385//385 279//279 170//170
f 395//395 619//619 410//410
f 458//458 330//330 179//179
f 435//435 290//290 540//540
f 387//387 373//373 390//390
f 390//390 375//375 387//387
f 384//384 426//426 438//438
f 373//373 256//256 390//390
f 392//392 390//390 256//256
f 438//438 437//437 384//384
f 256//256 390//390 392//392
f 423//423 262//262 552//552
f 295//295 443//443 281//281
f 444//444 292//292 430//430
f 263//263 262//262 423//423
f 398//398 262//262 263//263
f 438//438 270//270 445//445
f 423//423 614//614 263//263
f 437//437 438//438 450//450
f 292//292 444//444 294//294
f 296//296 292//292 446//446
f 398//398 263//263 614//614
f 438//438 445//445 450//450
f 263//263 264//264 614//614
f 271//271 384//384 437//437
f 415//415 447//447 337//337
f 450//450 271//271 437//437
f 286//286 210//210 404//404
f 186//186 250//250 431//431
f 439//439 462//462 485//485
f 294//294 680//680 547//547
f 210//210 211//211 404//404
f 186//186 251//251 250//250
f 431//431 416//416 442//442
f 300//300 485//485 462//462
f 292//292 296//296 328//328
f 300//300 195//195 451//451
f 685//685 516//516 692//692
f 296//296 446//446 349//349
f 331//331 279//279 137//137
f 349//349 446//446 352//352
f 251//251 186//186 353//353
f 563//563 175//175 306//306
f 692//692 516//516 276//276
f 442//442 353//353 186//186
f 408//408 277//277 411//411
f 327//327 288//288 449//449
f 547//547 359//359 294//294
f 359//359 352//352 294//294
f 279//279 385//385 326//326
f 531//531 314//314 287//287
f 406//406 287//287 314//314
f 547//547 645//645 413//413
f 251//251 348//348 489//489
f 276//276 516//516 589//589
f 547//547 413//413 360//360
f 738//738 318//318 590//590
f 254//254 352//352 359//359
f 589//589 595//595 526//526
f 359//359 360//360 254//254
f 359//359 547//547 360//360
f 329//329 175//175 563//563
f 583//583 452//452 737//737
f 197//197 485//485 310//310
f 360//360 413//413 549//549
f 701//701 521//521 269//269
f 451//451 175//175 200//200
f 254//254 360//360 187//187
f 254//254 187//187 188//188
f 401//401 175//175 329//329
f 200//200 175//175 401//401
f 315//315 278//278 739//739
f 306//306 400//400 563//563
f 286//286 410//410 288//288
f 315//315 739//739 417//417
f 410//410 379//379 288//288
f 188//188 187//187 549//549
f 188//188 549//549 498//498
f 188//188 498//498 320//320
f 329//329 400//400 457//457
f 320//320 498//498 168//168
f 464//464 449//449 288//288
f 288//288 379//379 464//464
f 287//287 599//599 406//406
f 303//303 405//405 456//456
f 589//589 276//276 154//154
f 405//405 518//518 456//456
f 154//154 276//276 205//205
f 616//616 364//364 553//553
f 442//442 499//499 158//158
f 456//456 518//518 465//465
f 448//448 447//447 724//724
f 518//518 405//405 465//465
f 353//353 442//442 158//158
f 476//476 303//303 456//456
f 456//456 475//475 476//476
f 457//457 475//475 456//456
f 160//160 459//459 154//154
f 329//329 457//457 131//131
f 453//453 459//459 160//160
f 457//457 456//456 131//131
f 160//160 470//470 453//453
f 160//160 420//420 470//470
f 158//158 571//571 274//274
f 195//195 300//300 462//462
f 456//456 465//465 567//567
f 567//567 468//468 131//131
f 340//340 422//422 197//197
f 173//173 420//420 160//160
f 567//567 465//465 468//468
f 101//101 291//291 407//407
f 195//195 462//462 306//306
f 465//465 471//471 468//468
f 101//101 407//407 291//291
f 195//195 306//306 175//175
f 548//548 508//508 455//455
f 464//464 379//379 467//467
f 460//460 538//538 335//335
f 335//335 618//618 460//460
f 538//538 461//461 335//335
f 101//101 342//342 407//407
f 455//455 508//508 454//454
f 283//283 453//453 182//182
f 538//538 428//428 461//461
f 470//470 420//420 182//182
f 473//473 182//182 289//289
f 361//361 363//363 339//339
f 101//101 412//412 575//575
f 472//472 468//468 364//364
f 529//529 419//419 74//74
f 667//667 593//593 465//465
f 465//465 593//593 471//471
f 284//284 483//483 480//480
f 473//473 289//289 236//236
f 474//474 473//473 236//236
f 594//594 477//477 746//746
f 306//306 173//173 400//400
f 159//159 162//162 163//163
f 400//400 851//851 475//475
f 746//746 667//667 594//594
f 480//480 466//466 174//174
f 303//303 302//302 419//419
f 303//303 479//479 302//302
f 74//74 474//474 303//303
f 419//419 74//74 303//303
f 593//593 409//409 471//471
f 178//178 486//486 332//332
f 851//851 474//474 475//475
f 332//332 486//486 178//178
f 667//667 746//746 593//593
f 303//303 474//474 334//334
f 301//301 297//297 611//611
f 487//487 301//301 611//611
f 508//508 478//478 454//454
f 612//612 611//611 297//297
f 409//409 593//593 414//414
f 611//611 612//612 487//487
f 610//610 487//487 612//612
f 298//298 309//309 311//311
f 612//612 487//487 610//610
f 476//476 591//591 303//303
f 303//303 591//591 405//405
f 193//193 454//454 478//478
f 554//554 565//565 478//478
f 478//478 565//565 193//193
f 477//477 593//593 746//746
f 612//612 416//416 431//431
f 402//402 298//298 157//157
f 229//229 298//298 402//402
f 157//157 229//229 402//402
f 593//593 477//477 749//749
f 193//193 565//565 482//482
f 487//487 610//610 338//338
f 338//338 610//610 487//487
f 416//416 487//487 612//612
f 612//612 487//487 416//416
f 749//749 477//477 608//608
f 565//565 566//566 484//484
f 565//565 484//484 481//481
f 481//481 482//482 565//565
f 86//86 161//161 468//468
f 468//468 471//471 161//161
f 471//471 324//324 161//161
f 460//460 613//613 671//671
f 161//161 324//324 490//490
f 490//490 324//324 293//293
f 161//161 364//364 468//468
f 427//427 671//671 248//248
f 566//566 439//439 484//484
f 490//490 364//364 161//161
f 485//485 484//484 439//439
f 471//471 409//409 293//293
f 293//293 324//324 471//471
f 489//489 613//613 488//488
f 414//414 293//293 409//409
f 613//613 489//489 671//671
f 671//671 489//489 248//248
f 481//481 484//484 358//358
f 485//485 358//358 484//484
f 460//460 671//671 427//427
f 491//491 293//293 414//414
f 485//485 197//197 422//422
f 424//424 399//399 892//892
f 892//892 368//368 424//424
f 553//553 364//364 490//490
f 490//490 293//293 553//553
f 491//491 553//553 293//293
f 752//752 414//414 593//593
f 317//317 315//315 417//417
f 385//385 495//495 347//347
f 186//186 431//431 442//442
f 619//619 568//568 573//573
f 670//670 542//542 756//756
f 351//351 421//421 372//372
f 931//931 545//545 566//566
f 555//555 550//550 686//686
f 555//555 396//396 442//442
f 565//565 554//554 566//566
f 442//442 396//396 499//499
f 568//568 619//619 395//395
f 570//570 653//653 533//533
f 282//282 496//496 391//391
f 552//552 495//495 423//423
f 830//830 499//499 396//396
f 262//262 398//398 552//552
f 495//495 552//552 614//614
f 410//410 568//568 395//395
f 568//568 410//410 597//597
f 552//552 398//398 614//614
f 655//655 723//723 705//705
f 899//899 439//439 545//545
f 439//439 899//899 462//462
f 563//563 400//400 730//730
f 726//726 846//846 852//852
f 475//475 457//457 400//400
f 722//722 846//846 726//726
f 400//400 329//329 730//730
f 457//457 400//400 730//730
f 329//329 563//563 730//730
f 158//158 499//499 985//985
f 678//678 444//444 285//285
f 678//678 1136//1136 680//680
f 678//678 680//680 444//444
f 551//551 558//558 681//681
f 158//158 985//985 678//678
f 678//678 571//571 158//158
f 560//560 557//557 551//551
f 560//560 551//551 681//681
f 502//502 386//386 383//383
f 645//645 547//547 680//680
f 726//726 557//557 564//564
f 726//726 564//564 562//562
f 566//566 545//545 439//439
f 503//503 735//735 333//333
f 696//696 382//382 501//501
f 564//564 557//557 662//662
f 562//562 564//564 662//662
f 557//557 560//560 866//866
f 557//557 866//866 662//662
f 569//569 735//735 574//574
f 740//740 662//662 663//663
f 662//662 866//866 663//663
f 707//707 862//862 383//383
f 906//906 514//514 556//556
f 602//602 516//516 692//692
f 597//597 410//410 286//286
f 692//692 276//276 602//602
f 276//276 589//589 602//602
f 561//561 556//556 514//514
f 498//498 500//500 415//415
f 415//415 500//500 447//447
f 820//820 418//418 516//516
f 820//820 576//576 418//418
f 724//724 447//447 500//500
f 572//572 393//393 394//394
f 469//469 696//696 501//501
f 394//394 312//312 272//272
f 516//516 602//602 589//589
f 469//469 501//501 152//152
f 753//753 404//404 512//512
f 526//526 418//418 595//595
f 589//589 526//526 595//595
f 597//597 286//286 404//404
f 501//501 711//711 721//721
f 404//404 753//753 597//597
f 578//578 510//510 580//580
f 501//501 721//721 388//388
f 724//724 548//548 448//448
f 418//418 576//576 755//755
f 515//515 687//687 623//623
f 510//510 572//572 317//317
f 510//510 317//317 580//580
f 595//595 418//418 755//755
f 317//317 572//572 278//278
f 388//388 721//721 434//434
f 783//783 554//554 508//508
f 419//419 515//515 476//476
f 152//152 501//501 388//388
f 702//702 848//848 704//704
f 592//592 515//515 623//623
f 394//394 393//393 572//572
f 623//623 624//624 592//592
f 740//740 737//737 581//581
f 739//739 278//278 572//572
f 295//295 308//308 693//693
f 592//592 624//624 600//600
f 452//452 740//740 581//581
f 737//737 452//452 581//581
f 512//512 404//404 449//449
f 476//476 515//515 591//591
f 899//899 602//602 462//462
f 737//737 740//740 583//583
f 583//583 740//740 452//452
f 515//515 592//592 591//591
f 449//449 404//404 327//327
f 519//519 661//661 880//880
f 492//492 880//880 661//661
f 880//880 721//721 519//519
f 721//721 880//880 434//434
f 434//434 880//880 316//316
f 524//524 462//462 602//602
f 602//602 526//526 524//524
f 591//591 592//592 405//405
f 615//615 497//497 307//307
f 700//700 497//497 615//615
f 607//607 512//512 449//449
f 594//594 405//405 592//592
f 661//661 584//584 523//523
f 584//584 585//585 523//523
f 492//492 661//661 523//523
f 600//600 624//624 625//625
f 462//462 524//524 306//306
f 518//518 586//586 872//872
f 524//524 651//651 173//173
f 306//306 524//524 173//173
f 880//880 492//492 523//523
f 704//704 526//526 595//595
f 526//526 704//704 604//604
f 607//607 449//449 464//464
f 535//535 523//523 531//531
f 651//651 526//526 604//604
f 523//523 535//535 800//800
f 406//406 800//800 535//535
f 152//152 434//434 316//316
f 882//882 152//152 316//316
f 704//704 848//848 604//604
f 882//882 321//321 152//152
f 880//880 882//882 316//316
f 738//738 882//882 880//880
f 604//604 420//420 651//651
f 321//321 590//590 744//744
f 625//625 539//539 600//600
f 295//295 512//512 609//609
f 409//409 522//522 598//598
f 493//493 713//713 848//848
f 529//529 713//713 493//493
f 409//409 598//598 522//522
f 529//529 604//604 848//848
f 405//405 667//667 465//465
f 493//493 848//848 529//529
f 713//713 529//529 848//848
f 594//594 592//592 600//600
f 848//848 515//515 713//713
f 596//596 406//406 599//599
f 738//738 590//590 318//318
f 738//738 744//744 590//590
f 609//609 512//512 607//607
f 714//714 74//74 715//715
f 74//74 714//714 529//529
f 529//529 713//713 419//419
f 713//713 515//515 419//419
f 284//284 744//744 527//527
f 604//604 534//534 420//420
f 405//405 594//594 667//667
f 420//420 173//173 651//651
f 534//534 173//173 420//420
f 715//715 534//534 604//604
f 600//600 539//539 594//594
f 400//400 173//173 534//534
f 510//510 594//594 539//539
f 400//400 534//534 851//851
f 585//585 535//535 531//531
f 594//594 510//510 477//477
f 510//510 578//578 477//477
f 440//440 870//870 281//281
f 74//74 474//474 715//715
f 608//608 752//752 749//749
f 715//715 474//474 719//719
f 638//638 705//705 835//835
f 870//870 693//693 308//308
f 74//74 419//419 476//476
f 705//705 638//638 494//494
f 287//287 406//406 535//535
f 474//474 851//851 719//719
f 74//74 476//476 474//474
f 475//475 474//474 476//476
f 587//587 569//569 574//574
f 750//750 587//587 574//574
f 508//508 554//554 478//478
f 607//607 464//464 467//467
f 609//609 607//607 467//467
f 598//598 522//522 532//532
f 598//598 532//532 530//530
f 389//389 588//588 761//761
f 389//389 546//546 588//588
f 536//536 598//598 530//530
f 530//530 751//751 536//536
f 601//601 742//742 537//537
f 742//742 550//550 537//537
f 427//427 538//538 460//460
f 752//752 593//593 749//749
f 544//544 871//871 691//691
f 900//900 691//691 879//879
f 744//744 603//603 321//321
f 527//527 603//603 284//284
f 752//752 491//491 414//414
f 603//603 527//527 606//606
f 605//605 606//606 527//527
f 553//553 491//491 752//752
f 603//603 606//606 613//613
f 488//488 606//606 605//605
f 580//580 317//317 578//578
f 596//596 332//332 527//527
f 596//596 601//601 332//332
f 332//332 601//601 537//537
f 332//332 537//537 486//486
f 527//527 332//332 605//605
f 275//275 403//403 754//754
f 605//605 332//332 611//611
f 477//477 578//578 608//608
f 486//486 611//611 332//332
f 747//747 537//537 550//550
f 403//403 275//275 766//766
f 747//747 550//550 555//555
f 578//578 317//317 608//608
f 275//275 632//632 408//408
f 275//275 408//408 528//528
f 690//690 408//408 632//632
f 408//408 411//411 528//528
f 684//684 768//768 582//582
f 486//486 610//610 611//611
f 611//611 610//610 612//612
f 605//605 611//611 612//612
f 431//431 488//488 605//605
f 605//605 612//612 431//431
f 582//582 411//411 842//842
f 727//727 582//582 842//842
f 408//408 411//411 277//277
f 486//486 747//747 610//610
f 533//533 653//653 646//646
f 416//416 612//612 610//610
f 696//696 469//469 533//533
f 747//747 555//555 610//610
f 610//610 555//555 416//416
f 317//317 417//417 608//608
f 555//555 442//442 416//416
f 613//613 606//606 488//488
f 891//891 656//656 736//736
f 691//691 617//617 544//544
f 381//381 618//618 335//335
f 617//617 691//691 900//900
f 900//900 570//570 617//617
f 656//656 559//559 736//736
f 553//553 752//752 608//608
f 653//653 570//570 900//900
f 227//227 170//170 909//909
f 170//170 279//279 909//909
f 440//440 504//504 507//507
f 504//504 440//440 443//443
f 152//152 321//321 469//469
f 469//469 321//321 603//603
f 603//603 460//460 469//469
f 613//613 460//460 603//603
f 656//656 619//619 559//559
f 379//379 619//619 656//656
f 379//379 410//410 619//619
f 609//609 443//443 295//295
f 443//443 609//609 467//467
f 380//380 620//620 467//467
f 213//213 139//139 910//910
f 139//139 909//909 910//910
f 553//553 608//608 1204//1204
f 615//615 504//504 621//621
f 504//504 443//443 621//621
f 621//621 443//443 467//467
f 379//379 656//656 380//380
f 620//620 621//621 467//467
f 700//700 1029//1029 504//504
f 762//762 688//688 687//687
f 688//688 623//623 687//687
f 849//849 417//417 739//739
f 674//674 550//550 742//742
f 624//624 623//623 688//688
f 815//815 625//625 624//624
f 550//550 674//674 686//686
f 674//674 935//935 686//686
f 858//858 622//622 441//441
f 764//764 677//677 763//763
f 764//764 679//679 677//677
f 754//754 403//403 766//766
f 555//555 686//686 396//396
f 754//754 997//997 275//275
f 275//275 997//997 632//632
f 625//625 835//835 539//539
f 700//700 504//504 615//615
f 679//679 558//558 837//837
f 551//551 681//681 558//558
f 681//681 837//837 558//558
f 1104//1104 718//718 1105//1105
f 858//858 441//441 622//622
f 679//679 764//764 558//558
f 684//684 441//441 622//622
f 837//837 558//558 764//764
f 441//441 684//684 622//622
f 757//757 853//853 861//861
f 558//558 837//837 681//681
f 843//843 640//640 504//504
f 1105//1105 718//718 634//634
f 684//684 441//441 858//858
f 617//617 630//630 544//544
f 853//853 828//828 861//861
f 830//830 832//832 499//499
f 632//632 275//275 528//528
f 582//582 639//639 684//684
f 582//582 768//768 639//639
f 873//873 1038//1038 1199//1199
f 1007//1007 684//684 639//639
f 499//499 983//983 985//985
f 528//528 582//582 689//689
f 680//680 1136//1136 765//765
f 528//528 411//411 582//582
f 1136//1136 678//678 985//985
f 842//842 689//689 727//727
f 494//494 638//638 705//705
f 690//690 775//775 408//408
f 408//408 775//775 411//411
f 645//645 680//680 765//765
f 640//640 507//507 504//504
f 645//645 712//712 413//413
f 891//891 898//898 543//543
f 871//871 544//544 630//630
f 549//549 413//413 712//712
f 533//533 646//646 696//696
f 549//549 712//712 982//982
f 705//705 539//539 835//835
f 691//691 871//871 879//879
f 549//549 980//980 498//498
f 655//655 722//722 723//723
f 440//440 507//507 870//870
f 723//723 722//722 393//393
f 761//761 588//588 546//546
f 511//511 898//898 736//736
f 852//852 846//846 722//722
f 722//722 726//726 852//852
f 657//657 726//726 722//722
f 728//728 511//511 736//736
f 557//557 726//726 657//657
f 502//502 382//382 703//703
f 382//382 383//383 501//501
f 861//861 557//557 859//859
f 551//551 557//557 861//861
f 859//859 557//557 861//861
f 551//551 861//861 557//557
f 502//502 703//703 707//707
f 557//557 681//681 551//551
f 389//389 761//761 546//546
f 859//859 557//557 657//657
f 858//858 707//707 703//703
f 761//761 734//734 573//573
f 662//662 557//557 859//859
f 386//386 502//502 707//707
f 559//559 734//734 561//561
f 901//901 922//922 905//905
f 681//681 557//557 560//560
f 900//900 905//905 653//653
f 562//562 722//722 726//726
f 505//505 777//777 577//577
f 722//722 562//562 506//506
f 559//559 573//573 734//734
f 711//711 501//501 383//383
f 722//722 506//506 393//393
f 631//631 894//894 694//694
f 708//708 629//629 826//826
f 862//862 711//711 383//383
f 862//862 519//519 711//711
f 506//506 562//562 737//737
f 519//519 862//862 707//707
f 707//707 858//858 519//519
f 866//866 557//557 662//662
f 724//724 1159//1159 548//548
f 560//560 557//557 866//866
f 573//573 947//947 761//761
f 902//902 631//631 694//694
f 711//711 519//519 721//721
f 694//694 788//788 902//902
f 548//548 783//783 508//508
f 573//573 559//559 619//619
f 662//662 562//562 866//866
f 662//662 740//740 562//562
f 812//812 824//824 672//672
f 672//672 824//824 622//622
f 393//393 510//510 539//539
f 823//823 635//635 741//741
f 896//896 672//672 710//710
f 705//705 723//723 393//393
f 684//684 858//858 441//441
f 393//393 539//539 705//705
f 858//858 684//684 1007//1007
f 637//637 741//741 635//635
f 382//382 646//646 710//710
f 572//572 510//510 393//393
f 382//382 710//710 703//703
f 584//584 858//858 1007//1007
f 582//582 727//727 689//689
f 622//622 710//710 672//672
f 506//506 737//737 572//572
f 393//393 506//506 572//572
f 995//995 709//709 826//826
f 562//562 740//740 737//737
f 1007//1007 797//797 584//584
f 826//826 709//709 708//708
f 737//737 740//740 581//581
f 572//572 737//737 739//739
f 581//581 739//739 737//737
f 906//906 659//659 561//561
f 659//659 736//736 561//561
f 906//906 561//561 514//514
f 584//584 519//519 858//858
f 736//736 559//559 561//561
f 597//597 876//876 568//568
f 740//740 663//663 581//581
f 725//725 708//708 709//709
f 875//875 581//581 663//663
f 761//761 556//556 734//734
f 797//797 732//732 584//584
f 581//581 875//875 739//739
f 734//734 556//556 561//561
f 732//732 585//585 584//584
f 736//736 898//898 891//891
f 518//518 872//872 586//586
f 666//666 586//586 872//872
f 753//753 876//876 597//597
f 732//732 877//877 585//585
f 554//554 783//783 566//566
f 753//753 512//512 802//802
f 519//519 584//584 661//661
f 673//673 817//817 823//823
f 817//817 673//673 626//626
f 817//817 635//635 823//823
f 693//693 802//802 512//512
f 738//738 880//880 882//882
f 532//532 751//751 530//530
f 512//512 295//295 693//693
f 532//532 522//522 885//885
f 522//522 598//598 885//885
f 531//531 523//523 585//585
f 673//673 823//823 676//676
f 880//880 523//523 800//800
f 641//641 513//513 682//682
f 513//513 641//641 685//685
f 664//664 321//321 882//882
f 820//820 685//685 641//641
f 743//743 648//648 741//741
f 692//692 513//513 685//685
f 598//598 536//536 885//885
f 590//590 321//321 664//664
f 748//748 525//525 752//752
f 738//738 800//800 406//406
f 738//738 527//527 744//744
f 576//576 820//820 641//641
f 406//406 527//527 738//738
f 527//527 406//406 596//596
f 819//819 576//576 641//641
f 877//877 665//665 585//585
f 535//535 585//585 665//665
f 516//516 685//685 692//692
f 507//507 640//640 868//868
f 576//576 820//820 516//516
f 742//742 535//535 665//665
f 576//576 516//516 418//418
f 535//535 742//742 601//601
f 601//601 599//599 287//287
f 535//535 601//601 287//287
f 599//599 601//601 596//596
f 1030//1030 576//576 834//834
f 701//701 840//840 521//521
f 840//840 269//269 521//521
f 576//576 418//418 755//755
f 284//284 603//603 744//744
f 755//755 701//701 702//702
f 704//704 595//595 755//755
f 755//755 702//702 704//704
f 702//702 701//701 269//269
f 840//840 702//702 269//269
f 702//702 840//840 848//848
f 840//840 687//687 848//848
f 848//848 687//687 515//515
f 899//899 829//829 602//602
f 537//537 747//747 486//486
f 602//602 833//833 526//526
f 700//700 615//615 814//814
f 526//526 651//651 524//524
f 698//698 814//814 717//717
f 717//717 814//814 615//615
f 731//731 729//729 1017//1017
f 731//731 1017//1017 733//733
f 848//848 713//713 529//529
f 604//604 529//529 714//714
f 715//715 604//604 714//714
f 534//534 715//715 652//652
f 1017//1017 542//542 733//733
f 542//542 670//670 733//733
f 1017//1017 669//669 542//542
f 718//718 715//715 720//720
f 718//718 720//720 634//634
f 1021//1021 542//542 669//669
f 720//720 715//715 719//719
f 892//892 399//399 424//424
f 457//457 730//730 400//400
f 783//783 931//931 566//566
f 503//503 799//799 735//735
f 735//735 569//569 785//785
f 785//785 569//569 587//587
f 785//785 574//574 735//735
f 710//710 858//858 703//703
f 710//710 622//622 858//858
f 1029//1029 778//778 504//504
f 677//677 825//825 758//758
f 1189//1189 633//633 760//760
f 856//856 825//825 763//763
f 673//673 817//817 626//626
f 677//677 763//763 825//825
f 778//778 843//843 504//504
f 758//758 763//763 677//677
f 990//990 824//824 675//675
f 679//679 856//856 677//677
f 828//828 856//856 679//679
f 674//674 742//742 665//665
f 397//397 813//813 717//717
f 837//837 677//677 856//856
f 763//763 677//677 837//837
f 766//766 824//824 990//990
f 763//763 837//837 764//764
f 824//824 766//766 622//622
f 673//673 823//823 817//817
f 676//676 823//823 673//673
f 766//766 990//990 754//754
f 741//741 817//817 823//823
f 857//857 817//817 741//741
f 997//997 839//839 632//632
f 632//632 839//839 690//690
f 828//828 679//679 837//837
f 560//560 861//861 828//828
f 560//560 828//828 837//837
f 768//768 684//684 766//766
f 766//766 858//858 622//622
f 560//560 837//837 558//558
f 766//766 684//684 858//858
f 837//837 838//838 558//558
f 838//838 560//560 558//558
f 275//275 769//769 766//766
f 632//632 769//769 275//275
f 630//630 617//617 822//822
f 639//639 528//528 689//689
f 560//560 838//838 866//866
f 1171//1171 761//761 546//546
f 832//832 940//940 499//499
f 690//690 839//839 939//939
f 866//866 838//838 849//849
f 528//528 690//690 939//939
f 940//940 1446//1446 499//499
f 690//690 1131//1131 775//775
f 689//689 842//842 528//528
f 842//842 690//690 528//528
f 411//411 775//775 842//842
f 1446//1446 983//983 499//499
f 842//842 775//775 793//793
f 624//624 688//688 815//815
f 687//687 840//840 762//762
f 849//849 838//838 854//854
f 947//947 546//546 761//761
f 1043//1043 946//946 1001//1001
f 1019//1019 545//545 931//931
f 696//696 646//646 382//382
f 668//668 792//792 795//795
f 513//513 844//844 682//682
f 625//625 815//815 1012//1012
f 513//513 819//819 844//844
f 1023//1023 795//795 954//954
f 857//857 836//836 635//635
f 502//502 383//383 382//382
f 836//836 857//857 635//635
f 817//817 857//857 635//635
f 1012//1012 1018//1018 625//625
f 841//841 798//798 954//954
f 513//513 820//820 819//819
f 513//513 692//692 685//685
f 685//685 820//820 513//513
f 844//844 798//798 641//641
f 641//641 682//682 844//844
f 625//625 1018//1018 835//835
f 844//844 641//641 798//798
f 1004//1004 502//502 383//383
f 637//637 857//857 741//741
f 844//844 819//819 641//641
f 857//857 637//637 635//635
f 772//772 820//820 1028//1028
f 819//819 820//820 576//576
f 741//741 648//648 743//743
f 727//727 1007//1007 639//639
f 634//634 720//720 770//770
f 639//639 689//689 727//727
f 720//720 636//636 770//770
f 770//770 636//636 1340//1340
f 720//720 1340//1340 636//636
f 829//829 772//772 602//602
f 727//727 793//793 797//797
f 1007//1007 727//727 797//797
f 568//568 947//947 573//573
f 576//576 418//418 833//833
f 876//876 947//947 568//568
f 833//833 602//602 772//772
f 526//526 833//833 418//418
f 834//834 628//628 1030//1030
f 878//878 949//949 890//890
f 732//732 797//797 793//793
f 890//890 787//787 878//878
f 755//755 1030//1030 701//701
f 877//877 732//732 793//793
f 701//701 1030//1030 959//959
f 494//494 638//638 847//847
f 793//793 948//948 877//877
f 638//638 494//494 705//705
f 959//959 840//840 701//701
f 494//494 847//847 705//705
f 638//638 706//706 847//847
f 890//890 949//949 509//509
f 959//959 1003//1003 840//840
f 705//705 847//847 655//655
f 877//877 660//660 665//665
f 706//706 846//846 847//847
f 847//847 846//846 655//655
f 418//418 1030//1030 755//755
f 576//576 1030//1030 418//418
f 846//846 852//852 722//722
f 655//655 846//846 722//722
f 706//706 638//638 966//966
f 1046//1046 876//876 753//753
f 846//846 706//706 810//810
f 661//661 523//523 1011//1011
f 523//523 661//661 1011//1011
f 779//779 865//865 874//874
f 874//874 630//630 779//779
f 800//800 882//882 880//880
f 882//882 800//800 738//738
f 590//590 664//664 882//882
f 843//843 776//776 1035//1035
f 852//852 657//657 722//722
f 874//874 865//865 863//863
f 852//852 859//859 657//657
f 843//843 1035//1035 640//640
f 865//865 860//860 863//863
f 652//652 851//851 534//534
f 861//861 859//859 757//757
f 882//882 738//738 590//590
f 851//851 652//652 719//719
f 894//894 631//631 509//509
f 652//652 1089//1089 719//719
f 719//719 1089//1089 720//720
f 859//859 861//861 560//560
f 865//865 1026//1026 860//860
f 1035//1035 868//868 640//640
f 1013//1013 804//804 806//806
f 662//662 859//859 866//866
f 866//866 562//562 662//662
f 859//859 560//560 866//866
f 509//509 908//908 890//890
f 630//630 874//874 871//871
f 868//868 802//802 870//870
f 908//908 509//509 631//631
f 871//871 874//874 879//879
f 804//804 889//889 807//807
f 902//902 908//908 631//631
f 863//863 879//879 874//874
f 866//866 849//849 663//663
f 663//663 849//849 875//875
f 333//333 799//799 503//503
f 333//333 735//735 799//799
f 643//643 879//879 863//863
f 870//870 507//507 868//868
f 666//666 872//872 586//586
f 894//894 808//808 694//694
f 894//894 991//991 808//808
f 879//879 801//801 900//900
f 693//693 870//870 802//802
f 888//888 801//801 879//879
f 879//879 643//643 888//888
f 991//991 821//821 808//808
f 840//840 1003//1003 762//762
f 801//801 888//888 913//913
f 913//913 888//888 650//650
f 694//694 629//629 788//788
f 863//863 860//860 643//643
f 785//785 587//587 750//750
f 750//750 574//574 785//785
f 1003//1003 815//815 688//688
f 688//688 762//762 1003//1003
f 808//808 821//821 629//629
f 860//860 1026//1026 967//967
f 579//579 643//643 860//860
f 629//629 694//694 808//808
f 914//914 579//579 860//860
f 967//967 579//579 914//914
f 532//532 885//885 751//751
f 818//818 989//989 627//627
f 789//789 525//525 748//748
f 579//579 967//967 695//695
f 643//643 579//579 888//888
f 1006//1006 1008//1008 881//881
f 888//888 579//579 695//695
f 752//752 789//789 748//748
f 525//525 789//789 752//752
f 821//821 999//999 683//683
f 695//695 974//974 650//650
f 888//888 695//695 650//650
f 826//826 629//629 821//821
f 650//650 974//974 896//896
f 695//695 517//517 974//974
f 826//826 821//821 995//995
f 995//995 821//821 683//683
f 517//517 695//695 921//921
f 683//683 999//999 995//995
f 517//517 921//921 811//811
f 794//794 956//956 1186//1186
f 812//812 517//517 811//811
f 995//995 782//782 709//709
f 1008//1008 926//926 397//397
f 801//801 913//913 900//900
f 810//810 852//852 846//846
f 782//782 995//995 1000//1000
f 810//810 757//757 852//852
f 926//926 654//654 397//397
f 859//859 852//852 757//757
f 900//900 901//901 905//905
f 900//900 913//913 901//901
f 782//782 790//790 709//709
f 650//650 901//901 913//913
f 922//922 901//901 650//650
f 922//922 650//650 896//896
f 905//905 896//896 646//646
f 922//922 896//896 905//905
f 881//881 1008//1008 397//397
f 653//653 905//905 646//646
f 856//856 828//828 853//853
f 708//708 788//788 629//629
f 717//717 881//881 397//397
f 541//541 850//850 1199//1199
f 896//896 517//517 672//672
f 814//814 903//903 827//827
f 541//541 1040//1040 895//895
f 698//698 1027//1027 814//814
f 517//517 812//812 672//672
f 891//891 543//543 898//898
f 811//811 675//675 824//824
f 824//824 812//812 811//811
f 765//765 712//712 645//645
f 765//765 1062//1062 712//712
f 646//646 896//896 710//710
f 790//790 725//725 709//709
f 1062//1062 981//981 712//712
f 782//782 1201//1201 790//790
f 717//717 813//813 1073//1073
f 717//717 1073//1073 698//698
f 1201//1201 725//725 790//790
f 549//549 982//982 980//980
f 814//814 827//827 700//700
f 827//827 903//903 1029//1029
f 891//891 986//986 656//656
f 982//982 712//712 981//981
f 700//700 827//827 1029//1029
f 774//774 658//658 884//884
f 780//780 980//980 982//982
f 988//988 780//780 982//982
f 897//897 904//904 893//893
f 791//791 895//895 1040//1040
f 791//791 897//897 895//895
f 500//500 780//780 724//724
f 791//791 898//898 511//511
f 511//511 897//897 791//791
f 658//658 1148//1148 884//884
f 884//884 1148//1148 505//505
f 1148//1148 777//777 505//505
f 577//577 884//884 505//505
f 897//897 511//511 728//728
f 1179//1179 887//887 937//937
f 736//736 659//659 897//897
f 897//897 728//728 736//736
f 548//548 1159//1159 783//783
f 904//904 897//897 659//659
f 904//904 659//659 906//906
f 729//729 792//792 668//668
f 729//729 668//668 1017//1017
f 904//904 906//906 556//556
f 1023//1023 1017//1017 668//668
f 761//761 904//904 556//556
f 1017//1017 733//733 756//756
f 1021//1021 1017//1017 756//756
f 669//669 1017//1017 1021//1021
f 978//978 520//520 907//907
f 907//907 520//520 978//978
f 930//930 745//745 1144//1144
f 756//756 733//733 670//670
f 1021//1021 756//756 542//542
f 829//829 899//899 1021//1021
f 725//725 699//699 708//708
f 699//699 725//725 1203//1203
f 875//875 849//849 739//739
f 881//881 717//717 621//621
f 417//417 849//849 1204//1204
f 616//616 553//553 1205//1205
f 621//621 717//717 615//615
f 1051//1051 822//822 570//570
f 570//570 822//822 617//617
f 1203//1203 911//911 699//699
f 965//965 889//889 804//804
f 801//801 888//888 963//963
f 965//965 807//807 889//889
f 801//801 963//963 888//888
f 804//804 807//807 965//965
f 913//913 801//801 963//963
f 913//913 963//963 801//801
f 967//967 914//914 860//860
f 1018//1018 915//915 966//966
f 908//908 902//902 788//788
f 1361//1361 665//665 660//660
f 674//674 665//665 1361//1361
f 962//962 972//972 854//854
f 959//959 855//855 1003//1003
f 967//967 918//918 921//921
f 854//854 972//972 1299//1299
f 966//966 869//869 706//706
f 869//869 810//810 706//706
f 896//896 974//974 517//517
f 967//967 921//921 695//695
f 972//972 1119//1119 1138//1138
f 1306//1306 923//923 970//970
f 854//854 1299//1299 849//849
f 887//887 1162//1162 937//937
f 922//922 896//896 1112//1112
f 1112//1112 896//896 922//922
f 935//935 1381//1381 686//686
f 816//816 1423//1423 916//916
f 977//977 974//974 1055//1055
f 686//686 1381//1381 396//396
f 1381//1381 830//830 396//396
f 969//969 904//904 1031//1031
f 904//904 761//761 1031//1031
f 1277//1277 786//786 781//781
f 941//941 781//781 786//786
f 832//832 830//830 940//940
f 1120//1120 921//921 918//918
f 989//989 818//818 627//627
f 1290//1290 1083//1083 1067//1067
f 1135//1135 941//941 786//786
f 991//991 1134//1134 993//993
f 921//921 1120//1120 675//675
f 811//811 921//921 675//675
f 991//991 993//993 821//821
f 1135//1135 786//786 942//942
f 1120//1120 990//990 675//675
f 990//990 1120//1120 1404//1404
f 1162//1162 887//887 1179//1179
f 990//990 1404//1404 927//927
f 1275//1275 964//964 1287//1287
f 993//993 999//999 821//821
f 838//838 837//837 764//764
f 1273//1273 975//975 1049//1049
f 1407//1407 990//990 927//927
f 1126//1126 907//907 809//809
f 979//979 838//838 764//764
f 1407//1407 1125//1125 997//997
f 1125//1125 839//839 997//997
f 1093//1093 745//745 930//930
f 990//990 769//769 754//754
f 997//997 754//754 769//769
f 1254//1254 841//841 954//954
f 978//978 809//809 907//907
f 838//838 979//979 962//962
f 952//952 795//795 1016//1016
f 952//952 1016//1016 795//795
f 792//792 1016//1016 795//795
f 1144//1144 978//978 930//930
f 668//668 795//795 1016//1016
f 954//954 795//795 1016//1016
f 838//838 962//962 854//854
f 954//954 1016//1016 795//795
f 1049//1049 975//975 1000//1000
f 1094//1094 1144//1144 1093//1093
f 766//766 769//769 768//768
f 1023//1023 954//954 795//795
f 768//768 769//769 639//639
f 1049//1049 971//971 1273//1273
f 1000//1000 975//975 994//994
f 639//639 769//769 528//528
f 769//769 632//632 1408//1408
f 632//632 528//528 1408//1408
f 1408//1408 528//528 842//842
f 949//949 1001//1001 946//946
f 971//971 973//973 1118//1118
f 841//841 1254//1254 955//955
f 689//689 528//528 842//842
f 954//954 798//798 955//955
f 955//955 798//798 841//841
f 1144//1144 1094//1094 1005//1005
f 1125//1125 929//929 839//839
f 1718//1718 839//839 929//929
f 992//992 1183//1183 760//760
f 1053//1053 973//973 919//919
f 782//782 1000//1000 1201//1201
f 919//919 1126//1126 1053//1053
f 1000//1000 994//994 1201//1201
f 1131//1131 939//939 839//839
f 805//805 1053//1053 1126//1126
f 939//939 1131//1131 690//690
f 842//842 528//528 939//939
f 976//976 1002//1002 779//779
f 1002//1002 1022//1022 779//779
f 986//986 958//958 998//998
f 775//775 1131//1131 1611//1611
f 1002//1002 1163//1163 1022//1022
f 842//842 939//939 690//690
f 867//867 825//825 856//856
f 1126//1126 809//809 805//805
f 869//869 864//864 757//757
f 810//810 869//869 757//757
f 803//803 1094//1094 984//984
f 1094//1094 803//803 883//883
f 805//805 809//809 1009//1009
f 864//864 867//867 856//856
f 708//708 699//699 788//788
f 757//757 864//864 853//853
f 864//864 856//856 853//853
f 1163//1163 1165//1165 1022//1022
f 984//984 1432//1432 886//886
f 886//886 803//803 984//984
f 502//502 1004//1004 383//383
f 770//770 1104//1104 634//634
f 644//644 697//697 957//957
f 1105//1105 634//634 1104//1104
f 994//994 975//975 1122//1122
f 822//822 976//976 779//779
f 644//644 957//957 697//697
f 630//630 822//822 779//779
f 1047//1047 1190//1190 1033//1033
f 1160//1160 957//957 644//644
f 957//957 1160//1160 959//959
f 779//779 1022//1022 865//865
f 835//835 966//966 638//638
f 1018//1018 966//966 835//835
f 981//981 1062//1062 1143//1143
f 809//809 978//978 1144//1144
f 981//981 1143//1143 982//982
f 988//988 982//982 1143//1143
f 1165//1165 865//865 1022//1022
f 1432//1432 1184//1184 1185//1185
f 1165//1165 1025//1025 865//865
f 1006//1006 809//809 1144//1144
f 1025//1025 1026//1026 865//865
f 787//787 878//878 1096//1096
f 1447//1447 658//658 774//774
f 1447//1447 1148//1148 658//658
f 878//878 787//787 1096//1096
f 1432//1432 1185//1185 886//886
f 1274//1274 1024//1024 1197//1197
f 1010//1010 647//647 649//649
f 1148//1148 987//987 777//777
f 903//903 1027//1027 1185//1185
f 536//536 751//751 885//885
f 1003//1003 855//855 1283//1283
f 1024//1024 1274//1274 996//996
f 949//949 1147//1147 509//509
f 918//918 1026//1026 1025//1025
f 780//780 988//988 924//924
f 1025//1025 1265//1265 918//918
f 1008//1008 1006//1006 1144//1144
f 689//689 842//842 727//727
f 793//793 727//727 842//842
f 1144//1144 1005//1005 1008//1008
f 980//980 780//780 500//500
f 1026//1026 918//918 967//967
f 980//980 500//500 498//498
f 1481//1481 945//945 1188//1188
f 775//775 1074//1074 793//793
f 948//948 793//793 1074//1074
f 825//825 1316//1316 758//758
f 881//881 1009//1009 809//809
f 776//776 843//843 1481//1481
f 774//774 884//884 987//987
f 1283//1283 1010//1010 1003//1003
f 1142//1142 877//877 948//948
f 1003//1003 1010//1010 815//815
f 945//945 1481//1481 778//778
f 577//577 777//777 987//987
f 649//649 647//647 1010//1010
f 577//577 987//987 884//884
f 881//881 809//809 1006//1006
f 890//890 908//908 787//787
f 1190//1190 1024//1024 1033//1033
f 877//877 1142//1142 660//660
f 1653//1653 660//660 1142//1142
f 758//758 764//764 763//763
f 1010//1010 1012//1012 815//815
f 945//945 778//778 1029//1029
f 903//903 945//945 1029//1029
f 633//633 953//953 951//951
f 843//843 778//778 1481//1481
f 763//763 837//837 856//856
f 763//763 764//764 837//837
f 1094//1094 883//883 1005//1005
f 1015//1015 1005//1005 883//883
f 509//509 1147//1147 894//894
f 1159//1159 1161//1161 783//783
f 1005//1005 1015//1015 1008//1008
f 1147//1147 1103//1103 894//894
f 1191//1191 951//951 1032//1032
f 1012//1012 915//915 1018//1018
f 1008//1008 1015//1015 926//926
f 764//764 1155//1155 979//979
f 803//803 886//886 883//883
f 953//953 1032//1032 951//951
f 886//886 1015//1015 883//883
f 996//996 1043//1043 1024//1024
f 886//886 1185//1185 1027//1027
f 804//804 1013//1013 965//965
f 1015//1015 886//886 926//926
f 1032//1032 953//953 767//767
f 1399//1399 1035//1035 776//776
f 806//806 804//804 965//965
f 926//926 886//886 654//654
f 886//886 1020//1020 654//654
f 1033//1033 1043//1043 1047//1047
f 845//845 716//716 958//958
f 845//845 958//958 716//716
f 1043//1043 1033//1033 1024//1024
f 1399//1399 1102//1102 868//868
f 792//792 729//729 731//731
f 1399//1399 868//868 1035//1035
f 792//792 731//731 733//733
f 996//996 946//946 1043//1043
f 1016//1016 792//792 1017//1017
f 1023//1023 668//668 1016//1016
f 1023//1023 1016//1016 1017//1017
f 1017//1017 792//792 733//733
f 958//958 986//986 960//960
f 953//953 1392//1392 767//767
f 767//767 1392//1392 1193//1193
f 1019//1019 931//931 1257//1257
f 886//886 1027//1027 1020//1020
f 1073//1073 1020//1020 1027//1027
f 1019//1019 1021//1021 545//545
f 899//899 545//545 1021//1021
f 1073//1073 1027//1027 698//698
f 814//814 1027//1027 903//903
f 1161//1161 1153//1153 783//783
f 1153//1153 931//931 783//783
f 1020//1020 1073//1073 813//813
f 813//813 397//397 1020//1020
f 1169//1169 1028//1028 829//829
f 829//829 1028//1028 772//772
f 772//772 1028//1028 820//820
f 1150//1150 957//957 1028//1028
f 1031//1031 761//761 1171//1171
f 878//878 787//787 1047//1047
f 1001//1001 1047//1047 1043//1043
f 1028//1028 957//957 628//628
f 1028//1028 628//628 833//833
f 1047//1047 1001//1001 949//949
f 1028//1028 833//833 772//772
f 934//934 1167//1167 831//831
f 1034//1034 831//831 1167//1167
f 1047//1047 949//949 878//878
f 628//628 834//834 833//833
f 833//833 834//834 576//576
f 1021//1021 1169//1169 829//829
f 831//831 1034//1034 934//934
f 1175//1175 1171//1171 546//546
f 947//947 1175//1175 546//546
f 1030//1030 628//628 957//957
f 957//957 959//959 1030//1030
f 1032//1032 850//850 541//541
f 1036//1036 1171//1171 1078//1078
f 912//912 1032//1032 541//541
f 1036//1036 1078//1078 1176//1176
f 895//895 912//912 541//541
f 718//718 652//652 715//715
f 1176//1176 771//771 943//943
f 771//771 1176//1176 943//943
f 767//767 1193//1193 1032//1032
f 771//771 773//773 943//943
f 718//718 1104//1104 770//770
f 770//770 652//652 718//718
f 873//873 1193//1193 1037//1037
f 1193//1193 873//873 1199//1199
f 873//873 1037//1037 1199//1199
f 652//652 770//770 1089//1089
f 1032//1032 1193//1193 850//850
f 950//950 943//943 1080//1080
f 850//850 1193//1193 1199//1199
f 771//771 943//943 950//950
f 773//773 771//771 944//944
f 1340//1340 720//720 1089//1089
f 1038//1038 1039//1039 1199//1199
f 873//873 1098//1098 1037//1037
f 1037//1037 960//960 891//891
f 873//873 1037//1037 891//891
f 891//891 1038//1038 873//873
f 1199//1199 1039//1039 541//541
f 1039//1039 1038//1038 1042//1042
f 1040//1040 1042//1042 898//898
f 1039//1039 1042//1042 1040//1040
f 1040//1040 541//541 1039//1039
f 1040//1040 898//898 791//791
f 898//898 1042//1042 891//891
f 1042//1042 1038//1038 891//891
f 1041//1041 947//947 876//876
f 891//891 960//960 986//986
f 642//642 771//771 950//950
f 642//642 950//950 1307//1307
f 771//771 642//642 944//944
f 1307//1307 784//784 642//642
f 1045//1045 642//642 784//784
f 895//895 893//893 912//912
f 912//912 893//893 1044//1044
f 1177//1177 1041//1041 1046//1046
f 1041//1041 876//876 1046//1046
f 961//961 969//969 1044//1044
f 961//961 1044//1044 893//893
f 904//904 961//961 893//893
f 895//895 897//897 893//893
f 1195//1195 1046//1046 753//753
f 1195//1195 753//753 802//802
f 961//961 904//904 969//969
f 1155//1155 962//962 979//979
f 1277//1277 1111//1111 942//942
f 1291//1291 1044//1044 1115//1115
f 1107//1107 1313//1313 915//915
f 1048//1048 962//962 1155//1155
f 1113//1113 1112//1112 920//920
f 977//977 1055//1055 974//974
f 1112//1112 1241//1241 922//922
f 962//962 1048//1048 972//972
f 922//922 920//920 1112//1112
f 920//920 922//922 1241//1241
f 972//972 1048//1048 1119//1119
f 674//674 1361//1361 928//928
f 1060//1060 1120//1120 1497//1497
f 1124//1124 1116//1116 1317//1317
f 1031//1031 1110//1110 969//969
f 1120//1120 1060//1060 1404//1404
f 1341//1341 816//816 1224//1224
f 816//816 916//916 1224//1224
f 1066//1066 674//674 928//928
f 935//935 674//674 1066//1066
f 917//917 1341//1341 816//816
f 925//925 1059//1059 1077//1077
f 816//816 1341//1341 917//917
f 1407//1407 927//927 1125//1125
f 933//933 932//932 1279//1279
f 1404//1404 929//929 927//927
f 923//923 1306//1306 970//970
f 929//929 1125//1125 927//927
f 1313//1313 1058//1058 915//915
f 1357//1357 929//929 1404//1404
f 989//989 816//816 1341//1341
f 1341//1341 1123//1123 989//989
f 1138//1138 1301//1301 972//972
f 989//989 1123//1123 1114//1114
f 1250//1250 1125//1125 1407//1407
f 990//990 1407//1407 769//769
f 1127//1127 1071//1071 1423//1423
f 1326//1326 1127//1127 1423//1423
f 769//769 1407//1407 997//997
f 1326//1326 1423//1423 1071//1071
f 915//915 1058//1058 869//869
f 915//915 869//869 966//966
f 1326//1326 1071//1071 1127//1127
f 1423//1423 816//816 1071//1071
f 1154//1154 1139//1139 1328//1328
f 528//528 1408//1408 842//842
f 769//769 1408//1408 528//528
f 1133//1133 1132//1132 1048//1048
f 1058//1058 1061//1061 869//869
f 1718//1718 929//929 1357//1357
f 869//869 1061//1061 864//864
f 1114//1114 1129//1129 989//989
f 864//864 1061//1061 1128//1128
f 941//941 1133//1133 781//781
f 839//839 1718//1718 1131//1131
f 770//770 1105//1105 1063//1063
f 770//770 1063//1063 1105//1105
f 1056//1056 1063//1063 1105//1105
f 786//786 1277//1277 942//942
f 1056//1056 1105//1105 1063//1063
f 867//867 864//864 1128//1128
f 1164//1164 1135//1135 942//942
f 1129//1129 1049//1049 1000//1000
f 1134//1134 894//894 1103//1103
f 1134//1134 991//991 894//894
f 1274//1274 936//936 996//996
f 936//936 1121//1121 996//996
f 940//940 1381//1381 1446//1446
f 1119//1119 1048//1048 1138//1138
f 1048//1048 1132//1132 1138//1138
f 983//983 765//765 1136//1136
f 1154//1154 1140//1140 1139//1139
f 941//941 1138//1138 1132//1132
f 765//765 983//983 1062//1062
f 1135//1135 1138//1138 941//941
f 1134//1134 1323//1323 1000//1000
f 1000//1000 993//993 1134//1134
f 983//983 1136//1136 985//985
f 1082//1082 1258//1258 1081//1081
f 993//993 1000//1000 999//999
f 1081//1081 1259//1259 1082//1082
f 1516//1516 1143//1143 1062//1062
f 999//999 1000//1000 995//995
f 1127//1127 1129//1129 1000//1000
f 1111//1111 1116//1116 1164//1164
f 1164//1164 942//942 1111//1111
f 1121//1121 946//946 996//996
f 1329//1329 1162//1162 1149//1149
f 955//955 1254//1254 954//954
f 1447//1447 774//774 1145//1145
f 1295//1295 1087//1087 907//907
f 1013//1013 806//806 965//965
f 946//946 1121//1121 949//949
f 1329//1329 1154//1154 1162//1162
f 987//987 1145//1145 774//774
f 1246//1246 1145//1145 987//987
f 955//955 1150//1150 1152//1152
f 796//796 1076//1076 1347//1347
f 1116//1116 1173//1173 1164//1164
f 796//796 1347//1347 1076//1076
f 1139//1139 1140//1140 1154//1154
f 1088//1088 1126//1126 919//919
f 1295//1295 907//907 1088//1088
f 1088//1088 907//907 1126//1126
f 1150//1150 1092//1092 957//957
f 988//988 1518//1518 1159//1159
f 1138//1138 1135//1135 1173//1173
f 1518//1518 1244//1244 1159//1159
f 1149//1149 1162//1162 1331//1331
f 1173//1173 1135//1135 1164//1164
f 988//988 1159//1159 924//924
f 1162//1162 1168//1168 1331//1331
f 1123//1123 971//971 1114//1114
f 1087//1087 1093//1093 930//930
f 780//780 924//924 724//724
f 924//924 1159//1159 724//724
f 1114//1114 971//971 1049//1049
f 1123//1123 1412//1412 971//971
f 957//957 1092//1092 644//644
f 1160//1160 644//644 1092//1092
f 1412//1412 919//919 973//973
f 1124//1124 1173//1173 1116//1116
f 1314//1314 1231//1231 1075//1075
f 1087//1087 930//930 907//907
f 971//971 1412//1412 973//973
f 1160//1160 1092//1092 959//959
f 1114//1114 1049//1049 1129//1129
f 1092//1092 1283//1283 855//855
f 907//907 1422//1422 1141//1141
f 959//959 1092//1092 855//855
f 978//978 907//907 1141//1141
f 930//930 978//978 1141//1141
f 745//745 1093//1093 1095//1095
f 1144//1144 745//745 1095//1095
f 1095//1095 1064//1064 1144//1144
f 1162//1162 1179//1179 1168//1168
f 1247//1247 1094//1094 1093//1093
f 1273//1273 971//971 1118//1118
f 1383//1383 1118//1118 973//973
f 1093//1093 1144//1144 1095//1095
f 867//867 1316//1316 825//825
f 1122//1122 1273//1273 1118//1118
f 975//975 1273//1273 1122//1122
f 1316//1316 1130//1130 758//758
f 1094//1094 1247//1247 984//984
f 937//937 998//998 1179//1179
f 1146//1146 1149//1149 1331//1331
f 1130//1130 764//764 758//758
f 1208//1208 1257//1257 931//931
f 1100//1100 1221//1221 1286//1286
f 919//919 1383//1383 1053//1053
f 1130//1130 1155//1155 764//764
f 1278//1278 1308//1308 1126//1126
f 1422//1422 1308//1308 1278//1278
f 1180//1180 1178//1178 1168//1168
f 1264//1264 1168//1168 1178//1178
f 1168//1168 1179//1179 1180//1180
f 1278//1278 1054//1054 1053//1053
f 1097//1097 1283//1283 1092//1092
f 1053//1053 805//805 1278//1278
f 1278//1278 1057//1057 1422//1422
f 1156//1156 1110//1110 1167//1167
f 1069//1069 976//976 1051//1051
f 822//822 1051//1051 976//976
f 1021//1021 1019//1019 1169//1169
f 1151//1151 1130//1130 1117//1117
f 973//973 1053//1053 1383//1383
f 1019//1019 1257//1257 1528//1528
f 1178//1178 1172//1172 1264//1264
f 1283//1283 1302//1302 1010//1010
f 1069//1069 1315//1315 976//976
f 1284//1284 1278//1278 805//805
f 976//976 1315//1315 1002//1002
f 1009//1009 1284//1284 805//805
f 1172//1172 1178//1178 992//992
f 1130//1130 1151//1151 1155//1155
f 1156//1156 1167//1167 1248//1248
f 1315//1315 1314//1314 1002//1002
f 1122//1122 1284//1284 1009//1009
f 1152//1152 1150//1150 1028//1028
f 1169//1169 1152//1152 1028//1028
f 1002//1002 1314//1314 1163//1163
f 1163//1163 1314//1314 938//938
f 1012//1012 1010//1010 1302//1302
f 1248//1248 1167//1167 1177//1177
f 1183//1183 1178//1178 1180//1180
f 1075//1075 938//938 1314//1314
f 1178//1178 1183//1183 992//992
f 1187//1187 1183//1183 1180//1180
f 1310//1310 1319//1319 1190//1190
f 1048//1048 1155//1155 1151//1151
f 1190//1190 1072//1072 1310//1310
f 1181//1181 1248//1248 1177//1177
f 938//938 1075//1075 1165//1165
f 1151//1151 1133//1133 1048//1048
f 1151//1151 1014//1014 1133//1133
f 1298//1298 915//915 1012//1012
f 1183//1183 1187//1187 760//760
f 1179//1179 998//998 1180//1180
f 1216//1216 1075//1075 1388//1388
f 1057//1057 1141//1141 1422//1422
f 1163//1163 938//938 1165//1165
f 1180//1180 998//998 1187//1187
f 1281//1281 1172//1172 1291//1291
f 1158//1158 1405//1405 809//809
f 1158//1158 809//809 1068//1068
f 1095//1095 1144//1144 1157//1157
f 1144//1144 1064//1064 1157//1157
f 1068//1068 809//809 1405//1405
f 1117//1117 1267//1267 1262//1262
f 1147//1147 1108//1108 1103//1103
f 1172//1172 1191//1191 1291//1291
f 1020//1020 397//397 654//654
f 1262//1262 1151//1151 1117//1117
f 1187//1187 958//958 1189//1189
f 1189//1189 760//760 1187//1187
f 1291//1291 1191//1191 912//912
f 998//998 958//958 1187//1187
f 1319//1319 1387//1387 1190//1190
f 1124//1124 1166//1166 1173//1173
f 918//918 1265//1265 1120//1120
f 992//992 760//760 1191//1191
f 912//912 1044//1044 1291//1291
f 1124//1124 1321//1321 1166//1166
f 1172//1172 992//992 1191//1191
f 1151//1151 1262//1262 1333//1333
f 1110//1110 1031//1031 1167//1167
f 1151//1151 1333//1333 1014//1014
f 1262//1262 1111//1111 1333//1333
f 633//633 951//951 760//760
f 1191//1191 760//760 951//951
f 781//781 1133//1133 1014//1014
f 1190//1190 1387//1387 1196//1196
f 1333//1333 1111//1111 1277//1277
f 1014//1014 1333//1333 1277//1277
f 1070//1070 1322//1322 1166//1166
f 1014//1014 1277//1277 781//781
f 633//633 1255//1255 953//953
f 1171//1171 1175//1175 1031//1031
f 1175//1175 1167//1167 1031//1031
f 1078//1078 1171//1171 1036//1036
f 1175//1175 1034//1034 1167//1167
f 1070//1070 1166//1166 1321//1321
f 1293//1293 1034//1034 1167//1167
f 1167//1167 934//934 1177//1177
f 1197//1197 1190//1190 1196//1196
f 1176//1176 1078//1078 1080//1080
f 1034//1034 1175//1175 934//934
f 1197//1197 1024//1024 1190//1190
f 934//934 1175//1175 947//947
f 1255//1255 1194//1194 953//953
f 1176//1176 1080//1080 943//943
f 958//958 960//960 1194//1194
f 1078//1078 1036//1036 1176//1176
f 1260//1260 1392//1392 953//953
f 960//960 1392//1392 1194//1194
f 1300//1300 1078//1078 1176//1176
f 1176//1176 943//943 1300//1300
f 1192//1192 1193//1193 1260//1260
f 944//944 1300//1300 943//943
f 1260//1260 1193//1193 1392//1392
f 944//944 943//943 773//773
f 1177//1177 934//934 1041//1041
f 934//934 947//947 1041//1041
f 1174//1174 1285//1285 1287//1287
f 912//912 1191//1191 1032//1032
f 1415//1415 1182//1182 1084//1084
f 1084//1084 1182//1182 1085//1085
f 960//960 1037//1037 1225//1225
f 1193//1193 1098//1098 1037//1037
f 1098//1098 1193//1193 1199//1199
f 1182//1182 1415//1415 1086//1086
f 1086//1086 1085//1085 1182//1182
f 1098//1098 1199//1199 1037//1037
f 1199//1199 1193//1193 1268//1268
f 873//873 1199//1199 1098//1098
f 1268//1268 1098//1098 1199//1199
f 1177//1177 1195//1195 1181//1181
f 1042//1042 1228//1228 1039//1039
f 1045//1045 784//784 642//642
f 1042//1042 1039//1039 1099//1099
f 1101//1101 1188//1188 945//945
f 945//945 1539//1539 1101//1101
f 969//969 1198//1198 1044//1044
f 1185//1185 1539//1539 903//903
f 903//903 1539//1539 945//945
f 1186//1186 956//956 794//794
f 1195//1195 1102//1102 1181//1181
f 1046//1046 1195//1195 1177//1177
f 868//868 1102//1102 802//802
f 1195//1195 802//802 1102//1102
f 1072//1072 1190//1190 1047//1047
f 994//994 1122//1122 1201//1201
f 1201//1201 1122//1122 1203//1203
f 1122//1122 1009//1009 881//881
f 621//621 1203//1203 1122//1122
f 1122//1122 881//881 621//621
f 1051//1051 1202//1202 1106//1106
f 1051//1051 570//570 1202//1202
f 725//725 1201//1201 1203//1203
f 1173//1173 1170//1170 1138//1138
f 849//849 1299//1299 1204//1204
f 1166//1166 1170//1170 1173//1173
f 1328//1328 1327//1327 1453//1453
f 1154//1154 1328//1328 1453//1453
f 1453//1453 1162//1162 1154//1154
f 937//937 1162//1162 1453//1453
f 998//998 937//937 1453//1453
f 998//998 1453//1453 986//986
f 788//788 699//699 908//908
f 1204//1204 608//608 417//417
f 553//553 1204//1204 1205//1205
f 909//909 279//279 1205//1205
f 279//279 331//331 1205//1205
f 331//331 616//616 1205//1205
f 909//909 1205//1205 910//910
f 1138//1138 1204//1204 1299//1299
f 1138//1138 1170//1170 1204//1204
f 1206//1206 1072//1072 1047//1047
f 1047//1047 787//787 1206//1206
f 1206//1206 787//787 1207//1207
f 908//908 1207//1207 787//787
f 699//699 1207//1207 908//908
f 911//911 1207//1207 699//699
f 1214//1214 1524//1524 1263//1263
f 1159//1159 1252//1252 1161//1161
f 1339//1339 1525//1525 1209//1209
f 1331//1331 1168//1168 1332//1332
f 1261//1261 1476//1476 1019//1019
f 1258//1258 1209//1209 1525//1525
f 1332//1332 1168//1168 1264//1264
f 1019//1019 1476//1476 1210//1210
f 1391//1391 1209//1209 1258//1258
f 1424//1424 1117//1117 1466//1466
f 1363//1363 1397//1397 1097//1097
f 1216//1216 1165//1165 1075//1075
f 1153//1153 1208//1208 931//931
f 1255//1255 1218//1218 1253//1253
f 1117//1117 1424//1424 1267//1267
f 1253//1253 1338//1338 1255//1255
f 1111//1111 1262//1262 1267//1267
f 1216//1216 1025//1025 1165//1165
f 1385//1385 1468//1468 1272//1272
f 1528//1528 1261//1261 1019//1019
f 1391//1391 1081//1081 1258//1258
f 1258//1258 1082//1082 1391//1391
f 1150//1150 955//955 1538//1538
f 1538//1538 1390//1390 1150//1150
f 1259//1259 1081//1081 1391//1391
f 1216//1216 1388//1388 1618//1618
f 1147//1147 1266//1266 1312//1312
f 1210//1210 1169//1169 1019//1019
f 1169//1169 1210//1210 1152//1152
f 1152//1152 1538//1538 955//955
f 1267//1267 1550//1550 1111//1111
f 1536//1536 1152//1152 1210//1210
f 1150//1150 1390//1390 1092//1092
f 1142//1142 948//948 1074//1074
f 1390//1390 1363//1363 1092//1092
f 1265//1265 1497//1497 1120//1120
f 1399//1399 1396//1396 1102//1102
f 1092//1092 1363//1363 1097//1097
f 1481//1481 1399//1399 776//776
f 1272//1272 1468//1468 1402//1402
f 1353//1353 660//660 1653//1653
f 1111//1111 1550//1550 1116//1116
f 1550//1550 1317//1317 1116//1116
f 919//919 1053//1053 1383//1383
f 1383//1383 1545//1545 1382//1382
f 1106//1106 1421//1421 1051//1051
f 1054//1054 1284//1284 1053//1053
f 1400//1400 1126//1126 1308//1308
f 1126//1126 1400//1400 1278//1278
f 660//660 1353//1353 1361//1361
f 1060//1060 1598//1598 1404//1404
f 1278//1278 1400//1400 1057//1057
f 1125//1125 1250//1250 1352//1352
f 1365//1365 1271//1271 1109//1109
f 1291//1291 1217//1217 1281//1281
f 1212//1212 1378//1378 1091//1091
f 1219//1219 1130//1130 1316//1316
f 1352//1352 1250//1250 1604//1604
f 1250//1250 1357//1357 1604//1604
f 1378//1378 1292//1292 1091//1091
f 1404//1404 1604//1604 1357//1357
f 1097//1097 1380//1380 1283//1283
f 1051//1051 1296//1296 1069//1069
f 1421//1421 1296//1296 1051//1051
f 1217//1217 1291//1291 1288//1288
f 1298//1298 1283//1283 1380//1380
f 1065//1065 1271//1271 1365//1365
f 1118//1118 1383//1383 1284//1284
f 1118//1118 1284//1284 1122//1122
f 1287//1287 964//964 1275//1275
f 1065//1065 1365//1365 1066//1066
f 1400//1400 1141//1141 1057//1057
f 1066//1066 932//932 1276//1276
f 1418//1418 1269//1269 1358//1358
f 1501//1501 1403//1403 1292//1292
f 1303//1303 1212//1212 1266//1266
f 1255//1255 1338//1338 1337//1337
f 1718//1718 1610//1610 1131//1131
f 1286//1286 1221//1221 1222//1222
f 1192//1192 1389//1389 1255//1255
f 1436//1436 1466//1466 1117//1117
f 1192//1192 1255//1255 1337//1337
f 933//933 1279//1279 932//932
f 1398//1398 1306//1306 1070//1070
f 1398//1398 1070//1070 1317//1317
f 1117//1117 1130//1130 1219//1219
f 1115//1115 1220//1220 1288//1288
f 1611//1611 1074//1074 775//775
f 1286//1286 1222//1222 1298//1298
f 1115//1115 1288//1288 1291//1291
f 1611//1611 1637//1637 1074//1074
f 1086//1086 1235//1235 1419//1419
f 1219//1219 1436//1436 1117//1117
f 1419//1419 1235//1235 1280//1280
f 1287//1287 1526//1526 1232//1232
f 633//633 1189//1189 1194//1194
f 1255//1255 633//633 1194//1194
f 1194//1194 1189//1189 958//958
f 1526//1526 1346//1346 1415//1415
f 1084//1084 1289//1289 1233//1233
f 1415//1415 1084//1084 1233//1233
f 1085//1085 1289//1289 1084//1084
f 1230//1230 1315//1315 1227//1227
f 1290//1290 1513//1513 1522//1522
f 1235//1235 1086//1086 1416//1416
f 1266//1266 1212//1212 1312//1312
f 1212//1212 1091//1091 1312//1312
f 1296//1296 1227//1227 1069//1069
f 1415//1415 1416//1416 1086//1086
f 1085//1085 1086//1086 1419//1419
f 1233//1233 1085//1085 1419//1419
f 1289//1289 1085//1085 1233//1233
f 1260//1260 1392//1392 1225//1225
f 1192//1192 1260//1260 1225//1225
f 1069//1069 1227//1227 1315//1315
f 1225//1225 1392//1392 960//960
f 1448//1448 1449//1449 1274//1274
f 1449//1449 936//936 1274//1274
f 1192//1192 1225//1225 1193//1193
f 1315//1315 1230//1230 1314//1314
f 935//935 1066//1066 1276//1276
f 1037//1037 1098//1098 1225//1225
f 1276//1276 1381//1381 935//935
f 1312//1312 1091//1091 1090//1090
f 1381//1381 940//940 830//830
f 1299//1299 972//972 1237//1237
f 1301//1301 1237//1237 972//972
f 1322//1322 1070//1070 1306//1306
f 1115//1115 1044//1044 1198//1198
f 1067//1067 1083//1083 1243//1243
f 1243//1243 1290//1290 1067//1067
f 1091//1091 1292//1292 1320//1320
f 1290//1290 1243//1243 1083//1083
f 1115//1115 1198//1198 969//969
f 1306//1306 1240//1240 1322//1322
f 1230//1230 1231//1231 1314//1314
f 1268//1268 1193//1193 1225//1225
f 1403//1403 1320//1320 1292//1292
f 1293//1293 1167//1167 1242//1242
f 1228//1228 1099//1099 1039//1039
f 1167//1167 1034//1034 1242//1242
f 1299//1299 1301//1301 1138//1138
f 1099//1099 1228//1228 1042//1042
f 1034//1034 1293//1293 1242//1242
f 1231//1231 1388//1388 1075//1075
f 936//936 1449//1449 1121//1121
f 1320//1320 1403//1403 1123//1123
f 1091//1091 1320//1320 1090//1090
f 1115//1115 969//969 968//968
f 1090//1090 1320//1320 1137//1137
f 1080//1080 1078//1078 1300//1300
f 1070//1070 1124//1124 1317//1317
f 1551//1551 1121//1121 1449//1449
f 1090//1090 1137//1137 916//916
f 1121//1121 1551//1551 1229//1229
f 1133//1133 941//941 1132//1132
f 916//916 1137//1137 917//917
f 1070//1070 1321//1321 1124//1124
f 1123//1123 1137//1137 1320//1320
f 968//968 969//969 1156//1156
f 969//969 1110//1110 1156//1156
f 1072//1072 1272//1272 1310//1310
f 925//925 1077//1077 1059//1059
f 1341//1341 917//917 1137//1137
f 1251//1251 1411//1411 1414//1414
f 1251//1251 1414//1414 1304//1304
f 1121//1121 1229//1229 949//949
f 949//949 1229//1229 1147//1147
f 1272//1272 1402//1402 1310//1310
f 1305//1305 1080//1080 1300//1300
f 1147//1147 1312//1312 1108//1108
f 1305//1305 950//950 1080//1080
f 944//944 1305//1305 1300//1300
f 1305//1305 1307//1307 950//950
f 784//784 1307//1307 1305//1305
f 944//944 642//642 1305//1305
f 642//642 784//784 1305//1305
f 1108//1108 1312//1312 759//759
f 1312//1312 1090//1090 759//759
f 1412//1412 1123//1123 1403//1403
f 1322//1322 1240//1240 1170//1170
f 1090//1090 1423//1423 759//759
f 1402//1402 1319//1319 1310//1310
f 1240//1240 1420//1420 1324//1324
f 1283//1283 1298//1298 1302//1302
f 1325//1325 1234//1234 1179//1179
f 1179//1179 1370//1370 1325//1325
f 1108//1108 759//759 1323//1323
f 1323//1323 759//759 1423//1423
f 1377//1377 1236//1236 1374//1374
f 1323//1323 1103//1103 1108//1108
f 1348//1348 1295//1295 1088//1088
f 1103//1103 1323//1323 1134//1134
f 1323//1323 1127//1127 1000//1000
f 1423//1423 1090//1090 916//916
f 916//916 917//917 1341//1341
f 1412//1412 1088//1088 919//919
f 1012//1012 1302//1302 1298//1298
f 1341//1341 1224//1224 916//916
f 1224//1224 1423//1423 1223//1223
f 1420//1420 1272//1272 1324//1324
f 1297//1297 915//915 1298//1298
f 1341//1341 1137//1137 1123//1123
f 1420//1420 1427//1427 1272//1272
f 1071//1071 1323//1323 1423//1423
f 1323//1323 1071//1071 1127//1127
f 1129//1129 1071//1071 816//816
f 1129//1129 1326//1326 1071//1071
f 1127//1127 1071//1071 1326//1326
f 1129//1129 1127//1127 1326//1326
f 1295//1295 1409//1409 1087//1087
f 1409//1409 1429//1429 1087//1087
f 1050//1050 1107//1107 1297//1297
f 1240//1240 1324//1324 1170//1170
f 816//816 989//989 1129//1129
f 1093//1093 1087//1087 1429//1429
f 1322//1322 1170//1170 1166//1166
f 1422//1422 907//907 1141//1141
f 1313//1313 1107//1107 1050//1050
f 1141//1141 907//907 930//930
f 1050//1050 1052//1052 1313//1313
f 1064//1064 1095//1095 1157//1157
f 1170//1170 1324//1324 1330//1330
f 1061//1061 1316//1316 1128//1128
f 867//867 1128//1128 1316//1316
f 1330//1330 1324//1324 1272//1272
f 1327//1327 1328//1328 1441//1441
f 1297//1297 1107//1107 915//915
f 1328//1328 1076//1076 1441//1441
f 1318//1318 968//968 1156//1156
f 1248//1248 1318//1318 1156//1156
f 1328//1328 1347//1347 1076//1076
f 1313//1313 1061//1061 1058//1058
f 1347//1347 1328//1328 1139//1139
f 1516//1516 1062//1062 983//983
f 1347//1347 1139//1139 1329//1329
f 1076//1076 1347//1347 1329//1329
f 1154//1154 1329//1329 1139//1139
f 1441//1441 1076//1076 1146//1146
f 1330//1330 1272//1272 1072//1072
f 1622//1622 1248//1248 1439//1439
f 1248//1248 1181//1181 1439//1439
f 1384//1384 1520//1520 1145//1145
f 988//988 1143//1143 1602//1602
f 1379//1379 1439//1439 1102//1102
f 1439//1439 1181//1181 1102//1102
f 1076//1076 1329//1329 1146//1146
f 1146//1146 1329//1329 1149//1149
f 1520//1520 1245//1245 1145//1145
f 1145//1145 1245//1245 1447//1447
f 1245//1245 1145//1145 1246//1246
f 1447//1447 1246//1246 1148//1148
f 1246//1246 987//987 1148//1148
f 1331//1331 1332//1332 1146//1146
f 1252//1252 1159//1159 1244//1244
f 1319//1319 1544//1544 1387//1387
f 1231//1231 1360//1360 1388//1388
f 1208//1208 1528//1528 1257//1257
f 1525//1525 1209//1209 1258//1258
f 1218//1218 1338//1338 1253//1253
f 1338//1338 1218//1218 1255//1255
f 1391//1391 1258//1258 1209//1209
f 1841//1841 1481//1481 1188//1188
f 1342//1342 1523//1523 1215//1215
f 1255//1255 1389//1389 1338//1338
f 1184//1184 1432//1432 1626//1626
f 1489//1489 1263//1263 1524//1524
f 1337//1337 1389//1389 1192//1192
f 1387//1387 1544//1544 1196//1196
f 1184//1184 1539//1539 1185//1185
f 1626//1626 1539//1539 1184//1184
f 1557//1557 1372//1372 1212//1212
f 1196//1196 1544//1544 1444//1444
f 1427//1427 1385//1385 1272//1272
f 770//770 1340//1340 1089//1089
f 1303//1303 1557//1557 1212//1212
f 1539//1539 1829//1829 1101//1101
f 1216//1216 1618//1618 1530//1530
f 1260//1260 953//953 1194//1194
f 1392//1392 1260//1260 1194//1194
f 1550//1550 1398//1398 1317//1317
f 1335//1335 1537//1537 1444//1444
f 1268//1268 1225//1225 1098//1098
f 1372//1372 1378//1378 1212//1212
f 1079//1079 1256//1256 1632//1632
f 1264//1264 1410//1410 1386//1386
f 1213//1213 1079//1079 1632//1632
f 1589//1589 1213//1213 1632//1632
f 1332//1332 1264//1264 1386//1386
f 1644//1644 1468//1468 1385//1385
f 1631//1631 1379//1379 1396//1396
f 1379//1379 1102//1102 1396//1396
f 1215//1215 1531//1531 1634//1634
f 1172//1172 1410//1410 1264//1264
f 1263//1263 1489//1489 1395//1395
f 1196//1196 1444//1444 1197//1197
f 1536//1536 1210//1210 1476//1476
f 1025//1025 1216//1216 1265//1265
f 1259//1259 1391//1391 1082//1082
f 1394//1394 1390//1390 1638//1638
f 1378//1378 1501//1501 1292//1292
f 1501//1501 1457//1457 1403//1403
f 1472//1472 1402//1402 1468//1468
f 1673//1673 1410//1410 1406//1406
f 1383//1383 1053//1053 1545//1545
f 1112//1112 1113//1113 1241//1241
f 1394//1394 1363//1363 1390//1390
f 1596//1596 1240//1240 1503//1503
f 1241//1241 1113//1113 920//920
f 1402//1402 1472//1472 1319//1319
f 1060//1060 1497//1497 1458//1458
f 1547//1547 1509//1509 1437//1437
f 1054//1054 1278//1278 1284//1284
f 1053//1053 1383//1383 1545//1545
f 1284//1284 1383//1383 1053//1053
f 1589//1589 1650//1650 1213//1213
f 1404//1404 1598//1598 1352//1352
f 1125//1125 1352//1352 1354//1354
f 1406//1406 1410//1410 1217//1217
f 1152//1152 1536//1536 1538//1538
f 1405//1405 1158//1158 1485//1485
f 1538//1538 1638//1638 1390//1390
f 1485//1485 1068//1068 1405//1405
f 1604//1604 1404//1404 1352//1352
f 1174//1174 1287//1287 1285//1285
f 1510//1510 1597//1597 1455//1455
f 1457//1457 1238//1238 1412//1412
f 1407//1407 1125//1125 1354//1354
f 1217//1217 1410//1410 1281//1281
f 1412//1412 1403//1403 1457//1457
f 1514//1514 1455//1455 1597//1597
f 1407//1407 1354//1354 1250//1250
f 1444//1444 1537//1537 1448//1448
f 1408//1408 939//939 1471//1471
f 939//939 1408//1408 1471//1471
f 1604//1604 1250//1250 1354//1354
f 1172//1172 1281//1281 1410//1410
f 1718//1718 1357//1357 1366//1366
f 1357//1357 1718//1718 1366//1366
f 1503//1503 1306//1306 1398//1398
f 1306//1306 1503//1503 1240//1240
f 1238//1238 1348//1348 1412//1412
f 1412//1412 1348//1348 1088//1088
f 1232//1232 1526//1526 1287//1287
f 1131//1131 1610//1610 1611//1611
f 1346//1346 1526//1526 1415//1415
f 1419//1419 1280//1280 1235//1235
f 1426//1426 1401//1401 1344//1344
f 1592//1592 1356//1356 1226//1226
f 1356//1356 1373//1373 1226//1226
f 1534//1534 1074//1074 1637//1637
f 1419//1419 1415//1415 1233//1233
f 1288//1288 1417//1417 1217//1217
f 1596//1596 1420//1420 1240//1240
f 1416//1416 1415//1415 1419//1419
f 1419//1419 1235//1235 1416//1416
f 1308//1308 1422//1422 1400//1400
f 1251//1251 1414//1414 1411//1411
f 1400//1400 1422//1422 1141//1141
f 1267//1267 1424//1424 1541//1541
f 1371//1371 1555//1555 1434//1434
f 1414//1414 1251//1251 1304//1304
f 1550//1550 1267//1267 1541//1541
f 1495//1495 1270//1270 1413//1413
f 1426//1426 1345//1345 1296//1296
f 1401//1401 1421//1421 1106//1106
f 928//928 1361//1361 1975//1975
f 1109//1109 1271//1271 1975//1975
f 1065//1065 928//928 1975//1975
f 1065//1065 1975//1975 1271//1271
f 1606//1606 1427//1427 1420//1420
f 1288//1288 1220//1220 1652//1652
f 1097//1097 1397//1397 1896//1896
f 1448//1448 1282//1282 1350//1350
f 1896//1896 1380//1380 1097//1097
f 1065//1065 1066//1066 928//928
f 1421//1421 1401//1401 1426//1426
f 1237//1237 1301//1301 1299//1299
f 1341//1341 917//917 1336//1336
f 1197//1197 1444//1444 1274//1274
f 1429//1429 1512//1512 1247//1247
f 1423//1423 1224//1224 1223//1223
f 1444//1444 1448//1448 1274//1274
f 1421//1421 1426//1426 1296//1296
f 1341//1341 1336//1336 917//917
f 1336//1336 1341//1341 1507//1507
f 1298//1298 1380//1380 1100//1100
f 1429//1429 1409//1409 1512//1512
f 1358//1358 1269//1269 1418//1418
f 1551//1551 1449//1449 1448//1448
f 1093//1093 1429//1429 1247//1247
f 1425//1425 1226//1226 1463//1463
f 1247//1247 1614//1614 984//984
f 1448//1448 1350//1350 1551//1551
f 1380//1380 1371//1371 1221//1221
f 1100//1100 1380//1380 1221//1221
f 1580//1580 1432//1432 984//984
f 1580//1580 1626//1626 1432//1432
f 1221//1221 1371//1371 1434//1434
f 932//932 1368//1368 1276//1276
f 1368//1368 1521//1521 1276//1276
f 1221//1221 1434//1434 1222//1222
f 1318//1318 1433//1433 968//968
f 968//968 1220//1220 1115//1115
f 1222//1222 1434//1434 1297//1297
f 1428//1428 1547//1547 1437//1437
f 1425//1425 1513//1513 1431//1431
f 1100//1100 1286//1286 1298//1298
f 1290//1290 1431//1431 1513//1513
f 1298//1298 1222//1222 1297//1297
f 1433//1433 1220//1220 968//968
f 1368//1368 1431//1431 1290//1290
f 1368//1368 1290//1290 1521//1521
f 1622//1622 1318//1318 1248//1248
f 1442//1442 1554//1554 1435//1435
f 1376//1376 1226//1226 1373//1373
f 1373//1373 1561//1561 1376//1376
f 1442//1442 1367//1367 1666//1666
f 1367//1367 1435//1435 1249//1249
f 1509//1509 1327//1327 1437//1437
f 1435//1435 1438//1438 1249//1249
f 1367//1367 1249//1249 1438//1438
f 1359//1359 1451//1451 1450//1450
f 1428//1428 1437//1437 1441//1441
f 1441//1441 1437//1437 1327//1327
f 1434//1434 1050//1050 1297//1297
f 1050//1050 1434//1434 1311//1311
f 1374//1374 1236//1236 1377//1377
f 1374//1374 1375//1375 1491//1491
f 1052//1052 1050//1050 1311//1311
f 1440//1440 1764//1764 1515//1515
f 1445//1445 1377//1377 1491//1491
f 1375//1375 1445//1445 1491//1491
f 1345//1345 1309//1309 1227//1227
f 1296//1296 1345//1345 1227//1227
f 1445//1445 1375//1375 1491//1491
f 1146//1146 1443//1443 1441//1441
f 2009//2009 1522//1522 1513//1513
f 1440//1440 1227//1227 1309//1309
f 1230//1230 1227//1227 1440//1440
f 1052//1052 1500//1500 1061//1061
f 1522//1522 1533//1533 1446//1446
f 1440//1440 1515//1515 1230//1230
f 1052//1052 1061//1061 1313//1313
f 1061//1061 1500//1500 1316//1316
f 1231//1231 1230//1230 1515//1515
f 1515//1515 1360//1360 1231//1231
f 1446//1446 1473//1473 983//983
f 1303//1303 1229//1229 1551//1551
f 1551//1551 1557//1557 1303//1303
f 1146//1146 1332//1332 1443//1443
f 1602//1602 1518//1518 988//988
f 1602//1602 1460//1460 1518//1518
f 1384//1384 1145//1145 1245//1245
f 1447//1447 1245//1245 1520//1520
f 1245//1245 1246//1246 1447//1447
f 1229//1229 1303//1303 1452//1452
f 1266//1266 1452//1452 1303//1303
f 1161//1161 1252//1252 1153//1153
f 1229//1229 1452//1452 1266//1266
f 1229//1229 1266//1266 1147//1147
f 1200//1200 1504//1504 1519//1519
f 1200//1200 1519//1519 1202//1202
f 1202//1202 1519//1519 1106//1106
f 1453//1453 1506//1506 1571//1571
f 1106//1106 1519//1519 1474//1474
f 1509//1509 1506//1506 1327//1327
f 1327//1327 1506//1506 1453//1453
f 1571//1571 2312//2312 1453//1453
f 1413//1413 1270//1270 1495//1495
f 1430//1430 1351//1351 1827//1827
f 1216//1216 1906//1906 1265//1265
f 1365//1365 1109//1109 1975//1975
f 1906//1906 1497//1497 1265//1265
f 1556//1556 1547//1547 1428//1428
f 1503//1503 1553//1553 1596//1596
f 1501//1501 1378//1378 1499//1499
f 1066//1066 1496//1496 932//932
f 1494//1494 1575//1575 1505//1505
f 1066//1066 1365//1365 1496//1496
f 1501//1501 1493//1493 1457//1457
f 1335//1335 1609//1609 1537//1537
f 1592//1592 1418//1418 1456//1456
f 1475//1475 1914//1914 1505//1505
f 1380//1380 1896//1896 1546//1546
f 1441//1441 1454//1454 1428//1428
f 1845//1845 1349//1349 1595//1595
f 1368//1368 1456//1456 1418//1418
f 1592//1592 1431//1431 1418//1418
f 1420//1420 1596//1596 1606//1606
f 1502//1502 1704//1704 1238//1238
f 1341//1341 1336//1336 1507//1507
f 1434//1434 1508//1508 1311//1311
f 1425//1425 1431//1431 1226//1226
f 1238//1238 1457//1457 1502//1502
f 1431//1431 1368//1368 1418//1418
f 1590//1590 1704//1704 1502//1502
f 1598//1598 1354//1354 1352//1352
f 1462//1462 1601//1601 1966//1966
f 1506//1506 1509//1509 1547//1547
f 932//932 1496//1496 1456//1456
f 932//932 1456//1456 1368//1368
f 1514//1514 1510//1510 1455//1455
f 1238//1238 1704//1704 1348//1348
f 1345//1345 1498//1498 1309//1309
f 1311//1311 1508//1508 1052//1052
f 1504//1504 1629//1629 1519//1519
f 1508//1508 1500//1500 1052//1052
f 1309//1309 1498//1498 1440//1440
f 1409//1409 1295//1295 1348//1348
f 1498//1498 1464//1464 1440//1440
f 1514//1514 1597//1597 1459//1459
f 1409//1409 1511//1511 1512//1512
f 1561//1561 1564//1564 1376//1376
f 1718//1718 2111//2111 1610//1610
f 1510//1510 1514//1514 1526//1526
f 1526//1526 1609//1609 1510//1510
f 1511//1511 1614//1614 1247//1247
f 1512//1512 1511//1511 1247//1247
f 1376//1376 1463//1463 1226//1226
f 1611//1611 1738//1738 1637//1637
f 1463//1463 1513//1513 1425//1425
f 1514//1514 1346//1346 1526//1526
f 1516//1516 1602//1602 1143//1143
f 1625//1625 1636//1636 1219//1219
f 1219//1219 1636//1636 1436//1436
f 1615//1615 1505//1505 1575//1575
f 1580//1580 1614//1614 1762//1762
f 1346//1346 1459//1459 1526//1526
f 1771//1771 1465//1465 1376//1376
f 1615//1615 1475//1475 1505//1505
f 1535//1535 1529//1529 1393//1393
f 1633//1633 1393//1393 1529//1529
f 984//984 1614//1614 1580//1580
f 1563//1563 1384//1384 1460//1460
f 1436//1436 1636//1636 1466//1466
f 1245//1245 1518//1518 1460//1460
f 1245//1245 1460//1460 1384//1384
f 1518//1518 1245//1245 1244//1244
f 1406//1406 1478//1478 1517//1517
f 1739//1739 1385//1385 1427//1427
f 1384//1384 1563//1563 1520//1520
f 1620//1620 1459//1459 1788//1788
f 1318//1318 1527//1527 1433//1433
f 1563//1563 1245//1245 1447//1447
f 1641//1641 1519//1519 1629//1629
f 1620//1620 1526//1526 1459//1459
f 1563//1563 1244//1244 1245//1245
f 1244//1244 1563//1563 1252//1252
f 1520//1520 1608//1608 1447//1447
f 1515//1515 1616//1616 1360//1360
f 1608//1608 1563//1563 1447//1447
f 1332//1332 1672//1672 1443//1443
f 1318//1318 1622//1622 1527//1527
f 1288//1288 1652//1652 1417//1417
f 1526//1526 1620//1620 1282//1282
f 1490//1490 1586//1586 1523//1523
f 1586//1586 1487//1487 1523//1523
f 1487//1487 1630//1630 1523//1523
f 1519//1519 1641//1641 1474//1474
f 1388//1388 1360//1360 1618//1618
f 1525//1525 1339//1339 1209//1209
f 1290//1290 1522//1522 1521//1521
f 1214//1214 1263//1263 1524//1524
f 1466//1466 1541//1541 1424//1424
f 1489//1489 1524//1524 1585//1585
f 1381//1381 1775//1775 1446//1446
f 1490//1490 1523//1523 1342//1342
f 1522//1522 1446//1446 1521//1521
f 1672//1672 1332//1332 1386//1386
f 1469//1469 1652//1652 1220//1220
f 1215//1215 1523//1523 1342//1342
f 1435//1435 1367//1367 1438//1438
f 1525//1525 1488//1488 1747//1747
f 1573//1573 1446//1446 1533//1533
f 1473//1473 1446//1446 1573//1573
f 1256//1256 1079//1079 1589//1589
f 1079//1079 1213//1213 1589//1589
f 1444//1444 1544//1544 1335//1335
f 2009//2009 1513//1513 1465//1465
f 1531//1531 1215//1215 1634//1634
f 1609//1609 1526//1526 1537//1537
f 1524//1524 1263//1263 1395//1395
f 1634//1634 1531//1531 1492//1492
f 1106//1106 1474//1474 1401//1401
f 1474//1474 1645//1645 1343//1343
f 1469//1469 1543//1543 1542//1542
f 1474//1474 1343//1343 1401//1401
f 1282//1282 1448//1448 1537//1537
f 1752//1752 1469//1469 1220//1220
f 1489//1489 1585//1585 1479//1479
f 1662//1662 1665//1665 1541//1541
f 1543//1543 1752//1752 1433//1433
f 1670//1670 1386//1386 1673//1673
f 1433//1433 1752//1752 1220//1220
f 1386//1386 1410//1410 1673//1673
f 1101//1101 1841//1841 1188//1188
f 1645//1645 1480//1480 1343//1343
f 1219//1219 1316//1316 1500//1500
f 1500//1500 1625//1625 1219//1219
f 1841//1841 2100//2100 1481//1481
f 1540//1540 1506//1506 1547//1547
f 1542//1542 1543//1543 1527//1527
f 1543//1543 1433//1433 1527//1527
f 1539//1539 1626//1626 1829//1829
f 1517//1517 1673//1673 1406//1406
f 1343//1343 1480//1480 1344//1344
f 1344//1344 1401//1401 1343//1343
f 1480//1480 1651//1651 1344//1344
f 1211//1211 1344//1344 1651//1651
f 1651//1651 1498//1498 1345//1345
f 1211//1211 1651//1651 1345//1345
f 1363//1363 1581//1581 1397//1397
f 2100//2100 1399//1399 1481//1481
f 1581//1581 1896//1896 1397//1397
f 1426//1426 1344//1344 1345//1345
f 1345//1345 1344//1344 1211//1211
f 1581//1581 1363//1363 1394//1394
f 1526//1526 1282//1282 1537//1537
f 1472//1472 1544//1544 1319//1319
f 1382//1382 1545//1545 1383//1383
f 1547//1547 1556//1556 1540//1540
f 1486//1486 1554//1554 1442//1442
f 1158//1158 1485//1485 1141//1141
f 1141//1141 1485//1485 1158//1158
f 1554//1554 1486//1486 1435//1435
f 1435//1435 1486//1486 1442//1442
f 1158//1158 1068//1068 1485//1485
f 1442//1442 1666//1666 1486//1486
f 1558//1558 1430//1430 1827//1827
f 1666//1666 1367//1367 1486//1486
f 1430//1430 1558//1558 1351//1351
f 1442//1442 1486//1486 1367//1367
f 1665//1665 1550//1550 1541//1541
f 1534//1534 1142//1142 1074//1074
f 1653//1653 1142//1142 1534//1534
f 1550//1550 1665//1665 1398//1398
f 1234//1234 1325//1325 1370//1370
f 1470//1470 1282//1282 1624//1624
f 1665//1665 1552//1552 1398//1398
f 1179//1179 1234//1234 1370//1370
f 1350//1350 1282//1282 1470//1470
f 1353//1353 1653//1653 1656//1656
f 1374//1374 1491//1491 1375//1375
f 1380//1380 1546//1546 1371//1371
f 1377//1377 1445//1445 1491//1491
f 1552//1552 1553//1553 1503//1503
f 1668//1668 1239//1239 1445//1445
f 1239//1239 1668//1668 1445//1445
f 1544//1544 1472//1472 1663//1663
f 1552//1552 1503//1503 1398//1398
f 1551//1551 1350//1350 1470//1470
f 1548//1548 1353//1353 1659//1659
f 1546//1546 1559//1559 1371//1371
f 1548//1548 1659//1659 1356//1356
f 1356//1356 1592//1592 1548//1548
f 1335//1335 1544//1544 1663//1663
f 1470//1470 1557//1557 1551//1551
f 1337//1337 1338//1338 1389//1389
f 1226//1226 1431//1431 1592//1592
f 1355//1355 1549//1549 1470//1470
f 1451//1451 1355//1355 1359//1359
f 1549//1549 1355//1355 1451//1451
f 1559//1559 1555//1555 1371//1371
f 1450//1450 1451//1451 1359//1359
f 1508//1508 1434//1434 1555//1555
f 1508//1508 1765//1765 1500//1500
f 1677//1677 1664//1664 1364//1364
f 1664//1664 1677//1677 1560//1560
f 1677//1677 1364//1364 1582//1582
f 1582//1582 1364//1364 1715//1715
f 1549//1549 1451//1451 1294//1294
f 1451//1451 1369//1369 1294//1294
f 1294//1294 1369//1369 1557//1557
f 1661//1661 1369//1369 1451//1451
f 1369//1369 1584//1584 1372//1372
f 1470//1470 1549//1549 1557//1557
f 1557//1557 1549//1549 1294//1294
f 1372//1372 1557//1557 1369//1369
f 1365//1365 1975//1975 1496//1496
f 1501//1501 1499//1499 1591//1591
f 1500//1500 1765//1765 1773//1773
f 1501//1501 1591//1591 1493//1493
f 1502//1502 1493//1493 1590//1590
f 1493//1493 1502//1502 1457//1457
f 1553//1553 1703//1703 1596//1596
f 1727//1727 1334//1334 1939//1939
f 1504//1504 1939//1939 1334//1334
f 1461//1461 1504//1504 1334//1334
f 1494//1494 1505//1505 1575//1575
f 1334//1334 1727//1727 1461//1461
f 1460//1460 1602//1602 1798//1798
f 1409//1409 1348//1348 1756//1756
f 1563//1563 1608//1608 1520//1520
f 1598//1598 1060//1060 2096//2096
f 1783//1783 1454//1454 1570//1570
f 1758//1758 1767//1767 1561//1561
f 2031//2031 1511//1511 1409//1409
f 1597//1597 1594//1594 1787//1787
f 1500//1500 1773//1773 1759//1759
f 1252//1252 1924//1924 1153//1153
f 1563//1563 1924//1924 1252//1252
f 1500//1500 1759//1759 1625//1625
f 1463//1463 1376//1376 1465//1465
f 1354//1354 1598//1598 1848//1848
f 1461//1461 1727//1727 1613//1613
f 1685//1685 1625//1625 1759//1759
f 1604//1604 1354//1354 1848//1848
f 1153//1153 2047//2047 1208//1208
f 1513//1513 1463//1463 1465//1465
f 1771//1771 1376//1376 1564//1564
f 1208//1208 1612//1612 1528//1528
f 1250//1250 1604//1604 1357//1357
f 1357//1357 1604//1604 1718//1718
f 1727//1727 1607//1607 1613//1613
f 1613//1613 1607//1607 1529//1529
f 1597//1597 1942//1942 1788//1788
f 1529//1529 1607//1607 1633//1633
f 1465//1465 1771//1771 2457//2457
f 1609//1609 1594//1594 1510//1510
f 1613//1613 1504//1504 1461//1461
f 1685//1685 1636//1636 1625//1625
f 1613//1613 1629//1629 1504//1504
f 1381//1381 1276//1276 1775//1775
f 1640//1640 1385//1385 1739//1739
f 1597//1597 1510//1510 1594//1594
f 1651//1651 1647//1647 1498//1498
f 1446//1446 1775//1775 1521//1521
f 1597//1597 1788//1788 1459//1459
f 1443//1443 1454//1454 1441//1441
f 1406//1406 1795//1795 1478//1478
f 1613//1613 1529//1529 1535//1535
f 1385//1385 1640//1640 1644//1644
f 2591//2591 1439//1439 1379//1379
f 1473//1473 1719//1719 983//983
f 1514//1514 1459//1459 1346//1346
f 1522//1522 2009//2009 1573//1573
f 1643//1643 1393//1393 1633//1633
f 1533//1533 1522//1522 1573//1573
f 1788//1788 1724//1724 1566//1566
f 1788//1788 1566//1566 1565//1565
f 1829//1829 2042//2042 1101//1101
f 1641//1641 1629//1629 1535//1535
f 1629//1629 1613//1613 1535//1535
f 1672//1672 1454//1454 1443//1443
f 1602//1602 1516//1516 1719//1719
f 1603//1603 1795//1795 1406//1406
f 1406//1406 1217//1217 1603//1603
f 1781//1781 1466//1466 1636//1636
f 1566//1566 1724//1724 1642//1642
f 1528//1528 1612//1612 1261//1261
f 1393//1393 1643//1643 1535//1535
f 1781//1781 1662//1662 1466//1466
f 1648//1648 1468//1468 1644//1644
f 1468//1468 1648//1648 1472//1472
f 1641//1641 1535//1535 1643//1643
f 1476//1476 1818//1818 1536//1536
f 1541//1541 1466//1466 1662//1662
f 1623//1623 1774//1774 1660//1660
f 1587//1587 1631//1631 1396//1396
f 1641//1641 1645//1645 1474//1474
f 1399//1399 2100//2100 1396//1396
f 1642//1642 1620//1620 1566//1566
f 2100//2100 1587//1587 1396//1396
f 1440//1440 1464//1464 1764//1764
f 1641//1641 1643//1643 1645//1645
f 1476//1476 2185//2185 2482//2482
f 1605//1605 1795//1795 1796//1796
f 1611//1611 1610//1610 1738//1738
f 1620//1620 1642//1642 1572//1572
f 1568//1568 1642//1642 1724//1724
f 1662//1662 1785//1785 1665//1665
f 1633//1633 1694//1694 1643//1643
f 1477//1477 1643//1643 1694//1694
f 1647//1647 1477//1477 1694//1694
f 1628//1628 1642//1642 1568//1568
f 1795//1795 1603//1603 1796//1796
f 1655//1655 1570//1570 1670//1670
f 1643//1643 1477//1477 1480//1480
f 1615//1615 1575//1575 1505//1505
f 1642//1642 1628//1628 1639//1639
f 1725//1725 1635//1635 1796//1796
f 1615//1615 1505//1505 1914//1914
f 1796//1796 1603//1603 1725//1725
f 1615//1615 1914//1914 1475//1475
f 1532//1532 1572//1572 1863//1863
f 1655//1655 1670//1670 1654//1654
f 1642//1642 1532//1532 1863//1863
f 1642//1642 1639//1639 1532//1532
f 1480//1480 1645//1645 1643//1643
f 1617//1617 1776//1776 1483//1483
f 1648//1648 1567//1567 1574//1574
f 1477//1477 1647//1647 1651//1651
f 1480//1480 1477//1477 1651//1651
f 1532//1532 1628//1628 1740//1740
f 1574//1574 1663//1663 1648//1648
f 1482//1482 1777//1777 1484//1484
f 1603//1603 1217//1217 1417//1417
f 1740//1740 1628//1628 1706//1706
f 1691//1691 1658//1658 1559//1559
f 1777//1777 1482//1482 1484//1484
f 1725//1725 1603//1603 1417//1417
f 1652//1652 1725//1725 1417//1417
f 1619//1619 1618//1618 1360//1360
f 1282//1282 1620//1620 1624//1624
f 1620//1620 1572//1572 1624//1624
f 1665//1665 1940//1940 1552//1552
f 1856//1856 1725//1725 1467//1467
f 1467//1467 1735//1735 1856//1856
f 1896//1896 2095//2095 1546//1546
f 1624//1624 1572//1572 1657//1657
f 1827//1827 1351//1351 1558//1558
f 1657//1657 1470//1470 1624//1624
f 1470//1470 1657//1657 1355//1355
f 1574//1574 1594//1594 1609//1609
f 1490//1490 1523//1523 1586//1586
f 1478//1478 1675//1675 1674//1674
f 1472//1472 1648//1648 1663//1663
f 1695//1695 1585//1585 1692//1692
f 1487//1487 1586//1586 1523//1523
f 1695//1695 1479//1479 1585//1585
f 1488//1488 1525//1525 1588//1588
f 1572//1572 1532//1532 1657//1657
f 1627//1627 1588//1588 1525//1525
f 1552//1552 1940//1940 1553//1553
f 1627//1627 1525//1525 1747//1747
f 1478//1478 1654//1654 1517//1517
f 1660//1660 1540//1540 1556//1556
f 1488//1488 1588//1588 1490//1490
f 1556//1556 1723//1723 1660//1660
f 1490//1490 1342//1342 1523//1523
f 1652//1652 1467//1467 1725//1725
f 1355//1355 1577//1577 1359//1359
f 1657//1657 1577//1577 1355//1355
f 1654//1654 1670//1670 1517//1517
f 1657//1657 1532//1532 1577//1577
f 1663//1663 1574//1574 1335//1335
f 1740//1740 1577//1577 1532//1532
f 1630//1630 1487//1487 1523//1523
f 1577//1577 1740//1740 1578//1578
f 1578//1578 1359//1359 1577//1577
f 1335//1335 1574//1574 1609//1609
f 1359//1359 1578//1578 1450//1450
f 1632//1632 1256//1256 1589//1589
f 1674//1674 1654//1654 1478//1478
f 1492//1492 1531//1531 1634//1634
f 1450//1450 1578//1578 1359//1359
f 1559//1559 1658//1658 1555//1555
f 1735//1735 1467//1467 1469//1469
f 1649//1649 1735//1735 1469//1469
f 1467//1467 1652//1652 1469//1469
f 1359//1359 1578//1578 1661//1661
f 1661//1661 1451//1451 1359//1359
f 1540//1540 1660//1660 1774//1774
f 1742//1742 1706//1706 1707//1707
f 2119//2119 1738//1738 1610//1610
f 1570//1570 1672//1672 1670//1670
f 1658//1658 1508//1508 1555//1555
f 1774//1774 1506//1506 1540//1540
f 1542//1542 1649//1649 1469//1469
f 1582//1582 1664//1664 1560//1560
f 1897//1897 1530//1530 1618//1618
f 1364//1364 1664//1664 1715//1715
f 1543//1543 1469//1469 1752//1752
f 1618//1618 1619//1619 1897//1897
f 1765//1765 1508//1508 1658//1658
f 1738//1738 2119//2119 1637//1637
f 1395//1395 1479//1479 1585//1585
f 1524//1524 1395//1395 1585//1585
f 1479//1479 1395//1395 1489//1489
f 1670//1670 1672//1672 1386//1386
f 1543//1543 1698//1698 1752//1752
f 1369//1369 1661//1661 1584//1584
f 1517//1517 1670//1670 1673//1673
f 1530//1530 1906//1906 1216//1216
f 2427//2427 1542//1542 1527//1527
f 1750//1750 1584//1584 1661//1661
f 1677//1677 1582//1582 1560//1560
f 1584//1584 1499//1499 1372//1372
f 1499//1499 1669//1669 1671//1671
f 1372//1372 1499//1499 1378//1378
f 1213//1213 1650//1650 1589//1589
f 1534//1534 1743//1743 1653//1653
f 1676//1676 1674//1674 1675//1675
f 1904//1904 1674//1674 1676//1676
f 1656//1656 1653//1653 1743//1743
f 1743//1743 1659//1659 1656//1656
f 2237//2237 1671//1671 1669//1669
f 1353//1353 1656//1656 1659//1659
f 1591//1591 1499//1499 1671//1671
f 1795//1795 1605//1605 1676//1676
f 1646//1646 1659//1659 1743//1743
f 1671//1671 1590//1590 1591//1591
f 1659//1659 1373//1373 1356//1356
f 1592//1592 1456//1456 1548//1548
f 1361//1361 1353//1353 1975//1975
f 1506//1506 1774//1774 1571//1571
f 1939//1939 1504//1504 1200//1200
f 1072//1072 1170//1170 1330//1330
f 1072//1072 1206//1206 1170//1170
f 1170//1170 1206//1206 1204//1204
f 1620//1620 1788//1788 1565//1565
f 1796//1796 1635//1635 1809//1809
f 1565//1565 1566//1566 1620//1620
f 1635//1635 1725//1725 1856//1856
f 1621//1621 2075//2075 1588//1588
f 1683//1683 1616//1616 2154//2154
f 1606//1606 1596//1596 1728//1728
f 1724//1724 1857//1857 1568//1568
f 1261//1261 1680//1680 1476//1476
f 1360//1360 1616//1616 1683//1683
f 1490//1490 1898//1898 1586//1586
f 1588//1588 1898//1898 1490//1490
f 1619//1619 1360//1360 1683//1683
f 1809//1809 1635//1635 1729//1729
f 1606//1606 1728//1728 1427//1427
f 1585//1585 1479//1479 1684//1684
f 1586//1586 1898//1898 1490//1490
f 1726//1726 1490//1490 1898//1898
f 1863//1863 1642//1642 1862//1862
f 1818//1818 1476//1476 2482//2482
f 1856//1856 1735//1735 1635//1635
f 1729//1729 1635//1635 1735//1735
f 1862//1862 1642//1642 1708//1708
f 1572//1572 1642//1642 1863//1863
f 1689//1689 1856//1856 1861//1861
f 1642//1642 1863//1863 1708//1708
f 1476//1476 1680//1680 2185//2185
f 1805//1805 1682//1682 1801//1801
f 1735//1735 1730//1730 1729//1729
f 1805//1805 2019//2019 1682//1682
f 1532//1532 1639//1639 1628//1628
f 1490//1490 1726//1726 1488//1488
f 1868//1868 1880//1880 2097//2097
f 1488//1488 1726//1726 1747//1747
f 1706//1706 1628//1628 1816//1816
f 1731//1731 1693//1693 1699//1699
f 1638//1638 2107//2107 1394//1394
f 1583//1583 1692//1692 1684//1684
f 1692//1692 1585//1585 1684//1684
f 1730//1730 1735//1735 1649//1649
f 1882//1882 1733//1733 1873//1873
f 1903//1903 1394//1394 1823//1823
f 1740//1740 1706//1706 1875//1875
f 1810//1810 1427//1427 1728//1728
f 1684//1684 1479//1479 1695//1695
f 1903//1903 1581//1581 1394//1394
f 1707//1707 1706//1706 1877//1877
f 1731//1731 1699//1699 1881//1881
f 1747//1747 1726//1726 1913//1913
f 1810//1810 1739//1739 1427//1427
f 1542//1542 2427//2427 1649//1649
f 2119//2119 1627//1627 1747//1747
f 1927//1927 2255//2255 1741//1741
f 1931//1931 2255//2255 1927//1927
f 1610//1610 1627//1627 2119//2119
f 1740//1740 1661//1661 1578//1578
f 2119//2119 1747//1747 1737//1737
f 1928//1928 1737//1737 1747//1747
f 1706//1706 1742//1742 1875//1875
f 1647//1647 1840//1840 1498//1498
f 1743//1743 1534//1534 1637//1637
f 1713//1713 1362//1362 1744//1744
f 1498//1498 1840//1840 1464//1464
f 1685//1685 1860//1860 1636//1636
f 1740//1740 1744//1744 1661//1661
f 1743//1743 1737//1737 1646//1646
f 1744//1744 1362//1362 1750//1750
f 1744//1744 1750//1750 1661//1661
f 1640//1640 1912//1912 1778//1778
f 1754//1754 1464//1464 1840//1840
f 1559//1559 1546//1546 2115//2115
f 1912//1912 1648//1648 1778//1778
f 1913//1913 1815//1815 1646//1646
f 1646//1646 1928//1928 1747//1747
f 1362//1362 1713//1713 1750//1750
f 2240//2240 1750//1750 1713//1713
f 2095//2095 2115//2115 1546//1546
f 1747//1747 1913//1913 1646//1646
f 1932//1932 1636//1636 1860//1860
f 1956//1956 1688//1688 1842//1842
f 1939//1939 1687//1687 1961//1961
f 1715//1715 1664//1664 1582//1582
f 1921//1921 1759//1759 1773//1773
f 1845//1845 1595//1595 1349//1349
f 1921//1921 1685//1685 1759//1759
f 1845//1845 1595//1595 2125//2125
f 1584//1584 1750//1750 2110//2110
f 1646//1646 1815//1815 1659//1659
f 1584//1584 2110//2110 1669//1669
f 1659//1659 1815//1815 1373//1373
f 1727//1727 1939//1939 1607//1607
f 1815//1815 1962//1962 1373//1373
f 1599//1599 1569//1569 1951//1951
f 1939//1939 1961//1961 1607//1607
f 1912//1912 1567//1567 1648//1648
f 1584//1584 1669//1669 1499//1499
f 1945//1945 1956//1956 1950//1950
f 1753//1753 1575//1575 1494//1494
f 1575//1575 1753//1753 1494//1494
f 2212//2212 1923//1923 1567//1567
f 1591//1591 1590//1590 1493//1493
f 1567//1567 1923//1923 1768//1768
f 1842//1842 1623//1623 1956//1956
f 1906//1906 1907//1907 1497//1497
f 1691//1691 1761//1761 1658//1658
f 1781//1781 1636//1636 1932//1932
f 1599//1599 1847//1847 1954//1954
f 1842//1842 1774//1774 1623//1623
f 1915//1915 1712//1712 2018//2018
f 1910//1910 1705//1705 1711//1711
f 1799//1799 1761//1761 1678//1678
f 1607//1607 2127//2127 1633//1633
f 1694//1694 1633//1633 2127//2127
f 1601//1601 1462//1462 1960//1960
f 1910//1910 1711//1711 1918//1918
f 1601//1601 1967//1967 1966//1966
f 1601//1601 1960//1960 1967//1967
f 1914//1914 1918//1918 1711//1711
f 1768//1768 1772//1772 1929//1929
f 1748//1748 1781//1781 1932//1932
f 1971//1971 1850//1850 1849//1849
f 1781//1781 1748//1748 1662//1662
f 1799//1799 1658//1658 1761//1761
f 1704//1704 1824//1824 1756//1756
f 1475//1475 1621//1621 2098//2098
f 2098//2098 1621//1621 1600//1600
f 1764//1764 1464//1464 1754//1754
f 1975//1975 1353//1353 1548//1548
f 1754//1754 1714//1714 1764//1764
f 1060//1060 1458//1458 2096//2096
f 1409//1409 1756//1756 1824//1824
f 1824//1824 2031//2031 1409//1409
f 1756//1756 1348//1348 1704//1704
f 1848//1848 1598//1598 2096//2096
f 1778//1778 1644//1644 1640//1640
f 1765//1765 1799//1799 1773//1773
f 1799//1799 1921//1921 1773//1773
f 1709//1709 1576//1576 1853//1853
f 1658//1658 1799//1799 1765//1765
f 1373//1373 1962//1962 1561//1561
f 1644//1644 1778//1778 1648//1648
f 1593//1593 1949//1949 1755//1755
f 1962//1962 1965//1965 1561//1561
f 1852//1852 1579//1579 2038//2038
f 1758//1758 1561//1561 1965//1965
f 1950//1950 1956//1956 1623//1623
f 1600//1600 2108//2108 2096//2096
f 1660//1660 1950//1950 1623//1623
f 1621//1621 1588//1588 1600//1600
f 1511//1511 2206//2206 1614//1614
f 1600//1600 1588//1588 1627//1627
f 1460//1460 1798//1798 2431//2431
f 1563//1563 1460//1460 2431//2431
f 1763//1763 1974//1974 1769//1769
f 1567//1567 1768//1768 1574//1574
f 1627//1627 2108//2108 1600//1600
f 1758//1758 2136//2136 1767//1767
f 1929//1929 1574//1574 1768//1768
f 1828//1828 1767//1767 2136//2136
f 1714//1714 1967//1967 1764//1764
f 1764//1764 1967//1967 1976//1976
f 1924//1924 2047//2047 1153//1153
f 1604//1604 1848//1848 1718//1718
f 1949//1949 1593//1593 1562//1562
f 1561//1561 1767//1767 1564//1564
f 1785//1785 1662//1662 1748//1748
f 1593//1593 1908//1908 1562//1562
f 1976//1976 1515//1515 1764//1764
f 1564//1564 1767//1767 1717//1717
f 1622//1622 2591//2591 1527//1527
f 1748//1748 2128//2128 1785//1785
f 1515//1515 1976//1976 1616//1616
f 2047//2047 1612//1612 1208//1208
f 1767//1767 1828//1828 1717//1717
f 1908//1908 1946//1946 1562//1562
f 1439//1439 2591//2591 1622//1622
f 1785//1785 2128//2128 1665//1665
f 1762//1762 1829//1829 1626//1626
f 1610//1610 2111//2111 2113//2113
f 1574//1574 1929//1929 1594//1594
f 1762//1762 1626//1626 1580//1580
f 1940//1940 1665//1665 2128//2128
f 1276//1276 1521//1521 1775//1775
f 1841//1841 1101//1101 2042//2042
f 1465//1465 2457//2457 2009//2009
f 1786//1786 1935//1935 1787//1787
f 1702//1702 1940//1940 1667//1667
f 1935//1935 1830//1830 1787//1787
f 1972//1972 1745//1745 1734//1734
f 983//983 1719//1719 1516//1516
f 1929//1929 1787//1787 1594//1594
f 1602//1602 1719//1719 1798//1798
f 1703//1703 1940//1940 1702//1702
f 2080//2080 1720//1720 2072//2072
f 1553//1553 1940//1940 1703//1703
f 1787//1787 2073//2073 1701//1701
f 1571//1571 1766//1766 1964//1964
f 1787//1787 1701//1701 1597//1597
f 1751//1751 1736//1736 1734//1734
f 2074//2074 1475//1475 1914//1914
f 1597//1597 1701//1701 1942//1942
f 1776//1776 1617//1617 1483//1483
f 1788//1788 1943//1943 1724//1724
f 1721//1721 1681//1681 1784//1784
f 1751//1751 1745//1745 1679//1679
f 1857//1857 1724//1724 1943//1943
f 1475//1475 2074//2074 1621//1621
f 2076//2076 1621//1621 2074//2074
f 1842//1842 1766//1766 1774//1774
f 1571//1571 1774//1774 1766//1766
f 1734//1734 1745//1745 1751//1751
f 1596//1596 1789//1789 1728//1728
f 1703//1703 1789//1789 1596//1596
f 1779//1779 1681//1681 1760//1760
f 1925//1925 1721//1721 1908//1908
f 1679//1679 1794//1794 1751//1751
f 1721//1721 1784//1784 1908//1908
f 1908//1908 1784//1784 1948//1948
f 1696//1696 1779//1779 1760//1760
f 1696//1696 1686//1686 1779//1779
f 1779//1779 1784//1784 1681//1681
f 1779//1779 1770//1770 1780//1780
f 1770//1770 1779//1779 1686//1686
f 1791//1791 1784//1784 1779//1779
f 1783//1783 1686//1686 1723//1723
f 1556//1556 1428//1428 1723//1723
f 1454//1454 1723//1723 1428//1428
f 1855//1855 1948//1948 1784//1784
f 1723//1723 1454//1454 1783//1783
f 1784//1784 1791//1791 1855//1855
f 1770//1770 1686//1686 1783//1783
f 1792//1792 1949//1949 1562//1562
f 1792//1792 1562//1562 1957//1957
f 1957//1957 1562//1562 1953//1953
f 1780//1780 1791//1791 1779//1779
f 1953//1953 1952//1952 1722//1722
f 1782//1782 1770//1770 1783//1783
f 1770//1770 1782//1782 1780//1780
f 1790//1790 1891//1891 1782//1782
f 1948//1948 1855//1855 1859//1859
f 1570//1570 1790//1790 1782//1782
f 1570//1570 1454//1454 1672//1672
f 1855//1855 1793//1793 1679//1679
f 1793//1793 1790//1790 1654//1654
f 1655//1655 1790//1790 1570//1570
f 1790//1790 1655//1655 1654//1654
f 1679//1679 1793//1793 1794//1794
f 1794//1794 1793//1793 1674//1674
f 1674//1674 1793//1793 1654//1654
f 1904//1904 1794//1794 1674//1674
f 1904//1904 1676//1676 2215//2215
f 2215//2215 1676//1676 1994//1994
f 1676//1676 1675//1675 1795//1795
f 1605//1605 1919//1919 1676//1676
f 1478//1478 1795//1795 1675//1675
f 1797//1797 1919//1919 1605//1605
f 1796//1796 1797//1797 1605//1605
f 1797//1797 1796//1796 1809//1809
f 1861//1861 1856//1856 1689//1689
f 1789//1789 1831//1831 1728//1728
f 2272//2272 2130//2130 1876//1876
f 1729//1729 1998//1998 1809//1809
f 1805//1805 1801//1801 2143//2143
f 1807//1807 1732//1732 2143//2143
f 1865//1865 1869//1869 2088//2088
f 1892//1892 1865//1865 2088//2088
f 1807//1807 2143//2143 1801//1801
f 2136//2136 1864//1864 2065//2065
f 1807//1807 1801//1801 1682//1682
f 1932//1932 2077//2077 1879//1879
f 1748//1748 1932//1932 1879//1879
f 1867//1867 1895//1895 1835//1835
f 1690//1690 1729//1729 1730//1730
f 1876//1876 2149//2149 1894//1894
f 1882//1882 1873//1873 1733//1733
f 1983//1983 1883//1883 1888//1888
f 1843//1843 2147//2147 1757//1757
f 1883//1883 1892//1892 1888//1888
f 2427//2427 2228//2228 1649//1649
f 2281//2281 1728//1728 1831//1831
f 1728//1728 2281//2281 1810//1810
f 1858//1858 1937//1937 1890//1890
f 2075//2075 1898//1898 1588//1588
f 1745//1745 1972//1972 1859//1859
f 1888//1888 1922//1922 1933//1933
f 1859//1859 1855//1855 1679//1679
f 1745//1745 1859//1859 1679//1679
f 1726//1726 1898//1898 2076//2076
f 1964//1964 2116//2116 2015//2015
f 1895//1895 2116//2116 1964//1964
f 1698//1698 1543//1543 1752//1752
f 1888//1888 1892//1892 1922//1922
f 1872//1872 1972//1972 1734//1734
f 1872//1872 1734//1734 2161//2161
f 1905//1905 1814//1814 2244//2244
f 1612//1612 1680//1680 1261//1261
f 1917//1917 1892//1892 2088//2088
f 1810//1810 2285//2285 1739//1739
f 1917//1917 2088//2088 1746//1746
f 1394//1394 2107//2107 1823//1823
f 1538//1538 1818//1818 1638//1638
f 1726//1726 1958//1958 1813//1813
f 1671//1671 1889//1889 1590//1590
f 2161//2161 1734//1734 1736//1736
f 1822//1822 2107//2107 1638//1638
f 1616//1616 2151//2151 2309//2309
f 2161//2161 1736//1736 2465//2465
f 2588//2588 1590//1590 1889//1889
f 2178//2178 1903//1903 1823//1823
f 2088//2088 1869//1869 1871//1871
f 1739//1739 2052//2052 1640//1640
f 1913//1913 1726//1726 1813//1813
f 1826//1826 1761//1761 1691//1691
f 1616//1616 2309//2309 2154//2154
f 1874//1874 2117//2117 1884//1884
f 1857//1857 1802//1802 1568//1568
f 1884//1884 1749//1749 1871//1871
f 1874//1874 1884//1884 1871//1871
f 1568//1568 1802//1802 1628//1628
f 1862//1862 1708//1708 1863//1863
f 1708//1708 1868//1868 1870//1870
f 1640//1640 2052//2052 1912//1912
f 2269//2269 1826//1826 2041//2041
f 2041//2041 1826//1826 1691//1691
f 1917//1917 1922//1922 1892//1892
f 2041//2041 1691//1691 1559//1559
f 2206//2206 2035//2035 1614//1614
f 1614//1614 2035//2035 1762//1762
f 2115//2115 2041//2041 1559//1559
f 2427//2427 1527//1527 1833//1833
f 1683//1683 1684//1684 1619//1619
f 1780//1780 1891//1891 1791//1791
f 1921//1921 1817//1817 1685//1685
f 2591//2591 1833//1833 1527//1527
f 1782//1782 1891//1891 1780//1780
f 1817//1817 1860//1860 1685//1685
f 1731//1731 1699//1699 1693//1693
f 1678//1678 2093//2093 1799//1799
f 1684//1684 1692//1692 1583//1583
f 1912//1912 2212//2212 1567//1567
f 1570//1570 1782//1782 1783//1783
f 1684//1684 1695//1695 1692//1692
f 2212//2212 1916//1916 1923//1923
f 1836//1836 1619//1619 1684//1684
f 1731//1731 1881//1881 1699//1699
f 1922//1922 1917//1917 1927//1927
f 1923//1923 1916//1916 1772//1772
f 1927//1927 1917//1917 1920//1920
f 1855//1855 1791//1791 1891//1891
f 1920//1920 1917//1917 1926//1926
f 1923//1923 1772//1772 1768//1768
f 1917//1917 1746//1746 1926//1926
f 1926//1926 1746//1746 1927//1927
f 1891//1891 1793//1793 1855//1855
f 1927//1927 1746//1746 1931//1931
f 2431//2431 1924//1924 1563//1563
f 1793//1793 1891//1891 1790//1790
f 1926//1926 1927//1927 1920//1920
f 1841//1841 2042//2042 2043//2043
f 1924//1924 2461//2461 2047//2047
f 1587//1587 2100//2100 2594//2594
f 1885//1885 2056//2056 2058//2058
f 1787//1787 1929//1929 1786//1786
f 1879//1879 1887//1887 1748//1748
f 2128//2128 1748//1748 1887//1887
f 1751//1751 1902//1902 1736//1736
f 1902//1902 1751//1751 2057//2057
f 1819//1819 1893//1893 1820//1820
f 2158//2158 1893//1893 1819//1819
f 1821//1821 1984//1984 1819//1819
f 1819//1819 1984//1984 2158//2158
f 2158//2158 1984//1984 1821//1821
f 1821//1821 1984//1984 1821//1821
f 1751//1751 1794//1794 2057//2057
f 2057//2057 1794//1794 1904//1904
f 1830//1830 1935//1935 2010//2010
f 2073//2073 1830//1830 2010//2010
f 1619//1619 1836//1836 1897//1897
f 1897//1897 1906//1906 1530//1530
f 2073//2073 1787//1787 1830//1830
f 1994//1994 1676//1676 1919//1919
f 1900//1900 1906//1906 1897//1897
f 2094//2094 1667//1667 1940//1940
f 1906//1906 1900//1900 1907//1907
f 2128//2128 2094//2094 1940//1940
f 1741//1741 1936//1936 1922//1922
f 1936//1936 1933//1933 1922//1922
f 1943//1943 1788//1788 1942//1942
f 1871//1871 1746//1746 2088//2088
f 1936//1936 1741//1741 1687//1687
f 1797//1797 1998//1998 1700//1700
f 1837//1837 2183//2183 1857//1857
f 1797//1797 1809//1809 1998//1998
f 1857//1857 1943//1943 1837//1837
f 1667//1667 1814//1814 1702//1702
f 1871//1871 1749//1749 1901//1901
f 1901//1901 1746//1746 1871//1871
f 2114//2114 1825//1825 1721//1721
f 1939//1939 1936//1936 1687//1687
f 1741//1741 1922//1922 1927//1927
f 1702//1702 2132//2132 1703//1703
f 1789//1789 2132//2132 1905//1905
f 1741//1741 2255//2255 1687//1687
f 1825//1825 1938//1938 1681//1681
f 1926//1926 2254//2254 2092//2092
f 1681//1681 1721//1721 1825//1825
f 1938//1938 1834//1834 1681//1681
f 1749//1749 1884//1884 1909//1909
f 2255//2255 1931//1931 1955//1955
f 1789//1789 1703//1703 2132//2132
f 1749//1749 1909//1909 1901//1901
f 1687//1687 2255//2255 1955//1955
f 2137//2137 1831//1831 1789//1789
f 1760//1760 1681//1681 1834//1834
f 1901//1901 1909//1909 2131//2131
f 1901//1901 2131//2131 2064//2064
f 1835//1835 1895//1895 1956//1956
f 1901//1901 1931//1931 1746//1746
f 1894//1894 2149//2149 1934//1934
f 1945//1945 2286//2286 2053//2053
f 2286//2286 1945//1945 1950//1950
f 1687//1687 1955//1955 1961//1961
f 1895//1895 1964//1964 1956//1956
f 1945//1945 1835//1835 1956//1956
f 1977//1977 1934//1934 1947//1947
f 1956//1956 1964//1964 1688//1688
f 1647//1647 2296//2296 1840//1840
f 1964//1964 1766//1766 1688//1688
f 1705//1705 1836//1836 1838//1838
f 2062//2062 1947//1947 2061//2061
f 1754//1754 1840//1840 1941//1941
f 1660//1660 2026//2026 1950//1950
f 1705//1705 1910//1910 1836//1836
f 1941//1941 2121//2121 1754//1754
f 2134//2134 1754//1754 2121//2121
f 1947//1947 2062//2062 2090//2090
f 1907//1907 1915//1915 1497//1497
f 1458//1458 1497//1497 1915//1915
f 1846//1846 2026//2026 1660//1660
f 1910//1910 1918//1918 2018//2018
f 1723//1723 1846//1846 1660//1660
f 1705//1705 1914//1914 1711//1711
f 1832//1832 1979//1979 1696//1696
f 1569//1569 1599//1599 1951//1951
f 1599//1599 2300//2300 1847//1847
f 1918//1918 1914//1914 2098//2098
f 1599//1599 1951//1951 2300//2300
f 1475//1475 2098//2098 1914//1914
f 1847//1847 1951//1951 1599//1599
f 1599//1599 1954//1954 1847//1847
f 1832//1832 1696//1696 1834//1834
f 1834//1834 1696//1696 1760//1760
f 2108//2108 1848//1848 2096//2096
f 1966//1966 1960//1960 1462//1462
f 1696//1696 1979//1979 1686//1686
f 1600//1600 2096//2096 2098//2098
f 1960//1960 1966//1966 1967//1967
f 1723//1723 1979//1979 1846//1846
f 1967//1967 1960//1960 2030//2030
f 1974//1974 1763//1763 2306//2306
f 1977//1977 1947//1947 1982//1982
f 1848//1848 2108//2108 2421//2421
f 1979//1979 1723//1723 1686//1686
f 1969//1969 2032//2032 1973//1973
f 1971//1971 1849//1849 2033//2033
f 2036//2036 1974//1974 2141//2141
f 1848//1848 2421//2421 1718//1718
f 2111//2111 1718//1718 2421//2421
f 1803//1803 1851//1851 1697//1697
f 1877//1877 1706//1706 2023//2023
f 1877//1877 2238//2238 1878//1878
f 1877//1877 1878//1878 1707//1707
f 1709//1709 2203//2203 1576//1576
f 2038//2038 1579//1579 2039//2039
f 2102//2102 1880//1880 1868//1868
f 1577//1577 1710//1710 2102//2102
f 1880//1880 2102//2102 1710//1710
f 2039//2039 1579//1579 1852//1852
f 1754//1754 2134//2134 1714//1714
f 1875//1875 1742//1742 2023//2023
f 1720//1720 2080//2080 2072//2072
f 1967//1967 1714//1714 2134//2134
f 1713//1713 1744//1744 1740//1740
f 1742//1742 1877//1877 2023//2023
f 1707//1707 1877//1877 1742//1742
f 1878//1878 1877//1877 1707//1707
f 2306//2306 1763//1763 1769//1769
f 2074//2074 1914//1914 2055//2055
f 1967//1967 2151//2151 1616//1616
f 1976//1976 1967//1967 1616//1616
f 2240//2240 2110//2110 1750//1750
f 1610//1610 2113//2113 1627//1627
f 2119//2119 1737//1737 1637//1637
f 1637//1637 1737//1737 1743//1743
f 1646//1646 1737//1737 1928//1928
f 1913//1913 1813//1813 1815//1815
f 1899//1899 2071//2071 1755//1755
f 1866//1866 1937//1937 2122//2122
f 1947//1947 2090//2090 1982//1982
f 1755//1755 2071//2071 1839//1839
f 1839//1839 2133//2133 1593//1593
f 1839//1839 1593//1593 1755//1755
f 1937//1937 1858//1858 2124//2124
f 1977//1977 1982//1982 1865//1865
f 1869//1869 1865//1865 1982//1982
f 1925//1925 1593//1593 2133//2133
f 1908//1908 1593//1593 1925//1925
f 2124//2124 1858//1858 1806//1806
f 1911//1911 1899//1899 1755//1755
f 2147//2147 1911//1911 1757//1757
f 1757//1757 1911//1911 1755//1755
f 1949//1949 1757//1757 1755//1755
f 1962//1962 1963//1963 1965//1965
f 1844//1844 2114//2114 1925//1925
f 1925//1925 2114//2114 1721//1721
f 2314//2314 1888//1888 1933//1933
f 1933//1933 1936//1936 2314//2314
f 2129//2129 1806//1806 1970//1970
f 1970//1970 1806//1806 1864//1864
f 1977//1977 1865//1865 2059//2059
f 1963//1963 2129//2129 1758//1758
f 1758//1758 1965//1965 1963//1963
f 1970//1970 1758//1758 2129//2129
f 1865//1865 1883//1883 2059//2059
f 1948//1948 1946//1946 1908//1908
f 1970//1970 2136//2136 1758//1758
f 1970//1970 1864//1864 2136//2136
f 1968//1968 1946//1946 1948//1948
f 1883//1883 1865//1865 1892//1892
f 1975//1975 1548//1548 1456//1456
f 1496//1496 1975//1975 1456//1456
f 1562//1562 1946//1946 1953//1953
f 1953//1953 1946//1946 1952//1952
f 1717//1717 1771//1771 1564//1564
f 1957//1957 1953//1953 1722//1722
f 1957//1957 1722//1722 1959//1959
f 1872//1872 1959//1959 1722//1722
f 3133//3133 1959//1959 1872//1872
f 1946//1946 1968//1968 1952//1952
f 1948//1948 1859//1859 1968//1968
f 1621//1621 2076//2076 2075//2075
f 1890//1890 1981//1981 2217//2217
f 1607//1607 1961//1961 2127//2127
f 1777//1777 2076//2076 2074//2074
f 1726//1726 2076//2076 1777//1777
f 2072//2072 1944//1944 2080//2080
f 1890//1890 2217//2217 1858//1858
f 2127//2127 2267//2267 1694//1694
f 1944//1944 2072//2072 2082//2082
f 2082//2082 1777//1777 1944//1944
f 1694//1694 2267//2267 1647//1647
f 1854//1854 2217//2217 1981//1981
f 2296//2296 1647//1647 2267//2267
f 1777//1777 1958//1958 1726//1726
f 1958//1958 1777//1777 2082//2082
f 2090//2090 2078//2078 2227//2227
f 2085//2085 2104//2104 1866//1866
f 1952//1952 1872//1872 1722//1722
f 1952//1952 1968//1968 1872//1872
f 1968//1968 1972//1972 1872//1872
f 1968//1968 1859//1859 1972//1972
f 2090//2090 1978//1978 1980//1980
f 1980//1980 1982//1982 2090//2090
f 1982//1982 1980//1980 1869//1869
f 1980//1980 1978//1978 1869//1869
f 1869//1869 1874//1874 1871//1871
f 1869//1869 1978//1978 1874//1874
f 1571//1571 1964//1964 2015//2015
f 1200//1200 2314//2314 1936//1936
f 1200//1200 1936//1936 1939//1939
f 1812//1812 2305//2305 1811//1811
f 2051//2051 2258//2258 2226//2226
f 1812//1812 1811//1811 2305//2305
f 2054//2054 2050//2050 1894//1894
f 1985//1985 2305//2305 1811//1811
f 1985//1985 1811//1811 2305//2305
f 1987//1987 1835//1835 2053//2053
f 1986//1986 1817//1817 1921//1921
f 1799//1799 1986//1986 1921//1921
f 2285//2285 2052//2052 1739//1739
f 1901//1901 2234//2234 1931//1931
f 1934//1934 2054//2054 1894//1894
f 1901//1901 2064//2064 2234//2234
f 1854//1854 2219//2219 2217//2217
f 2340//2340 2152//2152 2386//2386
f 1955//1955 1931//1931 2234//2234
f 1934//1934 1977//1977 2059//2059
f 2058//2058 2056//2056 1885//1885
f 2233//2233 1990//1990 2263//2263
f 2247//2247 2286//2286 2248//2248
f 1990//1990 2233//2233 2074//2074
f 1858//1858 2217//2217 1993//1993
f 1934//1934 2149//2149 2061//2061
f 1934//1934 2061//2061 1947//1947
f 2167//2167 1835//1835 2069//2069
f 1858//1858 2504//2504 1806//1806
f 1993//1993 2504//2504 1858//1858
f 1821//1821 2156//2156 1821//1821
f 1821//1821 2156//2156 1820//1820
f 1820//1820 2156//2156 1819//1819
f 1819//1819 2156//2156 1821//1821
f 1821//1821 1820//1820 1893//1893
f 1821//1821 1821//1821 1821//1821
f 2158//2158 2157//2157 1893//1893
f 1893//1893 2157//2157 1821//1821
f 1821//1821 2157//2157 1821//1821
f 1821//1821 2157//2157 2158//2158
f 2450//2450 2248//2248 2145//2145
f 2026//2026 2145//2145 2248//2248
f 2060//2060 2163//2163 2070//2070
f 1817//1817 2221//2221 1860//1860
f 1806//1806 3232//3232 1864//1864
f 1864//1864 3232//3232 2065//2065
f 2080//2080 2233//2233 2072//2072
f 1860//1860 2221//2221 1932//1932
f 2078//2078 2062//2062 2061//2061
f 2221//2221 2222//2222 1932//1932
f 1902//1902 2465//2465 1736//1736
f 2077//2077 2499//2499 1879//1879
f 1989//1989 2091//2091 1867//1867
f 2169//2169 2401//2401 1761//1761
f 2208//2208 2372//2372 2776//2776
f 2052//2052 2212//2212 1912//1912
f 2222//2222 2077//2077 1932//1932
f 2003//2003 2059//2059 1883//1883
f 1678//1678 1761//1761 2401//2401
f 1887//1887 1879//1879 2499//2499
f 2167//2167 1989//1989 1867//1867
f 2093//2093 1678//1678 2401//2401
f 2215//2215 2057//2057 1904//1904
f 1826//1826 2169//2169 1761//1761
f 2212//2212 2214//2214 1916//1916
f 2003//2003 1883//1883 2314//2314
f 2215//2215 1994//1994 2889//2889
f 2004//2004 1772//1772 1916//1916
f 2314//2314 1883//1883 1983//1983
f 2116//2116 1867//1867 2091//2091
f 1991//1991 2213//2213 2014//2014
f 1929//1929 1772//1772 2004//2004
f 1836//1836 2014//2014 1838//1838
f 2008//2008 2451//2451 1930//1930
f 2182//2182 1994//1994 1919//1919
f 1797//1797 2182//2182 1919//1919
f 2099//2099 1930//1930 2451//2451
f 1929//1929 2063//2063 1786//1786
f 1838//1838 2014//2014 2055//2055
f 2014//2014 2213//2213 2055//2055
f 1897//1897 1836//1836 1900//1900
f 2279//2279 2008//2008 1930//1930
f 2091//2091 2013//2013 2116//2116
f 1996//1996 1797//1797 1700//1700
f 1786//1786 2063//2063 2007//2007
f 1900//1900 1836//1836 1910//1910
f 2007//2007 1935//1935 1786//1786
f 1983//1983 1888//1888 2314//2314
f 1799//1799 2093//2093 2001//2001
f 1986//1986 1799//1799 2001//2001
f 2055//2055 1705//1705 1838//1838
f 2233//2233 2068//2068 2072//2072
f 2068//2068 2085//2085 2072//2072
f 1700//1700 1998//1998 1996//1996
f 2094//2094 1997//1997 2105//2105
f 2178//2178 2412//2412 1581//1581
f 2105//2105 1997//1997 1814//1814
f 1914//1914 1705//1705 2055//2055
f 1690//1690 2225//2225 1729//1729
f 2412//2412 2095//2095 1581//1581
f 1907//1907 1900//1900 2089//2089
f 1900//1900 1910//1910 2089//2089
f 1990//1990 2074//2074 2055//2055
f 2227//2227 2070//2070 2163//2163
f 1581//1581 2095//2095 1896//1896
f 1997//1997 2244//2244 1814//1814
f 1814//1814 1905//1905 2132//2132
f 1712//1712 1915//1915 2018//2018
f 2089//2089 1910//1910 2018//2018
f 1944//1944 1777//1777 2074//2074
f 1907//1907 2089//2089 1915//1915
f 1690//1690 1730//1730 2228//2228
f 2080//2080 2074//2074 2233//2233
f 2074//2074 2080//2080 1944//1944
f 1915//1915 2018//2018 1918//1918
f 1918//1918 1458//1458 1915//1915
f 1649//1649 2228//2228 1730//1730
f 2227//2227 2078//2078 2070//2070
f 1804//1804 2116//2116 2013//2013
f 2090//2090 2062//2062 2078//2078
f 2084//2084 1992//1992 2239//2239
f 2084//2084 2086//2086 1992//1992
f 1942//1942 1701//1701 2231//2231
f 1942//1942 2231//2231 1943//1943
f 1920//1920 1917//1917 2245//2245
f 2227//2227 1978//1978 2090//2090
f 1837//1837 1943//1943 2231//2231
f 2015//2015 2116//2116 1804//1804
f 2245//2245 1917//1917 1920//1920
f 2167//2167 1867//1867 1835//1835
f 1926//1926 2092//2092 2254//2254
f 1590//1590 2588//2588 1704//1704
f 2341//2341 1978//1978 2227//2227
f 1895//1895 1867//1867 2116//2116
f 1704//1704 2027//2027 1824//1824
f 2278//2278 2279//2279 2114//2114
f 2031//2031 1824//1824 2027//2027
f 1825//1825 2114//2114 2279//2279
f 1844//1844 2278//2278 2114//2114
f 2107//2107 2178//2178 1823//1823
f 1804//1804 2081//2081 2015//2015
f 2086//2086 2130//2130 1992//1992
f 2279//2279 1938//1938 1825//1825
f 1938//1938 2284//2284 1834//1834
f 2206//2206 1511//1511 2364//2364
f 2035//2035 2206//2206 2481//2481
f 2035//2035 2365//2365 1762//1762
f 1822//1822 1638//1638 1818//1818
f 1536//1536 1818//1818 1538//1538
f 1762//1762 2365//2365 1829//1829
f 1458//1458 1918//1918 2096//2096
f 2296//2296 2109//2109 1840//1840
f 1834//1834 2284//2284 1832//1832
f 1918//1918 2098//2098 2096//2096
f 1835//1835 1945//1945 2053//2053
f 2109//2109 1941//1941 1840//1840
f 2187//2187 1941//1941 2109//2109
f 1941//1941 2187//2187 2121//2121
f 2108//2108 1627//1627 2022//2022
f 1842//1842 1688//1688 1766//1766
f 2187//2187 2118//2118 2121//2121
f 2082//2082 2072//2072 2085//2085
f 2140//2140 2286//2286 1950//1950
f 2084//2084 2211//2211 2087//2087
f 2104//2104 2085//2085 2282//2282
f 2026//2026 2248//2248 2286//2286
f 2258//2258 2092//2092 2254//2254
f 2049//2049 2092//2092 2258//2258
f 2258//2258 2051//2051 2049//2049
f 1667//1667 2105//2105 1814//1814
f 1814//1814 2132//2132 1702//1702
f 2211//2211 1988//1988 2087//2087
f 1802//1802 1857//1857 2183//2183
f 2026//2026 2140//2140 1950//1950
f 1631//1631 2594//2594 2591//2591
f 1631//1631 2591//2591 1379//1379
f 2087//2087 1988//1988 2253//2253
f 2125//2125 1595//1595 1845//1845
f 2287//2287 2067//2067 2282//2282
f 2101//2101 2251//2251 2103//2103
f 1903//1903 2178//2178 1581//1581
f 2435//2435 2042//2042 1829//1829
f 2084//2084 2087//2087 2086//2086
f 1846//1846 2145//2145 2026//2026
f 2100//2100 2043//2043 2594//2594
f 2282//2282 2067//2067 2104//2104
f 1870//1870 1868//1868 1708//1708
f 2106//2106 2145//2145 1832//1832
f 1841//1841 2043//2043 2100//2100
f 2115//2115 2040//2040 2041//2041
f 1868//1868 2097//2097 2102//2102
f 1628//1628 1802//1802 1816//1816
f 1587//1587 2594//2594 1631//1631
f 1849//1849 1850//1850 2033//2033
f 1846//1846 1832//1832 2145//2145
f 1706//1706 1816//1816 2399//2399
f 2086//2086 2087//2087 2146//2146
f 2112//2112 2146//2146 2087//2087
f 1866//1866 2082//2082 2085//2085
f 1706//1706 2400//2400 1877//1877
f 1955//1955 2234//2234 1961//1961
f 1789//1789 1905//1905 2137//2137
f 1877//1877 2023//2023 1706//1706
f 2023//2023 2238//2238 1877//1877
f 1878//1878 2023//2023 1877//1877
f 2238//2238 2023//2023 1878//1878
f 1979//1979 1832//1832 1846//1846
f 1958//1958 2082//2082 1866//1866
f 2137//2137 2138//2138 1831//1831
f 2102//2102 2097//2097 1710//1710
f 1710//1710 2097//2097 1880//1880
f 1710//1710 1577//1577 2102//2102
f 1978//1978 2117//2117 1874//1874
f 2189//2189 1612//1612 2047//2047
f 1866//1866 2104//2104 1937//1937
f 2104//2104 1890//1890 1937//1937
f 2112//2112 2060//2060 2146//2146
f 2067//2067 1890//1890 2104//2104
f 1875//1875 2023//2023 1713//1713
f 1875//1875 1713//1713 1740//1740
f 2075//2075 2076//2076 1898//1898
f 2016//2016 1801//1801 2143//2143
f 1847//1847 2300//2300 1951//1951
f 2016//2016 2143//2143 1801//1801
f 1732//1732 2142//2142 2143//2143
f 2142//2142 1732//1732 1807//1807
f 2240//2240 1713//1713 2023//2023
f 2121//2121 2118//2118 2134//2134
f 1807//1807 2143//2143 2142//2142
f 2118//2118 2139//2139 2134//2134
f 1805//1805 2143//2143 2019//2019
f 2134//2134 2139//2139 2029//2029
f 1807//1807 1682//1682 2143//2143
f 2019//2019 2143//2143 1682//1682
f 1716//1716 2110//2110 2240//2240
f 2110//2110 1716//1716 1886//1886
f 1992//1992 2130//2130 2272//2272
f 1808//1808 2021//2021 2191//2191
f 2193//2193 1808//1808 2191//2191
f 1958//1958 1866//1866 2122//2122
f 2029//2029 1967//1967 2134//2134
f 2110//2110 1886//1886 1669//1669
f 2029//2029 1960//1960 1967//1967
f 1808//1808 2193//2193 2024//2024
f 2237//2237 1669//1669 1886//1886
f 2024//2024 2422//2422 1808//1808
f 2303//2303 1960//1960 2029//2029
f 2122//2122 1813//1813 1958//1958
f 1960//1960 2303//2303 2030//2030
f 1974//1974 2306//2306 2303//2303
f 2033//2033 1850//1850 1971//1971
f 2117//2117 2260//2260 1884//1884
f 1937//1937 2124//2124 2122//2122
f 1973//1973 2032//2032 1969//1969
f 2006//2006 1876//1876 2050//2050
f 2071//2071 2120//2120 2037//2037
f 2432//2432 2120//2120 2147//2147
f 2135//2135 1813//1813 2122//2122
f 1884//1884 2260//2260 2374//2374
f 2034//2034 2033//2033 1971//1971
f 1971//1971 2033//2033 2034//2034
f 2120//2120 2071//2071 1899//1899
f 2303//2303 2139//2139 2141//2141
f 2139//2139 1973//1973 2141//2141
f 2135//2135 2122//2122 2124//2124
f 1911//1911 2120//2120 1899//1899
f 1973//1973 2032//2032 2141//2141
f 1974//1974 2303//2303 2141//2141
f 2050//2050 1876//1876 1894//1894
f 2120//2120 1911//1911 2147//2147
f 2306//2306 1974//1974 2141//2141
f 2194//2194 2126//2126 2049//2049
f 2032//2032 2036//2036 2141//2141
f 2126//2126 2092//2092 2049//2049
f 2036//2036 2141//2141 1974//1974
f 1803//1803 1697//1697 1851//1851
f 2071//2071 1844//1844 1839//1839
f 1909//1909 2391//2391 2259//2259
f 2086//2086 2146//2146 2130//2130
f 2064//2064 2131//2131 2079//2079
f 2285//2285 1810//1810 2281//2281
f 2038//2038 1576//1576 2203//2203
f 1839//1839 1844//1844 2133//2133
f 2203//2203 1576//1576 2038//2038
f 2131//2131 1909//1909 2259//2259
f 1853//1853 1576//1576 2203//2203
f 2203//2203 2038//2038 1579//1579
f 2203//2203 1579//1579 2150//2150
f 2039//2039 1579//1579 2038//2038
f 1806//1806 2129//2129 2124//2124
f 1813//1813 2135//2135 1815//1815
f 2038//2038 2039//2039 1852//1852
f 2028//2028 2052//2052 2285//2285
f 2133//2133 1844//1844 1925//1925
f 1963//1963 1815//1815 2135//2135
f 1962//1962 1815//1815 1963//1963
f 1843//1843 1757//1757 2243//2243
f 1876//1876 2130//2130 2149//2149
f 2135//2135 2124//2124 1963//1963
f 2151//2151 1967//1967 2030//2030
f 1963//1963 2124//2124 2129//2129
f 1909//1909 1884//1884 2391//2391
f 2130//2130 2146//2146 2144//2144
f 1757//1757 1949//1949 2243//2243
f 1792//1792 2243//2243 1949//1949
f 2149//2149 2130//2130 2144//2144
f 2131//2131 2017//2017 2411//2411
f 3033//3033 1792//1792 1957//1957
f 1828//1828 2136//2136 2250//2250
f 1769//1769 1974//1974 2306//2306
f 2464//2464 1957//1957 1959//1959
f 2307//2307 2159//2159 2151//2151
f 2151//2151 2159//2159 2046//2046
f 2046//2046 2159//2159 2045//2045
f 2045//2045 2159//2159 2307//2307
f 2046//2046 2160//2160 2046//2046
f 2046//2046 2160//2160 2151//2151
f 2151//2151 2160//2160 2309//2309
f 2309//2309 2160//2160 2046//2046
f 2046//2046 2046//2046 2045//2045
f 1717//1717 1828//1828 2822//2822
f 2146//2146 2060//2060 2148//2148
f 3133//3133 1872//1872 2161//2161
f 2005//2005 1771//1771 1717//1717
f 2150//2150 1579//1579 2375//2375
f 2205//2205 2150//2150 2375//2375
f 2144//2144 2146//2146 2148//2148
f 2148//2148 2060//2060 2070//2070
f 1473//1473 1573//1573 2383//2383
f 2155//2155 2154//2154 2309//2309
f 1473//1473 2383//2383 1719//1719
f 2154//2154 2155//2155 1683//1683
f 1683//1683 2155//2155 1684//1684
f 1836//1836 1684//1684 2155//2155
f 2149//2149 2144//2144 2061//2061
f 1836//1836 2155//2155 2014//2014
f 2048//2048 1991//1991 2155//2155
f 2148//2148 2070//2070 2144//2144
f 2067//2067 2012//2012 1890//1890
f 2070//2070 2061//2061 2144//2144
f 2012//2012 2153//2153 1981//1981
f 2155//2155 1991//1991 2014//2014
f 2061//2061 2070//2070 2078//2078
f 1981//1981 1890//1890 2012//2012
f 2012//2012 2152//2152 2153//2153
f 1981//1981 2257//2257 1854//1854
f 2153//2153 2152//2152 2257//2257
f 2257//2257 2152//2152 2389//2389
f 2223//2223 2218//2218 2054//2054
f 2213//2213 2263//2263 1990//1990
f 2219//2219 1854//1854 2209//2209
f 2052//2052 2376//2376 2212//2212
f 2055//2055 2213//2213 1990//1990
f 2059//2059 2054//2054 1934//1934
f 2223//2223 2054//2054 2059//2059
f 1902//1902 2057//2057 2413//2413
f 1902//1902 2413//2413 2410//2410
f 2060//2060 2424//2424 2163//2163
f 2340//2340 2389//2389 2152//2152
f 2057//2057 2215//2215 2413//2413
f 2215//2215 2754//2754 2413//2413
f 2430//2430 2068//2068 2263//2263
f 2233//2233 2263//2263 2068//2068
f 2214//2214 2168//2168 1916//1916
f 2238//2238 2417//2417 2361//2361
f 2004//2004 1916//1916 2168//2168
f 2004//2004 2063//2063 1929//1929
f 2463//2463 1988//1988 2211//2211
f 2085//2085 2068//2068 2282//2282
f 1996//1996 2182//2182 1797//1797
f 1993//1993 2217//2217 2643//2643
f 2463//2463 2681//2681 1988//1988
f 2003//2003 2314//2314 2218//2218
f 1729//1729 2225//2225 1998//1998
f 2224//2224 2225//2225 2066//2066
f 2225//2225 1690//1690 2066//2066
f 2680//2680 2163//2163 2424//2424
f 2073//2073 2010//2010 1701//1701
f 2010//2010 2231//2231 1701//1701
f 2228//2228 2066//2066 1690//1690
f 2175//2175 2084//2084 2239//2239
f 3232//3232 1806//1806 2504//2504
f 2163//2163 2680//2680 2227//2227
f 2241//2241 2406//2406 2264//2264
f 2560//2560 2227//2227 2680//2680
f 2230//2230 2228//2228 2427//2427
f 2136//2136 2065//2065 2653//2653
f 2065//2065 3232//3232 2696//2696
f 1989//1989 2167//2167 2236//2236
f 2231//2231 2174//2174 1837//1837
f 2258//2258 2092//2092 2210//2210
f 2254//2254 2092//2092 2258//2258
f 2048//2048 2241//2241 2252//2252
f 2258//2258 2210//2210 2226//2226
f 2261//2261 2103//2103 2251//2251
f 2171//2171 2169//2169 1826//1826
f 1886//1886 1716//1716 2363//2363
f 2202//2202 2363//2363 2576//2576
f 2363//2363 2429//2429 2576//2576
f 2227//2227 2560//2560 2347//2347
f 2005//2005 1717//1717 2822//2822
f 2183//2183 1837//1837 2174//2174
f 2457//2457 2328//2328 2009//2009
f 1886//1886 2474//2474 2237//2237
f 2009//2009 2328//2328 1573//1573
f 2237//2237 1889//1889 1671//1671
f 2227//2227 2347//2347 2341//2341
f 1802//1802 2878//2878 1816//1816
f 2172//2172 2416//2416 2345//2345
f 2383//2383 2686//2686 1719//1719
f 1986//1986 2288//2288 1817//1817
f 1978//1978 2341//2341 2346//2346
f 2117//2117 1978//1978 2346//2346
f 1817//1817 2288//2288 2221//2221
f 1719//1719 2431//2431 1798//1798
f 1835//1835 1987//1987 2069//2069
f 1833//1833 3156//3156 2427//2427
f 2401//2401 2001//2001 2093//2093
f 2229//2229 1987//1987 2053//2053
f 2053//2053 2286//2286 2229//2229
f 2153//2153 2257//2257 1981//1981
f 2176//2176 2000//2000 2606//2606
f 2365//2365 2435//2435 1829//1829
f 2675//2675 2435//2435 2365//2365
f 2257//2257 2389//2389 1854//1854
f 2264//2264 2252//2252 2241//2241
f 2499//2499 2768//2768 1887//1887
f 2209//2209 1854//1854 2389//2389
f 2435//2435 2207//2207 2042//2042
f 2123//2123 2177//2177 2423//2423
f 2400//2400 1706//1706 2399//2399
f 3396//3396 2043//2043 2207//2207
f 2207//2207 2043//2043 2042//2042
f 2250//2250 2136//2136 2653//2653
f 2400//2400 2023//2023 1877//1877
f 2448//2448 2232//2232 2011//2011
f 1887//1887 2946//2946 2128//2128
f 2048//2048 2252//2252 1991//1991
f 2232//2232 2008//2008 2011//2011
f 2356//2356 2240//2240 2023//2023
f 2262//2262 1991//1991 2252//2252
f 2240//2240 2197//2197 1716//1716
f 2723//2723 2412//2412 2178//2178
f 2451//2451 2450//2450 2099//2099
f 1991//1991 2262//2262 2213//2213
f 2037//2037 2120//2120 2276//2276
f 2094//2094 2235//2235 1997//1997
f 2232//2232 2451//2451 2008//2008
f 2236//2236 2277//2277 1989//1989
f 2094//2094 2128//2128 2339//2339
f 2049//2049 2051//2051 2210//2210
f 2252//2252 2264//2264 2262//2262
f 2262//2262 2264//2264 2263//2263
f 2263//2263 2213//2213 2262//2262
f 2450//2450 2247//2247 2248//2248
f 2175//2175 2211//2211 2084//2084
f 2229//2229 2286//2286 2247//2247
f 2226//2226 2210//2210 2051//2051
f 2094//2094 2105//2105 1667//1667
f 2234//2234 2064//2064 2079//2079
f 2274//2274 2234//2234 2079//2079
f 2332//2332 2002//2002 2333//2333
f 2244//2244 1997//1997 2343//2343
f 2264//2264 2430//2430 2263//2263
f 2192//2192 2107//2107 1822//1822
f 1818//1818 2192//2192 1822//1822
f 2210//2210 2051//2051 2049//2049
f 2107//2107 2179//2179 2178//2178
f 2194//2194 2049//2049 2051//2051
f 2051//2051 2162//2162 2194//2194
f 2244//2244 2343//2343 2242//2242
f 2430//2430 2268//2268 2068//2068
f 2244//2244 2242//2242 2405//2405
f 2253//2253 2571//2571 2087//2087
f 2244//2244 2405//2405 1905//1905
f 2087//2087 2571//2571 2112//2112
f 2411//2411 2079//2079 2131//2131
f 2609//2609 2374//2374 2260//2260
f 2115//2115 2473//2473 2040//2040
f 2041//2041 2040//2040 2269//2269
f 2277//2277 2091//2091 1989//1989
f 2374//2374 2377//2377 2391//2391
f 2266//2266 2256//2256 2270//2270
f 2405//2405 2137//2137 1905//1905
f 2374//2374 2391//2391 1884//1884
f 2112//2112 2370//2370 2060//2060
f 2342//2342 2274//2274 2079//2079
f 2079//2079 2249//2249 2342//2342
f 2138//2138 2137//2137 2405//2405
f 2473//2473 2115//2115 2095//2095
f 2405//2405 2170//2170 2138//2138
f 2234//2234 2265//2265 1961//1961
f 2431//2431 2461//2461 1924//1924
f 1961//1961 2265//2265 2127//2127
f 2234//2234 2274//2274 2265//2265
f 2173//2173 2452//2452 2366//2366
f 2277//2277 2445//2445 2013//2013
f 2138//2138 2524//2524 1831//1831
f 2277//2277 2013//2013 2091//2091
f 2184//2184 2013//2013 2445//2445
f 2127//2127 2265//2265 2267//2267
f 2204//2204 2198//2198 2402//2402
f 2265//2265 2271//2271 2267//2267
f 2013//2013 2184//2184 2081//2081
f 2360//2360 2204//2204 2438//2438
f 2448//2448 2011//2011 2256//2256
f 2524//2524 2273//2273 2281//2281
f 2348//2348 2281//2281 2273//2273
f 2342//2342 2265//2265 2274//2274
f 2281//2281 2348//2348 2181//2181
f 2270//2270 2278//2278 2266//2266
f 2414//2414 2359//2359 2268//2268
f 1800//1800 2349//2349 2532//2532
f 2349//2349 2016//2016 2532//2532
f 2256//2256 2011//2011 2270//2270
f 2359//2359 2360//2360 2268//2268
f 2270//2270 2011//2011 2278//2278
f 2272//2272 1876//1876 2006//2006
f 2081//2081 2184//2184 2015//2015
f 2360//2360 2438//2438 2268//2268
f 2342//2342 2290//2290 2297//2297
f 2013//2013 2081//2081 1804//1804
f 2348//2348 2275//2275 2181//2181
f 2268//2268 2438//2438 2283//2283
f 2243//2243 2518//2518 1843//1843
f 2275//2275 2142//2142 2419//2419
f 2419//2419 2181//2181 2275//2275
f 2453//2453 2266//2266 2186//2186
f 2283//2283 2282//2282 2268//2268
f 2268//2268 2282//2282 2068//2068
f 2186//2186 2266//2266 2071//2071
f 2186//2186 2071//2071 2037//2037
f 2200//2200 2464//2464 1959//1959
f 1808//1808 2191//2191 2021//2021
f 2191//2191 1808//1808 2422//2422
f 2425//2425 2193//2193 2191//2191
f 2191//2191 2422//2422 2193//2193
f 2024//2024 2193//2193 2422//2422
f 2283//2283 2438//2438 2287//2287
f 2294//2294 2287//2287 2438//2438
f 1844//1844 2266//2266 2278//2278
f 2071//2071 2266//2266 1844//1844
f 2283//2283 2287//2287 2282//2282
f 2265//2265 2342//2342 2297//2297
f 2054//2054 2218//2218 2050//2050
f 2011//2011 2008//2008 2279//2279
f 2287//2287 2294//2294 2067//2067
f 2196//2196 2120//2120 2432//2432
f 2249//2249 2079//2079 2411//2411
f 2201//2201 2196//2196 2432//2432
f 2099//2099 2450//2450 2280//2280
f 2342//2342 2249//2249 2290//2290
f 2099//2099 2280//2280 1930//1930
f 2147//2147 1843//1843 2483//2483
f 2145//2145 2280//2280 2450//2450
f 2106//2106 2280//2280 2145//2145
f 2524//2524 2281//2281 1831//1831
f 1938//1938 2279//2279 1930//1930
f 1930//1930 2280//2280 1938//1938
f 2280//2280 2106//2106 2284//2284
f 2284//2284 1938//1938 2280//2280
f 2181//2181 2419//2419 2028//2028
f 2249//2249 2428//2428 2289//2289
f 2181//2181 2285//2285 2281//2281
f 2106//2106 1832//1832 2284//2284
f 2285//2285 2181//2181 2028//2028
f 2372//2372 2291//2291 2776//2776
f 2279//2279 2278//2278 2011//2011
f 2028//2028 2419//2419 1995//1995
f 2419//2419 2020//2020 1995//1995
f 2290//2290 2083//2083 2297//2297
f 2028//2028 1995//1995 2376//2376
f 2028//2028 2376//2376 2052//2052
f 2600//2600 2402//2402 2198//2198
f 2290//2290 2249//2249 2083//2083
f 2083//2083 2249//2249 2289//2289
f 2083//2083 2289//2289 2292//2292
f 2294//2294 2403//2403 2407//2407
f 2297//2297 2083//2083 2299//2299
f 2286//2286 2140//2140 2026//2026
f 2083//2083 2292//2292 2299//2299
f 2407//2407 2067//2067 2294//2294
f 2012//2012 2067//2067 2407//2407
f 2292//2292 2289//2289 2293//2293
f 2407//2407 2403//2403 2409//2409
f 2352//2352 2288//2288 1986//1986
f 2407//2407 2409//2409 2012//2012
f 2293//2293 2295//2295 2292//2292
f 2221//2221 2288//2288 2669//2669
f 2293//2293 2439//2439 2302//2302
f 2302//2302 2295//2295 2293//2293
f 2221//2221 2669//2669 2222//2222
f 2012//2012 2409//2409 2152//2152
f 2386//2386 2152//2152 2409//2409
f 2001//2001 2352//2352 1986//1986
f 2089//2089 2018//2018 1915//1915
f 2267//2267 2271//2271 2296//2296
f 2022//2022 2421//2421 2108//2108
f 2421//2421 2022//2022 2111//2111
f 2111//2111 2022//2022 2113//2113
f 2113//2113 2022//2022 1627//1627
f 2297//2297 2296//2296 2271//2271
f 2297//2297 2271//2271 2265//2265
f 2297//2297 2299//2299 2298//2298
f 2297//2297 2109//2109 2296//2296
f 2297//2297 2298//2298 2109//2109
f 2442//2442 2109//2109 2298//2298
f 2187//2187 2109//2109 2442//2442
f 2292//2292 2301//2301 2299//2299
f 2292//2292 2295//2295 2301//2301
f 2298//2298 2299//2299 2442//2442
f 2301//2301 2442//2442 2299//2299
f 2442//2442 2025//2025 2187//2187
f 2442//2442 2301//2301 2300//2300
f 2025//2025 2442//2442 2300//2300
f 2301//2301 2139//2139 2300//2300
f 2302//2302 2301//2301 2295//2295
f 2301//2301 2302//2302 2304//2304
f 2302//2302 2441//2441 2305//2305
f 2304//2304 2302//2302 2305//2305
f 2187//2187 2025//2025 2118//2118
f 2118//2118 2025//2025 2139//2139
f 2139//2139 2025//2025 2300//2300
f 2139//2139 2303//2303 2029//2029
f 2303//2303 2306//2306 2030//2030
f 2301//2301 2304//2304 2139//2139
f 2139//2139 2304//2304 2032//2032
f 2032//2032 2304//2304 2034//2034
f 2139//2139 2032//2032 1973//1973
f 2034//2034 2304//2304 2033//2033
f 2304//2304 2305//2305 2033//2033
f 2034//2034 2033//2033 2491//2491
f 2033//2033 2305//2305 2216//2216
f 2216//2216 2491//2491 2033//2033
f 2036//2036 2306//2306 2141//2141
f 2491//2491 2032//2032 2034//2034
f 2216//2216 2032//2032 2491//2491
f 2032//2032 2216//2216 2036//2036
f 2199//2199 2039//2039 2038//2038
f 2038//2038 2203//2203 2199//2199
f 2203//2203 2150//2150 2199//2199
f 2039//2039 2199//2199 1579//1579
f 1709//1709 1853//1853 2203//2203
f 2375//2375 2199//2199 2150//2150
f 2375//2375 1579//1579 2199//2199
f 2150//2150 2044//2044 2329//2329
f 2150//2150 2329//2329 2375//2375
f 2044//2044 2150//2150 2330//2330
f 2044//2044 2330//2330 2454//2454
f 2150//2150 2205//2205 2330//2330
f 2030//2030 2306//2306 2151//2151
f 2306//2306 2036//2036 2307//2307
f 2307//2307 2151//2151 2306//2306
f 2241//2241 2036//2036 2216//2216
f 2241//2241 2307//2307 2036//2036
f 2241//2241 2310//2310 2307//2307
f 2307//2307 2308//2308 2045//2045
f 2308//2308 2309//2309 2046//2046
f 2045//2045 2308//2308 2046//2046
f 2308//2308 2307//2307 2309//2309
f 2307//2307 2310//2310 2309//2309
f 2310//2310 2241//2241 2309//2309
f 2309//2309 2241//2241 2048//2048
f 2155//2155 2309//2309 2048//2048
f 2441//2441 2302//2302 2584//2584
f 2441//2441 1985//1985 2305//2305
f 2006//2006 2050//2050 2313//2313
f 2313//2313 2050//2050 2218//2218
f 2319//2319 2311//2311 2444//2444
f 2319//2319 2184//2184 2311//2311
f 2313//2313 2218//2218 2314//2314
f 2184//2184 2319//2319 2312//2312
f 2184//2184 2312//2312 2015//2015
f 2314//2314 1200//1200 2313//2313
f 2015//2015 2312//2312 1571//1571
f 2962//2962 2318//2318 2963//2963
f 2319//2319 2316//2316 2318//2318
f 2376//2376 2020//2020 2422//2422
f 2020//2020 2376//2376 1995//1995
f 2024//2024 2376//2376 2422//2422
f 1828//1828 2250//2250 2822//2822
f 1999//1999 2376//2376 2024//2024
f 2376//2376 1999//1999 2212//2212
f 2214//2214 2212//2212 1999//1999
f 2492//2492 2453//2453 2276//2276
f 2276//2276 2196//2196 2507//2507
f 2060//2060 2370//2370 2180//2180
f 2004//2004 2961//2961 2063//2063
f 1771//1771 2005//2005 2457//2457
f 2324//2324 2323//2323 2490//2490
f 2063//2063 2732//2732 2007//2007
f 1935//1935 2007//2007 2732//2732
f 1573//1573 2328//2328 2683//2683
f 2010//2010 2506//2506 2231//2231
f 2506//2506 2174//2174 2231//2231
f 2321//2321 2322//2322 2368//2368
f 2463//2463 2378//2378 2538//2538
f 2687//2687 1719//1719 2686//2686
f 2431//2431 1719//1719 2687//2687
f 2044//2044 2454//2454 2329//2329
f 2378//2378 2463//2463 2549//2549
f 2180//2180 2519//2519 2393//2393
f 2331//2331 2388//2388 2514//2514
f 2431//2431 3217//3217 2461//2461
f 2276//2276 2453//2453 2186//2186
f 2180//2180 2393//2393 2424//2424
f 2375//2375 2329//2329 2205//2205
f 2205//2205 2329//2329 2330//2330
f 2639//2639 2330//2330 2329//2329
f 2276//2276 2186//2186 2037//2037
f 2808//2808 2219//2219 2209//2209
f 2369//2369 2565//2565 2326//2326
f 2211//2211 2549//2549 2463//2463
f 2175//2175 2549//2549 2211//2211
f 2369//2369 2326//2326 2394//2394
f 2570//2570 2559//2559 2517//2517
f 2756//2756 2369//2369 2394//2394
f 2558//2558 2316//2316 2337//2337
f 2463//2463 2538//2538 2820//2820
f 2023//2023 2400//2400 2356//2356
f 3000//3000 2681//2681 2463//2463
f 2441//2441 2379//2379 2520//2520
f 2356//2356 2197//2197 2240//2240
f 2441//2441 2520//2520 1985//1985
f 2519//2519 2742//2742 2579//2579
f 2288//2288 2352//2352 2489//2489
f 1988//1988 2681//2681 2861//2861
f 2808//2808 2389//2389 2876//2876
f 2209//2209 2389//2389 2808//2808
f 1792//1792 2518//2518 2243//2243
f 2180//2180 2424//2424 2060//2060
f 2518//2518 1792//1792 2745//2745
f 1792//1792 3033//3033 2824//2824
f 1993//1993 2643//2643 2504//2504
f 2456//2456 2669//2669 2288//2288
f 2464//2464 3033//3033 1957//1957
f 2216//2216 2305//2305 2355//2355
f 2305//2305 1985//1985 2355//2355
f 2239//2239 2549//2549 2175//2175
f 2388//2388 2385//2385 2559//2559
f 2200//2200 1959//1959 2521//2521
f 2424//2424 2393//2393 2519//2519
f 1959//1959 3133//3133 2521//2521
f 2065//2065 2696//2696 2653//2653
f 2828//2828 3133//3133 2161//2161
f 2559//2559 2511//2511 2388//2388
f 2216//2216 2355//2355 2468//2468
f 2559//2559 2570//2570 2587//2587
f 2767//2767 2239//2239 1992//1992
f 2559//2559 2587//2587 2511//2511
f 2171//2171 2395//2395 2169//2169
f 2424//2424 2679//2679 2680//2680
f 2670//2670 2465//2465 1902//1902
f 2272//2272 2397//2397 1992//1992
f 2397//2397 2767//2767 1992//1992
f 2222//2222 2499//2499 2077//2077
f 2511//2511 2587//2587 2875//2875
f 2253//2253 1988//1988 2554//2554
f 2570//2570 2590//2590 2587//2587
f 2768//2768 2946//2946 1887//1887
f 2889//2889 1994//1994 2551//2551
f 2519//2519 2579//2579 2424//2424
f 2417//2417 2238//2238 2361//2361
f 2946//2946 2339//2339 2128//2128
f 2352//2352 2001//2001 2401//2401
f 2551//2551 1994//1994 1996//1996
f 1994//1994 2182//2182 1996//1996
f 2094//2094 2339//2339 2678//2678
f 2530//2530 2188//2188 2418//2418
f 3638//3638 2460//2460 2235//2235
f 2678//2678 2235//2235 2094//2094
f 1998//1998 2225//2225 1996//1996
f 2333//2333 2002//2002 2332//2332
f 2396//2396 2198//2198 2547//2547
f 2006//2006 2397//2397 2272//2272
f 2235//2235 2460//2460 1997//1997
f 2404//2404 2397//2397 2006//2006
f 2126//2126 2194//2194 2092//2092
f 2460//2460 2343//2343 1997//1997
f 2092//2092 2194//2194 2210//2210
f 2426//2426 2622//2622 2367//2367
f 3148//3148 2228//2228 2230//2230
f 2537//2537 2723//2723 2178//2178
f 2179//2179 2537//2537 2178//2178
f 2216//2216 2468//2468 2220//2220
f 2412//2412 2357//2357 2195//2195
f 2017//2017 2131//2131 2259//2259
f 2241//2241 2216//2216 2220//2220
f 2412//2412 2195//2195 2357//2357
f 2723//2723 2095//2095 2412//2412
f 2609//2609 2440//2440 2374//2374
f 2468//2468 2556//2556 2406//2406
f 2416//2416 2172//2172 2345//2345
f 2220//2220 2468//2468 2406//2406
f 2482//2482 3041//3041 1818//1818
f 2218//2218 2223//2223 2003//2003
f 2197//2197 2363//2363 1716//1716
f 2223//2223 2059//2059 2003//2003
f 2433//2433 2695//2695 2592//2592
f 2185//2185 1680//1680 2190//2190
f 2220//2220 2406//2406 2241//2241
f 2202//2202 2576//2576 2363//2363
f 2363//2363 2896//2896 1886//1886
f 2367//2367 2625//2625 2381//2381
f 2337//2337 2317//2317 2353//2353
f 2429//2429 2583//2583 2576//2576
f 2371//2371 2387//2387 2372//2372
f 2346//2346 2596//2596 2117//2117
f 2609//2609 2117//2117 2596//2596
f 2117//2117 2609//2609 2260//2260
f 2190//2190 1680//1680 1612//1612
f 2440//2440 2614//2614 2784//2784
f 2166//2166 2418//2418 2581//2581
f 2000//2000 2176//2176 2606//2606
f 2088//2088 2166//2166 2354//2354
f 2166//2166 2088//2088 2354//2354
f 2322//2322 2321//2321 2325//2325
f 2495//2495 2759//2759 2322//2322
f 2552//2552 2391//2391 2377//2377
f 1704//1704 2588//2588 2027//2027
f 2322//2322 2325//2325 2380//2380
f 2552//2552 2017//2017 2391//2391
f 2325//2325 2321//2321 2371//2371
f 2496//2496 2371//2371 2372//2372
f 2496//2496 2325//2325 2371//2371
f 2027//2027 2898//2898 2031//2031
f 2017//2017 2259//2259 2391//2391
f 2495//2495 2322//2322 2380//2380
f 2898//2898 2364//2364 2031//2031
f 2031//2031 2364//2364 1511//1511
f 2251//2251 2101//2101 2261//2261
f 2017//2017 2552//2552 2783//2783
f 2625//2625 2165//2165 2381//2381
f 2261//2261 2101//2101 2103//2103
f 2325//2325 2496//2496 2208//2208
f 2269//2269 2358//2358 1826//1826
f 2325//2325 2208//2208 2380//2380
f 2423//2423 2177//2177 2123//2123
f 2591//2591 3156//3156 1833//1833
f 2051//2051 2194//2194 2162//2162
f 2051//2051 2210//2210 2194//2194
f 2242//2242 2170//2170 2246//2246
f 2384//2384 2540//2540 2886//2886
f 2540//2540 2384//2384 2544//2544
f 2591//2591 2594//2594 2593//2593
f 2165//2165 2311//2311 2381//2381
f 2242//2242 2246//2246 2405//2405
f 2246//2246 2170//2170 2405//2405
f 2017//2017 2566//2566 2411//2411
f 2444//2444 2311//2311 2165//2165
f 2411//2411 2566//2566 2249//2249
f 2291//2291 2372//2372 2387//2387
f 2138//2138 2170//2170 2513//2513
f 2566//2566 2428//2428 2249//2249
f 2524//2524 2138//2138 2513//2513
f 2625//2625 2444//2444 2165//2165
f 2594//2594 2043//2043 2771//2771
f 2515//2515 2524//2524 2513//2513
f 2372//2372 2208//2208 2496//2496
f 2556//2556 2414//2414 2406//2406
f 2426//2426 2398//2398 2408//2408
f 2398//2398 2426//2426 2367//2367
f 2291//2291 2777//2777 2776//2776
f 2777//2777 2291//2291 2567//2567
f 2268//2268 2264//2264 2406//2406
f 2428//2428 2575//2575 2289//2289
f 2434//2434 2335//2335 2437//2437
f 2264//2264 2268//2268 2430//2430
f 2349//2349 1800//1800 2854//2854
f 2575//2575 2428//2428 2351//2351
f 2406//2406 2414//2414 2268//2268
f 2532//2532 2349//2349 1800//1800
f 2532//2532 2016//2016 2349//2349
f 2275//2275 2350//2350 2142//2142
f 2350//2350 2532//2532 2142//2142
f 2289//2289 2575//2575 2293//2293
f 2532//2532 2860//2860 2420//2420
f 2532//2532 2420//2420 2142//2142
f 2584//2584 2302//2302 2439//2439
f 2420//2420 2419//2419 2142//2142
f 2556//2556 2739//2739 2359//2359
f 2420//2420 2020//2020 2419//2419
f 2021//2021 2420//2420 2860//2860
f 2509//2509 2408//2408 2236//2236
f 2860//2860 2862//2862 2021//2021
f 2403//2403 2402//2402 2600//2600
f 2420//2420 2422//2422 2020//2020
f 2420//2420 2021//2021 2422//2422
f 2408//2408 2398//2398 2236//2236
f 2359//2359 2414//2414 2556//2556
f 2236//2236 2398//2398 2277//2277
f 2862//2862 2422//2422 2021//2021
f 2422//2422 2862//2862 2024//2024
f 2294//2294 2402//2402 2403//2403
f 2193//2193 2425//2425 2191//2191
f 2204//2204 2547//2547 2198//2198
f 2360//2360 2547//2547 2204//2204
f 2436//2436 2522//2522 2512//2512
f 2402//2402 2562//2562 2204//2204
f 2562//2562 2438//2438 2204//2204
f 2409//2409 2403//2403 2645//2645
f 2522//2522 2436//2436 2523//2523
f 2402//2402 2438//2438 2562//2562
f 2294//2294 2438//2438 2402//2402
f 2436//2436 2509//2509 2236//2236
f 2167//2167 2436//2436 2236//2236
f 2436//2436 2167//2167 2069//2069
f 2546//2546 2196//2196 2548//2548
f 2548//2548 2196//2196 2201//2201
f 2196//2196 2276//2276 2120//2120
f 2201//2201 2432//2432 2483//2483
f 2069//2069 1987//1987 2665//2665
f 2398//2398 2367//2367 2381//2381
f 2147//2147 2483//2483 2432//2432
f 2398//2398 2381//2381 2443//2443
f 2518//2518 2728//2728 1843//1843
f 2277//2277 2443//2443 2445//2445
f 2445//2445 2443//2443 2381//2381
f 2311//2311 2445//2445 2381//2381
f 2398//2398 2443//2443 2277//2277
f 2311//2311 2184//2184 2445//2445
f 2336//2336 2446//2446 2447//2447
f 2232//2232 2446//2446 2164//2164
f 2437//2437 2335//2335 2366//2366
f 2366//2366 2335//2335 2173//2173
f 2448//2448 2447//2447 2446//2446
f 2448//2448 2446//2446 2232//2232
f 2448//2448 2173//2173 2447//2447
f 2344//2344 2449//2449 2574//2574
f 2753//2753 2344//2344 2164//2164
f 2164//2164 2344//2344 2568//2568
f 2665//2665 1987//1987 2449//2449
f 2577//2577 1987//1987 2247//2247
f 1987//1987 2229//2229 2247//2247
f 2164//2164 2568//2568 2232//2232
f 2232//2232 2568//2568 2451//2451
f 2451//2451 2568//2568 2450//2450
f 2568//2568 2577//2577 2450//2450
f 2577//2577 2247//2247 2450//2450
f 2266//2266 2173//2173 2256//2256
f 2452//2452 2173//2173 2266//2266
f 2453//2453 2452//2452 2266//2266
f 2173//2173 2448//2448 2256//2256
f 2418//2418 2188//2188 2530//2530
f 2630//2630 3089//3089 2697//2697
f 2452//2452 2712//2712 2366//2366
f 2440//2440 2377//2377 2374//2374
f 2756//2756 2488//2488 2505//2505
f 2492//2492 2712//2712 2453//2453
f 3228//3228 2617//2617 2385//2385
f 2500//2500 2455//2455 2494//2494
f 2505//2505 2950//2950 2756//2756
f 3512//3512 2614//2614 2535//2535
f 3512//3512 2784//2784 2614//2614
f 2330//2330 2329//2329 2454//2454
f 1935//1935 3032//3032 2010//2010
f 2784//2784 2377//2377 2440//2440
f 2639//2639 2329//2329 2330//2330
f 2506//2506 2010//2010 3846//3846
f 2331//2331 3228//3228 2388//2388
f 2385//2385 2388//2388 3228//3228
f 2379//2379 2441//2441 2612//2612
f 2500//2500 2502//2502 2497//2497
f 2500//2500 2494//2494 2502//2502
f 2498//2498 2426//2426 2408//2408
f 2503//2503 2379//2379 2382//2382
f 2716//2716 2379//2379 2503//2503
f 2331//2331 2514//2514 2508//2508
f 2174//2174 3672//3672 2183//2183
f 2492//2492 2507//2507 2493//2493
f 2388//2388 2511//2511 2514//2514
f 2466//2466 2503//2503 2382//2382
f 2327//2327 2457//2457 2005//2005
f 2512//2512 2733//2733 2900//2900
f 2492//2492 2276//2276 2507//2507
f 2543//2543 2493//2493 2507//2507
f 3512//3512 2541//2541 2784//2784
f 2784//2784 2541//2541 2555//2555
f 2457//2457 2793//2793 2328//2328
f 2320//2320 2929//2929 2387//2387
f 2878//2878 2399//2399 1816//1816
f 2368//2368 2582//2582 2321//2321
f 2502//2502 2519//2519 2497//2497
f 2399//2399 2880//2880 2400//2400
f 2900//2900 2509//2509 2512//2512
f 2458//2458 2509//2509 2900//2900
f 2497//2497 2519//2519 2180//2180
f 2377//2377 2784//2784 2552//2552
f 2417//2417 2880//2880 2415//2415
f 2400//2400 2880//2880 2417//2417
f 1573//1573 2683//2683 2685//2685
f 2400//2400 2417//2417 2356//2356
f 2356//2356 2417//2417 2361//2361
f 2371//2371 2582//2582 2320//2320
f 2494//2494 2891//2891 2527//2527
f 2320//2320 2387//2387 2371//2371
f 2501//2501 2528//2528 2651//2651
f 2371//2371 2321//2321 2582//2582
f 1573//1573 2685//2685 2383//2383
f 2017//2017 2783//2783 2566//2566
f 2617//2617 2517//2517 2559//2559
f 2368//2368 2322//2322 2759//2759
f 2510//2510 2611//2611 2529//2529
f 2431//2431 2687//2687 3217//3217
f 2517//2517 2918//2918 2751//2751
f 2512//2512 2509//2509 2436//2436
f 2502//2502 2494//2494 2519//2519
f 2557//2557 2552//2552 2555//2555
f 2219//2219 2643//2643 2217//2217
f 2733//2733 2512//2512 2522//2522
f 2494//2494 2527//2527 2519//2519
f 2378//2378 2542//2542 2525//2525
f 2465//2465 2828//2828 2161//2161
f 2380//2380 2763//2763 2495//2495
f 2523//2523 2741//2741 2522//2522
f 2525//2525 2538//2538 2378//2378
f 2552//2552 2557//2557 2459//2459
f 2786//2786 2459//2459 2557//2557
f 2769//2769 2940//2940 2942//2942
f 2525//2525 2995//2995 2538//2538
f 2370//2370 2497//2497 2180//2180
f 2523//2523 2436//2436 2069//2069
f 2752//2752 2410//2410 2754//2754
f 2477//2477 2553//2553 3125//3125
f 2553//2553 2477//2477 2565//2565
f 2617//2617 2559//2559 2385//2385
f 2315//2315 2529//2529 2611//2611
f 2553//2553 2565//2565 2369//2369
f 2466//2466 2703//2703 2472//2472
f 2472//2472 2531//2531 2466//2466
f 2566//2566 2783//2783 2428//2428
f 2545//2545 2539//2539 2384//2384
f 2489//2489 2456//2456 2288//2288
f 2544//2544 2384//2384 2539//2539
f 2544//2544 2334//2334 2540//2540
f 2527//2527 2516//2516 2742//2742
f 2716//2716 2503//2503 2718//2718
f 2539//2539 2545//2545 2544//2544
f 2570//2570 2517//2517 2751//2751
f 2529//2529 2315//2315 2744//2744
f 2783//2783 2459//2459 2428//2428
f 2751//2751 2940//2940 2570//2570
f 2943//2943 2499//2499 2669//2669
f 2669//2669 2499//2499 2222//2222
f 1826//1826 2358//2358 2171//2171
f 2527//2527 2742//2742 2519//2519
f 2477//2477 2326//2326 2565//2565
f 2578//2578 2570//2570 2940//2940
f 2744//2744 2475//2475 2529//2529
f 2169//2169 3170//3170 2401//2401
f 2326//2326 2477//2477 2654//2654
f 3170//3170 2908//2908 2401//2401
f 2394//2394 2487//2487 2756//2756
f 2754//2754 2410//2410 2413//2413
f 2589//2589 2334//2334 2544//2544
f 2352//2352 2908//2908 2489//2489
f 2459//2459 2603//2603 2428//2428
f 2401//2401 2908//2908 2352//2352
f 2428//2428 2603//2603 2351//2351
f 2946//2946 4431//4431 2678//2678
f 2653//2653 3808//3808 2250//2250
f 2654//2654 2394//2394 2326//2326
f 2946//2946 2678//2678 2339//2339
f 2417//2417 2415//2415 2880//2880
f 2678//2678 3638//3638 2235//2235
f 2822//2822 2250//2250 3593//3593
f 2356//2356 2361//2361 2417//2417
f 2460//2460 3094//3094 2343//2343
f 2929//2929 2770//2770 2387//2387
f 2845//2845 2242//2242 3347//3347
f 2242//2242 2845//2845 2170//2170
f 2620//2620 2487//2487 2394//2394
f 2471//2471 2225//2225 2224//2224
f 2471//2471 1996//1996 2225//2225
f 2723//2723 2473//2473 2095//2095
f 2387//2387 2770//2770 2291//2291
f 2656//2656 2620//2620 2394//2394
f 2224//2224 2066//2066 2672//2672
f 2770//2770 2567//2567 2291//2291
f 2770//2770 2774//2774 2567//2567
f 2344//2344 2665//2665 2449//2449
f 2066//2066 2228//2228 3148//3148
f 2665//2665 2523//2523 2069//2069
f 2602//2602 2580//2580 2558//2558
f 2762//2762 2230//2230 2841//2841
f 2774//2774 2893//2893 2567//2567
f 2893//2893 2894//2894 2567//2567
f 2896//2896 2197//2197 2356//2356
f 2575//2575 2607//2607 2293//2293
f 2580//2580 2602//2602 2390//2390
f 2363//2363 2197//2197 2896//2896
f 2580//2580 2390//2390 2597//2597
f 2514//2514 2511//2511 2647//2647
f 2189//2189 2047//2047 2550//2550
f 2293//2293 2607//2607 2439//2439
f 2429//2429 2573//2573 2583//2583
f 2461//2461 2550//2550 2047//2047
f 2647//2647 2511//2511 2875//2875
f 2482//2482 2185//2185 3276//3276
f 2558//2558 2337//2337 2602//2602
f 2363//2363 2576//2576 2429//2429
f 2208//2208 2776//2776 2877//2877
f 2316//2316 2558//2558 2561//2561
f 2192//2192 3014//3014 2107//2107
f 2896//2896 2474//2474 1886//1886
f 2875//2875 2587//2587 2480//2480
f 2590//2590 2677//2677 2587//2587
f 2555//2555 2660//2660 2601//2601
f 2749//2749 2534//2534 3484//3484
f 2557//2557 2555//2555 2601//2601
f 3014//3014 2179//2179 2107//2107
f 3046//3046 2269//2269 2040//2040
f 2434//2434 2746//2746 2335//2335
f 2557//2557 2601//2601 2786//2786
f 2826//2826 3046//3046 2040//2040
f 2601//2601 2787//2787 2785//2785
f 2567//2567 2894//2894 2777//2777
f 2826//2826 2040//2040 2473//2473
f 2742//2742 2563//2563 2579//2579
f 2742//2742 2569//2569 2563//2563
f 2335//2335 2749//2749 2447//2447
f 2749//2749 2336//2336 2447//2447
f 2679//2679 2424//2424 2579//2579
f 2785//2785 2603//2603 2786//2786
f 2785//2785 2787//2787 2603//2603
f 2749//2749 3484//3484 2336//2336
f 2589//2589 2544//2544 2545//2545
f 2474//2474 3036//3036 2237//2237
f 2515//2515 2273//2273 2524//2524
f 2237//2237 3036//3036 1889//1889
f 1889//1889 3036//3036 2586//2586
f 2603//2603 2787//2787 2616//2616
f 2753//2753 2336//2336 2834//2834
f 2534//2534 2434//2434 2631//2631
f 2579//2579 2563//2563 2585//2585
f 2334//2334 2589//2589 2693//2693
f 2603//2603 2607//2607 2351//2351
f 1889//1889 2586//2586 2588//2588
f 2575//2575 2351//2351 2607//2607
f 2273//2273 2469//2469 2348//2348
f 2603//2603 2616//2616 2607//2607
f 1800//1800 2349//2349 2799//2799
f 2854//2854 1800//1800 2799//2799
f 2349//2349 2854//2854 2799//2799
f 2336//2336 2753//2753 2446//2446
f 2446//2446 2753//2753 2164//2164
f 2335//2335 2447//2447 2173//2173
f 2349//2349 2532//2532 2350//2350
f 2572//2572 2585//2585 2563//2563
f 2437//2437 2564//2564 2434//2434
f 2349//2349 2626//2626 2532//2532
f 2840//2840 3037//3037 2206//2206
f 2598//2598 2737//2737 2595//2595
f 2860//2860 2532//2532 2626//2626
f 2315//2315 2611//2611 2604//2604
f 2275//2275 2469//2469 2350//2350
f 2275//2275 2348//2348 2469//2469
f 2364//2364 2840//2840 2206//2206
f 2834//2834 2665//2665 2344//2344
f 2481//2481 2206//2206 3037//3037
f 2585//2585 2689//2689 2579//2579
f 2834//2834 2344//2344 2753//2753
f 2689//2689 2585//2585 2690//2690
f 2598//2598 3191//3191 2198//2198
f 2570//2570 2578//2578 2590//2590
f 2449//2449 1987//1987 2574//2574
f 2560//2560 2853//2853 2347//2347
f 2600//2600 2198//2198 3191//3191
f 2860//2860 3108//3108 2862//2862
f 3156//3156 2362//2362 2427//2427
f 2591//2591 3700//3700 3156//3156
f 2616//2616 2584//2584 2607//2607
f 2479//2479 2590//2590 2578//2578
f 2585//2585 2572//2572 2690//2690
f 2587//2587 2677//2677 2480//2480
f 2616//2616 2612//2612 2584//2584
f 2572//2572 2476//2476 2694//2694
f 2344//2344 2574//2574 2568//2568
f 2862//2862 2425//2425 2713//2713
f 2584//2584 2612//2612 2441//2441
f 2574//2574 2577//2577 2568//2568
f 3752//3752 2403//2403 2600//2600
f 2677//2677 2590//2590 2338//2338
f 1987//1987 2577//2577 2574//2574
f 1985//1985 2520//2520 2355//2355
f 2347//2347 2478//2478 2341//2341
f 2382//2382 2379//2379 2612//2612
f 2616//2616 2382//2382 2612//2612
f 3304//3304 2355//2355 2520//2520
f 2390//2390 2602//2602 2597//2597
f 2602//2602 2392//2392 2597//2597
f 2452//2452 2453//2453 2712//2712
f 3396//3396 2207//2207 2435//2435
f 2608//2608 2578//2578 2940//2940
f 2719//2719 2543//2543 2546//2546
f 2466//2466 2531//2531 2470//2470
f 2543//2543 2507//2507 2546//2546
f 2769//2769 2608//2608 2940//2940
f 2756//2756 2487//2487 2488//2488
f 2695//2695 2433//2433 2592//2592
f 2526//2526 2468//2468 3829//3829
f 2597//2597 2392//2392 2613//2613
f 2597//2597 2613//2613 2648//2648
f 2341//2341 2478//2478 2346//2346
f 2546//2546 2507//2507 2196//2196
f 2201//2201 2726//2726 2548//2548
f 2620//2620 2656//2656 2525//2525
f 2731//2731 2531//2531 2738//2738
f 2738//2738 2531//2531 2472//2472
f 1843//1843 2728//2728 3363//3363
f 2353//2353 2392//2392 2602//2602
f 2525//2525 2542//2542 2620//2620
f 2353//2353 2602//2602 2337//2337
f 2599//2599 2606//2606 2478//2478
f 1988//1988 2861//2861 2554//2554
f 2549//2549 2239//2239 2863//2863
f 2346//2346 2478//2478 2606//2606
f 2739//2739 2547//2547 2360//2360
f 2392//2392 2353//2353 2613//2613
f 2346//2346 2606//2606 2596//2596
f 2682//2682 2608//2608 2769//2769
f 3752//3752 2645//2645 2403//2403
f 2682//2682 2628//2628 2608//2608
f 2606//2606 2599//2599 2609//2609
f 2396//2396 2737//2737 2198//2198
f 2613//2613 2353//2353 2618//2618
f 2198//2198 2737//2737 2598//2598
f 2409//2409 2935//2935 2386//2386
f 2596//2596 2606//2606 2609//2609
f 2578//2578 2608//2608 2692//2692
f 2468//2468 2526//2526 2556//2556
f 2479//2479 2338//2338 2590//2590
f 2556//2556 2526//2526 2739//2739
f 2479//2479 2485//2485 2338//2338
f 2599//2599 2702//2702 2609//2609
f 2609//2609 2702//2702 2706//2706
f 2353//2353 2621//2621 2618//2618
f 2370//2370 2112//2112 2571//2571
f 2359//2359 2739//2739 2743//2743
f 2743//2743 2739//2739 2360//2360
f 2609//2609 2706//2706 2440//2440
f 2847//2847 2615//2615 2692//2692
f 2440//2440 2706//2706 2614//2614
f 2359//2359 2743//2743 2360//2360
f 2706//2706 2870//2870 2614//2614
f 2166//2166 2581//2581 2418//2418
f 2747//2747 2875//2875 2480//2480
f 2338//2338 2747//2747 2480//2480
f 2353//2353 2623//2623 2621//2621
f 2338//2338 2485//2485 2484//2484
f 2484//2484 2615//2615 2879//2879
f 2879//2879 2582//2582 2759//2759
f 2582//2582 2368//2368 2759//2759
f 2879//2879 2707//2707 2582//2582
f 2320//2320 2582//2582 2707//2707
f 2622//2622 2621//2621 2624//2624
f 2655//2655 2622//2622 2426//2426
f 2498//2498 2655//2655 2426//2426
f 2623//2623 2353//2353 2317//2317
f 2621//2621 2623//2623 2624//2624
f 2317//2317 2444//2444 2623//2623
f 2625//2625 2624//2624 2623//2623
f 2623//2623 2444//2444 2625//2625
f 2624//2624 2625//2625 2367//2367
f 2624//2624 2367//2367 2622//2622
f 2315//2315 2627//2627 2318//2318
f 2369//2369 2756//2756 2373//2373
f 2313//2313 2397//2397 2404//2404
f 2313//2313 2404//2404 2006//2006
f 2315//2315 2316//2316 2561//2561
f 2463//2463 2820//2820 3122//3122
f 2788//2788 3638//3638 2678//2678
f 2677//2677 2338//2338 2480//2480
f 2560//2560 2680//2680 2853//2853
f 2684//2684 2679//2679 2579//2579
f 2684//2684 2680//2680 2679//2679
f 2608//2608 2610//2610 2692//2692
f 2545//2545 3138//3138 2589//2589
f 2676//2676 2843//2843 2632//2632
f 2843//2843 2698//2698 2632//2632
f 2343//2343 3495//3495 2242//2242
f 2676//2676 2632//2632 2616//2616
f 2628//2628 2701//2701 2608//2608
f 3495//3495 3347//3347 2242//2242
f 2790//2790 2698//2698 2843//2843
f 2170//2170 2845//2845 2513//2513
f 2845//2845 2849//2849 2513//2513
f 2513//2513 2849//2849 2515//2515
f 2618//2618 2648//2648 2613//2613
f 2632//2632 2846//2846 2616//2616
f 2564//2564 4195//4195 2434//2434
f 2692//2692 2479//2479 2578//2578
f 2858//2858 2648//2648 2618//2618
f 2589//2589 2936//2936 2693//2693
f 2564//2564 2437//2437 2366//2366
f 3102//3102 2273//2273 2515//2515
f 3102//3102 2469//2469 2273//2273
f 2350//2350 2469//2469 2797//2797
f 2799//2799 2349//2349 2350//2350
f 2479//2479 2692//2692 2485//2485
f 2688//2688 2917//2917 2937//2937
f 2692//2692 2615//2615 2485//2485
f 2626//2626 2349//2349 2799//2799
f 2626//2626 3240//3240 2860//2860
f 2697//2697 3089//3089 2373//2373
f 2554//2554 2636//2636 2253//2253
f 2846//2846 2382//2382 2616//2616
f 2882//2882 2936//2936 2589//2589
f 2373//2373 3089//3089 2644//2644
f 3089//3089 2916//2916 2644//2644
f 2382//2382 2846//2846 2700//2700
f 2610//2610 2608//2608 2701//2701
f 2701//2701 2692//2692 2610//2610
f 2382//2382 2634//2634 2466//2466
f 2704//2704 2635//2635 2727//2727
f 2571//2571 2636//2636 2652//2652
f 2636//2636 2571//2571 2253//2253
f 2692//2692 2701//2701 2847//2847
f 2882//2882 2887//2887 2936//2936
f 2382//2382 2700//2700 2634//2634
f 2024//2024 2862//2862 2713//2713
f 2701//2701 2628//2628 3040//3040
f 2024//2024 2713//2713 1999//1999
f 2700//2700 2703//2703 2634//2634
f 2937//2937 2920//2920 2721//2721
f 2858//2858 2618//2618 2857//2857
f 2621//2621 2857//2857 2618//2618
f 3040//3040 2628//2628 2924//2924
f 2727//2727 2467//2467 2811//2811
f 2615//2615 2847//2847 2707//2707
f 2847//2847 2701//2701 2852//2852
f 2621//2621 2711//2711 2857//2857
f 2605//2605 2638//2638 2637//2637
f 2711//2711 2621//2621 2622//2622
f 3005//3005 2493//2493 2635//2635
f 2595//2595 3044//3044 2598//2598
f 2543//2543 2719//2719 2467//2467
f 2598//2598 3044//3044 3879//3879
f 2699//2699 2633//2633 2455//2455
f 2633//2633 2798//2798 2455//2455
f 2712//2712 2709//2709 2366//2366
f 2490//2490 2323//2323 2324//2324
f 2493//2493 3165//3165 2492//2492
f 2699//2699 2455//2455 2500//2500
f 2492//2492 3165//3165 2712//2712
f 2483//2483 2726//2726 2201//2201
f 1843//1843 3363//3363 2483//2483
f 2716//2716 2520//2520 2379//2379
f 2727//2727 2635//2635 2493//2493
f 2501//2501 2644//2644 2708//2708
f 2727//2727 2493//2493 2543//2543
f 2520//2520 2716//2716 3304//3304
f 2730//2730 2720//2720 2715//2715
f 2816//2816 2725//2725 2952//2952
f 2727//2727 2543//2543 2467//2467
f 2466//2466 2634//2634 2703//2703
f 2518//2518 2881//2881 2728//2728
f 2467//2467 2719//2719 2811//2811
f 3193//3193 2816//2816 2928//2928
f 2713//2713 3246//3246 1999//1999
f 1999//1999 3246//3246 2214//2214
f 2466//2466 2718//2718 2503//2503
f 2455//2455 2705//2705 2494//2494
f 2720//2720 2730//2730 2682//2682
f 2682//2682 2769//2769 2720//2720
f 2816//2816 2952//2952 2928//2928
f 2168//2168 2214//2214 3246//3246
f 2705//2705 2891//2891 2494//2494
f 2822//2822 2327//2327 2005//2005
f 2572//2572 2563//2563 3380//3380
f 2682//2682 2730//2730 2740//2740
f 2355//2355 3304//3304 2468//2468
f 2853//2853 2680//2680 2684//2684
f 2468//2468 3304//3304 3829//3829
f 2961//2961 2732//2732 2063//2063
f 2717//2717 2714//2714 2903//2903
f 2466//2466 2470//2470 2718//2718
f 2470//2470 2531//2531 2731//2731
f 2732//2732 3032//3032 1935//1935
f 2714//2714 2711//2711 2655//2655
f 2813//2813 3115//3115 2691//2691
f 2683//2683 2328//2328 3215//3215
f 2470//2470 2989//2989 2718//2718
f 2722//2722 2729//2729 2708//2708
f 2501//2501 2708//2708 2729//2729
f 2722//2722 3121//3121 2729//2729
f 2655//2655 2711//2711 2622//2622
f 2497//2497 2636//2636 2500//2500
f 2989//2989 2470//2470 2526//2526
f 2686//2686 2383//2383 2685//2685
f 2636//2636 2497//2497 2652//2652
f 2370//2370 2652//2652 2497//2497
f 2183//2183 3672//3672 1802//1802
f 2729//2729 3007//3007 2944//2944
f 2690//2690 2572//2572 2694//2694
f 2652//2652 2370//2370 2571//2571
f 2572//2572 3380//3380 2476//2476
f 2527//2527 2891//2891 2516//2516
f 2644//2644 2650//2650 2373//2373
f 2472//2472 4053//4053 2738//2738
f 2936//2936 2725//2725 2693//2693
f 3516//3516 2399//2399 2878//2878
f 2880//2880 2399//2399 3516//3516
f 3569//3569 2219//2219 2808//2808
f 2755//2755 2644//2644 2501//2501
f 2486//2486 2682//2682 2740//2740
f 2644//2644 2755//2755 2650//2650
f 2518//2518 2745//2745 2881//2881
f 2992//2992 2219//2219 3569//3569
f 2745//2745 1792//1792 2824//2824
f 2396//2396 2738//2738 4053//4053
f 4053//4053 2735//2735 2396//2396
f 2386//2386 2462//2462 2340//2340
f 2486//2486 2740//2740 2619//2619
f 2340//2340 2640//2640 2389//2389
f 2340//2340 3305//3305 2640//2640
f 2638//2638 2605//2605 2510//2510
f 2200//2200 2521//2521 3133//3133
f 2458//2458 2408//2408 2509//2509
f 2340//2340 2462//2462 3305//3305
f 2937//2937 2724//2724 2688//2688
f 2599//2599 2478//2478 2347//2347
f 2724//2724 2937//2937 2721//2721
f 2876//2876 2389//2389 2640//2640
f 2475//2475 2510//2510 2529//2529
f 2702//2702 2347//2347 2853//2853
f 2702//2702 2853//2853 2865//2865
f 2599//2599 2347//2347 2702//2702
f 2735//2735 2737//2737 2396//2396
f 2595//2595 2737//2737 2735//2735
f 3484//3484 2534//2534 2631//2631
f 2611//2611 2510//2510 2605//2605
f 1902//1902 2410//2410 2670//2670
f 2721//2721 2604//2604 2724//2724
f 2818//2818 2742//2742 2516//2516
f 2470//2470 2731//2731 2536//2536
f 2740//2740 2791//2791 2641//2641
f 2738//2738 2536//2536 2731//2731
f 2619//2619 2740//2740 2641//2641
f 2724//2724 2605//2605 2637//2637
f 2536//2536 2738//2738 2739//2739
f 2561//2561 2744//2744 2315//2315
f 2754//2754 2215//2215 2889//2889
f 2754//2754 2889//2889 2671//2671
f 2604//2604 2611//2611 2724//2724
f 2605//2605 2724//2724 2611//2611
f 2866//2866 2702//2702 2865//2865
f 2470//2470 2536//2536 2871//2871
f 2650//2650 2369//2369 2373//2373
f 2744//2744 2558//2558 2475//2475
f 2748//2748 2742//2742 2818//2818
f 2739//2739 2871//2871 2536//2536
f 2650//2650 2553//2553 2369//2369
f 2742//2742 2748//2748 2569//2569
f 2547//2547 2739//2739 2738//2738
f 2651//2651 2755//2755 2501//2501
f 2417//2417 2880//2880 2892//2892
f 2547//2547 2738//2738 2396//2396
f 2580//2580 2475//2475 2558//2558
f 2356//2356 2417//2417 2892//2892
f 3007//3007 2501//2501 2944//2944
f 2501//2501 3007//3007 2528//2528
f 2641//2641 2781//2781 2619//2619
f 2551//2551 1996//1996 2758//2758
f 2561//2561 2558//2558 2744//2744
f 2741//2741 2523//2523 2665//2665
f 2224//2224 3688//3688 2471//2471
f 2534//2534 2746//2746 2434//2434
f 2672//2672 2066//2066 2673//2673
f 2749//2749 2746//2746 2534//2534
f 2736//2736 2734//2734 2954//2954
f 2619//2619 2646//2646 2486//2486
f 2338//2338 2750//2750 2747//2747
f 2484//2484 2750//2750 2338//2338
f 2879//2879 2747//2747 2750//2750
f 2230//2230 2762//2762 3148//3148
f 2597//2597 2948//2948 2580//2580
f 2750//2750 2484//2484 2879//2879
f 2721//2721 2920//2920 2627//2627
f 2427//2427 2841//2841 2230//2230
f 2362//2362 2841//2841 2427//2427
f 2746//2746 2749//2749 2335//2335
f 2484//2484 2485//2485 2615//2615
f 2356//2356 2892//2892 2896//2896
f 2834//2834 2336//2336 3484//3484
f 2604//2604 2721//2721 2627//2627
f 2583//2583 2573//2573 2429//2429
f 2576//2576 2583//2583 2429//2429
f 2707//2707 2879//2879 2615//2615
f 2320//2320 2707//2707 3117//3117
f 2782//2782 2649//2649 2619//2619
f 2896//2896 3529//3529 2474//2474
f 2648//2648 3016//3016 2597//2597
f 2852//2852 2320//2320 3117//3117
f 2929//2929 2320//2320 2852//2852
f 3036//3036 2474//2474 3529//3529
f 2649//2649 2782//2782 2772//2772
f 2627//2627 2315//2315 2604//2604
f 3808//3808 3593//3593 2250//2250
f 2650//2650 2755//2755 2651//2651
f 2641//2641 2642//2642 2781//2781
f 2812//2812 2759//2759 2761//2761
f 2588//2588 2586//2586 2897//2897
f 2650//2650 2651//2651 2553//2553
f 2765//2765 2812//2812 2761//2761
f 2528//2528 3124//3124 3431//3431
f 2495//2495 2761//2761 2759//2759
f 2620//2620 2542//2542 2487//2487
f 2761//2761 2495//2495 2886//2886
f 2542//2542 2488//2488 2487//2487
f 2495//2495 2763//2763 2886//2886
f 2179//2179 3014//3014 2829//2829
f 2380//2380 2208//2208 2884//2884
f 2661//2661 2934//2934 2723//2723
f 2781//2781 2642//2642 2778//2778
f 2934//2934 2473//2473 2723//2723
f 2651//2651 3431//3431 2553//2553
f 2812//2812 2765//2765 2766//2766
f 2537//2537 2179//2179 2661//2661
f 2723//2723 2537//2537 2661//2661
f 2553//2553 3431//3431 3125//3125
f 2542//2542 2757//2757 2505//2505
f 2488//2488 2542//2542 2505//2505
f 2365//2365 2035//2035 2481//2481
f 3254//3254 2192//2192 1818//1818
f 2766//2766 2765//2765 2533//2533
f 2841//2841 2362//2362 3156//3156
f 2833//2833 3276//3276 2185//2185
f 2765//2765 2886//2886 2533//2533
f 3276//3276 3041//3041 2482//2482
f 2768//2768 2499//2499 3092//3092
f 1818//1818 3041//3041 3254//3254
f 2533//2533 2886//2886 2540//2540
f 2768//2768 3092//3092 2946//2946
f 2190//2190 2833//2833 2185//2185
f 2593//2593 3700//3700 2591//2591
f 4222//4222 2654//2654 2477//2477
f 2505//2505 2757//2757 2863//2863
f 2189//2189 2550//2550 1612//1612
f 2780//2780 2778//2778 3083//3083
f 2384//2384 2886//2886 2763//2763
f 2380//2380 2884//2884 2763//2763
f 2756//2756 2950//2950 2764//2764
f 2884//2884 2384//2384 2763//2763
f 2656//2656 2394//2394 2654//2654
f 2545//2545 2384//2384 2884//2884
f 3370//3370 2706//2706 2702//2702
f 2781//2781 2778//2778 2668//2668
f 2950//2950 2505//2505 2863//2863
f 2043//2043 3396//3396 2771//2771
f 2668//2668 2619//2619 2781//2781
f 2614//2614 2870//2870 2535//2535
f 2334//2334 2693//2693 2725//2725
f 2619//2619 2668//2668 2782//2782
f 3192//3192 3197//3197 3285//3285
f 2929//2929 2773//2773 2770//2770
f 2525//2525 2656//2656 2657//2657
f 2770//2770 2773//2773 2774//2774
f 2995//2995 2820//2820 2538//2538
f 2617//2617 2888//2888 2517//2517
f 2883//2883 2888//2888 2617//2617
f 2757//2757 2542//2542 2378//2378
f 2378//2378 2549//2549 2757//2757
f 2757//2757 2549//2549 2863//2863
f 2776//2776 2777//2777 2823//2823
f 2508//2508 3228//3228 2331//2331
f 2894//2894 3002//3002 2777//2777
f 3002//3002 2823//2823 2777//2777
f 2541//2541 3512//3512 2660//2660
f 2775//2775 2782//2782 2666//2666
f 2541//2541 2660//2660 2555//2555
f 2775//2775 2666//2666 2667//2667
f 2552//2552 2784//2784 2555//2555
f 2666//2666 2779//2779 2667//2667
f 2782//2782 2668//2668 2666//2666
f 2552//2552 2459//2459 2783//2783
f 2459//2459 2786//2786 2603//2603
f 2779//2779 2668//2668 2667//2667
f 2888//2888 2710//2710 2517//2517
f 2918//2918 2517//2517 2710//2710
f 2893//2893 2667//2667 2894//2894
f 2607//2607 2584//2584 2439//2439
f 2658//2658 2925//2925 2940//2940
f 2785//2785 2786//2786 2601//2601
f 2751//2751 2658//2658 2940//2940
f 2601//2601 2662//2662 2787//2787
f 2676//2676 2787//2787 2662//2662
f 2942//2942 2925//2925 2922//2922
f 2922//2922 2663//2663 2942//2942
f 2787//2787 2676//2676 2616//2616
f 2760//2760 2938//2938 2715//2715
f 2663//2663 2760//2760 2942//2942
f 2942//2942 2760//2760 2720//2720
f 2760//2760 2715//2715 2720//2720
f 2942//2942 2720//2720 2769//2769
f 2678//2678 4431//4431 2788//2788
f 3638//3638 2788//2788 3637//3637
f 3494//3494 3094//3094 2460//2460
f 2569//2569 3320//3320 2563//2563
f 3495//3495 2343//2343 3094//3094
f 2563//2563 3320//3320 3380//3380
f 2789//2789 2850//2850 2999//2999
f 2667//2667 2867//2867 2894//2894
f 3097//3097 2802//2802 2844//2844
f 2802//2802 2859//2859 2844//2844
f 2579//2579 2853//2853 2684//2684
f 2853//2853 2579//2579 2689//2689
f 2689//2689 2865//2865 2853//2853
f 2632//2632 2698//2698 2846//2846
f 2792//2792 2873//2873 2851//2851
f 2849//2849 3017//3017 2515//2515
f 2792//2792 2794//2794 2873//2873
f 2865//2865 2689//2689 2690//2690
f 2628//2628 2919//2919 2924//2924
f 2859//2859 3104//3104 3101//3101
f 2463//2463 3122//3122 3000//3000
f 2846//2846 2698//2698 2700//2700
f 2701//2701 3040//3040 2852//2852
f 2984//2984 2700//2700 2698//2698
f 3380//3380 3369//3369 2476//2476
f 2856//2856 3000//3000 2850//2850
f 3017//3017 3102//3102 2515//2515
f 2856//2856 2681//2681 3000//3000
f 3665//3665 2869//2869 4230//4230
f 2861//2861 2681//2681 2856//2856
f 2790//2790 4241//4241 2698//2698
f 3236//3236 2469//2469 3102//3102
f 2850//2850 2868//2868 2856//2856
f 2629//2629 3338//3338 2697//2697
f 3117//3117 2847//2847 2852//2852
f 2697//2697 3338//3338 2630//2630
f 2856//2856 2868//2868 2633//2633
f 2852//2852 2924//2924 2929//2929
f 3057//3057 2630//2630 3338//3338
f 2434//2434 2806//2806 2631//2631
f 2856//2856 2633//2633 2861//2861
f 3083//3083 2869//2869 2780//2780
f 2794//2794 2838//2838 2873//2873
f 2476//2476 3369//3369 2694//2694
f 2869//2869 3665//3665 2780//2780
f 2703//2703 2700//2700 2984//2984
f 2626//2626 2799//2799 3240//3240
f 2699//2699 2861//2861 2633//2633
f 5215//5215 2703//2703 2984//2984
f 2865//2865 2690//2690 2866//2866
f 2500//2500 2554//2554 2699//2699
f 2911//2911 2554//2554 2500//2500
f 2425//2425 2862//2862 3108//3108
f 2690//2690 2694//2694 3370//3370
f 3370//3370 2866//2866 2690//2690
f 2425//2425 3020//3020 2713//2713
f 2866//2866 3370//3370 2702//2702
f 2239//2239 3141//3141 2863//2863
f 3020//3020 3965//3965 2713//2713
f 2694//2694 3369//3369 3370//3370
f 2872//2872 2630//2630 2974//2974
f 2239//2239 2767//2767 3141//3141
f 2730//2730 2715//2715 3052//3052
f 2867//2867 3134//3134 2805//2805
f 3965//3965 3246//3246 2713//2713
f 3158//3158 2704//2704 3162//3162
f 2911//2911 2636//2636 2554//2554
f 2706//2706 3370//3370 4384//4384
f 2870//2870 2706//2706 2535//2535
f 3304//3304 2716//2716 2718//2718
f 2914//2914 3078//3078 3088//3088
f 2884//2884 3138//3138 2545//2545
f 2704//2704 3158//3158 2635//2635
f 2989//2989 2526//2526 3532//3532
f 3829//3829 3532//3532 2526//2526
f 2457//2457 2327//2327 2793//2793
f 2470//2470 2871//2871 2526//2526
f 2633//2633 2868//2868 2798//2798
f 3162//3162 2704//2704 2902//2902
f 2630//2630 2872//2872 3089//3089
f 2807//2807 2791//2791 2874//2874
f 2472//2472 5215//5215 4053//4053
f 2328//2328 2793//2793 3215//3215
f 2548//2548 3970//3970 2546//2546
f 2548//2548 2726//2726 3970//3970
f 2683//2683 3215//3215 2685//2685
f 2730//2730 2791//2791 2740//2740
f 2686//2686 2685//2685 2687//2687
f 2526//2526 2871//2871 2739//2739
f 3217//3217 2687//2687 3303//3303
f 2791//2791 2807//2807 2641//2641
f 2882//2882 3140//3140 2887//2887
f 3837//3837 2726//2726 2483//2483
f 3140//3140 2800//2800 2887//2887
f 2917//2917 2914//2914 3088//3088
f 3535//3535 2647//2647 2875//2875
f 2688//2688 2914//2914 2917//2917
f 2879//2879 3714//3714 2747//2747
f 2867//2867 2805//2805 2800//2800
f 2879//2879 2759//2759 2814//2814
f 3117//3117 2707//2707 2847//2847
f 2461//2461 3147//3147 2550//2550
f 2917//2917 2920//2920 2937//2937
f 3089//3089 2803//2803 2916//2916
f 2807//2807 2874//2874 2973//2973
f 2915//2915 2887//2887 2800//2800
f 2800//2800 2805//2805 2915//2915
f 2973//2973 2899//2899 2807//2807
f 2386//2386 2935//2935 2462//2462
f 2886//2886 2765//2765 2761//2761
f 2807//2807 2899//2899 2642//2642
f 2724//2724 3225//3225 2688//2688
f 2641//2641 2807//2807 2642//2642
f 2899//2899 3083//3083 2642//2642
f 2664//2664 3825//3825 2961//2961
f 2664//2664 2961//2961 2168//2168
f 2168//2168 2961//2961 2004//2004
f 2971//2971 2901//2901 4230//4230
f 2971//2971 4230//4230 2869//2869
f 2971//2971 2869//2869 3083//3083
f 2961//2961 5307//5307 2732//2732
f 2915//2915 3076//3076 2887//2887
f 3032//3032 3846//3846 2010//2010
f 2640//2640 3305//3305 3481//3481
f 2910//2910 2957//2957 2887//2887
f 3514//3514 2174//2174 2506//2506
f 3076//3076 2910//2910 2887//2887
f 3305//3305 2462//2462 3155//3155
f 2638//2638 3398//3398 3229//3229
f 2885//2885 2711//2711 2717//2717
f 3447//3447 2885//2885 2819//2819
f 2819//2819 2885//2885 2717//2717
f 3305//3305 3155//3155 3567//3567
f 3430//3430 3398//3398 2638//2638
f 2682//2682 2919//2919 2628//2628
f 2486//2486 2919//2919 2682//2682
f 2637//2637 3225//3225 2724//2724
f 2808//2808 2876//2876 3569//3569
f 3043//3043 3044//3044 2595//2595
f 2643//2643 2219//2219 2992//2992
f 2705//2705 2455//2455 2798//2798
f 2598//2598 3879//3879 3191//3191
f 2643//2643 3232//3232 2504//2504
f 2919//2919 2921//2921 2924//2924
f 2653//2653 2696//2696 2927//2927
f 2464//2464 2200//2200 3033//3033
f 2919//2919 2486//2486 2646//2646
f 2921//2921 2919//2919 2646//2646
f 2816//2816 2815//2815 2725//2725
f 2705//2705 2798//2798 2801//2801
f 3222//3222 3218//3218 2617//2617
f 2646//2646 2932//2932 2921//2921
f 2932//2932 2646//2646 2649//2649
f 2801//2801 3069//3069 2705//2705
f 3228//3228 3222//3222 2617//2617
f 3069//3069 2801//2801 3070//3070
f 2828//2828 2465//2465 2670//2670
f 2617//2617 3218//3218 2883//2883
f 2921//2921 2932//2932 2929//2929
f 2410//2410 3381//3381 2670//2670
f 2928//2928 3281//3281 3193//3193
f 2705//2705 3069//3069 2891//2891
f 2644//2644 2916//2916 2708//2708
f 2952//2952 2734//2734 2928//2928
f 2722//2722 2916//2916 2803//2803
f 2714//2714 2717//2717 2711//2711
f 2929//2929 2932//2932 2773//2773
f 2773//2773 2932//2932 2649//2649
f 2916//2916 2722//2722 2708//2708
f 2649//2649 2646//2646 2619//2619
f 2803//2803 2993//2993 2722//2722
f 2950//2950 3141//3141 2767//2767
f 2551//2551 2890//2890 2889//2889
f 2772//2772 2773//2773 2649//2649
f 2890//2890 2551//2551 3035//3035
f 2645//2645 3901//3901 2409//2409
f 4388//4388 3228//3228 2508//2508
f 2775//2775 2772//2772 2782//2782
f 2722//2722 2993//2993 3641//3641
f 2827//2827 2659//2659 3053//3053
f 2827//2827 2819//2819 2659//2659
f 2904//2904 2659//2659 2819//2819
f 2727//2727 2902//2902 2704//2704
f 2471//2471 3526//3526 2551//2551
f 2758//2758 2471//2471 2551//2551
f 2642//2642 3083//3083 2778//2778
f 2832//2832 3053//3053 2659//2659
f 2471//2471 2758//2758 1996//1996
f 3242//3242 3170//3170 2169//2169
f 2832//2832 2659//2659 3300//3300
f 2817//2817 2891//2891 3069//3069
f 2996//2996 3300//3300 2900//2900
f 2395//2395 3242//3242 2169//2169
f 2811//2811 2902//2902 2727//2727
f 2900//2900 2733//2733 2996//2996
f 2904//2904 2819//2819 2717//2717
f 2673//2673 2066//2066 3148//3148
f 2717//2717 2903//2903 2904//2904
f 2171//2171 3588//3588 2395//2395
f 2913//2913 2809//2809 2810//2810
f 3005//3005 3165//3165 2493//2493
f 2498//2498 2408//2408 2905//2905
f 3159//3159 3167//3167 3170//3170
f 2715//2715 2855//2855 2912//2912
f 2912//2912 3186//3186 2715//2715
f 2908//2908 3170//3170 3167//3167
f 2896//2896 3527//3527 3529//3529
f 2906//2906 2659//2659 2904//2904
f 2659//2659 2906//2906 3300//3300
f 2906//2906 2458//2458 3300//3300
f 2891//2891 2817//2817 2516//2516
f 2510//2510 3430//3430 2638//2638
f 2927//2927 3808//3808 2653//2653
f 3096//3096 2817//2817 3087//3087
f 2817//2817 3096//3096 2516//2516
f 3036//3036 2837//2837 2586//2586
f 2458//2458 2905//2905 2408//2408
f 2725//2725 2815//2815 2334//2334
f 2897//2897 2586//2586 4006//4006
f 2913//2913 3064//3064 2809//2809
f 2900//2900 3300//3300 2458//2458
f 2327//2327 2822//2822 3596//3596
f 3064//3064 2987//2987 2809//2809
f 2773//2773 2772//2772 2893//2893
f 2773//2773 2893//2893 2774//2774
f 2510//2510 2475//2475 3430//3430
f 2475//2475 3166//3166 3430//3430
f 2179//2179 2934//2934 2661//2661
f 2736//2736 2970//2970 2734//2734
f 2772//2772 2775//2775 2893//2893
f 3172//3172 2933//2933 2192//2192
f 3901//3901 2935//2935 2409//2409
f 3014//3014 2192//2192 2933//2933
f 2364//2364 2898//2898 3274//3274
f 2722//2722 3256//3256 3121//3121
f 2893//2893 2775//2775 2667//2667
f 2829//2829 3011//3011 2179//2179
f 2208//2208 2877//2877 2884//2884
f 2947//2947 3166//3166 2580//2580
f 2987//2987 3414//3414 2809//2809
f 3166//3166 2475//2475 2580//2580
f 2365//2365 2481//2481 4009//4009
f 3254//3254 3172//3172 2192//2192
f 2948//2948 2947//2947 2580//2580
f 2729//2729 2944//2944 2501//2501
f 2778//2778 2848//2848 2668//2668
f 2729//2729 3121//3121 3007//3007
f 2665//2665 3485//3485 2741//2741
f 2778//2778 2780//2780 2848//2848
f 2780//2780 2795//2795 2848//2848
f 2948//2948 2597//2597 3015//3015
f 3002//3002 2894//2894 2895//2895
f 2930//2930 2691//2691 3115//3115
f 1612//1612 4312//4312 2190//2190
f 2930//2930 3123//3123 2691//2691
f 2779//2779 2666//2666 2668//2668
f 2528//2528 3431//3431 2651//2651
f 1612//1612 2550//2550 4312//4312
f 2925//2925 2923//2923 2922//2922
f 3653//3653 2528//2528 3007//3007
f 2957//2957 2936//2936 2887//2887
f 2923//2923 2925//2925 2658//2658
f 2691//2691 2941//2941 2813//2813
f 2667//2667 2668//2668 3134//3134
f 3134//3134 2867//2867 2667//2667
f 3123//3123 3127//3127 2691//2691
f 2936//2936 2957//2957 2953//2953
f 3129//3129 2477//2477 3260//3260
f 2949//2949 2941//2941 2691//2691
f 2477//2477 3129//3129 4222//4222
f 2953//2953 2952//2952 2725//2725
f 2660//2660 4764//4764 2601//2601
f 3006//3006 2663//2663 2922//2922
f 2636//2636 2911//2911 2500//2500
f 2691//2691 3127//3127 2949//2949
f 2725//2725 2936//2936 2953//2953
f 2931//2931 3006//3006 2926//2926
f 2656//2656 2825//2825 2657//2657
f 2926//2926 3401//3401 2931//2931
f 3006//3006 2931//2931 2663//2663
f 2818//2818 2516//2516 3096//3096
f 3401//3401 2855//2855 2931//2931
f 2931//2931 2855//2855 2938//2938
f 2954//2954 2734//2734 2952//2952
f 2952//2952 2953//2953 2954//2954
f 2951//2951 2859//2859 3425//3425
f 3149//3149 2748//2748 2818//2818
f 3425//3425 2859//2859 3026//3026
f 2941//2941 2949//2949 3029//3029
f 2938//2938 2663//2663 2931//2931
f 2676//2676 2662//2662 2843//2843
f 2855//2855 2715//2715 2938//2938
f 2956//2956 2954//2954 2953//2953
f 2938//2938 2760//2760 2663//2663
f 2942//2942 2831//2831 2925//2925
f 2831//2831 2940//2940 2925//2925
f 3072//3072 3070//3070 2836//2836
f 2940//2940 2831//2831 2942//2942
f 3081//3081 3084//3084 2489//2489
f 2489//2489 3084//3084 2456//2456
f 3074//3074 3072//3072 2955//2955
f 2456//2456 3084//3084 2669//2669
f 3149//3149 2818//2818 3144//3144
f 2910//2910 3076//3076 3082//3082
f 2873//2873 2838//2838 2839//2839
f 3082//3082 2957//2957 2910//2910
f 2957//2957 3082//3082 2956//2956
f 2956//2956 2953//2953 2957//2957
f 2365//2365 4009//4009 2675//2675
f 2435//2435 2675//2675 4493//4493
f 2435//2435 4493//4493 3396//3396
f 2736//2736 2954//2954 2958//2958
f 2771//2771 2593//2593 2594//2594
f 2956//2956 3113//3113 2954//2954
f 3113//3113 2958//2958 2954//2954
f 2956//2956 3110//3110 3113//3113
f 2958//2958 2959//2959 3154//3154
f 2958//2958 3113//3113 2959//2959
f 2821//2821 2959//2959 3113//3113
f 2959//2959 2821//2821 3157//3157
f 2983//2983 2907//2907 2963//2963
f 2920//2920 2983//2983 2963//2963
f 2920//2920 2963//2963 2627//2627
f 2950//2950 2313//2313 2764//2764
f 2313//2313 2950//2950 2397//2397
f 2950//2950 2767//2767 2397//2397
f 2627//2627 2963//2963 2318//2318
f 3463//3463 2962//2962 2963//2963
f 2316//2316 2315//2315 2318//2318
f 2317//2317 2337//2337 2316//2316
f 2319//2319 2317//2317 2316//2316
f 2444//2444 2317//2317 2319//2319
f 2655//2655 3042//3042 2714//2714
f 2655//2655 2498//2498 3042//3042
f 3297//3297 2990//2990 3045//3045
f 3289//3289 2915//2915 3143//3143
f 4254//4254 3192//3192 3285//3285
f 3127//3127 3055//3055 3049//3049
f 3189//3189 3043//3043 2595//2595
f 3206//3206 3047//3047 3053//3053
f 3053//3053 2832//2832 3206//3206
f 3055//3055 2965//2965 3080//3080
f 3025//3025 3066//3066 2965//2965
f 3425//3425 2967//2967 3066//3066
f 3425//3425 3026//3026 2967//2967
f 3026//3026 2966//2966 2967//2967
f 2903//2903 2714//2714 3042//3042
f 2498//2498 2905//2905 3042//3042
f 2810//2810 3056//3056 2913//2913
f 2965//2965 2967//2967 3308//3308
f 2967//2967 2966//2966 3073//3073
f 2907//2907 3345//3345 2963//2963
f 2906//2906 2905//2905 2458//2458
f 2967//2967 3073//3073 3308//3308
f 2974//2974 2630//2630 3057//3057
f 3064//3064 2913//2913 3056//3056
f 3294//3294 3080//3080 3085//3085
f 3209//3209 2801//2801 3293//3293
f 2872//2872 2974//2974 3061//3061
f 3234//3234 2872//2872 3061//3061
f 3065//3065 2801//2801 3209//3209
f 3209//3209 3070//3070 3065//3065
f 3285//3285 3197//3197 3566//3566
f 3414//3414 2987//2987 2988//2988
f 2741//2741 3942//3942 2522//2522
f 2734//2734 2970//2970 4505//4505
f 2965//2965 3095//3095 3080//3080
f 2918//2918 5196//5196 2751//2751
f 2751//2751 5196//5196 2658//2658
f 3221//3221 3085//3085 3090//3090
f 3085//3085 3080//3080 3376//3376
f 2972//2972 3174//3174 3079//3079
f 3080//3080 3095//3095 3376//3376
f 3376//3376 3095//3095 3373//3373
f 2955//2955 3060//3060 3307//3307
f 3179//3179 3079//3079 3174//3174
f 3039//3039 2855//2855 3401//3401
f 2855//2855 3039//3039 2912//2912
f 2965//2965 3308//3308 3095//3095
f 2839//2839 3344//3344 2873//2873
f 3233//3233 3419//3419 3075//3075
f 3076//3076 2915//2915 3289//3289
f 2836//2836 3312//3312 3072//3072
f 3093//3093 2975//2975 3079//3079
f 3393//3393 3118//3118 3379//3379
f 3070//3070 3209//3209 2836//2836
f 2852//2852 3040//3040 2924//2924
f 3052//3052 2715//2715 3186//3186
f 3097//3097 2844//2844 4185//4185
f 3038//3038 2838//2838 2794//2794
f 3072//3072 3312//3312 2955//2955
f 3118//3118 3395//3395 3405//3405
f 2802//2802 3104//3104 2859//2859
f 3101//3101 3026//3026 2859//2859
f 2955//2955 3307//3307 3579//3579
f 2730//2730 3052//3052 2791//2791
f 2874//2874 3052//3052 3062//3062
f 2791//2791 3052//3052 2874//2874
f 3076//3076 3379//3379 3082//3082
f 2839//2839 3100//3100 3350//3350
f 2874//2874 3062//3062 3063//3063
f 2839//2839 2838//2838 3100//3100
f 2868//2868 3290//3290 3293//3293
f 2868//2868 3293//3293 2798//2798
f 3408//3408 3067//3067 3279//3279
f 3293//3293 2801//2801 2798//2798
f 2955//2955 3579//3579 3074//3074
f 3082//3082 3110//3110 2956//2956
f 2809//2809 3410//3410 2810//2810
f 3067//3067 3699//3699 3071//3071
f 3414//3414 3410//3410 2809//2809
f 3070//3070 2801//2801 3065//3065
f 3403//3403 2872//2872 3234//3234
f 3067//3067 2899//2899 3063//3063
f 2874//2874 3063//3063 2899//2899
f 2899//2899 3067//3067 3071//3071
f 3413//3413 3410//3410 3414//3414
f 3079//3079 3182//3182 3093//3093
f 2899//2899 3071//3071 3283//3283
f 3184//3184 3444//3444 3093//3093
f 2803//2803 3089//3089 2872//2872
f 2872//2872 3403//3403 2803//2803
f 3072//3072 3069//3069 3070//3070
f 3379//3379 3118//3118 3082//3082
f 4221//4221 3071//3071 3699//3699
f 3069//3069 3072//3072 3068//3068
f 3071//3071 4221//4221 2971//2971
f 3355//3355 3974//3974 2813//2813
f 2848//2848 3099//3099 2979//2979
f 2901//2901 2971//2971 4221//4221
f 3074//3074 3579//3579 5157//5157
f 3087//3087 3069//3069 3068//3068
f 2813//2813 3974//3974 3115//3115
f 3077//3077 3374//3374 2907//2907
f 2834//2834 3485//3485 2665//2665
f 2985//2985 3419//3419 3233//3233
f 2985//2985 3112//3112 3419//3419
f 3026//3026 3101//3101 3111//3111
f 3072//3072 3074//3074 3068//3068
f 3078//3078 3077//3077 3088//3088
f 3068//3068 3074//3074 2939//2939
f 2874//2874 2899//2899 2973//2973
f 3111//3111 3101//3101 3208//3208
f 3355//3355 2813//2813 2941//2941
f 3136//3136 2821//2821 3113//3113
f 3208//3208 3114//3114 3111//3111
f 3069//3069 3087//3087 2817//2817
f 3283//3283 3284//3284 2899//2899
f 3029//3029 3426//3426 2941//2941
f 2907//2907 2977//2977 3077//3077
f 3051//3051 4173//4173 2851//2851
f 2993//2993 3403//3403 3411//3411
f 3389//3389 3051//3051 2851//2851
f 3127//3127 3049//3049 2949//2949
f 3082//3082 2830//2830 3110//3110
f 3403//3403 2993//2993 2803//2803
f 2983//2983 2977//2977 2907//2907
f 4173//4173 2792//2792 2851//2851
f 2631//2631 2806//2806 3533//3533
f 2899//2899 3284//3284 3083//3083
f 3385//3385 3088//3088 3077//3077
f 3087//3087 3068//3068 3096//3096
f 2930//2930 4588//4588 3123//3123
f 2830//2830 3113//3113 3110//3110
f 3083//3083 3284//3284 2971//2971
f 3533//3533 3821//3821 2631//2631
f 3084//3084 2943//2943 2669//2669
f 3314//3314 2851//2851 3344//3344
f 2921//2921 2929//2929 2924//2924
f 3096//3096 3068//3068 2945//2945
f 2945//2945 3068//3068 2939//2939
f 2873//2873 3344//3344 2851//2851
f 3241//3241 2792//2792 4173//4173
f 4588//4588 2951//2951 3123//3123
f 3641//3641 3256//3256 2722//2722
f 2830//2830 3082//3082 3118//3118
f 2792//2792 3241//3241 2794//2794
f 2794//2794 3241//3241 3397//3397
f 2688//2688 3098//3098 2914//2914
f 3092//3092 4431//4431 2946//2946
f 2818//2818 3096//3096 2945//2945
f 3038//3038 3091//3091 2838//2838
f 2838//2838 3091//3091 3100//3100
f 3652//3652 3121//3121 3256//3256
f 3121//3121 3652//3652 3007//3007
f 2748//2748 3163//3163 2569//2569
f 3638//3638 3494//3494 2460//2460
f 3085//3085 3376//3376 3090//3090
f 2662//2662 3292//3292 2843//2843
f 3091//3091 3513//3513 3103//3103
f 3074//3074 5157//5157 2939//2939
f 3112//3112 2985//2985 2991//2991
f 3099//3099 3412//3412 3109//3109
f 2939//2939 3105//3105 2945//2945
f 4588//4588 3023//3023 2951//2951
f 2647//2647 4039//4039 2514//2514
f 2830//2830 3118//3118 3405//3405
f 2945//2945 3105//3105 3107//3107
f 3431//3431 3124//3124 3125//3125
f 3099//3099 3449//3449 2979//2979
f 3113//3113 2830//2830 3131//3131
f 2477//2477 3125//3125 3260//3260
f 2790//2790 2843//2843 3292//3292
f 3109//3109 3449//3449 3099//3099
f 2845//2845 3496//3496 2849//2849
f 2698//2698 4241//4241 2984//2984
f 3107//3107 3119//3119 3116//3116
f 2849//2849 3102//3102 3017//3017
f 3113//3113 3131//3131 3136//3136
f 3100//3100 3091//3091 3103//3103
f 3324//3324 3116//3116 3119//3119
f 3090//3090 3376//3376 3394//3394
f 2799//2799 2797//2797 3239//3239
f 3236//3236 2797//2797 2469//2469
f 2350//2350 2797//2797 2799//2799
f 2859//2859 2951//2951 3023//3023
f 3385//3385 2917//2917 3088//3088
f 3123//3123 2951//2951 3025//3025
f 3025//3025 3127//3127 3123//3123
f 3108//3108 3019//3019 3963//3963
f 3108//3108 3963//3963 3020//3020
f 3020//3020 2425//2425 3108//3108
f 3066//3066 3025//3025 3425//3425
f 2951//2951 3425//3425 3025//3025
f 3306//3306 3109//3109 3412//3412
f 3306//3306 3412//3412 3160//3160
f 2920//2920 2917//2917 2983//2983
f 3963//3963 3021//3021 3022//3022
f 3020//3020 3022//3022 3965//3965
f 3781//3781 3132//3132 3311//3311
f 3024//3024 3965//3965 3505//3505
f 3246//3246 3965//3965 3024//3024
f 3109//3109 3306//3306 2994//2994
f 3003//3003 3180//3180 3377//3377
f 2472//2472 2703//2703 5215//5215
f 3106//3106 3003//3003 3377//3377
f 2830//2830 3405//3405 3131//3131
f 3136//3136 3131//3131 2976//2976
f 3029//3029 2949//2949 3031//3031
f 2949//2949 3049//3049 3031//3031
f 3131//3131 3405//3405 2976//2976
f 2638//2638 3229//3229 2637//2637
f 3454//3454 2994//2994 3306//3306
f 2647//2647 3535//3535 4039//4039
f 2994//2994 3449//3449 3109//3109
f 2994//2994 3142//3142 3449//3449
f 3128//3128 3132//3132 3291//3291
f 3605//3605 3225//3225 2637//2637
f 3132//3132 3128//3128 3004//3004
f 3213//3213 2793//2793 2327//2327
f 2327//2327 3596//3596 3299//3299
f 2327//2327 3299//3299 3213//3213
f 3190//3190 3003//3003 3106//3106
f 2525//2525 2657//2657 3666//3666
f 2525//2525 3666//3666 2995//2995
f 2812//2812 2814//2814 2759//2759
f 3120//3120 2820//2820 2995//2995
f 2796//2796 2981//2981 2980//2980
f 3103//3103 3994//3994 3100//3100
f 3103//3103 2978//2978 3994//3994
f 2685//2685 3215//3215 3302//3302
f 2997//2997 2789//2789 3122//3122
f 2687//2687 2685//2685 3303//3303
f 2945//2945 3144//3144 2818//2818
f 2540//2540 4798//4798 2533//2533
f 2999//2999 3122//3122 2789//2789
f 3372//3372 3375//3375 2982//2982
f 2999//2999 3000//3000 3122//3122
f 3217//3217 3147//3147 2461//2461
f 3107//3107 3144//3144 2945//2945
f 2334//2334 3875//3875 2540//2540
f 2850//2850 2789//2789 2997//2997
f 3152//3152 3144//3144 3107//3107
f 2815//2815 3467//3467 2334//2334
f 3018//3018 3290//3290 2868//2868
f 2868//2868 2997//2997 3018//3018
f 3144//3144 3152//3152 3149//3149
f 2776//2776 2823//2823 3325//3325
f 2867//2867 2895//2895 2894//2894
f 2997//2997 2868//2868 2850//2850
f 3001//3001 3406//3406 3146//3146
f 3563//3563 3146//3146 3406//3406
f 3130//3130 3002//3002 2895//2895
f 2895//2895 2867//2867 3130//3130
f 3626//3626 2982//2982 2986//2986
f 2861//2861 2699//2699 2554//2554
f 3107//3107 3116//3116 3152//3152
f 2668//2668 2848//2848 3134//3134
f 2950//2950 2863//2863 3141//3141
f 2848//2848 2979//2979 3134//3134
f 4195//4195 2806//2806 2434//2434
f 2643//2643 3231//3231 3232//3232
f 2366//2366 4652//4652 2564//2564
f 3154//3154 3153//3153 3155//3155
f 3149//3149 3152//3152 3164//3164
f 3153//3153 3567//3567 3155//3155
f 3157//3157 3154//3154 2959//2959
f 3327//3327 3154//3154 3157//3157
f 3153//3153 3154//3154 3327//3327
f 2884//2884 2877//2877 3138//3138
f 2877//2877 2776//2776 3325//3325
f 3146//3146 3150//3150 3251//3251
f 2877//2877 3325//3325 3138//3138
f 3138//3138 3325//3325 2589//2589
f 3325//3325 3326//3326 2589//2589
f 2589//2589 3326//3326 2882//2882
f 3158//3158 3150//3150 3146//3146
f 2748//2748 3149//3149 3973//3973
f 3162//3162 3150//3150 3158//3158
f 3164//3164 3973//3973 3149//3149
f 3973//3973 3163//3163 2748//2748
f 2882//2882 3326//3326 3140//3140
f 3146//3146 3563//3563 3158//3158
f 3163//3163 3973//3973 3320//3320
f 3130//3130 2867//2867 2800//2800
f 3158//3158 3563//3563 2635//2635
f 3161//3161 2821//2821 3136//3136
f 3563//3563 3005//3005 2635//2635
f 3140//3140 3130//3130 2800//2800
f 3162//3162 3402//3402 3150//3150
f 2805//2805 3143//3143 2915//2915
f 3161//3161 3136//3136 2976//2976
f 3134//3134 3137//3137 2805//2805
f 3973//3973 3164//3164 3323//3323
f 3520//3520 4230//4230 3404//3404
f 4230//4230 3520//3520 3665//3665
f 2811//2811 3249//3249 3424//3424
f 3424//3424 2902//2902 2811//2811
f 2805//2805 3137//3137 3143//3143
f 3658//3658 2811//2811 2719//2719
f 3521//3521 2780//2780 3665//3665
f 3360//3360 2864//2864 2960//2960
f 2960//2960 2864//2864 3360//3360
f 3165//3165 2709//2709 2712//2712
f 3132//3132 3169//3169 3352//3352
f 3132//3132 3004//3004 3169//3169
f 2719//2719 3970//3970 3658//3658
f 3970//3970 2719//2719 2546//2546
f 3970//3970 3030//3030 3658//3658
f 3161//3161 3167//3167 3159//3159
f 2780//2780 3521//3521 2795//2795
f 2168//2168 3246//3246 2664//2664
f 2732//2732 5307//5307 3032//3032
f 3369//3369 4384//4384 3370//3370
f 2795//2795 3099//3099 2848//2848
f 2174//2174 3514//3514 4470//4470
f 2795//2795 3521//3521 3412//3412
f 4470//4470 3672//3672 2174//2174
f 3167//3167 3081//3081 2489//2489
f 2489//2489 2908//2908 3167//3167
f 1802//1802 3672//3672 2878//2878
f 4690//4690 3242//3242 2395//2395
f 2395//2395 3588//3588 4690//4690
f 3099//3099 2795//2795 3412//3412
f 3516//3516 3266//3266 2880//2880
f 3046//3046 2358//2358 2269//2269
f 3016//3016 3015//3015 2597//2597
f 3218//3218 3175//3175 2883//2883
f 2358//2358 3588//3588 2171//2171
f 3033//3033 2200//2200 3261//3261
f 3133//3133 3034//3034 2200//2200
f 2828//2828 3135//3135 3133//3133
f 3412//3412 3243//3243 3160//3160
f 2822//2822 3593//3593 3596//3596
f 2883//2883 4011//4011 2888//2888
f 3381//3381 3135//3135 2828//2828
f 2473//2473 2934//2934 2826//2826
f 2410//2410 2752//2752 3381//3381
f 5727//5727 3512//3512 2535//2535
f 3011//3011 2934//2934 2179//2179
f 3680//3680 2752//2752 3383//3383
f 2752//2752 2754//2754 3383//3383
f 3178//3178 3272//3272 2648//2648
f 2671//2671 2889//2889 2890//2890
f 2880//2880 3266//3266 2892//2892
f 3435//3435 3427//3427 3423//3423
f 3266//3266 5022//5022 2892//2892
f 2514//2514 4039//4039 4035//4035
f 3173//3173 3171//3171 3174//3174
f 3174//3174 3171//3171 2842//2842
f 3526//3526 3035//3035 2551//2551
f 3688//3688 3526//3526 2471//2471
f 2672//2672 3688//3688 2224//2224
f 3296//3296 3180//3180 3515//3515
f 3171//3171 3177//3177 2842//2842
f 3177//3177 3178//3178 2842//2842
f 3177//3177 3272//3272 3178//3178
f 3176//3176 3174//3174 2842//2842
f 2896//2896 2892//2892 3523//3523
f 3268//3268 3188//3188 2674//2674
f 2674//2674 3188//3188 3268//3268
f 2896//2896 3523//3523 3527//3527
f 3441//3441 3435//3435 3013//3013
f 3180//3180 3003//3003 3392//3392
f 3188//3188 3273//3273 3391//3391
f 3391//3391 2835//2835 3188//3188
f 3391//3391 4005//4005 2835//2835
f 4005//4005 3151//3151 2835//2835
f 3180//3180 3392//3392 3515//3515
f 2648//2648 2858//2858 3178//3178
f 2837//2837 4006//4006 2586//2586
f 3128//3128 3296//3296 3515//3515
f 2588//2588 4280//4280 2027//2027
f 3128//3128 3515//3515 3004//3004
f 2858//2858 2857//2857 2842//2842
f 4280//4280 2898//2898 2027//2027
f 3174//3174 3176//3176 3179//3179
f 3179//3179 3176//3176 3181//3181
f 3194//3194 2926//2926 3006//3006
f 3156//3156 3700//3700 3864//3864
f 3179//3179 3182//3182 3079//3079
f 2909//2909 2804//2804 4207//4207
f 2804//2804 2909//2909 3185//3185
f 3447//3447 3182//3182 3181//3181
f 3447//3447 3181//3181 2885//2885
f 2804//2804 3401//3401 3008//3008
f 3176//3176 2842//2842 3181//3181
f 2804//2804 3039//3039 3401//3401
f 3183//3183 3181//3181 2842//2842
f 2912//2912 3185//3185 2909//2909
f 3010//3010 3186//3186 2909//2909
f 2909//2909 3186//3186 2912//2912
f 3181//3181 3183//3183 2885//2885
f 2885//2885 3183//3183 2711//2711
f 3184//3184 3093//3093 3182//3182
f 3179//3179 3181//3181 3182//3182
f 3186//3186 3245//3245 3187//3187
f 3012//3012 3245//3245 3522//3522
f 3012//3012 3187//3187 3245//3245
f 3447//3447 2819//2819 2990//2990
f 2711//2711 3183//3183 2857//2857
f 3408//3408 3187//3187 3012//3012
f 3012//3012 3699//3699 3408//3408
f 3067//3067 3408//3408 3699//3699
f 3498//3498 2190//2190 4312//4312
f 2833//2833 2190//2190 3498//3498
f 3147//3147 4312//4312 2550//2550
f 4449//4449 2710//2710 2888//2888
f 3446//3446 3935//3935 3297//3297
f 2710//2710 5196//5196 2918//2918
f 2794//2794 3397//3397 3038//3038
f 3275//3275 3662//3662 3357//3357
f 3446//3446 3297//3297 3607//3607
f 3047//3047 3607//3607 3297//3297
f 3297//3297 3045//3045 3047//3047
f 3047//3047 3045//3045 3053//3053
f 3044//3044 3043//3043 3879//3879
f 2658//2658 3818//3818 2923//2923
f 3038//3038 3282//3282 3091//3091
f 2827//2827 2990//2990 2819//2819
f 3045//3045 2990//2990 2827//2827
f 3738//3738 3737//3737 3294//3294
f 3053//3053 3045//3045 2827//2827
f 3201//3201 3602//3602 3504//3504
f 2600//2600 3191//3191 5049//5049
f 3237//3237 3190//3190 3298//3298
f 2996//2996 3206//3206 2832//2832
f 2832//2832 3300//3300 2996//2996
f 2922//2922 3194//3194 3006//3006
f 2923//2923 3194//3194 2922//2922
f 3602//3602 3280//3280 3504//3504
f 2733//2733 3206//3206 2996//2996
f 3354//3354 3048//3048 3280//3280
f 2904//2904 2903//2903 3482//3482
f 3482//3482 2903//2903 3042//3042
f 2906//2906 2904//2904 3482//3482
f 3221//3221 3738//3738 3294//3294
f 2905//2905 2906//2906 3482//3482
f 3504//3504 3280//3280 3286//3286
f 3085//3085 3221//3221 3294//3294
f 3484//3484 5856//5856 2834//2834
f 2645//2645 3752//3752 3468//3468
f 2733//2733 2522//2522 3942//3942
f 3468//3468 3901//3901 2645//2645
f 3485//3485 3942//3942 2741//2741
f 4505//4505 2928//2928 2734//2734
f 3055//3055 3739//3739 3049//3049
f 3199//3199 3499//3499 3301//3301
f 3127//3127 2965//2965 3055//3055
f 2965//2965 3127//3127 3025//3025
f 3318//3318 3301//3301 3499//3499
f 3765//3765 2462//2462 2935//2935
f 3343//3343 3338//3338 3489//3489
f 3379//3379 3076//3076 3289//3289
f 3489//3489 3539//3539 3343//3343
f 3105//3105 3775//3775 3107//3107
f 3086//3086 3333//3333 3329//3329
f 2967//2967 2965//2965 3066//3066
f 2970//2970 2736//2736 3910//3910
f 2736//2736 2958//2958 3910//3910
f 3154//3154 3910//3910 2958//2958
f 3739//3739 3080//3080 3294//3294
f 3507//3507 3317//3317 3318//3318
f 4739//4739 3298//3298 3891//3891
f 3084//3084 3081//3081 3086//3086
f 3143//3143 3137//3137 3287//3287
f 3507//3507 3205//3205 3317//3317
f 3308//3308 3073//3073 3346//3346
f 3119//3119 3107//3107 3775//3775
f 3373//3373 3095//3095 3308//3308
f 3301//3301 3322//3322 3629//3629
f 3301//3301 3318//3318 3322//3322
f 3200//3200 3200//3200 3200//3200
f 3200//3200 3457//3457 3200//3200
f 3200//3200 3457//3457 3612//3612
f 3612//3612 3457//3457 3564//3564
f 3564//3564 3457//3457 3200//3200
f 3568//3568 3458//3458 3612//3612
f 3612//3612 3458//3458 3200//3200
f 3200//3200 3458//3458 3200//3200
f 3200//3200 3458//3458 3568//3568
f 3781//3781 4174//4174 3291//3291
f 3346//3346 3226//3226 3308//3308
f 2943//2943 4983//4983 2499//2499
f 3338//3338 3343//3343 3342//3342
f 2499//2499 4983//4983 3092//3092
f 5387//5387 2844//2844 2859//2859
f 3057//3057 3338//3338 3342//3342
f 3207//3207 3502//3502 3315//3315
f 3322//3322 3318//3318 3650//3650
f 3198//3198 3386//3386 3296//3296
f 3318//3318 3317//3317 3650//3650
f 3317//3317 3216//3216 3650//3650
f 4174//4174 3198//3198 3291//3291
f 3291//3291 3198//3198 3128//3128
f 3052//3052 3279//3279 3062//3062
f 2802//2802 3101//3101 3104//3104
f 3198//3198 3296//3296 3128//3128
f 3063//3063 3062//3062 3279//3279
f 3101//3101 2802//2802 5064//5064
f 3063//3063 3279//3279 3067//3067
f 3094//3094 4767//4767 3495//3495
f 4349//4349 3027//3027 3607//3607
f 3781//3781 3311//3311 3119//3119
f 3132//3132 3781//3781 3291//3291
f 3287//3287 3137//3137 3597//3597
f 3287//3287 3289//3289 3143//3143
f 3347//3347 5790//5790 2845//2845
f 3057//3057 3342//3342 2974//2974
f 3342//3342 3584//3584 2974//2974
f 3048//3048 3314//3314 3321//3321
f 3607//3607 3027//3027 3446//3446
f 3026//3026 3111//3111 2966//2966
f 3048//3048 3321//3321 3280//3280
f 2974//2974 3584//3584 3061//3061
f 3280//3280 3321//3321 3286//3286
f 2796//2796 2980//2980 2981//2981
f 3496//3496 5301//5301 2849//2849
f 3102//3102 2849//2849 5301//5301
f 3216//3216 3212//3212 3341//3341
f 3302//3302 3303//3303 2685//2685
f 2966//2966 3111//3111 3114//3114
f 3114//3114 3073//3073 2966//2966
f 3303//3303 3302//3302 3145//3145
f 2797//2797 3236//3236 5797//5797
f 3283//3283 3071//3071 2971//2971
f 3283//3283 2971//2971 3284//3284
f 3315//3315 3502//3502 3547//3547
f 3239//3239 3497//3497 3240//3240
f 3584//3584 3348//3348 3061//3061
f 3765//3765 3557//3557 2462//2462
f 3155//3155 2462//2462 3557//3557
f 3334//3334 3219//3219 3661//3661
f 3557//3557 3154//3154 3155//3155
f 3275//3275 3277//3277 3142//3142
f 3547//3547 3502//3502 3510//3510
f 3352//3352 3119//3119 3311//3311
f 3019//3019 3108//3108 3963//3963
f 3512//3512 4764//4764 2660//2660
f 3352//3352 3311//3311 3132//3132
f 3310//3310 3321//3321 3314//3314
f 3022//3022 3020//3020 3963//3963
f 3547//3547 3330//3330 3315//3315
f 3310//3310 3314//3314 3332//3332
f 3654//3654 3505//3505 3965//3965
f 3314//3314 3344//3344 3332//3332
f 2640//2640 3569//3569 2876//2876
f 3286//3286 3321//3321 3610//3610
f 3671//3671 3676//3676 3331//3331
f 3505//3505 3965//3965 3024//3024
f 3116//3116 3324//3324 3152//3152
f 3024//3024 3965//3965 3246//3246
f 4685//4685 2601//2601 4764//4764
f 3610//3610 3321//3321 3328//3328
f 3246//3246 3825//3825 2664//2664
f 2992//2992 3231//3231 2643//2643
f 3359//3359 3249//3249 2811//2811
f 3306//3306 3309//3309 3313//3313
f 3321//3321 3310//3310 3328//3328
f 3163//3163 3320//3320 2569//2569
f 3309//3309 3662//3662 3313//3313
f 3327//3327 3157//3157 4274//4274
f 3671//3671 3331//3331 3336//3336
f 3610//3610 3328//3328 4324//4324
f 3339//3339 3336//3336 3331//3331
f 3157//3157 2821//2821 3235//3235
f 3152//3152 3351//3351 3164//3164
f 3161//3161 3235//3235 2821//2821
f 3837//3837 3971//3971 2726//2726
f 3330//3330 2968//2968 3058//3058
f 3164//3164 3351//3351 3323//3323
f 3192//3192 4260//4260 3197//3197
f 3361//3361 3339//3339 3331//3331
f 2881//2881 5013//5013 2728//2728
f 3615//3615 3328//3328 3310//3310
f 3352//3352 3324//3324 3119//3119
f 3223//3223 3221//3221 3090//3090
f 3339//3339 3361//3361 3349//3349
f 2976//2976 3333//3333 3161//3161
f 5215//5215 2984//2984 5331//5331
f 4224//4224 3659//3659 3668//3668
f 3212//3212 3690//3690 3695//3695
f 3547//3547 3701//3701 2968//2968
f 3352//3352 3351//3351 3324//3324
f 3330//3330 3547//3547 2968//2968
f 5307//5307 2961//2961 3844//3844
f 3365//3365 3223//3223 3090//3090
f 3405//3405 3329//3329 2976//2976
f 3328//3328 3615//3615 2969//2969
f 2718//2718 2989//2989 3531//3531
f 3201//3201 3500//3500 3602//3602
f 4369//4369 3364//3364 3223//3223
f 3329//3329 3333//3333 2976//2976
f 3223//3223 3365//3365 4369//4369
f 3341//3341 3212//3212 3709//3709
f 3212//3212 3695//3695 3709//3709
f 3349//3349 3708//3708 3339//3339
f 3517//3517 3169//3169 3004//3004
f 3708//3708 3349//3349 3602//3602
f 3846//3846 3514//3514 2506//2506
f 5407//5407 3328//3328 2969//2969
f 3709//3709 3695//3695 3368//3368
f 3695//3695 3692//3692 3368//3368
f 4053//4053 5215//5215 4050//4050
f 3371//3371 3090//3090 3394//3394
f 3333//3333 3086//3086 3081//3081
f 3324//3324 3351//3351 3152//3152
f 3341//3341 3709//3709 3227//3227
f 3978//3978 3617//3617 3059//3059
f 3059//3059 2969//2969 3978//3978
f 3662//3662 3309//3309 3657//3657
f 3443//3443 3288//3288 3290//3290
f 3167//3167 3161//3161 3333//3333
f 3293//3293 3290//3290 3288//3288
f 3340//3340 3059//3059 3366//3366
f 3602//3602 3349//3349 3280//3280
f 3226//3226 3394//3394 3376//3376
f 3648//3648 3351//3351 3352//3352
f 3167//3167 3333//3333 3081//3081
f 3354//3354 3280//3280 3349//3349
f 3351//3351 3656//3656 3323//3323
f 3226//3226 3378//3378 3394//3394
f 3058//3058 2968//2968 3374//3374
f 2968//2968 3345//3345 3374//3374
f 2839//2839 3350//3350 3344//3344
f 3046//3046 3244//3244 2358//2358
f 2907//2907 3374//3374 3345//3345
f 3332//3332 3344//3344 3619//3619
f 2875//2875 2747//2747 3714//3714
f 3619//3619 3617//3617 3332//3332
f 3350//3350 3619//3619 3344//3344
f 3351//3351 3648//3648 3656//3656
f 3619//3619 3350//3350 3620//3620
f 3562//3562 3394//3394 3378//3378
f 3058//3058 3374//3374 3078//3078
f 4435//4435 2836//2836 3209//3209
f 3656//3656 3648//3648 3175//3175
f 3058//3058 3078//3078 3578//3578
f 3090//3090 3371//3371 3365//3365
f 2829//2829 2933//2933 3011//3011
f 3312//3312 3060//3060 2955//2955
f 3352//3352 3169//3169 3648//3648
f 3350//3350 3100//3100 3375//3375
f 2766//2766 4782//4782 2812//2812
f 3014//3014 2933//2933 2829//2829
f 3078//3078 3374//3374 3077//3077
f 3276//3276 2833//2833 3362//3362
f 4798//4798 2766//2766 2533//2533
f 3371//3371 3394//3394 3139//3139
f 2914//2914 3578//3578 3078//3078
f 3875//3875 4798//4798 2540//2540
f 3648//3648 4011//4011 3175//3175
f 3675//3675 3516//3516 2878//2878
f 3247//3247 3259//3259 3534//3534
f 3349//3349 3388//3388 3354//3354
f 3349//3349 3361//3361 3388//3388
f 3139//3139 3394//3394 3001//3001
f 3077//3077 2977//2977 3385//3385
f 3307//3307 3316//3316 4447//4447
f 3467//3467 3875//3875 2334//2334
f 3385//3385 2977//2977 2917//2917
f 3406//3406 3001//3001 3394//3394
f 3175//3175 4011//4011 2883//2883
f 3986//3986 2881//2881 2745//2745
f 3986//3986 2745//2745 3679//3679
f 2745//2745 2824//2824 3261//3261
f 3325//3325 2823//2823 3002//3002
f 3033//3033 3261//3261 2824//2824
f 3326//3326 3325//3325 3002//3002
f 3549//3549 3139//3139 3001//3001
f 3313//3313 3662//3662 3275//3275
f 3034//3034 3261//3261 2200//2200
f 3354//3354 3388//3388 3048//3048
f 3519//3519 3034//3034 3133//3133
f 3135//3135 3519//3519 3133//3133
f 3389//3389 3388//3388 3051//3051
f 3002//3002 3543//3543 3326//3326
f 3307//3307 3319//3319 3579//3579
f 3247//3247 3390//3390 3715//3715
f 3378//3378 3226//3226 3346//3346
f 3381//3381 2828//2828 2670//2670
f 3247//3247 3717//3717 3390//3390
f 3388//3388 3389//3389 3048//3048
f 2752//2752 3680//3680 3381//3381
f 3562//3562 3378//3378 4740//4740
f 3543//3543 3130//3130 3140//3140
f 3314//3314 3048//3048 3389//3389
f 3326//3326 3543//3543 3140//3140
f 3314//3314 3389//3389 2851//2851
f 3579//3579 3577//3577 5157//5157
f 3282//3282 3628//3628 3598//3598
f 3406//3406 3394//3394 3562//3562
f 3247//3247 3250//3250 3717//3717
f 3362//3362 3254//3254 3041//3041
f 3598//3598 3091//3091 3282//3282
f 3406//3406 3562//3562 3563//3563
f 3362//3362 3041//3041 3276//3276
f 3091//3091 3598//3598 4327//4327
f 3050//3050 3717//3717 3250//3250
f 3091//3091 4327//4327 3513//3513
f 3382//3382 3656//3656 3175//3175
f 2978//2978 3622//3622 3994//3994
f 3715//3715 3390//3390 3399//3399
f 3103//3103 3622//3622 2978//2978
f 3382//3382 3175//3175 3218//3218
f 2964//2964 3715//3715 3353//3353
f 3353//3353 3715//3715 3399//3399
f 3225//3225 3605//3605 3600//3600
f 3620//3620 3059//3059 3617//3617
f 4011//4011 4449//4449 2888//2888
f 3059//3059 3620//3620 3366//3366
f 3366//3366 3620//3620 3372//3372
f 3366//3366 3372//3372 3625//3625
f 3050//3050 3250//3250 3407//3407
f 3407//3407 3250//3250 5018//5018
f 5018//5018 3255//3255 3054//3054
f 2706//2706 5721//5721 2535//2535
f 3407//3407 5463//5463 3050//3050
f 3384//3384 3372//3372 2982//2982
f 3054//3054 3407//3407 5018//5018
f 2917//2917 2977//2977 2983//2983
f 4747//4747 4195//4195 2564//2564
f 3075//3075 3587//3587 3367//3367
f 4652//4652 4747//4747 2564//2564
f 3098//3098 2688//2688 3225//3225
f 3620//3620 3375//3375 3372//3372
f 2709//2709 4652//4652 2366//2366
f 3146//3146 3251//3251 3001//3001
f 3994//3994 3375//3375 3100//3100
f 3367//3367 4023//4023 3233//3233
f 3402//3402 3251//3251 3150//3150
f 3255//3255 3416//3416 3054//3054
f 3061//3061 3348//3348 3417//3417
f 4035//4035 2508//2508 2514//2514
f 3255//3255 4866//4866 3416//3416
f 2637//2637 3606//3606 3605//3605
f 3348//3348 3587//3587 3075//3075
f 3162//3162 3421//3421 3402//3402
f 3348//3348 3075//3075 3417//3417
f 3657//3657 3667//3667 3662//3662
f 3386//3386 3180//3180 3296//3296
f 2902//2902 3421//3421 3162//3162
f 3421//3421 2902//2902 3424//3424
f 3075//3075 3419//3419 3417//3417
f 3367//3367 3233//3233 3075//3075
f 3712//3712 3726//3726 3368//3368
f 3702//3702 3355//3355 2941//2941
f 2820//2820 3959//3959 3122//3122
f 3237//3237 3003//3003 3190//3190
f 3038//3038 3397//3397 3553//3553
f 3166//3166 2947//2947 3430//3430
f 3392//3392 3003//3003 3237//3237
f 3000//3000 2999//2999 2850//2850
f 3375//3375 3642//3642 2982//2982
f 3608//3608 2985//2985 3233//3233
f 3384//3384 2982//2982 3626//3626
f 3422//3422 3730//3730 3437//3437
f 3233//3233 3238//3238 3608//3608
f 3422//3422 3437//3437 3428//3428
f 3471//3471 2947//2947 2948//2948
f 3168//3168 3471//3471 2948//2948
f 4207//4207 2804//2804 3008//3008
f 3401//3401 2926//2926 3008//3008
f 2948//2948 3015//3015 3168//3168
f 3861//3861 2672//2672 2673//2673
f 3271//3271 3861//3861 2673//2673
f 2982//2982 3642//3642 2986//2986
f 3148//3148 3271//3271 2673//2673
f 2841//2841 3271//3271 3148//3148
f 2762//2762 2841//2841 3148//3148
f 2909//2909 4207//4207 3010//3010
f 5022//5022 3523//3523 2892//2892
f 3248//3248 3627//3627 3626//3626
f 3626//3626 2986//2986 3248//3248
f 3428//3428 3437//3437 4504//4504
f 2972//2972 4504//4504 3437//3437
f 3357//3357 3662//3662 3211//3211
f 3039//3039 3185//3185 2912//2912
f 2835//2835 3273//3273 3188//3188
f 3731//3731 3173//3173 3437//3437
f 3186//3186 3010//3010 3245//3245
f 3437//3437 3173//3173 3174//3174
f 3642//3642 3375//3375 3994//3994
f 3151//3151 3391//3391 2835//2835
f 4686//4686 2837//2837 3036//3036
f 3642//3642 3644//3644 2998//2998
f 3644//3644 4762//4762 2998//2998
f 3187//3187 3408//3408 3279//3279
f 3437//3437 3174//3174 2972//2972
f 3234//3234 3417//3417 3411//3411
f 4693//4693 3335//3335 3252//3252
f 2588//2588 2897//2897 4006//4006
f 3234//3234 3411//3411 3403//3403
f 3126//3126 3642//3642 2998//2998
f 2986//2986 3642//3642 3126//3126
f 2588//2588 4484//4484 4280//4280
f 3418//3418 3411//3411 3417//3417
f 3064//3064 3056//3056 3882//3882
f 2898//2898 4280//4280 3274//3274
f 3274//3274 3697//3697 2364//2364
f 2364//2364 3697//3697 2840//2840
f 2840//2840 3697//3697 3037//3037
f 4762//4762 3126//3126 2998//2998
f 4504//4504 2972//2972 3440//3440
f 3697//3697 5031//5031 3037//3037
f 3419//3419 3418//3418 3417//3417
f 2481//2481 3037//3037 4009//4009
f 2988//2988 3751//3751 3414//3414
f 3418//3418 3419//3419 3112//3112
f 3264//3264 3079//3079 2975//2975
f 3440//3440 3264//3264 4017//4017
f 3126//3126 3433//3433 2986//2986
f 2972//2972 3079//3079 3264//3264
f 4009//4009 4493//4493 2675//2675
f 3126//3126 4762//4762 3400//3400
f 3335//3335 3337//3337 3252//3252
f 3722//3722 3379//3379 3289//3289
f 3126//3126 3400//3400 3432//3432
f 4017//4017 2975//2975 3736//3736
f 3599//3599 3015//3015 3016//3016
f 2993//2993 3411//3411 3418//3418
f 3444//3444 2975//2975 3093//3093
f 2975//2975 3444//3444 3736//3736
f 3663//3663 3404//3404 4230//4230
f 3404//3404 3663//3663 3520//3520
f 4349//4349 3736//3736 3444//3444
f 3379//3379 3722//3722 3728//3728
f 3171//3171 3173//3173 3263//3263
f 3444//3444 3184//3184 3027//3027
f 4349//4349 3444//3444 3027//3027
f 3269//3269 3263//3263 3475//3475
f 3449//3449 3451//3451 2979//2979
f 3412//3412 3521//3521 3243//3243
f 3263//3263 3269//3269 3171//3171
f 3356//3356 3252//3252 3337//3337
f 3171//3171 3269//3269 3177//3177
f 3604//3604 3016//3016 2648//2648
f 3337//3337 3670//3670 3356//3356
f 3177//3177 3269//3269 3272//3272
f 3272//3272 3604//3604 2648//2648
f 3243//3243 3415//3415 3160//3160
f 2842//2842 3178//3178 2858//2858
f 3415//3415 3420//3420 3160//3160
f 3106//3106 3377//3377 3356//3356
f 2842//2842 2857//2857 3183//3183
f 3007//3007 3652//3652 3653//3653
f 3184//3184 3182//3182 3027//3027
f 3253//3253 3356//3356 3386//3386
f 3248//3248 2986//2986 3423//3423
f 3423//3423 2986//2986 3433//3433
f 3248//3248 3423//3423 4236//4236
f 4236//4236 3423//3423 3427//3427
f 2991//2991 2985//2985 4851//4851
f 3134//3134 2979//2979 3137//3137
f 2979//2979 3451//3451 3137//3137
f 3386//3386 3356//3356 3377//3377
f 3653//3653 3124//3124 2528//2528
f 3124//3124 3653//3653 3009//3009
f 3427//3427 3435//3435 3439//3439
f 3386//3386 3377//3377 3180//3180
f 3124//3124 3009//3009 3125//3125
f 4441//4441 3125//3125 3009//3009
f 3260//3260 3125//3125 4441//4441
f 3670//3670 3387//3387 3106//3106
f 3427//3427 3439//3439 3548//3548
f 3548//3548 3439//3439 3445//3445
f 3379//3379 3728//3728 3393//3393
f 3387//3387 3257//3257 3106//3106
f 3670//3670 3106//3106 3356//3356
f 3423//3423 3433//3433 3435//3435
f 3126//3126 3432//3432 3433//3433
f 3257//3257 3190//3190 3106//3106
f 3480//3480 3129//3129 3260//3260
f 3451//3451 3449//3449 3453//3453
f 3258//3258 3190//3190 3257//3257
f 3160//3160 3420//3420 3306//3306
f 3435//3435 3433//3433 3013//3013
f 3433//3433 3432//3432 3013//3013
f 3395//3395 3118//3118 3393//3393
f 3436//3436 3013//3013 3432//3432
f 3436//3436 4026//4026 3013//3013
f 4222//4222 3438//3438 2654//2654
f 2654//2654 3438//3438 2656//2656
f 3454//3454 3306//3306 3313//3313
f 2656//2656 3438//3438 2825//2825
f 3666//3666 2657//2657 2825//2825
f 2994//2994 3454//3454 3270//3270
f 3441//3441 3439//3439 3435//3435
f 3270//3270 3142//3142 2994//2994
f 3142//3142 3270//3270 3454//3454
f 3668//3668 3262//3262 4224//4224
f 3453//3453 3449//3449 3142//3142
f 3295//3295 3451//3451 3453//3453
f 3453//3453 3142//3142 3277//3277
f 3478//3478 3447//3447 2990//2990
f 3013//3013 3490//3490 3441//3441
f 3442//3442 3490//3490 3013//3013
f 3013//3013 4026//4026 3442//3442
f 3275//3275 3454//3454 3313//3313
f 3142//3142 3454//3454 3275//3275
f 3490//3490 3456//3456 3441//3441
f 3487//3487 3018//3018 2997//2997
f 3490//3490 3259//3259 3456//3456
f 3405//3405 3395//3395 3329//3329
f 3443//3443 3290//3290 3018//3018
f 3409//3409 4299//4299 2810//2810
f 3445//3445 3448//3448 3548//3548
f 3410//3410 3409//3409 2810//2810
f 3448//3448 3445//3445 3278//3278
f 3399//3399 3355//3355 3353//3353
f 3399//3399 3974//3974 3355//3355
f 4863//4863 3115//3115 3974//3974
f 3420//3420 3450//3450 3306//3306
f 3450//3450 3452//3452 3306//3306
f 3306//3306 3452//3452 3309//3309
f 3023//3023 5387//5387 2859//2859
f 3278//3278 3589//3589 3452//3452
f 3452//3452 3491//3491 3309//3309
f 3452//3452 3589//3589 3491//3491
f 3445//3445 3439//3439 3441//3441
f 3028//3028 3426//3426 3029//3029
f 3028//3028 3713//3713 3426//3426
f 3445//3445 3441//3441 3455//3455
f 3737//3737 3028//3028 3029//3029
f 3028//3028 3737//3737 3738//3738
f 3434//3434 3029//3029 3031//3031
f 3456//3456 3455//3455 3441//3441
f 3737//3737 3029//3029 3434//3434
f 3560//3560 3456//3456 3259//3259
f 3455//3455 3456//3456 2964//2964
f 3456//3456 3560//3560 2964//2964
f 3739//3739 3294//3294 3737//3737
f 2964//2964 3259//3259 3715//3715
f 3460//3460 4154//4154 3462//3462
f 4149//4149 3460//3460 3462//3462
f 4149//4149 3462//3462 4152//4152
f 3462//3462 3463//3463 4152//4152
f 3703//3703 3463//3463 3345//3345
f 3345//3345 3463//3463 2963//2963
f 3295//3295 3137//3137 3451//3451
f 3137//3137 3295//3295 3597//3597
f 3442//3442 4026//4026 4239//4239
f 3442//3442 4239//4239 3868//3868
f 3195//3195 4270//4270 3783//3783
f 3259//3259 3490//3490 3442//3442
f 3868//3868 3259//3259 3442//3442
f 4782//4782 2766//2766 4783//4783
f 3376//3376 3373//3373 3226//3226
f 4783//4783 2766//2766 4798//4798
f 3365//3365 3371//3371 3883//3883
f 3553//3553 3397//3397 3814//3814
f 3448//3448 4998//4998 3548//3548
f 3371//3371 3139//3139 3883//3883
f 3883//3883 3139//3139 4734//4734
f 3553//3553 3719//3719 3559//3559
f 3553//3553 3559//3559 3565//3565
f 3450//3450 3448//3448 3278//3278
f 3278//3278 3452//3452 3450//3450
f 3543//3543 3002//3002 3130//3130
f 3251//3251 3549//3549 3001//3001
f 3295//3295 3453//3453 3277//3277
f 3565//3565 3559//3559 3282//3282
f 3251//3251 3551//3551 4377//4377
f 3445//3445 3455//3455 3589//3589
f 3251//3251 3402//3402 3551//3551
f 3038//3038 3553//3553 3282//3282
f 3553//3553 3565//3565 3282//3282
f 2964//2964 3560//3560 3259//3259
f 3378//3378 3742//3742 4740//4740
f 4265//4265 2815//2815 2816//2816
f 3761//3761 3783//3783 3555//3555
f 3562//3562 4740//4740 4741//4741
f 3277//3277 4281//4281 3295//3295
f 3562//3562 4741//4741 3563//3563
f 3887//3887 4142//4142 3556//3556
f 3315//3315 3330//3330 4124//4124
f 4555//4555 3581//3581 3544//3544
f 3445//3445 3589//3589 3278//3278
f 3891//3891 3556//3556 4142//4142
f 3277//3277 3275//3275 4281//4281
f 4281//4281 3275//3275 3357//3357
f 3561//3561 3885//3885 3288//3288
f 3539//3539 3542//3542 3546//3546
f 3885//3885 4422//4422 3288//3288
f 3343//3343 3539//3539 3546//3546
f 3891//3891 5023//5023 4739//4739
f 3563//3563 4970//4970 3005//3005
f 3330//3330 3058//3058 3545//3545
f 3550//3550 3791//3791 3568//3568
f 3511//3511 3492//3492 4008//4008
f 3546//3546 3573//3573 3343//3343
f 4008//4008 3492//3492 3586//3586
f 3492//3492 3977//3977 3586//3586
f 3288//3288 4427//4427 3293//3293
f 2968//2968 3701//3701 3703//3703
f 3568//3568 3791//3791 3564//3564
f 3546//3546 3552//3552 3573//3573
f 2964//2964 3589//3589 3455//3455
f 3353//3353 3589//3589 2964//2964
f 2968//2968 3703//3703 3345//3345
f 3200//3200 3743//3743 3564//3564
f 3564//3564 3743//3743 3568//3568
f 3568//3568 3743//3743 3200//3200
f 3200//3200 3743//3743 3200//3200
f 3689//3689 3589//3589 3353//3353
f 3546//3546 3542//3542 3552//3552
f 3581//3581 4395//4395 3470//3470
f 3598//3598 3645//3645 4634//4634
f 3430//3430 3914//3914 3429//3429
f 3914//3914 3430//3430 3921//3921
f 3921//3921 3430//3430 2947//2947
f 4281//4281 3597//3597 3295//3295
f 3645//3645 3884//3884 3499//3499
f 3582//3582 3585//3585 3583//3583
f 3499//3499 4634//4634 3645//3645
f 3586//3586 3582//3582 4008//4008
f 3199//3199 4634//4634 3499//3499
f 2600//2600 5049//5049 3752//3752
f 3204//3204 3568//3568 3612//3612
f 3582//3582 3586//3586 3585//3585
f 3281//3281 4505//4505 4264//4264
f 2928//2928 4505//4505 3281//3281
f 3343//3343 3573//3573 3342//3342
f 3573//3573 3584//3584 3342//3342
f 3293//3293 4427//4427 3209//3209
f 3586//3586 3809//3809 3934//3934
f 3586//3586 3934//3934 3585//3585
f 3573//3573 3552//3552 3584//3584
f 3204//3204 3612//3612 3202//3202
f 2836//2836 3501//3501 3312//3312
f 3590//3590 3586//3586 3977//3977
f 3503//3503 3307//3307 3060//3060
f 3060//3060 3501//3501 3503//3503
f 3060//3060 3312//3312 3501//3501
f 3578//3578 3554//3554 3058//3058
f 3586//3586 3590//3590 3809//3809
f 3557//3557 3910//3910 3154//3154
f 2793//2793 4826//4826 3215//3215
f 3348//3348 3558//3558 3587//3587
f 3552//3552 3558//3558 3348//3348
f 3578//3578 3915//3915 3554//3554
f 3558//3558 3591//3591 3587//3587
f 3348//3348 3584//3584 3552//3552
f 3559//3559 3611//3611 3628//3628
f 3316//3316 3555//3555 3783//3783
f 3783//3783 5606//5606 3316//3316
f 3302//3302 3303//3303 3145//3145
f 3587//3587 3591//3591 3367//3367
f 5606//5606 5700//5700 3316//3316
f 3915//3915 3580//3580 3908//3908
f 3795//3795 3612//3612 3564//3564
f 3282//3282 3559//3559 3628//3628
f 3929//3929 3908//3908 3580//3580
f 3555//3555 3316//3316 3503//3503
f 3307//3307 3503//3503 3316//3316
f 3417//3417 3234//3234 3061//3061
f 3307//3307 3917//3917 3319//3319
f 4447//4447 3917//3917 3307//3307
f 3578//3578 3580//3580 3915//3915
f 3576//3576 4918//4918 4040//4040
f 3616//3616 3612//3612 3795//3795
f 3612//3612 3616//3616 3202//3202
f 3202//3202 3616//3616 3623//3623
f 3578//3578 3926//3926 3580//3580
f 3917//3917 4447//4447 3577//3577
f 3098//3098 3578//3578 2914//2914
f 3579//3579 3319//3319 3577//3577
f 4205//4205 4601//4601 4339//4339
f 3616//3616 3678//3678 3623//3623
f 3367//3367 3591//3591 4023//4023
f 3678//3678 3616//3616 3686//3686
f 3616//3616 3795//3795 3799//3799
f 4101//4101 3583//3583 3585//3585
f 4038//4038 3598//3598 3628//3628
f 4040//4040 3469//3469 4056//4056
f 3233//3233 4023//4023 3238//3238
f 3616//3616 3634//3634 3686//3686
f 3616//3616 3799//3799 3634//3634
f 4038//4038 3645//3645 3598//3598
f 3238//3238 4023//4023 4416//4416
f 3238//3238 3609//3609 3608//3608
f 3238//3238 4416//4416 3609//3609
f 4559//4559 3634//3634 3799//3799
f 3769//3769 3302//3302 3215//3215
f 3769//3769 3303//3303 3302//3302
f 4038//4038 4036//4036 3645//3645
f 3168//3168 3015//3015 3780//3780
f 3473//3473 3574//3574 3976//3976
f 3217//3217 3303//3303 3769//3769
f 3217//3217 4829//4829 3147//3147
f 2993//2993 3418//3418 3641//3641
f 3572//3572 3305//3305 3567//3567
f 3597//3597 4281//4281 3635//3635
f 2640//2640 3481//3481 4272//4272
f 3112//3112 2991//2991 3811//3811
f 3811//3811 3646//3646 3112//3112
f 4043//4043 3418//3418 3112//3112
f 3641//3641 3418//3418 4043//4043
f 3603//3603 3474//3474 3267//3267
f 4688//4688 3569//3569 2640//2640
f 3112//3112 3646//3646 4043//4043
f 3474//3474 3599//3599 3475//3475
f 4058//4058 3204//3204 3677//3677
f 3305//3305 4272//4272 3481//3481
f 3202//3202 3677//3677 3204//3204
f 3475//3475 3267//3267 3474//3474
f 3474//3474 3778//3778 3015//3015
f 3599//3599 3474//3474 3015//3015
f 3677//3677 4289//4289 4058//4058
f 3491//3491 3657//3657 3309//3309
f 3475//3475 3599//3599 3016//3016
f 4421//4421 3256//3256 3641//3641
f 4101//4101 3585//3585 3528//3528
f 3263//3263 3267//3267 3475//3475
f 3231//3231 4837//4837 3232//3232
f 3652//3652 3256//3256 4845//4845
f 3604//3604 3475//3475 3016//3016
f 3263//3263 3603//3603 3267//3267
f 3153//3153 3327//3327 3567//3567
f 3576//3576 4040//4040 3639//3639
f 4083//4083 3639//3639 4040//4040
f 3608//3608 3655//3655 2985//2985
f 3202//3202 3623//3623 3677//3677
f 4040//4040 4056//4056 3601//3601
f 3601//3601 4083//4083 4040//4040
f 3604//3604 3269//3269 3475//3475
f 3677//3677 3671//3671 4289//4289
f 2991//2991 4851//4851 4051//4051
f 3235//3235 3161//3161 3488//3488
f 3269//3269 3604//3604 3272//3272
f 2985//2985 3655//3655 4851//4851
f 2991//2991 4051//4051 3811//3811
f 3161//3161 3159//3159 3488//3488
f 3170//3170 3488//3488 3159//3159
f 3009//3009 3653//3653 4971//4971
f 3225//3225 3600//3600 3098//3098
f 3301//3301 3629//3629 3199//3199
f 3242//3242 3575//3575 3170//3170
f 3260//3260 4441//4441 4638//4638
f 4690//4690 3575//3575 3242//3242
f 3480//3480 3260//3260 4638//4638
f 6111//6111 3588//3588 2358//2358
f 5311//5311 3659//3659 4224//4224
f 3676//3676 3671//3671 3677//3677
f 3129//3129 3480//3480 4222//4222
f 3182//3182 3478//3478 3027//3027
f 3624//3624 3574//3574 3595//3595
f 3447//3447 3478//3478 3182//3182
f 3574//3574 3624//3624 3477//3477
f 3027//3027 3935//3935 3446//3446
f 3507//3507 3318//3318 3499//3499
f 3624//3624 3595//3595 3196//3196
f 3297//3297 3478//3478 2990//2990
f 3682//3682 3207//3207 3674//3674
f 3677//3677 3623//3623 3678//3678
f 3262//3262 4650//4650 4224//4224
f 3632//3632 3849//3849 3850//3850
f 4445//4445 4137//4137 3659//3659
f 3686//3686 3677//3677 3678//3678
f 3486//3486 3639//3639 4083//4083
f 4137//4137 3668//3668 3659//3659
f 3686//3686 3676//3676 3677//3677
f 3443//3443 3561//3561 3288//3288
f 4034//4034 3633//3633 4033//4033
f 4231//4231 3018//3018 3487//3487
f 3483//3483 3487//3487 2997//2997
f 3893//3893 3317//3317 3205//3205
f 3685//3685 3317//3317 3893//3893
f 3502//3502 3207//3207 3682//3682
f 3633//3633 3196//3196 3595//3595
f 3684//3684 4062//4062 3686//3686
f 3686//3686 3634//3634 5294//5294
f 3629//3629 3322//3322 3631//3631
f 3214//3214 4083//4083 3601//3601
f 4162//4162 3593//3593 3808//3808
f 3686//3686 5294//5294 3684//3684
f 3631//3631 3322//3322 3210//3210
f 3486//3486 4083//4083 3214//3214
f 3594//3594 3593//3593 4163//4163
f 3210//3210 3636//3636 3895//3895
f 3482//3482 3042//3042 2905//2905
f 3210//3210 3649//3649 3636//3636
f 3596//3596 3593//3593 3594//3594
f 3594//3594 3962//3962 3596//3596
f 3895//3895 3636//3636 4379//4379
f 3486//3486 3214//3214 3489//3489
f 3299//3299 3596//3596 3962//3962
f 2933//2933 3172//3172 5109//5109
f 3687//3687 3207//3207 3315//3315
f 4062//4062 3676//3676 3686//3686
f 3821//3821 3484//3484 2631//2631
f 2934//2934 4977//4977 2826//2826
f 4161//4161 3683//3683 4308//4308
f 4308//4308 4080//4080 4161//4161
f 3676//3676 3361//3361 3331//3331
f 3676//3676 4062//4062 3361//3361
f 3606//3606 3613//3613 3476//3476
f 3334//3334 4379//4379 3636//3636
f 3486//3486 2629//2629 3639//3639
f 4379//4379 3334//3334 3524//3524
f 2629//2629 3486//3486 3489//3489
f 3339//3339 3706//3706 3336//3336
f 3046//3046 2826//2826 3244//3244
f 3338//3338 2629//2629 3489//3489
f 3803//3803 3518//3518 3224//3224
f 3706//3706 3708//3708 4294//4294
f 3650//3650 3210//3210 3322//3322
f 3210//3210 3650//3650 3649//3649
f 3706//3706 3339//3339 3708//3708
f 3502//3502 4128//4128 3510//3510
f 3329//3329 3764//3764 3086//3086
f 3216//3216 3649//3649 3650//3650
f 3201//3201 3504//3504 5590//5590
f 5026//5026 3708//3708 3500//3500
f 3229//3229 3606//3606 2637//2637
f 3216//3216 3334//3334 3649//3649
f 3701//3701 3547//3547 3510//3510
f 3613//3613 3606//3606 3767//3767
f 3317//3317 3685//3685 3212//3212
f 4115//4115 4113//4113 3509//3509
f 5440//5440 3086//3086 3764//3764
f 3606//3606 3229//3229 3767//3767
f 4115//4115 3509//3509 4116//4116
f 3216//3216 3317//3317 3212//3212
f 3767//3767 3229//3229 3954//3954
f 3086//3086 5440//5440 4761//4761
f 3690//3690 3212//3212 3685//3685
f 3086//3086 4761//4761 3084//3084
f 3621//3621 3398//3398 3430//3430
f 3621//3621 3954//3954 3398//3398
f 3602//3602 3500//3500 3708//3708
f 3636//3636 3649//3649 3334//3334
f 3667//3667 3211//3211 3662//3662
f 3661//3661 3524//3524 3334//3334
f 3959//3959 3483//3483 3122//3122
f 3334//3334 3216//3216 3219//3219
f 3483//3483 2997//2997 3122//3122
f 5157//5157 3220//3220 2939//2939
f 3694//3694 3667//3667 3657//3657
f 3310//3310 3332//3332 3615//3615
f 3618//3618 3614//3614 3640//3640
f 3667//3667 3694//3694 3882//3882
f 4066//4066 3361//3361 4062//4062
f 3332//3332 3978//3978 3615//3615
f 3615//3615 3978//3978 2969//2969
f 3388//3388 3361//3361 4066//4066
f 3388//3388 4066//4066 4713//4713
f 3617//3617 3978//3978 3332//3332
f 3388//3388 4713//4713 3051//3051
f 3973//3973 3203//3203 3320//3320
f 3716//3716 4057//4057 4072//4072
f 3620//3620 3350//3350 3375//3375
f 4072//4072 3975//3975 3716//3716
f 3169//3169 4632//4632 3648//3648
f 3716//3716 3975//3975 3987//3987
f 3987//3987 3720//3720 3716//3716
f 4436//4436 2788//2788 4431//4431
f 3103//3103 3513//3513 3622//3622
f 3664//3664 3661//3661 3219//3219
f 3994//3994 3622//3622 4986//4986
f 3620//3620 3617//3617 3619//3619
f 3657//3657 3491//3491 3689//3689
f 3689//3689 3694//3694 3657//3657
f 3625//3625 3340//3340 3366//3366
f 3094//3094 3494//3494 4767//4767
f 3372//3372 3384//3384 3625//3625
f 3355//3355 3689//3689 3353//3353
f 5301//5301 3236//3236 3102//3102
f 3689//3689 3355//3355 3702//3702
f 3627//3627 3248//3248 4788//4788
f 3219//3219 3216//3216 3341//3341
f 3720//3720 3611//3611 3721//3721
f 2797//2797 5797//5797 3819//3819
f 3720//3720 3987//3987 3611//3611
f 3642//3642 3994//3994 3644//3644
f 3720//3720 3721//3721 3719//3719
f 3719//3719 3721//3721 3559//3559
f 2799//2799 3239//3239 3240//3240
f 3222//3222 5716//5716 3218//3218
f 3240//3240 5137//5137 2860//2860
f 3664//3664 3219//3219 3967//3967
f 3721//3721 3611//3611 3559//3559
f 3219//3219 3341//3341 3681//3681
f 2706//2706 4384//4384 5714//5714
f 4221//4221 5122//5122 2901//2901
f 5122//5122 4230//4230 2901//2901
f 3051//3051 4713//4713 4173//4173
f 3021//3021 3963//3963 3964//3964
f 3021//3021 3964//3964 3022//3022
f 2535//2535 5721//5721 5727//5727
f 3965//3965 3505//3505 3654//3654
f 3228//3228 4387//4387 3222//3222
f 4721//4721 4387//4387 3228//3228
f 5299//5299 3663//3663 4995//4995
f 3249//3249 5303//5303 3424//3424
f 3241//3241 3814//3814 3397//3397
f 3702//3702 3694//3694 3689//3689
f 3665//3665 6057//6057 3521//3521
f 3685//3685 4408//4408 3690//3690
f 3643//3643 3640//3640 3614//3614
f 4028//4028 3643//3643 3614//3614
f 3828//3828 3640//3640 3643//3643
f 3658//3658 3359//3359 2811//2811
f 3515//3515 5158//5158 3004//3004
f 5009//5009 3658//3658 3030//3030
f 3426//3426 3702//3702 2941//2941
f 5009//5009 3030//3030 3970//3970
f 6052//6052 3392//3392 3237//3237
f 3363//3363 5151//5151 2483//2483
f 3298//3298 3673//3673 3237//3237
f 3841//3841 3420//3420 3415//3415
f 2728//2728 3660//3660 3363//3363
f 4632//4632 3517//3517 3004//3004
f 3643//3643 4028//4028 3335//3335
f 4632//4632 3169//3169 3517//3517
f 3825//3825 3844//3844 2961//2961
f 3335//3335 3669//3669 3337//3337
f 3667//3667 3710//3710 3211//3211
f 3669//3669 3335//3335 4028//4028
f 4240//4240 4236//4236 3427//3427
f 4028//4028 4139//4139 3669//3669
f 4429//4429 4207//4207 3008//3008
f 4568//4568 3643//3643 4693//4693
f 4998//4998 4240//4240 3548//3548
f 3548//3548 4240//4240 3427//3427
f 4693//4693 3643//3643 3335//3335
f 3690//3690 3692//3692 3695//3695
f 2926//2926 4429//4429 3008//3008
f 2804//2804 3185//3185 3039//3039
f 4509//4509 3710//3710 2810//2810
f 2810//2810 3710//3710 3056//3056
f 3812//3812 3692//3692 3690//3690
f 3387//3387 3337//3337 3669//3669
f 3698//3698 3692//3692 3812//3812
f 2810//2810 4299//4299 4509//4509
f 4207//4207 5171//5171 3010//3010
f 3186//3186 3187//3187 3704//3704
f 3882//3882 2987//2987 3064//3064
f 2745//2745 3261//3261 3679//3679
f 3679//3679 3261//3261 3034//3034
f 3702//3702 3426//3426 3748//3748
f 3681//3681 3341//3341 3227//3227
f 3699//3699 3525//3525 4221//4221
f 3723//3723 3709//3709 3368//3368
f 3135//3135 3381//3381 3680//3680
f 3692//3692 3698//3698 3230//3230
f 4030//4030 3414//3414 3751//3751
f 3692//3692 3230//3230 3368//3368
f 2754//2754 4566//4566 3383//3383
f 4092//4092 3693//3693 3705//3705
f 3289//3289 3287//3287 3722//3722
f 3712//3712 3368//3368 3230//3230
f 3186//3186 3704//3704 3052//3052
f 3279//3279 3704//3704 3187//3187
f 3052//3052 3704//3704 3279//3279
f 3688//3688 2672//2672 3861//3861
f 3955//3955 3287//3287 3597//3597
f 3597//3597 3635//3635 3955//3955
f 2601//2601 4685//4685 2662//2662
f 3669//3669 3705//3705 3387//3387
f 4685//4685 3292//3292 2662//2662
f 3729//3729 3712//3712 4474//4474
f 3287//3287 3728//3728 3722//3722
f 3337//3337 3387//3387 3670//3670
f 3955//3955 3728//3728 3287//3287
f 4278//4278 3523//3523 4002//4002
f 3523//3523 4278//4278 3527//3527
f 3292//3292 4241//4241 2790//2790
f 2984//2984 4241//4241 5331//5331
f 3387//3387 3705//3705 3257//3257
f 3523//3523 4686//4686 3529//3529
f 3529//3529 4686//4686 3036//3036
f 3728//3728 3955//3955 3725//3725
f 2835//2835 3696//3696 3273//3273
f 3273//3273 3696//3696 3391//3391
f 3391//3391 3696//3696 2835//2835
f 4686//4686 4006//4006 2837//2837
f 4247//4247 3304//3304 3531//3531
f 3304//3304 2718//2718 3531//3531
f 3693//3693 3707//3707 3705//3705
f 3829//3829 3304//3304 4247//4247
f 3531//3531 2989//2989 3532//3532
f 5321//5321 3037//3037 5031//5031
f 4050//4050 2735//2735 4053//4053
f 3705//3705 3707//3707 3257//3257
f 3535//3535 2875//2875 4471//4471
f 4493//4493 4494//4494 3396//3396
f 3714//3714 2879//2879 2814//2814
f 2593//2593 2771//2771 4018//4018
f 4494//4494 2771//2771 3396//3396
f 3707//3707 3693//3693 4142//4142
f 3493//3493 3983//3983 3725//3725
f 3725//3725 3983//3983 3728//3728
f 3728//3728 3983//3983 3393//3393
f 3393//3393 3983//3983 3395//3395
f 3329//3329 3395//3395 3764//3764
f 4019//4019 3732//3732 4027//4027
f 3887//3887 3707//3707 4142//4142
f 4693//4693 3252//3252 5281//5281
f 5281//5281 3252//3252 3711//3711
f 3253//3253 3834//3834 3711//3711
f 3253//3253 3711//3711 3356//3356
f 3386//3386 3834//3834 3253//3253
f 3782//3782 3834//3834 3386//3386
f 3198//3198 3782//3782 3386//3386
f 3259//3259 3868//3868 3534//3534
f 3534//3534 3536//3536 3247//3247
f 3247//3247 3715//3715 3259//3259
f 3707//3707 3887//3887 3257//3257
f 3257//3257 3887//3887 4140//4140
f 3536//3536 3816//3816 3247//3247
f 3258//3258 3257//3257 3556//3556
f 3732//3732 4013//4013 3733//3733
f 3250//3250 3247//3247 3816//3816
f 3733//3733 4025//4025 3732//3732
f 3190//3190 3258//3258 3298//3298
f 3258//3258 3556//3556 3298//3298
f 4030//4030 3413//3413 3414//3414
f 3556//3556 3891//3891 3298//3298
f 3734//3734 3866//3866 3506//3506
f 3416//3416 3407//3407 3054//3054
f 3508//3508 4013//4013 4030//4030
f 4866//4866 5199//5199 3416//3416
f 3508//3508 3733//3733 4013//4013
f 3541//3541 3724//3724 4141//4141
f 3733//3733 3508//3508 4069//4069
f 3227//3227 3709//3709 3723//3723
f 3508//3508 4037//4037 3735//3735
f 3227//3227 3723//3723 4275//4275
f 3508//3508 3735//3735 4069//4069
f 4142//4142 3693//3693 3718//3718
f 4275//4275 3723//3723 3537//3537
f 3723//3723 3368//3368 3726//3726
f 3726//3726 3712//3712 3730//3730
f 3727//3727 3537//3537 3723//3723
f 3726//3726 3727//3727 3723//3723
f 3726//3726 3422//3422 3727//3727
f 3726//3726 3730//3730 3422//3422
f 3428//3428 4675//4675 3727//3727
f 3422//3422 3428//3428 3727//3727
f 3712//3712 3729//3729 3730//3730
f 4142//4142 3718//3718 4143//4143
f 3718//3718 3724//3724 4143//4143
f 3731//3731 3730//3730 3729//3729
f 3603//3603 3263//3263 4269//4269
f 3729//3729 4269//4269 3731//3731
f 3730//3730 3731//3731 3437//3437
f 3731//3731 4269//4269 3173//3173
f 4269//4269 3263//3263 3173//3173
f 3440//3440 2972//2972 3264//3264
f 4017//4017 3264//3264 2975//2975
f 3049//3049 3434//3434 3031//3031
f 3739//3739 3434//3434 3049//3049
f 5576//5576 3736//3736 4349//4349
f 3739//3739 3737//3737 3434//3434
f 3028//3028 3938//3938 3713//3713
f 3938//3938 3028//3028 3945//3945
f 3028//3028 3738//3738 3945//3945
f 3945//3945 3738//3738 3223//3223
f 3223//3223 3738//3738 3221//3221
f 3080//3080 3739//3739 3055//3055
f 3226//3226 3373//3373 3308//3308
f 3097//3097 4606//4606 2802//2802
f 3101//3101 5064//5064 3208//3208
f 3073//3073 3114//3114 3740//3740
f 3208//3208 3740//3740 3114//3114
f 3346//3346 3073//3073 3740//3740
f 3741//3741 3740//3740 3208//3208
f 3740//3740 3741//3741 3346//3346
f 3346//3346 3742//3742 3378//3378
f 3945//3945 3223//3223 3358//3358
f 3866//3866 3358//3358 3538//3538
f 3364//3364 3358//3358 3223//3223
f 3814//3814 3719//3719 3553//3553
f 3899//3899 3874//3874 3867//3867
f 3876//3876 4116//4116 3874//3874
f 4116//4116 3876//3876 3960//3960
f 3869//3869 4523//4523 4527//4527
f 3899//3899 3876//3876 3874//3874
f 3540//3540 4446//4446 3464//3464
f 4446//4446 3540//3540 4297//4297
f 3899//3899 3877//3877 3876//3876
f 4200//4200 3869//3869 4527//4527
f 3888//3888 3746//3746 3886//3886
f 3538//3538 3364//3364 4356//4356
f 3330//3330 3762//3762 4124//4124
f 3538//3538 3872//3872 3506//3506
f 3872//3872 4365//4365 4203//4203
f 4045//4045 3845//3845 3905//3905
f 4045//4045 3905//3905 3904//3904
f 3894//3894 4314//4314 3539//3539
f 3845//3845 3890//3890 3905//3905
f 4281//4281 3744//3744 3635//3635
f 3330//3330 3545//3545 3762//3762
f 4314//4314 3542//3542 3539//3539
f 3749//3749 4488//4488 4490//4490
f 4490//4490 4488//4488 3889//3889
f 3758//3758 3902//3902 3757//3757
f 4585//4585 3890//3890 3924//3924
f 3757//3757 3880//3880 4769//4769
f 3758//3758 3757//3757 4769//4769
f 3667//3667 3882//3882 3710//3710
f 3542//3542 4314//4314 3750//3750
f 3897//3897 3906//3906 4855//4855
f 4998//4998 3448//3448 3871//3871
f 4326//4326 3904//3904 3905//3905
f 3450//3450 3871//3871 3448//3448
f 3748//3748 3694//3694 3702//3702
f 3867//3867 3757//3757 3902//3902
f 3542//3542 3750//3750 3913//3913
f 3867//3867 3902//3902 3899//3899
f 4360//4360 3871//3871 3450//3450
f 4360//4360 3450//3450 3420//3420
f 3139//3139 3549//3549 4734//4734
f 4734//4734 3549//3549 3251//3251
f 4426//4426 3907//3907 3908//3908
f 3043//3043 3189//3189 3745//3745
f 4377//4377 4734//4734 3251//3251
f 3694//3694 3748//3748 3882//3882
f 3689//3689 3491//3491 3589//3589
f 3907//3907 3554//3554 3908//3908
f 3879//3879 3043//3043 4804//4804
f 3766//3766 4327//4327 3598//3598
f 3905//3905 3890//3890 4326//4326
f 3542//3542 3913//3913 3972//3972
f 4634//4634 3766//3766 3598//3598
f 3899//3899 3902//3902 3877//3877
f 4377//4377 3551//3551 3466//3466
f 3902//3902 3903//3903 3877//3877
f 3191//3191 3879//3879 5049//5049
f 3545//3545 3058//3058 3554//3554
f 3466//3466 3551//3551 3402//3402
f 3890//3890 3918//3918 4326//4326
f 3758//3758 3903//3903 3902//3902
f 3357//3357 3900//3900 4281//4281
f 3421//3421 3892//3892 3402//3402
f 3915//3915 3908//3908 3554//3554
f 3911//3911 4322//4322 4502//4502
f 4326//4326 3918//3918 3571//3571
f 3542//3542 3972//3972 3552//3552
f 3211//3211 3710//3710 3900//3900
f 4265//4265 3467//3467 2815//2815
f 3357//3357 3211//3211 3900//3900
f 3929//3929 4426//4426 3908//3908
f 3193//3193 5073//5073 2816//2816
f 3750//3750 3937//3937 3913//3913
f 3281//3281 5073//5073 3193//3193
f 4322//4322 3911//3911 3845//3845
f 3285//3285 3865//3865 4254//4254
f 3750//3750 4352//4352 3937//3937
f 3890//3890 3845//3845 3911//3911
f 3911//3911 3924//3924 3890//3890
f 3752//3752 4498//4498 3468//3468
f 3571//3571 3920//3920 3747//3747
f 4519//4519 3911//3911 4502//4502
f 3098//3098 3926//3926 3578//3578
f 3499//3499 3884//3884 3507//3507
f 3870//3870 4827//4827 3195//3195
f 3913//3913 3937//3937 3944//3944
f 3918//3918 3920//3920 3571//3571
f 3770//3770 3507//3507 3884//3884
f 3929//3929 3580//3580 4328//4328
f 3842//3842 3912//3912 4516//4516
f 3783//3783 3761//3761 3195//3195
f 3920//3920 3918//3918 4348//4348
f 3710//3710 3882//3882 3056//3056
f 3421//3421 3424//3424 5303//5303
f 3918//3918 4178//4178 4348//4348
f 3005//3005 4970//4970 3771//3771
f 4329//4329 3580//3580 3926//3926
f 3205//3205 3507//3507 3770//3770
f 3882//3882 3936//3936 2987//2987
f 2988//2988 2987//2987 3936//3936
f 3005//3005 3771//3771 3165//3165
f 3771//3771 2709//2709 3165//3165
f 4415//4415 3773//3773 3927//3927
f 3927//3927 3930//3930 4513//4513
f 3713//3713 3748//3748 3426//3426
f 3891//3891 4142//4142 4166//4166
f 3886//3886 3944//3944 3815//3815
f 4140//4140 3887//3887 3556//3556
f 4352//4352 3815//3815 3944//3944
f 4352//4352 3944//3944 3937//3937
f 3938//3938 3748//3748 3713//3713
f 3956//3956 3930//3930 3927//3927
f 3631//3631 3210//3210 3895//3895
f 3927//3927 3773//3773 3956//3956
f 4422//4422 3885//3885 3668//3668
f 3921//3921 4457//4457 3914//3914
f 4505//4505 2970//2970 3910//3910
f 3926//3926 3098//3098 3600//3600
f 3944//3944 3886//3886 3998//3998
f 4345//4345 4328//4328 3926//3926
f 4345//4345 3926//3926 3600//3600
f 4457//4457 3921//3921 3928//3928
f 3913//3913 3944//3944 3972//3972
f 3747//3747 3941//3941 3804//3804
f 3558//3558 3972//3972 3944//3944
f 3747//3747 3975//3975 3941//3941
f 3471//3471 3921//3921 2947//2947
f 3928//3928 3921//3921 3471//3471
f 3896//3896 3465//3465 4159//4159
f 3776//3776 3975//3975 3747//3747
f 3511//3511 3784//3784 3492//3492
f 4526//4526 3938//3938 3945//3945
f 3784//3784 4528//4528 3492//3492
f 3552//3552 3972//3972 3558//3558
f 3566//3566 4428//4428 3285//3285
f 4528//4528 4865//4865 3492//3492
f 3681//3681 3967//3967 3219//3219
f 3492//3492 4532//4532 3977//3977
f 4865//4865 4532//4532 3492//3492
f 4044//4044 4526//4526 3945//3945
f 3566//3566 3197//3197 5144//5144
f 3168//3168 3928//3928 3471//3471
f 3778//3778 3928//3928 3168//3168
f 3778//3778 3168//3168 3780//3780
f 4435//4435 3501//3501 2836//2836
f 4400//4400 3778//3778 3474//3474
f 3566//3566 5144//5144 3501//3501
f 3889//3889 3947//3947 3777//3777
f 3893//3893 4386//4386 3685//3685
f 3725//3725 3635//3635 3493//3493
f 3955//3955 3635//3635 3725//3725
f 4401//4401 3474//3474 3603//3603
f 5144//5144 3555//3555 3503//3503
f 3787//3787 4532//4532 3956//3956
f 3015//3015 3778//3778 3780//3780
f 3789//3789 4408//4408 4386//4386
f 4386//4386 4408//4408 3685//3685
f 3605//3605 4345//4345 3600//3600
f 3950//3950 4345//4345 3605//3605
f 3947//3947 4552//4552 3544//3544
f 3787//3787 3956//3956 3773//3773
f 3501//3501 5144//5144 3503//3503
f 3935//3935 3027//3027 3478//3478
f 3935//3935 3478//3478 3297//3297
f 4510//4510 3476//3476 3613//3613
f 3960//3960 3876//3876 3966//3966
f 4552//4552 3980//3980 3544//3544
f 3606//3606 3950//3950 3605//3605
f 3476//3476 3950//3950 3606//3606
f 3613//3613 4071//4071 4510//4510
f 3206//3206 5767//5767 3047//3047
f 2935//2935 3901//3901 3765//3765
f 3767//3767 3479//3479 3613//3613
f 5700//5700 5400//5400 3316//3316
f 2733//2733 3942//3942 5647//5647
f 3966//3966 3792//3792 3968//3968
f 3430//3430 4350//4350 3621//3621
f 3429//3429 4350//4350 3430//3430
f 3828//3828 5149//5149 3640//3640
f 3398//3398 3954//3954 3229//3229
f 4447//4447 3316//3316 5400//5400
f 3470//3470 4756//4756 3581//3581
f 3544//3544 4242//4242 3947//3947
f 4756//4756 3470//3470 3754//3754
f 3544//3544 3581//3581 4242//4242
f 3984//3984 4532//4532 3787//3787
f 3754//3754 3470//3470 3949//3949
f 3319//3319 3917//3917 3577//3577
f 4242//4242 3581//3581 4756//4756
f 3977//3977 4532//4532 4537//4537
f 3213//3213 4826//4826 2793//2793
f 4290//4290 3759//3759 3992//3992
f 4723//4723 3213//3213 3299//3299
f 3213//3213 4723//4723 4826//4826
f 4007//4007 3944//3944 3998//3998
f 4532//4532 3984//3984 4537//4537
f 2820//2820 3120//3120 3959//3959
f 4555//4555 3953//3953 3581//3581
f 3581//3581 4392//4392 4395//4395
f 3220//3220 3775//3775 2939//2939
f 2939//2939 3775//3775 3105//3105
f 3792//3792 3985//3985 3968//3968
f 3919//3919 3922//3922 3916//3916
f 3922//3922 3919//3919 4448//4448
f 4538//4538 3984//3984 3968//3968
f 3980//3980 4555//4555 3544//3544
f 3581//3581 3953//3953 4392//4392
f 3755//3755 3635//3635 3744//3744
f 4537//4537 3984//3984 3989//3989
f 3119//3119 3775//3775 5589//5589
f 4518//4518 4450//4450 4448//4448
f 3984//3984 4538//4538 3989//3989
f 3985//3985 4538//4538 3968//3968
f 3558//3558 3944//3944 3591//3591
f 3084//3084 4761//4761 2943//2943
f 4393//4393 4392//4392 4389//4389
f 5589//5589 3781//3781 3119//3119
f 3925//3925 3922//3922 4432//4432
f 3786//3786 3550//3550 3835//3835
f 2943//2943 5771//5771 4983//4983
f 4290//4290 4168//4168 3759//3759
f 3944//3944 4007//4007 3591//3591
f 4983//4983 4664//4664 3092//3092
f 4432//4432 4448//4448 3925//3925
f 4204//4204 3762//3762 3961//3961
f 4518//4518 4522//4522 4450//4450
f 3648//3648 4414//4414 4011//4011
f 3203//3203 3788//3788 3320//3320
f 3806//3806 3806//3806 3807//3807
f 3806//3806 4144//4144 3806//3806
f 3806//3806 4144//4144 3637//3637
f 3637//3637 4144//4144 4667//4667
f 4667//4667 4144//4144 3806//3806
f 4436//4436 4145//4145 2788//2788
f 2788//2788 4145//4145 3637//3637
f 3637//3637 4145//4145 3806//3806
f 3806//3806 4145//4145 3807//3807
f 3807//3807 4145//4145 4436//4436
f 3320//3320 3788//3788 3380//3380
f 3637//3637 4990//4990 3638//3638
f 3215//3215 4826//4826 4829//4829
f 4829//4829 3769//3769 3215//3215
f 3656//3656 3973//3973 3323//3323
f 3638//3638 4990//4990 3494//3494
f 3493//3493 3635//3635 3755//3755
f 4522//4522 3429//3429 4450//4450
f 3347//3347 3495//3495 4767//4767
f 4767//4767 5790//5790 3347//3347
f 4450//4450 3429//3429 4457//4457
f 4829//4829 3217//3217 3769//3769
f 4155//4155 4363//4363 4340//4340
f 5077//5077 4312//4312 3147//3147
f 4323//4323 3907//3907 4423//4423
f 4457//4457 3429//3429 3914//3914
f 2845//2845 5674//5674 3496//3496
f 3528//3528 3585//3585 3931//3931
f 3925//3925 4448//4448 4444//4444
f 3998//3998 3886//3886 4000//4000
f 4272//4272 4688//4688 2640//2640
f 3940//3940 3931//3931 3585//3585
f 3568//3568 4138//4138 3550//3550
f 3204//3204 4138//4138 3568//3568
f 3746//3746 4000//4000 3886//3886
f 3239//3239 3819//3819 5135//5135
f 4870//4870 3999//3999 3582//3582
f 4541//4541 4870//4870 3582//3582
f 3582//3582 3999//3999 4008//4008
f 3239//3239 5135//5135 3497//3497
f 2797//2797 3819//3819 3239//3239
f 3380//3380 3788//3788 3369//3369
f 3497//3497 5137//5137 3240//3240
f 3755//3755 4286//4286 3493//3493
f 3572//3572 4272//4272 3305//3305
f 4426//4426 3929//3929 4434//4434
f 2860//2860 5137//5137 5566//5566
f 3108//3108 4669//4669 3963//3963
f 3759//3759 3951//3951 3992//3992
f 2696//2696 3232//3232 5097//5097
f 3964//3964 3965//3965 3022//3022
f 3999//3999 3511//3511 4008//4008
f 3585//3585 3933//3933 3940//3940
f 2696//2696 3946//3946 2927//2927
f 3382//3382 5292//5292 3656//3656
f 4138//4138 3204//3204 4058//4058
f 3793//3793 3987//3987 3975//3975
f 3793//3793 3975//3975 3776//3776
f 3572//3572 3567//3567 3327//3327
f 3983//3983 4164//4164 3395//3395
f 3798//3798 3987//3987 3793//3793
f 3998//3998 4000//4000 4003//4003
f 4010//4010 3583//3583 4012//4012
f 3235//3235 4274//4274 3157//3157
f 4408//4408 3812//3812 3690//3690
f 4010//4010 4541//4541 3583//3583
f 3998//3998 4003//4003 4007//4007
f 3764//3764 3395//3395 4164//4164
f 3791//3791 3795//3795 3564//3564
f 4689//4689 3235//3235 3488//3488
f 4408//4408 4261//4261 3812//3812
f 3582//3582 3583//3583 4541//4541
f 4658//4658 4029//4029 3795//3795
f 2706//2706 5714//5714 5721//5721
f 4007//4007 4003//4003 4405//4405
f 3971//3971 3970//3970 2726//2726
f 3983//3983 3493//3493 4286//4286
f 2483//2483 5151//5151 3837//3837
f 4031//4031 3795//3795 4029//4029
f 4388//4388 4721//4721 3228//3228
f 3585//3585 3934//3934 3933//3933
f 5309//5309 4388//4388 2508//2508
f 3795//3795 4031//4031 3799//3799
f 6111//6111 4690//4690 3588//3588
f 2358//2358 3244//3244 6111//6111
f 4267//4267 3230//3230 3698//3698
f 4461//4461 3611//3611 3987//3987
f 3230//3230 4267//4267 3712//3712
f 3591//3591 4007//4007 4405//4405
f 3989//3989 3977//3977 4537//4537
f 3779//3779 3969//3969 4390//4390
f 4163//4163 3593//3593 4162//4162
f 5004//5004 3004//3004 5158//5158
f 2927//2927 3946//3946 3808//3808
f 4559//4559 5294//5294 3634//3634
f 3977//3977 3989//3989 3590//3590
f 3793//3793 4461//4461 3798//3798
f 4045//4045 4042//4042 3845//3845
f 4405//4405 4021//4021 3591//3591
f 3997//3997 4461//4461 3793//3793
f 2881//2881 3986//3986 5013//5013
f 3772//3772 4286//4286 3755//3755
f 3983//3983 4286//4286 4164//4164
f 3591//3591 4021//4021 4023//4023
f 3298//3298 4739//4739 3673//3673
f 3594//3594 4163//4163 4307//4307
f 3868//3868 4239//4239 3534//3534
f 4032//4032 4409//4409 3768//3768
f 4032//4032 4416//4416 4021//4021
f 4023//4023 4021//4021 4416//4416
f 4307//4307 3962//3962 3594//3594
f 4723//4723 3299//3299 3962//3962
f 3846//3846 3847//3847 5160//5160
f 4326//4326 4049//4049 4562//4562
f 5160//5160 3514//3514 3846//3846
f 4049//4049 4326//4326 4052//4052
f 3608//3608 3609//3609 3655//3655
f 4416//4416 4621//4621 3609//3609
f 3609//3609 4835//4835 4199//4199
f 3590//3590 4872//4872 3809//3809
f 3172//3172 5110//5110 5109//5109
f 3655//3655 3609//3609 4199//4199
f 3957//3957 3952//3952 3940//3940
f 4977//4977 2934//2934 5275//5275
f 3997//3997 4627//4627 4629//4629
f 4485//4485 3967//3967 3681//3681
f 3227//3227 3982//3982 3681//3681
f 3011//3011 2933//2933 4579//4579
f 5069//5069 3646//3646 3811//3811
f 2934//2934 3011//3011 5275//5275
f 3472//3472 5629//5629 4052//4052
f 4170//4170 3011//3011 4579//4579
f 4543//4543 4019//4019 3774//3774
f 4043//4043 3646//3646 4419//4419
f 4705//4705 3774//3774 4020//4020
f 3774//3774 4019//4019 4020//4020
f 3472//3472 4052//4052 3804//3804
f 4043//4043 4626//4626 3641//3641
f 4419//4419 4626//4626 4043//4043
f 4027//4027 4020//4020 4019//4019
f 3010//3010 5008//5008 3245//3245
f 3641//3641 4626//4626 4421//4421
f 5057//5057 4626//4626 4419//4419
f 3362//3362 2833//2833 4726//4726
f 3732//3732 4022//4022 4013//4013
f 3256//3256 4421//4421 4964//4964
f 4964//4964 4845//4845 3256//3256
f 3254//3254 3362//3362 4726//4726
f 3472//3472 3804//3804 4072//4072
f 5305//5305 3012//3012 3522//3522
f 3732//3732 4025//4025 4027//4027
f 5110//5110 3172//3172 3254//3254
f 4845//4845 5367//5367 3652//3652
f 3472//3472 4072//4072 4057//4057
f 3992//3992 3951//3951 3991//3991
f 4485//4485 3681//3681 3982//3982
f 4449//4449 5196//5196 2710//2710
f 4030//4030 4044//4044 4037//4037
f 4073//4073 3989//3989 4538//4538
f 3611//3611 4024//4024 3628//3628
f 3818//3818 2658//2658 5196//5196
f 4692//4692 4289//4289 3671//3671
f 3336//3336 4692//4692 3671//3671
f 5781//5781 4692//4692 3336//3336
f 3628//3628 4024//4024 4038//4038
f 3358//3358 4044//4044 3945//3945
f 3611//3611 4461//4461 4024//4024
f 4461//4461 3997//3997 4024//4024
f 4037//4037 4044//4044 3734//3734
f 3473//3473 3898//3898 3574//3574
f 3734//3734 4044//4044 3866//3866
f 3866//3866 4044//4044 3358//3358
f 4024//4024 3997//3997 4814//4814
f 3390//3390 3717//3717 5461//5461
f 4037//4037 3508//3508 4030//4030
f 3877//3877 3966//3966 3876//3876
f 3966//3966 3877//3877 3792//3792
f 3592//3592 3792//3792 3877//3877
f 4062//4062 3684//3684 6078//6078
f 3903//3903 3592//3592 3877//3877
f 3717//3717 3050//3050 5461//5461
f 3706//3706 5781//5781 3336//3336
f 3506//3506 4037//4037 3734//3734
f 4638//4638 4219//4219 3480//3480
f 3506//3506 3866//3866 3538//3538
f 3535//3535 5885//5885 4039//4039
f 4024//4024 4486//4486 4036//4036
f 4171//4171 3872//3872 4203//4203
f 3792//3792 3592//3592 4046//4046
f 3659//3659 5311//5311 4445//4445
f 4020//4020 4027//4027 4707//4707
f 4038//4038 4024//4024 4036//4036
f 4707//4707 4027//4027 4321//4321
f 4027//4027 4025//4025 4321//4321
f 5407//5407 4324//4324 3328//3328
f 3189//3189 2595//2595 2735//2735
f 3733//3733 4069//4069 4175//4175
f 2825//2825 3438//3438 3666//3666
f 3672//3672 3675//3675 2878//2878
f 3645//3645 4036//4036 3884//3884
f 3059//3059 5744//5744 2969//2969
f 4054//4054 4046//4046 3592//3592
f 4054//4054 3592//3592 3903//3903
f 3903//3903 3909//3909 4054//4054
f 3997//3997 4629//4629 4814//4814
f 3340//3340 5744//5744 3059//3059
f 3675//3675 3852//3852 3516//3516
f 3561//3561 3262//3262 3668//3668
f 3668//3668 3885//3885 3561//3561
f 4036//4036 3805//3805 3884//3884
f 3794//3794 3473//3473 3976//3976
f 3679//3679 3988//3988 3986//3986
f 5333//5333 5199//5199 4866//4866
f 4477//4477 3988//3988 3679//3679
f 3034//3034 4477//4477 3679//3679
f 3477//3477 3976//3976 3574//3574
f 3519//3519 3854//3854 3034//3034
f 4015//4015 3785//3785 3992//3992
f 4434//4434 3929//3929 3939//3939
f 3992//3992 3991//3991 4015//4015
f 3519//3519 3135//3135 5180//5180
f 4046//4046 4054//4054 3817//3817
f 3929//3929 4328//4328 3939//3939
f 3680//3680 3856//3856 3135//3135
f 3135//3135 3856//3856 3990//3990
f 3817//3817 4054//4054 4554//4554
f 3384//3384 3340//3340 3625//3625
f 4196//4196 3340//3340 3384//3384
f 3790//3790 3991//3991 4390//4390
f 3383//3383 5182//5182 3680//3680
f 3574//3574 3796//3796 3595//3595
f 2671//2671 4566//4566 2754//2754
f 3384//3384 3626//3626 4196//4196
f 3995//3995 4566//4566 2671//2671
f 4788//4788 4196//4196 3626//3626
f 4788//4788 3626//3626 3627//3627
f 2671//2671 2890//2890 3995//3995
f 2890//2890 3265//3265 3996//3996
f 3996//3996 3995//3995 2890//2890
f 4072//4072 3941//3941 3975//3975
f 3796//3796 3993//3993 3595//3595
f 4063//4063 4054//4054 3909//3909
f 3720//3720 4719//4719 3716//3716
f 2890//2890 3035//3035 3265//3265
f 3526//3526 4001//4001 3035//3035
f 4719//4719 3720//3720 3719//3719
f 3688//3688 4001//4001 3526//3526
f 4077//4077 4161//4161 4080//4080
f 3714//3714 4471//4471 2875//2875
f 4869//4869 3416//3416 5199//5199
f 4343//4343 3663//3663 4230//4230
f 5022//5022 5197//5197 3523//3523
f 3939//3939 4060//4060 3813//3813
f 4275//4275 3982//3982 3227//3227
f 4712//4712 3733//3733 4175//4175
f 4060//4060 3939//3939 3950//3950
f 2814//2814 2812//2812 4473//4473
f 3529//3529 4002//4002 3523//3523
f 4782//4782 4473//4473 2812//2812
f 3663//3663 5544//5544 4995//4995
f 3950//3950 3476//3476 4060//4060
f 3696//3696 3391//3391 5197//5197
f 5197//5197 3391//3391 4004//4004
f 3391//3391 3696//3696 4004//4004
f 4074//4074 3827//3827 4076//4076
f 3151//3151 4005//4005 3391//3391
f 4275//4275 3537//3537 3727//3727
f 4055//4055 4065//4065 4061//4061
f 3827//3827 4077//4077 4080//4080
f 4006//4006 4484//4484 2588//2588
f 4055//4055 4064//4064 4065//4065
f 4280//4280 5599//5599 3274//3274
f 4249//4249 4061//4061 4065//4065
f 4249//4249 4065//4065 4067//4067
f 3274//3274 5031//5031 3697//3697
f 4504//4504 4675//4675 3428//3428
f 4080//4080 4292//4292 3827//3827
f 2841//2841 3156//3156 3864//3864
f 4067//4067 4065//4065 4068//4068
f 4065//4065 4512//4512 4068//4068
f 4064//4064 3813//3813 3651//3651
f 3864//3864 2593//2593 5493//5493
f 3700//3700 2593//2593 3864//3864
f 3813//3813 4060//4060 3651//3651
f 3683//3683 4161//4161 3833//3833
f 4009//4009 5322//5322 4493//4493
f 4060//4060 4071//4071 3651//3651
f 3477//3477 3624//3624 4406//4406
f 4512//4512 4065//4065 4064//4064
f 3651//3651 4512//4512 4064//4064
f 3624//3624 3196//3196 4406//4406
f 4018//4018 2771//2771 4494//4494
f 4512//4512 3651//3651 4078//4078
f 4462//4462 4086//4086 4191//4191
f 4462//4462 3858//3858 4086//4086
f 3858//3858 3912//3912 4086//4086
f 4390//4390 4391//4391 3790//3790
f 4171//4171 4203//4203 5371//5371
f 3803//3803 3224//3224 5169//5169
f 3991//3991 3790//3790 4015//4015
f 3976//3976 4439//4439 4014//4014
f 4014//4014 4439//4439 4442//4442
f 4863//4863 3802//3802 3115//3115
f 4078//4078 4082//4082 4075//4075
f 3115//3115 3802//3802 2930//2930
f 4079//4079 4082//4082 4078//4078
f 3976//3976 3477//3477 4439//4439
f 4439//4439 3477//3477 3800//3800
f 4337//4337 3023//3023 4588//4588
f 4522//4522 4082//4082 4079//4079
f 3993//3993 3633//3633 3595//3595
f 3993//3993 3923//3923 3633//3633
f 3923//3923 4033//4033 3633//3633
f 5299//5299 3520//3520 3663//3663
f 4086//4086 3912//3912 3842//3842
f 3647//3647 3832//3832 3820//3820
f 4086//4086 3842//3842 4325//4325
f 4308//4308 3683//3683 4708//4708
f 4563//4563 4073//4073 4538//4538
f 4308//4308 4186//4186 4080//4080
f 4033//4033 3943//3943 4034//4034
f 3097//3097 4185//4185 4947//4947
f 3633//3633 4034//4034 4611//4611
f 4041//4041 3618//3618 3979//3979
f 3952//3952 3979//3979 3801//3801
f 3979//3979 3952//3952 3981//3981
f 3841//3841 4360//4360 3420//3420
f 5064//5064 2802//2802 6063//6063
f 3957//3957 3981//3981 3952//3952
f 3843//3843 4788//4788 3248//3248
f 3957//3957 3958//3958 3981//3981
f 4236//4236 3843//3843 3248//3248
f 3208//3208 5064//5064 3741//3741
f 3979//3979 3981//3981 4041//4041
f 3741//3741 3742//3742 3346//3346
f 4090//4090 4095//4095 4794//4794
f 4091//4091 4089//4089 4548//4548
f 4613//4613 3821//3821 3533//3533
f 5184//5184 4282//4282 4085//4085
f 4026//4026 3436//3436 4239//4239
f 3358//3358 3364//3364 3538//3538
f 3830//3830 3460//3460 3831//3831
f 4085//4085 3824//3824 4098//4098
f 3853//3853 4095//4095 4209//4209
f 4090//4090 4209//4209 4095//4095
f 4059//4059 4172//4172 4808//4808
f 4085//4085 4098//4098 4096//4096
f 4808//4808 4070//4070 4059//4059
f 4093//4093 4553//4553 4097//4097
f 4102//4102 4104//4104 4412//4412
f 4106//4106 4754//4754 4102//4102
f 3859//3859 4106//4106 3691//3691
f 4107//4107 3691//3691 4106//4106
f 4149//4149 4119//4119 3838//3838
f 4102//4102 4412//4412 4107//4107
f 4107//4107 4106//4106 4102//4102
f 4093//4093 3674//3674 4105//4105
f 4243//4243 4108//4108 4424//4424
f 4093//4093 4097//4097 3674//3674
f 4041//4041 3614//3614 3618//3618
f 3614//3614 4041//4041 4028//4028
f 3469//3469 4478//4478 4056//4056
f 4097//4097 3838//3838 4112//4112
f 4112//4112 3674//3674 4097//4097
f 4415//4415 4250//4250 4107//4107
f 3824//3824 4100//4100 4098//4098
f 4745//4745 3880//3880 4110//4110
f 4110//4110 3880//3880 3757//3757
f 3601//3601 4056//4056 4478//4478
f 4110//4110 3757//3757 4420//4420
f 4028//4028 4041//4041 4081//4081
f 3601//3601 4478//4478 4084//4084
f 4112//4112 3838//3838 4109//4109
f 4424//4424 4108//4108 3509//3509
f 4108//4108 4597//4597 3509//3509
f 4424//4424 3509//3509 4113//4113
f 4116//4116 3509//3509 4597//4597
f 4115//4115 4116//4116 3960//3960
f 4041//4041 3981//3981 3958//3958
f 3674//3674 4112//4112 3682//3682
f 4112//4112 4109//4109 3682//3682
f 3958//3958 3810//3810 4041//4041
f 4070//4070 4808//4808 3869//3869
f 5179//5179 3810//3810 3958//3958
f 3839//3839 4177//4177 3840//3840
f 3810//3810 4048//4048 4088//4088
f 3601//3601 4084//4084 3214//3214
f 4084//4084 3894//3894 3214//3214
f 3894//3894 4084//4084 4087//4087
f 4109//4109 4119//4119 3851//3851
f 4041//4041 4088//4088 4081//4081
f 4041//4041 3810//3810 4088//4088
f 4114//4114 4569//4569 4117//4117
f 3820//3820 4506//4506 3647//3647
f 3214//3214 3894//3894 3489//3489
f 3489//3489 3894//3894 3539//3539
f 4081//4081 4088//4088 4139//4139
f 4333//4333 3632//3632 3850//3850
f 3647//3647 4507//4507 3832//3832
f 4152//4152 4126//4126 3851//3851
f 4978//4978 4339//4339 4601//4601
f 3894//3894 4087//4087 4094//4094
f 4088//4088 4048//4048 4092//4092
f 4314//4314 3894//3894 4094//4094
f 4139//4139 4088//4088 4092//4092
f 4215//4215 3855//3855 4354//4354
f 4354//4354 4787//4787 4215//4215
f 4124//4124 3687//3687 3315//3315
f 4794//4794 4121//4121 4090//4090
f 4126//4126 3502//3502 3682//3682
f 4121//4121 4354//4354 3855//3855
f 4128//4128 3502//3502 4126//4126
f 4352//4352 3750//3750 4366//4366
f 4354//4354 4121//4121 4217//4217
f 4121//4121 4225//4225 4217//4217
f 4126//4126 4152//4152 4128//4128
f 3815//3815 4366//4366 3886//3886
f 4354//4354 4217//4217 4791//4791
f 4133//4133 4354//4354 4791//4791
f 3701//3701 3510//3510 3703//3703
f 3510//3510 4128//4128 4152//4152
f 3510//3510 4152//4152 3703//3703
f 3860//3860 4361//4361 4372//4372
f 4361//4361 4129//4129 4372//4372
f 4101//4101 3528//3528 4362//4362
f 3528//3528 4129//4129 4361//4361
f 4099//4099 4096//4096 4098//4098
f 3931//3931 4130//4130 3528//3528
f 4225//4225 3860//3860 4374//4374
f 3860//3860 4133//4133 4374//4374
f 4099//4099 4103//4103 4096//4096
f 4129//4129 3860//3860 4372//4372
f 3860//3860 4129//4129 4133//4133
f 4791//4791 4374//4374 4133//4133
f 4131//4131 4376//4376 4129//4129
f 4103//4103 4099//4099 4492//4492
f 4130//4130 4131//4131 4129//4129
f 3528//3528 4130//4130 4129//4129
f 4483//4483 4103//4103 4492//4492
f 4098//4098 4100//4100 4099//4099
f 4378//4378 4131//4131 4130//4130
f 4129//4129 4376//4376 4133//4133
f 4499//4499 4099//4099 4100//4100
f 4988//4988 4376//4376 4131//4131
f 4100//4100 4933//4933 3835//3835
f 4131//4131 4378//4378 3979//3979
f 4123//4123 4100//4100 3835//3835
f 3801//3801 3979//3979 4378//4378
f 3618//3618 4988//4988 4131//4131
f 3863//3863 4988//4988 3618//3618
f 4131//4131 3979//3979 3618//3618
f 4499//4499 4123//4123 4122//4122
f 3863//3863 3618//3618 3640//3640
f 4123//4123 3835//3835 3550//3550
f 4122//4122 4123//4123 4132//4132
f 3630//3630 3530//3530 4137//4137
f 3550//3550 4132//4132 4123//4123
f 3632//3632 5104//5104 3849//3849
f 3630//3630 5104//5104 3530//3530
f 3632//3632 3530//3530 5104//5104
f 4333//4333 4816//4816 3632//3632
f 3530//3530 3632//3632 3865//3865
f 4048//4048 4125//4125 4127//4127
f 4127//4127 4125//4125 4514//4514
f 4254//4254 4253//4253 3192//3192
f 4127//4127 4092//4092 4048//4048
f 4514//4514 4141//4141 4127//4127
f 4141//4141 3718//3718 4127//4127
f 4134//4134 4141//4141 4514//4514
f 4132//4132 3550//3550 4138//4138
f 4135//4135 4141//4141 4134//4134
f 4134//4134 4136//4136 4135//4135
f 4135//4135 4138//4138 3881//3881
f 4135//4135 4136//4136 4138//4138
f 4138//4138 4058//4058 3881//3881
f 4568//4568 3828//3828 3643//3643
f 4028//4028 4081//4081 4139//4139
f 3669//3669 4139//4139 3705//3705
f 3705//3705 4139//4139 4092//4092
f 3356//3356 3711//3711 3252//3252
f 3556//3556 3257//3257 4140//4140
f 4092//4092 4127//4127 3693//3693
f 3693//3693 4127//4127 3718//3718
f 3718//3718 4141//4141 3724//3724
f 3541//3541 3836//3836 3724//3724
f 3881//3881 3541//3541 4135//4135
f 4141//4141 4135//4135 3541//3541
f 4150//4150 4373//4373 3464//3464
f 3464//3464 4373//4373 3540//3540
f 4158//4158 4644//4644 4487//4487
f 3822//3822 3460//3460 3830//3830
f 3460//3460 3822//3822 4148//4148
f 3460//3460 4148//4148 4154//4154
f 4152//4152 3851//3851 4119//4119
f 4119//4119 4149//4149 4152//4152
f 3703//3703 4152//4152 3463//3463
f 3459//3459 4962//4962 4150//4150
f 3459//3459 4150//4150 3464//3464
f 4644//4644 4158//4158 5190//5190
f 5190//5190 4158//4158 4151//4151
f 5190//5190 4151//4151 4146//4146
f 4146//4146 4151//4151 4154//4154
f 4146//4146 4154//4154 4938//4938
f 4938//4938 4154//4154 4148//4148
f 4159//4159 3898//3898 3896//3896
f 4159//4159 3796//3796 3898//3898
f 4155//4155 3796//3796 4159//4159
f 4159//4159 4153//4153 4155//4155
f 3570//3570 4155//4155 4153//4153
f 4155//4155 3570//3570 4363//4363
f 3906//3906 3897//3897 4939//4939
f 4147//4147 3465//3465 4411//4411
f 3570//3570 4153//4153 5115//5115
f 4153//4153 4156//4156 5115//5115
f 4147//4147 4159//4159 3465//3465
f 4765//4765 5115//5115 4156//4156
f 4047//4047 4765//4765 4157//4157
f 3461//3461 4047//4047 4157//4157
f 3461//3461 4802//4802 4047//4047
f 4802//4802 3461//3461 4158//4158
f 2962//2962 3463//3463 3462//3462
f 4765//4765 4156//4156 4157//4157
f 4284//4284 5165//5165 4702//4702
f 4164//4164 4286//4286 4160//4160
f 4286//4286 3772//3772 4160//4160
f 3808//3808 3946//3946 4162//4162
f 3774//3774 5214//5214 3772//3772
f 4074//4074 4285//4285 3827//3827
f 5632//5632 6078//6078 3684//3684
f 3684//3684 5294//5294 5632//5632
f 4287//4287 4569//4569 4114//4114
f 3851//3851 3682//3682 4109//4109
f 3682//3682 3851//3851 4126//4126
f 4307//4307 4575//4575 3962//3962
f 4235//4235 3839//3839 4288//4288
f 3839//3839 4235//4235 4177//4177
f 4294//4294 5781//5781 3706//3706
f 4077//4077 3827//3827 5462//5462
f 3827//3827 4285//4285 5462//5462
f 4197//4197 4475//4475 4074//4074
f 5026//5026 4294//4294 3708//3708
f 4576//4576 3839//3839 3840//3840
f 4288//4288 3839//3839 5071//5071
f 4716//4716 4087//4087 4305//4305
f 4186//4186 4292//4292 4080//4080
f 4293//4293 5071//5071 3839//3839
f 4293//4293 3839//3839 4184//4184
f 3827//3827 4709//4709 4076//4076
f 4709//4709 3827//3827 4292//4292
f 3840//3840 4177//4177 4255//4255
f 4170//4170 5275//5275 3011//3011
f 4124//4124 4898//4898 3687//3687
f 4780//4780 4255//4255 4777//4777
f 3833//3833 5584//5584 4306//4306
f 4255//4255 4179//4179 3840//3840
f 3409//3409 4022//4022 4299//4299
f 4179//4179 4255//4255 4780//4780
f 4578//4578 4719//4719 3719//3719
f 2833//2833 4725//4725 4726//4726
f 3814//3814 4578//4578 3719//3719
f 4306//4306 5584//5584 4189//4189
f 4136//4136 4134//4134 4122//4122
f 3498//3498 4725//4725 2833//2833
f 4306//4306 4189//4189 4701//4701
f 3762//3762 4898//4898 4124//4124
f 5298//5298 4578//4578 3814//3814
f 3409//3409 3410//3410 4022//4022
f 3413//3413 4022//4022 3410//3410
f 3833//3833 4306//4306 3683//3683
f 4169//4169 4776//4776 4172//4172
f 4122//4122 4132//4132 4136//4136
f 4172//4172 4776//4776 4771//4771
f 4726//4726 5110//5110 3254//3254
f 4179//4179 4699//4699 3840//3840
f 4701//4701 3683//3683 4306//4306
f 3683//3683 4701//4701 4708//4708
f 4022//4022 3413//3413 4013//4013
f 4313//4313 3498//3498 4312//4312
f 3753//3753 4697//4697 4543//4543
f 4543//4543 4697//4697 4019//4019
f 4169//4169 4172//4172 4059//4059
f 4708//4708 4701//4701 4706//4706
f 4293//4293 4184//4184 4181//4181
f 4136//4136 4132//4132 4138//4138
f 4019//4019 4697//4697 3732//3732
f 3732//3732 4697//4697 4022//4022
f 4189//4189 4462//4462 4191//4191
f 3814//3814 3241//3241 5298//5298
f 4173//4173 5564//5564 3241//3241
f 4316//4316 4898//4898 3762//3762
f 3751//3751 4044//4044 4030//4030
f 4086//4086 4325//4325 4191//4191
f 4711//4711 4186//4186 4308//4308
f 3961//3961 3762//3762 4323//4323
f 3762//3762 3545//3545 4323//4323
f 4013//4013 3413//3413 4030//4030
f 3751//3751 4526//4526 4044//4044
f 3834//3834 5281//5281 3711//3711
f 4117//4117 4296//4296 4114//4114
f 3735//3735 4037//4037 5355//5355
f 3872//3872 5690//5690 3506//3506
f 3836//3836 4143//4143 3724//3724
f 3540//3540 4373//4373 4297//4297
f 3735//3735 4171//4171 4069//4069
f 4317//4317 4059//4059 4070//4070
f 4069//4069 4171//4171 5371//5371
f 4569//4569 4320//4320 4117//4117
f 4317//4317 4070//4070 4318//4318
f 4070//4070 3826//3826 4318//4318
f 4591//4591 4296//4296 4117//4117
f 4311//4311 4591//4591 4117//4117
f 4755//4755 4190//4190 4117//4117
f 4190//4190 4311//4311 4117//4117
f 4297//4297 4373//4373 4303//4303
f 4707//4707 4321//4321 5572//5572
f 4291//4291 4302//4302 4283//4283
f 4732//4732 4735//4735 4118//4118
f 4732//4732 4118//4118 4298//4298
f 4712//4712 4321//4321 4025//4025
f 4094//4094 4087//4087 4315//4315
f 3733//3733 4712//4712 4025//4025
f 4301//4301 4298//4298 4118//4118
f 4301//4301 4118//4118 5102//5102
f 3849//3849 4118//4118 4744//4744
f 5104//5104 4118//4118 3849//3849
f 4087//4087 4716//4716 4315//4315
f 4302//4302 4291//4291 4304//4304
f 4069//4069 4715//4715 4175//4175
f 4334//4334 4175//4175 4715//4715
f 4973//4973 3826//3826 4070//4070
f 4190//4190 4333//4333 4311//4311
f 4070//4070 3869//3869 4973//4973
f 5371//5371 4203//4203 5694//5694
f 4716//4716 4167//4167 4315//4315
f 3849//3849 4744//4744 3850//3850
f 5590//5590 3500//3500 3201//3201
f 4333//4333 3850//3850 4311//4311
f 3286//3286 5590//5590 3504//3504
f 4336//4336 3869//3869 4808//4808
f 4094//4094 4315//4315 4314//4314
f 2930//2930 3802//3802 4588//4588
f 3869//3869 4336//4336 4523//4523
f 4755//4755 4117//4117 4320//4320
f 4142//4142 4143//4143 4166//4166
f 4308//4308 4708//4708 4193//4193
f 4310//4310 4375//4375 4319//4319
f 5387//5387 3023//3023 4337//4337
f 4310//4310 4371//4371 4375//4375
f 4752//4752 4202//4202 4598//4598
f 4202//4202 4752//4752 4601//4601
f 3750//3750 4314//4314 4315//4315
f 5744//5744 5407//5407 2969//2969
f 5387//5387 4185//4185 2844//2844
f 4562//4562 3904//3904 4326//4326
f 4333//4333 4190//4190 4205//4205
f 4190//4190 4202//4202 4205//4205
f 4947//4947 4347//4347 3097//3097
f 4202//4202 4601//4601 4205//4205
f 5656//5656 3918//3918 3890//3890
f 4560//4560 4304//4304 4332//4332
f 4327//4327 4187//4187 3513//3513
f 3513//3513 4187//4187 3622//3622
f 3845//3845 4560//4560 4332//4332
f 4986//4986 6043//6043 3994//3994
f 3607//3607 5578//5578 4349//4349
f 4332//4332 4594//4594 3845//3845
f 3779//3779 4319//4319 4375//4375
f 4336//4336 4853//4853 4525//4525
f 3571//3571 3747//3747 4326//4326
f 3804//3804 4326//4326 3747//3747
f 4750//4750 4720//4720 4722//4722
f 3951//3951 4319//4319 3991//3991
f 6043//6043 3644//3644 3994//3994
f 3742//3742 3741//3741 5064//5064
f 4706//4706 4325//4325 4194//4194
f 4319//4319 3779//3779 4390//4390
f 3991//3991 4319//4319 4390//4390
f 4148//4148 3822//3822 4525//4525
f 4205//4205 4120//4120 4333//4333
f 3842//3842 4194//4194 4325//4325
f 3747//3747 3920//3920 4348//4348
f 3750//3750 4315//4315 4167//4167
f 4194//4194 3842//3842 4330//4330
f 4339//4339 4120//4120 4205//4205
f 4366//4366 3750//3750 4167//4167
f 4167//4167 4720//4720 4366//4366
f 4860//4860 4463//4463 4358//4358
f 4339//4339 4978//4978 4208//4208
f 3538//3538 4356//4356 4355//4355
f 4365//4365 4355//4355 4356//4356
f 4827//4827 4120//4120 4339//4339
f 4343//4343 5544//5544 3663//3663
f 3538//3538 4355//4355 3872//3872
f 4375//4375 4371//4371 3779//3779
f 4355//4355 4365//4365 3872//3872
f 4882//4882 4463//4463 4860//4860
f 4074//4074 4076//4076 4197//4197
f 3923//3923 3796//3796 4155//4155
f 4365//4365 4356//4356 4367//4367
f 4178//4178 4364//4364 4348//4348
f 3779//3779 4371//4371 3969//3969
f 4367//4367 4727//4727 4365//4365
f 4197//4197 4076//4076 4335//4335
f 4342//4342 4359//4359 3855//3855
f 4359//4359 4121//4121 3855//3855
f 4342//4342 3855//3855 4214//4214
f 3747//3747 4364//4364 3776//3776
f 3747//3747 4348//4348 4364//4364
f 3776//3776 4364//4364 4353//4353
f 3521//3521 6057//6057 3243//3243
f 3923//3923 3993//3993 3796//3796
f 4215//4215 4346//4346 4214//4214
f 3545//3545 3907//3907 4323//4323
f 4214//4214 3855//3855 4215//4215
f 4155//4155 4340//4340 3923//3923
f 4197//4197 4335//4335 4338//4338
f 3756//3756 4365//4365 4727//4727
f 4338//4338 4335//4335 4357//4357
f 4367//4367 3756//3756 4727//4727
f 3364//3364 4369//4369 4356//4356
f 4367//4367 4356//4356 4369//4369
f 4353//4353 4364//4364 4182//4182
f 3871//3871 4016//4016 4998//4998
f 3907//3907 3545//3545 3554//3554
f 4733//4733 4763//4763 4609//4609
f 3580//3580 4329//4329 4328//4328
f 5139//5139 4911//4911 4443//4443
f 4784//4784 4121//4121 4794//4794
f 3243//3243 4996//4996 3415//3415
f 4380//4380 4303//4303 4373//4373
f 4365//4365 5090//5090 4203//4203
f 5090//5090 4365//4365 3756//3756
f 4357//4357 4335//4335 4201//4201
f 4352//4352 4366//4366 3815//3815
f 3756//3756 4367//4367 5403//5403
f 4373//4373 4381//4381 4380//4380
f 4360//4360 3841//3841 4016//4016
f 3871//3871 4360//4360 4016//4016
f 4390//4390 3969//3969 4391//4391
f 3466//3466 3402//3402 3892//3892
f 4328//4328 4329//4329 3926//3926
f 4345//4345 4331//4331 4328//4328
f 3969//3969 4385//4385 4394//4394
f 4178//4178 5302//5302 4364//4364
f 3969//3969 4394//4394 4391//4391
f 4364//4364 5302//5302 4749//4749
f 3939//3939 4331//4331 3950//3950
f 4741//4741 4970//4970 3563//3563
f 4364//4364 4749//4749 4182//4182
f 4276//4276 4900//4900 4659//4659
f 4751//4751 4182//4182 4749//4749
f 4583//4583 4760//4760 5163//5163
f 3923//3923 4340//4340 4033//4033
f 4331//4331 4345//4345 3950//3950
f 5666//5666 3754//3754 5668//5668
f 5666//5666 4756//4756 3754//3754
f 3570//3570 4775//4775 4363//4363
f 4457//4457 3928//3928 4838//4838
f 4076//4076 4709//4709 4335//4335
f 4382//4382 4335//4335 4709//4709
f 3621//3621 3767//3767 3954//3954
f 4335//4335 4382//4382 4216//4216
f 3805//3805 3770//3770 3884//3884
f 3767//3767 3621//3621 4350//4350
f 4838//4838 3928//3928 4753//4753
f 4350//4350 3429//3429 4522//4522
f 4363//4363 4775//4775 4351//4351
f 3949//3949 3470//3470 4395//4395
f 2995//2995 3666//3666 5581//5581
f 4201//4201 4335//4335 3848//3848
f 3120//3120 2995//2995 5581//5581
f 4216//4216 3848//3848 4335//4335
f 4871//4871 3959//3959 3120//3120
f 3805//3805 4812//4812 3770//3770
f 3205//3205 3770//3770 4645//4645
f 3770//3770 4636//4636 4645//4645
f 4290//4290 3992//3992 4399//4399
f 3205//3205 4645//4645 3893//3893
f 3953//3953 4206//4206 4392//4392
f 4443//4443 4905//4905 5139//5139
f 4902//4902 4357//4357 4359//4359
f 4204//4204 4316//4316 3762//3762
f 4902//4902 4359//4359 4777//4777
f 4389//4389 4392//4392 4206//4206
f 4777//4777 4359//4359 4342//4342
f 3785//3785 4015//4015 4417//4417
f 4206//4206 4204//4204 4389//4389
f 4357//4357 4211//4211 4359//4359
f 4389//4389 4204//4204 3961//3961
f 4248//4248 3631//3631 3895//3895
f 4443//4443 4451//4451 4905//4905
f 4211//4211 4357//4357 4201//4201
f 4015//4015 3790//3790 4417//4417
f 3848//3848 4211//4211 4201//4201
f 4417//4417 3790//3790 4877//4877
f 3198//3198 4174//4174 5130//5130
f 4393//4393 4395//4395 4392//4392
f 3848//3848 4209//4209 4211//4211
f 4425//4425 4877//4877 3790//3790
f 4379//4379 3524//3524 3661//3661
f 4391//4391 5409//5409 3790//3790
f 4218//4218 4905//4905 4900//4900
f 3790//3790 5409//5409 4867//4867
f 4359//4359 4211//4211 4090//4090
f 4900//4900 4905//4905 4407//4407
f 4121//4121 4359//4359 4090//4090
f 3788//3788 3203//3203 4989//4989
f 4407//4407 4905//4905 4451//4451
f 3656//3656 3203//3203 3973//3973
f 4389//4389 3961//3961 4323//4323
f 4425//4425 3790//3790 4867//4867
f 4645//4645 4386//4386 3893//3893
f 3789//3789 4383//4383 4404//4404
f 4407//4407 4451//4451 5410//5410
f 4404//4404 4383//4383 4508//4508
f 4382//4382 4729//4729 4216//4216
f 4323//4323 4423//4423 4389//4389
f 3922//3922 4508//4508 3916//3916
f 4194//4194 5210//5210 4213//4213
f 4385//4385 4438//4438 4394//4394
f 3922//3922 4404//4404 4508//4508
f 4738//4738 4010//4010 4012//4012
f 4209//4209 4216//4216 3853//3853
f 4216//4216 4220//4220 3853//3853
f 4340//4340 4368//4368 4033//4033
f 4340//4340 4363//4363 4368//4368
f 4748//4748 4176//4176 3888//3888
f 4133//4133 5605//5605 4354//4354
f 4200//4200 4973//4973 3869//3869
f 4033//4033 4368//4368 3943//3943
f 4426//4426 4423//4423 3907//3907
f 4773//4773 4423//4423 4426//4426
f 4924//4924 4443//4443 4911//4911
f 4351//4351 4368//4368 4363//4363
f 4400//4400 4753//4753 3928//3928
f 3778//3778 4400//4400 3928//3928
f 3576//3576 4446//4446 4918//4918
f 4773//4773 4426//4426 4434//4434
f 4855//4855 4430//4430 3897//3897
f 4040//4040 4918//4918 3469//3469
f 4401//4401 4400//4400 3474//3474
f 4443//4443 4924//4924 4926//4926
f 4303//4303 4918//4918 4297//4297
f 4855//4855 4310//4310 4430//4430
f 4095//4095 3857//3857 4795//4795
f 4624//4624 4368//4368 4351//4351
f 4451//4451 4443//4443 4926//4926
f 4361//4361 4795//4795 3528//3528
f 4225//4225 4121//4121 4223//4223
f 2508//2508 4035//4035 5309//5309
f 4918//4918 4303//4303 3469//3469
f 4368//4368 4624//4624 4454//4454
f 4225//4225 4223//4223 3860//3860
f 5133//5133 4370//4370 4200//4200
f 4223//4223 4361//4361 3860//3860
f 3776//3776 4353//4353 3793//3793
f 4855//4855 4859//4859 4310//4310
f 3392//3392 5158//5158 3515//3515
f 4353//4353 4593//4593 3793//3793
f 4362//4362 3528//3528 4795//4795
f 4353//4353 4182//4182 4593//4593
f 3469//3469 4303//4303 4478//4478
f 4856//4856 4527//4527 4089//4089
f 4371//4371 4310//4310 4859//4859
f 3798//3798 4461//4461 3987//3987
f 6052//6052 3237//3237 5737//5737
f 4404//4404 3922//3922 3925//3925
f 4404//4404 4408//4408 3789//3789
f 4593//4593 4464//4464 3793//3793
f 4404//4404 4413//4413 4408//4408
f 4464//4464 4472//4472 3793//3793
f 4478//4478 4305//4305 4087//4087
f 4404//4404 3925//3925 4413//4413
f 3794//3794 3896//3896 3473//3473
f 4402//4402 3896//3896 3794//3794
f 4478//4478 4087//4087 4084//4084
f 3896//3896 3898//3898 3473//3473
f 5647//5647 3206//3206 2733//2733
f 4413//4413 4261//4261 4408//4408
f 4518//4518 4448//4448 3919//3919
f 4303//4303 4380//4380 5545//5545
f 3922//3922 4448//4448 4432//4432
f 4478//4478 4704//4704 4305//4305
f 3640//3640 5149//5149 3863//3863
f 3857//3857 4095//4095 3853//3853
f 3976//3976 4402//4402 3794//3794
f 4014//4014 4402//4402 3976//3976
f 5856//5856 5651//5651 2834//2834
f 4750//4750 4748//4748 4366//4366
f 4748//4748 3886//3886 4366//4366
f 4228//4228 4371//4371 4859//4859
f 3898//3898 3796//3796 3574//3574
f 4012//4012 4396//4396 4738//4738
f 4748//4748 3888//3888 3886//3886
f 4398//4398 4396//4396 4012//4012
f 4406//4406 3800//3800 3477//3477
f 3853//3853 4220//4220 3857//3857
f 4448//4448 4457//4457 4444//4444
f 3969//3969 4371//4371 4228//4228
f 3857//3857 4220//4220 4362//4362
f 4220//4220 4396//4396 4101//4101
f 4101//4101 4362//4362 4220//4220
f 4413//4413 3925//3925 4261//4261
f 4411//4411 3465//3465 4232//4232
f 4472//4472 3997//3997 3793//3793
f 4464//4464 4797//4797 4472//4472
f 4101//4101 4398//4398 3583//3583
f 4101//4101 4396//4396 4398//4398
f 4497//4497 4746//4746 4283//4283
f 4448//4448 4450//4450 4457//4457
f 4472//4472 4627//4627 3997//3997
f 4659//4659 4244//4244 4276//4276
f 4246//4246 4104//4104 4102//4102
f 4102//4102 4754//4754 4246//4246
f 4261//4261 4458//4458 3812//3812
f 3465//3465 3896//3896 4489//4489
f 3858//3858 3859//3859 3912//3912
f 4244//4244 4659//4659 4506//4506
f 4106//4106 3858//3858 4754//4754
f 3858//3858 4106//4106 3859//3859
f 3888//3888 4176//4176 4786//4786
f 4489//4489 3896//3896 4402//4402
f 3698//3698 3812//3812 4267//4267
f 5498//5498 3888//3888 4786//4786
f 4104//4104 4243//4243 4412//4412
f 4024//4024 4814//4814 4486//4486
f 3888//3888 5498//5498 3746//3746
f 4900//4900 4407//4407 4659//4659
f 4412//4412 4243//4243 4424//4424
f 4267//4267 4474//4474 3712//3712
f 3691//3691 4107//4107 4250//4250
f 4107//4107 4412//4412 4424//4424
f 3465//3465 4489//4489 4232//4232
f 4850//4850 4474//4474 4267//4267
f 4107//4107 4424//4424 4113//4113
f 4107//4107 4113//4113 4415//4415
f 2943//2943 4761//4761 5771//5771
f 4739//4739 5442//5442 3673//3673
f 3237//3237 3673//3673 5982//5982
f 5982//5982 3673//3673 5442//5442
f 4036//4036 4486//4486 3805//3805
f 5004//5004 4632//4632 3004//3004
f 3729//3729 4474//4474 4269//4269
f 4269//4269 4268//4268 3603//3603
f 4268//4268 4401//4401 3603//3603
f 4000//4000 3746//3746 4188//4188
f 4000//4000 4188//4188 4818//4818
f 4632//4632 4414//4414 3648//3648
f 4934//4934 4259//4259 4491//4491
f 3092//3092 4665//4665 4431//4431
f 4409//4409 4003//4003 4000//4000
f 3939//3939 4831//4831 4434//4434
f 4949//4949 4409//4409 4000//4000
f 4656//4656 3661//3661 4480//4480
f 3194//3194 4433//4433 2926//2926
f 3664//3664 4480//4480 3661//3661
f 4656//4656 4480//4480 3664//3664
f 3948//3948 4234//4234 4666//4666
f 3948//3948 5126//5126 4234//4234
f 4192//4192 4405//4405 4032//4032
f 4032//4032 4003//4003 4409//4409
f 4405//4405 4003//4003 4032//4032
f 3967//3967 5631//5631 3664//3664
f 3813//3813 4831//4831 3939//3939
f 4656//4656 3664//3664 5631//5631
f 4328//4328 4331//4331 3939//3939
f 5033//5033 4497//4497 4283//4283
f 3806//3806 4565//4565 4667//4667
f 4667//4667 4565//4565 4436//4436
f 4436//4436 4565//4565 3807//3807
f 3807//3807 4565//4565 3806//3806
f 4949//4949 4824//4824 4409//4409
f 3637//3637 4667//4667 5548//5548
f 5631//5631 3967//3967 4485//4485
f 4503//4503 4496//4496 4495//4495
f 4409//4409 4824//4824 4620//4620
f 4409//4409 4620//4620 4410//4410
f 4014//4014 4442//4442 5042//5042
f 5783//5783 3500//3500 5186//5186
f 4843//4843 4460//4460 4459//4459
f 4192//4192 4021//4021 4405//4405
f 4440//4440 4291//4291 4283//4283
f 4459//4459 4440//4440 4283//4283
f 3494//3494 4990//4990 5447//5447
f 4061//4061 4503//4503 4055//4055
f 4021//4021 4192//4192 4032//4032
f 4485//4485 3982//3982 4275//4275
f 5447//5447 4666//4666 3494//3494
f 4503//4503 4495//4495 4055//4055
f 3494//3494 4666//4666 4767//4767
f 4409//4409 4410//4410 3768//3768
f 4440//4440 4452//4452 4291//4291
f 4410//4410 4416//4416 4032//4032
f 4495//4495 4064//4064 4055//4055
f 4495//4495 3813//3813 4064//4064
f 3390//3390 5461//5461 3399//3399
f 4621//4621 4835//4835 3609//3609
f 4489//4489 4402//4402 4540//4540
f 5790//5790 5674//5674 2845//2845
f 5127//5127 5104//5104 3630//3630
f 4834//4834 4835//4835 4621//4621
f 4621//4621 4833//4833 4834//4834
f 3630//3630 4803//4803 5127//5127
f 4831//4831 4495//4495 4496//4496
f 3630//3630 4137//4137 4861//4861
f 5301//5301 3496//3496 4770//4770
f 3530//3530 3865//3865 4137//4137
f 3236//3236 5301//5301 5797//5797
f 4495//4495 4831//4831 3813//3813
f 4440//4440 4459//4459 4460//4460
f 5461//5461 3050//3050 5463//5463
f 4419//4419 3646//3646 5069//5069
f 5465//5465 4110//4110 4418//4418
f 4969//4969 4419//4419 5069//5069
f 4945//4945 3196//3196 3633//3633
f 5057//5057 4419//4419 4969//4969
f 4440//4440 4460//4460 4465//4465
f 4863//4863 3974//3974 3399//3399
f 4418//4418 4110//4110 3862//3862
f 4245//4245 3632//3632 4253//4253
f 5465//5465 4745//4745 4110//4110
f 4110//4110 4420//4420 3862//3862
f 5018//5018 5867//5867 3255//3255
f 4445//4445 4861//4861 4137//4137
f 3943//3943 4368//4368 4454//4454
f 3652//3652 5367//5367 5657//5657
f 2860//2860 5566//5566 3108//3108
f 3108//3108 5566//5566 4669//4669
f 3862//3862 4420//4420 4759//4759
f 3416//3416 5463//5463 3407//3407
f 4465//4465 4460//4460 3749//3749
f 3964//3964 3963//3963 4669//4669
f 4851//4851 3655//3655 4852//4852
f 4116//4116 4597//4597 5224//5224
f 3655//3655 4437//4437 4852//4852
f 3012//3012 6105//6105 3699//3699
f 4671//4671 3246//3246 3965//3965
f 3825//3825 3246//3246 4671//4671
f 4674//4674 3825//3825 4671//4671
f 3874//3874 4116//4116 5224//5224
f 4674//4674 3844//3844 3825//3825
f 3874//3874 4759//4759 3867//3867
f 3655//3655 4199//4199 4437//4437
f 5061//5061 4437//4437 4199//4199
f 4759//4759 4420//4420 3867//3867
f 4414//4414 4449//4449 4011//4011
f 3249//3249 3359//3359 4673//4673
f 4843//4843 4844//4844 4460//4460
f 4061//4061 4249//4249 5107//5107
f 4051//4051 4851//4851 3811//3811
f 3811//3811 4851//4851 4633//4633
f 4385//4385 4229//4229 4438//4438
f 4229//4229 4238//4238 4438//4438
f 5069//5069 3811//3811 4633//4633
f 4769//4769 3880//3880 3878//3878
f 5473//5473 4769//4769 3878//3878
f 3653//3653 3652//3652 4971//4971
f 4229//4229 4515//4515 4238//4238
f 4403//4403 4827//4827 3870//3870
f 3870//3870 4263//4263 4403//4403
f 4971//4971 5279//5279 3009//3009
f 4270//4270 3195//3195 4828//4828
f 4441//4441 3009//3009 5574//5574
f 3570//3570 5115//5115 4775//4775
f 3870//3870 3761//3761 3763//3763
f 4508//4508 4840//4840 4251//4251
f 3195//3195 3761//3761 3870//3870
f 4840//4840 4508//4508 4383//4383
f 4460//4460 4488//4488 3749//3749
f 4844//4844 4488//4488 4460//4460
f 2728//2728 5013//5013 3660//3660
f 3916//3916 4508//4508 4251//4251
f 4617//4617 5487//5487 4271//4271
f 5487//5487 4649//4649 4271//4271
f 3476//3476 4510//4510 4060//4060
f 4358//4358 4649//4649 5150//5150
f 4035//4035 4039//4039 5638//5638
f 4060//4060 4510//4510 4071//4071
f 3763//3763 3761//3761 3555//3555
f 3197//3197 4260//4260 5144//5144
f 3763//3763 3555//3555 5144//5144
f 4649//4649 4358//4358 4456//4456
f 4047//4047 4802//4802 5496//5496
f 3651//3651 4071//4071 4517//4517
f 4456//4456 4358//4358 4463//4463
f 3846//3846 3032//3032 3847//3847
f 4071//4071 3613//3613 4517//4517
f 4067//4067 4068//4068 4849//4849
f 3438//3438 5293//5293 3666//3666
f 4482//4482 4530//4530 4488//4488
f 4849//4849 4068//4068 3919//3919
f 4068//4068 4512//4512 4078//4078
f 4068//4068 4075//4075 3919//3919
f 4068//4068 4078//4078 4075//4075
f 4649//4649 4456//4456 4271//4271
f 4488//4488 4530//4530 3889//3889
f 4540//4540 4544//4544 4489//4489
f 4455//4455 4650//4650 3262//3262
f 4463//4463 4271//4271 4456//4456
f 3443//3443 4455//4455 3561//3561
f 3919//3919 4075//4075 4518//4518
f 4078//4078 3651//3651 4079//4079
f 3651//3651 4517//4517 4079//4079
f 4322//4322 4304//4304 4291//4291
f 4271//4271 4463//4463 4800//4800
f 4402//4402 4014//4014 4540//4540
f 4871//4871 3483//3483 3959//3959
f 4422//4422 4427//4427 3288//3288
f 4453//4453 4455//4455 4231//4231
f 4075//4075 4082//4082 4518//4518
f 4291//4291 4452//4452 4322//4322
f 4231//4231 4455//4455 3443//3443
f 3867//3867 4420//4420 3757//3757
f 3443//3443 3018//3018 4231//4231
f 4518//4518 4082//4082 4522//4522
f 4522//4522 4079//4079 4517//4517
f 4427//4427 4428//4428 3209//3209
f 4428//4428 4435//4435 3209//3209
f 4452//4452 4502//4502 4322//4322
f 4522//4522 4517//4517 4350//4350
f 4440//4440 4465//4465 4502//4502
f 4440//4440 4502//4502 4452//4452
f 3854//3854 4477//4477 3034//3034
f 4428//4428 3566//3566 4435//4435
f 4258//4258 4523//4523 4336//4336
f 4825//4825 4769//4769 5226//5226
f 3135//3135 3990//3990 5180//5180
f 5638//5638 4039//4039 5885//5885
f 3566//3566 3501//3501 4435//4435
f 4544//4544 4238//4238 4515//4515
f 3680//3680 5182//5182 3856//3856
f 5183//5183 5182//5182 3383//3383
f 4769//4769 4825//4825 3758//3758
f 4566//4566 5183//5183 3383//3383
f 4233//4233 4888//4888 5584//5584
f 4540//4540 4014//4014 4183//4183
f 4189//4189 5584//5584 4888//4888
f 4189//4189 4888//4888 4462//4462
f 3516//3516 5315//5315 3266//3266
f 4466//4466 4890//4890 3823//3823
f 3858//3858 4466//4466 3823//3823
f 4462//4462 4466//4466 3858//3858
f 4566//4566 3995//3995 3996//3996
f 3823//3823 4246//4246 3858//3858
f 4511//4511 3911//3911 4519//4519
f 5325//5325 4466//4466 4462//4462
f 3265//3265 3035//3035 5319//5319
f 5193//5193 5319//5319 3035//3035
f 4511//4511 3924//3924 3911//3911
f 3035//3035 4001//4001 5193//5193
f 4891//4891 4285//4285 4074//4074
f 4891//4891 4074//4074 4680//4680
f 3688//3688 3861//3861 4811//4811
f 4680//4680 4074//4074 4475//4475
f 4475//4475 4197//4197 4895//4895
f 5597//5597 3861//3861 3271//3271
f 4531//4531 4527//4527 4523//4523
f 4531//4531 4523//4523 4258//4258
f 4897//4897 4479//4479 4901//4901
f 4895//4895 4338//4338 4479//4479
f 4897//4897 4893//4893 4479//4479
f 4338//4338 4481//4481 4479//4479
f 4718//4718 4481//4481 4338//4338
f 4531//4531 4258//4258 3822//3822
f 4531//4531 3822//3822 4534//4534
f 3822//3822 4258//4258 4525//4525
f 4903//4903 4901//4901 4481//4481
f 3577//3577 5280//5280 5157//5157
f 3440//3440 4879//4879 4504//4504
f 4531//4531 4089//4089 4527//4527
f 4903//4903 4481//4481 4255//4255
f 4902//4902 4255//4255 4481//4481
f 2841//2841 4277//4277 3271//3271
f 4501//4501 3758//3758 4825//4825
f 3529//3529 4278//4278 4002//4002
f 4278//4278 3529//3529 3527//3527
f 4257//4257 3833//3833 4161//4161
f 5578//5578 5576//5576 4349//4349
f 3523//3523 5197//5197 4686//4686
f 3758//3758 4501//4501 3909//3909
f 3696//3696 5197//5197 4004//4004
f 4531//4531 4539//4539 4089//4089
f 3940//3940 3933//3933 4670//4670
f 4309//4309 4430//4430 4310//4310
f 4842//4842 4825//4825 5226//5226
f 3952//3952 4130//4130 3931//3931
f 3744//3744 3900//3900 4883//4883
f 3952//3952 3931//3931 3940//3940
f 4534//4534 4539//4539 4531//4531
f 4006//4006 5837//5837 4484//4484
f 4687//4687 5837//5837 4006//4006
f 3830//3830 4534//4534 3822//3822
f 4378//4378 4130//4130 3801//3801
f 4309//4309 4310//4310 4319//4319
f 5837//5837 4280//4280 4484//4484
f 4534//4534 3830//3830 4655//4655
f 4130//4130 3952//3952 3801//3801
f 4539//4539 4534//4534 4655//4655
f 3940//3940 4670//4670 3957//3957
f 5599//5599 5031//5031 3274//3274
f 4539//4539 4548//4548 4089//4089
f 3037//3037 5733//5733 4009//4009
f 4539//4539 4655//4655 4548//4548
f 3759//3759 4691//4691 4929//4929
f 4929//4929 3932//3932 3759//3759
f 3864//3864 4815//4815 2841//2841
f 5417//5417 5169//5169 3224//3224
f 4929//4929 4309//4309 3932//3932
f 5418//5418 5417//5417 3224//3224
f 3803//3803 5347//5347 3518//3518
f 5065//5065 5241//5241 3518//3518
f 5241//5241 3224//3224 3518//3518
f 4319//4319 3932//3932 4309//4309
f 3932//3932 4319//4319 3951//3951
f 4655//4655 3830//3830 4548//4548
f 3932//3932 3951//3951 3759//3759
f 2593//2593 4018//4018 5493//5493
f 3831//3831 4548//4548 3830//3830
f 4548//4548 3831//3831 4553//4553
f 3224//3224 4468//4468 5418//5418
f 3829//3829 4247//4247 3532//3532
f 4875//4875 4125//4125 5179//5179
f 3744//3744 4281//4281 3900//3900
f 4091//4091 4548//4548 4093//4093
f 4509//4509 3900//3900 3710//3710
f 4548//4548 4553//4553 4093//4093
f 5179//5179 4125//4125 3810//3810
f 4862//4862 3691//3691 4513//4513
f 3810//3810 4125//4125 4048//4048
f 3912//3912 3859//3859 4862//4862
f 3912//3912 4862//4862 4516//4516
f 4516//4516 4862//4862 4513//4513
f 4553//4553 3838//3838 4097//4097
f 4553//4553 3831//3831 3838//3838
f 3882//3882 3748//3748 3936//3936
f 4149//4149 3831//3831 3460//3460
f 3936//3936 3748//3748 3938//3938
f 3838//3838 3831//3831 4149//4149
f 3938//3938 2988//2988 3936//3936
f 2988//2988 3938//3938 4526//4526
f 4513//4513 4250//4250 3927//3927
f 4111//4111 4105//4105 3674//3674
f 4250//4250 4415//4415 3927//3927
f 3873//3873 4798//4798 3875//3875
f 3838//3838 4119//4119 4109//4109
f 3745//3745 4804//4804 3043//3043
f 4868//4868 4111//4111 3674//3674
f 3207//3207 4868//4868 3674//3674
f 3687//3687 4868//4868 3207//3207
f 3930//3930 4516//4516 4513//4513
f 3930//3930 4521//4521 4516//4516
f 3889//3889 5170//5170 4490//4490
f 3930//3930 3956//3956 4865//4865
f 4865//4865 3956//3956 4536//4536
f 3751//3751 2988//2988 4526//4526
f 3879//3879 4804//4804 5049//5049
f 4330//4330 3842//3842 4529//4529
f 3842//3842 4516//4516 4521//4521
f 3842//3842 4521//4521 4529//4529
f 4330//4330 4529//4529 4279//4279
f 3784//3784 4521//4521 3930//3930
f 4542//4542 4873//4873 5398//5398
f 4099//4099 4499//4499 4492//4492
f 4542//4542 4535//4535 4873//4873
f 3930//3930 4865//4865 4528//4528
f 3930//3930 4528//4528 3784//3784
f 4520//4520 4483//4483 4492//4492
f 4529//4529 4521//4521 3784//3784
f 5073//5073 4265//4265 2816//2816
f 4520//4520 4492//4492 4499//4499
f 3784//3784 3511//3511 4529//4529
f 4115//4115 4415//4415 4113//4113
f 3773//3773 4415//4415 4115//4115
f 4123//4123 4499//4499 4100//4100
f 4498//4498 5049//5049 4264//4264
f 3889//3889 4530//4530 3947//3947
f 3760//3760 3947//3947 4530//4530
f 4530//4530 4535//4535 3760//3760
f 4535//4535 4545//4545 3760//3760
f 4483//4483 4514//4514 4125//4125
f 4483//4483 4520//4520 4514//4514
f 4552//4552 3760//3760 4545//4545
f 3947//3947 3760//3760 4552//4552
f 4498//4498 4264//4264 4500//4500
f 4535//4535 4542//4542 4545//4545
f 4500//4500 4264//4264 4505//4505
f 4547//4547 4545//4545 4542//4542
f 3960//3960 4533//4533 4115//4115
f 3744//3744 4883//4883 3753//3753
f 4552//4552 4545//4545 4547//4547
f 3744//3744 3753//3753 3755//3755
f 4533//4533 3787//3787 3773//3773
f 3773//3773 4115//4115 4533//4533
f 3753//3753 4543//4543 3755//3755
f 3956//3956 4532//4532 4536//4536
f 4500//4500 3468//3468 4498//4498
f 3787//3787 4533//4533 3984//3984
f 3966//3966 4533//4533 3960//3960
f 3468//3468 4500//4500 3901//3901
f 3968//3968 4533//4533 3966//3966
f 4533//4533 3968//3968 3984//3984
f 4242//4242 3777//3777 3947//3947
f 3765//3765 3901//3901 4500//4500
f 4532//4532 4865//4865 4536//4536
f 4756//4756 4887//4887 4242//4242
f 4279//4279 4529//4529 4524//4524
f 3772//3772 3755//3755 4543//4543
f 4552//4552 4547//4547 3980//3980
f 4870//4870 4010//4010 4524//4524
f 4549//4549 3980//3980 4547//4547
f 3511//3511 4524//4524 4529//4529
f 4524//4524 3511//3511 3999//3999
f 3772//3772 4543//4543 3774//3774
f 4520//4520 4499//4499 4122//4122
f 4870//4870 4541//4541 4010//4010
f 3583//3583 4398//4398 4012//4012
f 4520//4520 4122//4122 4134//4134
f 3980//3980 4549//4549 4555//4555
f 4134//4134 4514//4514 4520//4520
f 4500//4500 3557//3557 3765//3765
f 4872//4872 3590//3590 4546//4546
f 4505//4505 3910//3910 4500//4500
f 4500//4500 3910//3910 3557//3557
f 3989//3989 4073//4073 4546//4546
f 3989//3989 4546//4546 3590//3590
f 4555//4555 4206//4206 3953//3953
f 3809//3809 5342//5342 3934//3934
f 5077//5077 3147//3147 4829//4829
f 4256//4256 3550//3550 3786//3786
f 3903//3903 3758//3758 3909//3909
f 3550//3550 4256//4256 3791//3791
f 3792//3792 4046//4046 3985//3985
f 3791//3791 4658//4658 3795//3795
f 3231//3231 2992//2992 5376//5376
f 3985//3985 4046//4046 3817//3817
f 4658//4658 3797//3797 4029//4029
f 4538//4538 3985//3985 4551//4551
f 5097//5097 3232//3232 4837//4837
f 3985//3985 3817//3817 4551//4551
f 2696//2696 5097//5097 3946//3946
f 4029//4029 4558//4558 4031//4031
f 3817//3817 4554//4554 4551//4551
f 3569//3569 5376//5376 2992//2992
f 4551//4551 4554//4554 4563//4563
f 3572//3572 3327//3327 5087//5087
f 4558//4558 4559//4559 4031//4031
f 4559//4559 3799//3799 4031//4031
f 4554//4554 4054//4054 4564//4564
f 3170//3170 5580//5580 3488//3488
f 5580//5580 3170//3170 3575//3575
f 4042//4042 4560//4560 3845//3845
f 4556//4556 3909//3909 4501//4501
f 3909//3909 4557//4557 4063//4063
f 4556//4556 4557//4557 3909//3909
f 4042//4042 4045//4045 4561//4561
f 4561//4561 4045//4045 4562//4562
f 4045//4045 3904//3904 4562//4562
f 4244//4244 4506//4506 4556//4556
f 4562//4562 4049//4049 4561//4561
f 3820//3820 4556//4556 4506//4506
f 4063//4063 4557//4557 4054//4054
f 4564//4564 4054//4054 4557//4557
f 4052//4052 4326//4326 3804//3804
f 4057//4057 3716//3716 5560//5560
f 4057//4057 5629//5629 3472//3472
f 3820//3820 4557//4557 4556//4556
f 3804//3804 3941//3941 4072//4072
f 4557//4557 3820//3820 4564//4564
f 4564//4564 3820//3820 3832//3832
f 4551//4551 4563//4563 4538//4538
f 4563//4563 4282//4282 4073//4073
f 4282//4282 4563//4563 4085//4085
f 4554//4554 4085//4085 4563//4563
f 3824//3824 4085//4085 4554//4554
f 4554//4554 4564//4564 3824//3824
f 5184//5184 4085//4085 4096//4096
f 3824//3824 4564//4564 3832//3832
f 3824//3824 3832//3832 5208//5208
f 3824//3824 5208//5208 4100//4100
f 4100//4100 5208//5208 4933//4933
f 4283//4283 4746//4746 4459//4459
f 4161//4161 3833//3833 4696//4696
f 4283//4283 4694//4694 5033//5033
f 4161//4161 4696//4696 3833//3833
f 5577//5577 5585//5585 2826//2826
f 4077//4077 5796//5796 5205//5205
f 2826//2826 5585//5585 3244//3244
f 4077//4077 5205//5205 4161//4161
f 4918//4918 4446//4446 4297//4297
f 4951//4951 4567//4567 4287//4287
f 4951//4951 4287//4287 4114//4114
f 5462//5462 4285//4285 4698//4698
f 4162//4162 3946//3946 5730//5730
f 3774//3774 4705//4705 5214//5214
f 5214//5214 4705//4705 5793//5793
f 5214//5214 5474//5474 3772//3772
f 3772//3772 5474//5474 4160//4160
f 5044//5044 4694//4694 4283//4283
f 4283//4283 4302//4302 5044//5044
f 4702//4702 5165//5165 5944//5944
f 4288//4288 5076//5076 4235//4235
f 4307//4307 4163//4163 4575//4575
f 5071//5071 4293//4293 4955//4955
f 4062//4062 6078//6078 4066//4066
f 4576//4576 4184//4184 3839//3839
f 4189//4189 4191//4191 4701//4701
f 4704//4704 4716//4716 4305//4305
f 4143//4143 3836//3836 4166//4166
f 4883//4883 4697//4697 3753//3753
f 5055//5055 5245//5245 5050//5050
f 4180//4180 4184//4184 4576//4576
f 4162//4162 5394//5394 4163//4163
f 5207//5207 5781//5781 4294//4294
f 4165//4165 5116//5116 3459//3459
f 4704//4704 5288//5288 4716//4716
f 5245//5245 5055//5055 5362//5362
f 4191//4191 4706//4706 4701//4701
f 3840//3840 4699//4699 4576//4576
f 5362//5362 5055//5055 4950//4950
f 4575//4575 5110//5110 4726//4726
f 4699//4699 4179//4179 4700//4700
f 4576//4576 4699//4699 4180//4180
f 5109//5109 5110//5110 5394//5394
f 5055//5055 4935//4935 5058//5058
f 4180//4180 4699//4699 4700//4700
f 4708//4708 4706//4706 4193//4193
f 3881//3881 4058//4058 6164//6164
f 4700//4700 4179//4179 4780//4780
f 4289//4289 6164//6164 4058//4058
f 4697//4697 4883//4883 4022//4022
f 4308//4308 4193//4193 4711//4711
f 4977//4977 5275//5275 5277//5277
f 4299//4299 4022//4022 4883//4883
f 4186//4186 4711//4711 4709//4709
f 4292//4292 4186//4186 4709//4709
f 5296//5296 3541//3541 3881//3881
f 4579//4579 2933//2933 5109//5109
f 4181//4181 4955//4955 4293//4293
f 4350//4350 3479//3479 3767//3767
f 4709//4709 4711//4711 4382//4382
f 4711//4711 4213//4213 4382//4382
f 4955//4955 4181//4181 4287//4287
f 4037//4037 3506//3506 5690//5690
f 4181//4181 4580//4580 4287//4287
f 5377//5377 4580//4580 4181//4181
f 4193//4193 4213//4213 4711//4711
f 4181//4181 4184//4184 4703//4703
f 5288//5288 5291//5291 4716//4716
f 4184//4184 4180//4180 4703//4703
f 4716//4716 5291//5291 4167//4167
f 4171//4171 3735//3735 5355//5355
f 3962//3962 4725//4725 4723//4723
f 4191//4191 4325//4325 4706//4706
f 3962//3962 4575//4575 4725//4725
f 4194//4194 4193//4193 4706//4706
f 3775//3775 3220//3220 5285//5285
f 4213//4213 4193//4193 4194//4194
f 4705//4705 4020//4020 4707//4707
f 4194//4194 4330//4330 4279//4279
f 5564//5564 4173//4173 6145//6145
f 4168//4168 4691//4691 3759//3759
f 4589//4589 5086//5086 4560//4560
f 4895//4895 4197//4197 4338//4338
f 4572//4572 5081//5081 5074//5074
f 5190//5190 4146//4146 4980//4980
f 4725//4725 4575//4575 4726//4726
f 4959//4959 5252//5252 4582//4582
f 4321//4321 4712//4712 4586//4586
f 3500//3500 5783//5783 5026//5026
f 4338//4338 4357//4357 4718//4718
f 4723//4723 3498//3498 4830//4830
f 4511//4511 5608//5608 3924//3924
f 4165//4165 5339//5339 5116//5116
f 5178//5178 4717//4717 4695//4695
f 5608//5608 4585//4585 3924//3924
f 4725//4725 3498//3498 4723//4723
f 4691//4691 4168//4168 5156//5156
f 4313//4313 4830//4830 3498//3498
f 3500//3500 5590//5590 5186//5186
f 3890//3890 4585//4585 5656//5656
f 4295//4295 5385//5385 5091//5091
f 5156//5156 4168//4168 4573//4573
f 4295//4295 5091//5091 4732//4732
f 4357//4357 4902//4902 4718//4718
f 4069//4069 5371//5371 4715//4715
f 4295//4295 4732//4732 5385//5385
f 5701//5701 3203//3203 3656//3656
f 4777//4777 4904//4904 4902//4902
f 5089//5089 4114//4114 4731//4731
f 4290//4290 5188//5188 4168//4168
f 4572//4572 4714//4714 5081//5081
f 4114//4114 4296//4296 4731//4731
f 5188//5188 4290//4290 4892//4892
f 5081//5081 4714//4714 5039//5039
f 5694//5694 4203//4203 5090//5090
f 4334//4334 4715//4715 5372//5372
f 5399//5399 3286//3286 3610//3610
f 3848//3848 4216//4216 4209//4209
f 4211//4211 4209//4209 4090//4090
f 4366//4366 4720//4720 4750//4750
f 4731//4731 4296//4296 4732//4732
f 4732//4732 4296//4296 4591//4591
f 4732//4732 4591//4591 4735//4735
f 4594//4594 4304//4304 4322//4322
f 3369//3369 5922//5922 4384//4384
f 5407//5407 6026//6026 4324//4324
f 5922//5922 5714//5714 4384//4384
f 4594//4594 4332//4332 4304//4304
f 4301//4301 5685//5685 4298//4298
f 5385//5385 4732//4732 4298//4298
f 4300//4300 4301//4301 5102//5102
f 3845//3845 4594//4594 4322//4322
f 5125//5125 5075//5075 4300//4300
f 3459//3459 4965//4965 4962//4962
f 4300//4300 5102//5102 5125//5125
f 4921//4921 5250//5250 4930//4930
f 4930//4930 5250//5250 4599//4599
f 5104//5104 5102//5102 4118//4118
f 4735//4735 4591//4591 3850//3850
f 3850//3850 4744//4744 4735//4735
f 3850//3850 4591//4591 4311//4311
f 4744//4744 4118//4118 4735//4735
f 5096//5096 4599//4599 4967//4967
f 4606//4606 3097//3097 4347//4347
f 4967//4967 5380//5380 5096//5096
f 4014//4014 5042//5042 4941//4941
f 4941//4941 4183//4183 4014//4014
f 4213//4213 4729//4729 4382//4382
f 5716//5716 3222//3222 4387//4387
f 4742//4742 4599//4599 5096//5096
f 4581//4581 4724//4724 5166//5166
f 5309//5309 5411//5411 4388//4388
f 5096//5096 5380//5380 4728//4728
f 4728//4728 4742//4742 5096//5096
f 5252//5252 4598//4598 4582//4582
f 5166//5166 4584//4584 4581//4581
f 5380//5380 4600//4600 4728//4728
f 4598//4598 5252//5252 4752//4752
f 5070//5070 3742//3742 5064//5064
f 4728//4728 4600//4600 4730//4730
f 4717//4717 5178//5178 4737//4737
f 4598//4598 4320//4320 5080//5080
f 4728//4728 4730//4730 4733//4733
f 4593//4593 4182//4182 4751//4751
f 6043//6043 4762//4762 3644//3644
f 4320//4320 4598//4598 4755//4755
f 5004//5004 5158//5158 5602//5602
f 4730//4730 4600//4600 4733//4733
f 4581//4581 4710//4710 4724//4724
f 4755//4755 4598//4598 4202//4202
f 3800//3800 4605//4605 4439//4439
f 4190//4190 4755//4755 4202//4202
f 5099//5099 4733//4733 4600//4600
f 5737//5737 3237//3237 5982//5982
f 5931//5931 3400//3400 4762//4762
f 5931//5931 3432//3432 3400//3400
f 4583//4583 5388//5388 4760//4760
f 4439//4439 4605//4605 4442//4442
f 5122//5122 4343//4343 4230//4230
f 4752//4752 5389//5389 4601//4601
f 4609//4609 4742//4742 4728//4728
f 4760//4760 5388//5388 4975//4975
f 4467//4467 5302//5302 5941//5941
f 4749//4749 5302//5302 4467//4467
f 5166//5166 5238//5238 4997//4997
f 4369//4369 5088//5088 4367//4367
f 5166//5166 4724//4724 5238//5238
f 5088//5088 4369//4369 3365//3365
f 5220//5220 4758//4758 4176//4176
f 3520//3520 5299//5299 6232//6232
f 4724//4724 5019//5019 5238//5238
f 4801//4801 4760//4760 4975//4975
f 3520//3520 6232//6232 3665//3665
f 4220//4220 4216//4216 4729//4729
f 5666//5666 4887//4887 4756//4756
f 5210//5210 4729//4729 4213//4213
f 4738//4738 4729//4729 5210//5210
f 4978//4978 4827//4827 4208//4208
f 4208//4208 4827//4827 4339//4339
f 6057//6057 3665//3665 6232//6232
f 4341//4341 4827//4827 4978//4978
f 4341//4341 4828//4828 4827//4827
f 4279//4279 4738//4738 5210//5210
f 5934//5934 3365//3365 3883//3883
f 6057//6057 4996//4996 3243//3243
f 4742//4742 4841//4841 4746//4746
f 4780//4780 4777//4777 4342//4342
f 4150//4150 4344//4344 4373//4373
f 4738//4738 4220//4220 4729//4729
f 4780//4780 4342//4342 4214//4214
f 5171//5171 4207//4207 4429//4429
f 4609//4609 4728//4728 4733//4733
f 3949//3949 6014//6014 3754//3754
f 5403//5403 5090//5090 3756//3756
f 2926//2926 4433//4433 5006//5006
f 2926//2926 5006//5006 4429//4429
f 4757//4757 4590//4590 4169//4169
f 4738//4738 4279//4279 4010//4010
f 4733//4733 5099//5099 4763//4763
f 3949//3949 4395//4395 5350//5350
f 5934//5934 3883//3883 5095//5095
f 4734//4734 5095//5095 3883//3883
f 4169//4169 4608//4608 4757//4757
f 4169//4169 4059//4059 4608//4608
f 4377//4377 4736//4736 4734//4734
f 4742//4742 4609//4609 4841//4841
f 5053//5053 4169//4169 4737//4737
f 4748//4748 4722//4722 5212//5212
f 3466//3466 5276//5276 4377//4377
f 4373//4373 4344//4344 4779//4779
f 5352//5352 4395//4395 4616//4616
f 4763//4763 5108//5108 4609//4609
f 4780//4780 4214//4214 4346//4346
f 4780//4780 4346//4346 4700//4700
f 3742//3742 5070//5070 4740//4740
f 4393//4393 4616//4616 4395//4395
f 5053//5053 4776//4776 4169//4169
f 5108//5108 4841//4841 4609//4609
f 3633//3633 4611//4611 4945//4945
f 5008//5008 3010//3010 5171//5171
f 4423//4423 4616//4616 4393//4393
f 4389//4389 4423//4423 4393//4393
f 4787//4787 4700//4700 4346//4346
f 4215//4215 4787//4787 4346//4346
f 4243//4243 5032//5032 4108//4108
f 5008//5008 6011//6011 3245//3245
f 4246//4246 4754//4754 3858//3858
f 4454//4454 4944//4944 3943//3943
f 4791//4791 4217//4217 5117//5117
f 4750//4750 4722//4722 4748//4748
f 5305//5305 6105//6105 3012//3012
f 5108//5108 4612//4612 4843//4843
f 4961//4961 4195//4195 4747//4747
f 5112//5112 4917//4917 4743//4743
f 4095//4095 4795//4795 4794//4794
f 4795//4795 4361//4361 4794//4794
f 4616//4616 4773//4773 4766//4766
f 4361//4361 4784//4784 4794//4794
f 5931//5931 3436//3436 3432//3432
f 5032//5032 4252//4252 4595//4595
f 4748//4748 5212//5212 4176//4176
f 4917//4917 4810//4810 4743//4743
f 4373//4373 4779//4779 4381//4381
f 4846//4846 4612//4612 5103//5103
f 5219//5219 4595//4595 4252//4252
f 4779//4779 4344//4344 4583//4583
f 5163//5163 4779//4779 4583//4583
f 4917//4917 5112//5112 4906//4906
f 4597//4597 5219//5219 4759//4759
f 3766//3766 4187//4187 4327//4327
f 4773//4773 4781//4781 4766//4766
f 2923//2923 5766//5766 3194//3194
f 5634//5634 5465//5465 4418//4418
f 4200//4200 4785//4785 4973//4973
f 4764//4764 3512//3512 5727//5727
f 5219//5219 4418//4418 3862//3862
f 5219//5219 3862//3862 5222//5222
f 4362//4362 4795//4795 3857//3857
f 4773//4773 4616//4616 4423//4423
f 3862//3862 4759//4759 5222//5222
f 4753//4753 4400//4400 4268//4268
f 4784//4784 4223//4223 4121//4121
f 4361//4361 4223//4223 4784//4784
f 4400//4400 4401//4401 4268//4268
f 5115//5115 4765//4765 5477//5477
f 4217//4217 4225//4225 5117//5117
f 4710//4710 4592//4592 4724//4724
f 4198//4198 4785//4785 4370//4370
f 4760//4760 4615//4615 5163//5163
f 3874//3874 5224//5224 4759//4759
f 4785//4785 4200//4200 4370//4370
f 4434//4434 4781//4781 4773//4773
f 4771//4771 4776//4776 4614//4614
f 4799//4799 5396//5396 4198//4198
f 4771//4771 4614//4614 4805//4805
f 4615//4615 4760//4760 4801//4801
f 4434//4434 5063//5063 4781//4781
f 4370//4370 5133//5133 4198//4198
f 4745//4745 5225//5225 3880//3880
f 3880//3880 5225//5225 3878//3878
f 4527//4527 5133//5133 4200//4200
f 4133//4133 5261//5261 5605//5605
f 3629//3629 3631//3631 4248//4248
f 5063//5063 4823//4823 4820//4820
f 4823//4823 5063//5063 4434//4434
f 5212//5212 5220//5220 4176//4176
f 5473//5473 5226//5226 4769//4769
f 4856//4856 5133//5133 4527//4527
f 4796//4796 4608//4608 4317//4317
f 4317//4317 4608//4608 4059//4059
f 3821//3821 5643//5643 3484//3484
f 5228//5228 4617//4617 4271//4271
f 5007//5007 4839//4839 4383//4383
f 3484//3484 5643//5643 5856//5856
f 4593//4593 4623//4623 4464//4464
f 4796//4796 4317//4317 4610//4610
f 4793//4793 4464//4464 4623//4623
f 4610//4610 4318//4318 4796//4796
f 4318//4318 4610//4610 4317//4317
f 4623//4623 4806//4806 4793//4793
f 4623//4623 4751//4751 4806//4806
f 4386//4386 5007//5007 3789//3789
f 3485//3485 2834//2834 5651//5651
f 4793//4793 4806//4806 4797//4797
f 4793//4793 4797//4797 4464//4464
f 5487//5487 6235//6235 4649//4649
f 5440//5440 3764//3764 5287//5287
f 4861//4861 4803//4803 3630//3630
f 3925//3925 4444//4444 4261//4261
f 4751//4751 4749//4749 4467//4467
f 4467//4467 4806//4806 4751//4751
f 4800//4800 5226//5226 4772//4772
f 5724//5724 4799//4799 4619//4619
f 3632//3632 4816//4816 4253//4253
f 3865//3865 3632//3632 4245//4245
f 4799//4799 4198//4198 4619//4619
f 3865//3865 4245//4245 4254//4254
f 5133//5133 4619//4619 4198//4198
f 4615//4615 4801//4801 5481//5481
f 5724//5724 4619//4619 5267//5267
f 4625//4625 4806//4806 4467//4467
f 4261//4261 5445//5445 4458//4458
f 4665//4665 4664//4664 6393//6393
f 4665//4665 3092//3092 4664//4664
f 4444//4444 4457//4457 4261//4261
f 4775//4775 4476//4476 4351//4351
f 4809//4809 4806//4806 4625//4625
f 4261//4261 4457//4457 5445//5445
f 4836//4836 4771//4771 4805//4805
f 4771//4771 4808//4808 4172//4172
f 4592//4592 4602//4602 5539//5539
f 4436//4436 4431//4431 4665//4665
f 4768//4768 4592//4592 5539//5539
f 3948//3948 4666//4666 5126//5126
f 5445//5445 4457//4457 4838//4838
f 5126//5126 4666//4666 4234//4234
f 4137//4137 3865//3865 3668//3668
f 4627//4627 4472//4472 4797//4797
f 4836//4836 4808//4808 4771//4771
f 5226//5226 4800//4800 4832//4832
f 4351//4351 4476//4476 4624//4624
f 4774//4774 5176//5176 5187//5187
f 4227//4227 4685//4685 4764//4764
f 4627//4627 4809//4809 4629//4629
f 4458//4458 5167//5167 3812//3812
f 4624//4624 4476//4476 4979//4979
f 4797//4797 4806//4806 4809//4809
f 4463//4463 4832//4832 4800//4800
f 4625//4625 4813//4813 4809//4809
f 4458//4458 5445//5445 5167//5167
f 4120//4120 4816//4816 4333//4333
f 4622//4622 4619//4619 5142//5142
f 4550//4550 4397//4397 5229//5229
f 4813//4813 4625//4625 6033//6033
f 4758//4758 4774//4774 4596//4596
f 4768//4768 4724//4724 4592//4592
f 3812//3812 5167//5167 4267//4267
f 5548//5548 4990//4990 3637//3637
f 4816//4816 4120//4120 4403//4403
f 4808//4808 4836//4836 4336//4336
f 4990//4990 5446//5446 5447//5447
f 4758//4758 4786//4786 4176//4176
f 4786//4786 4758//4758 4789//4789
f 5401//5401 5142//5142 4210//4210
f 4542//4542 5398//5398 4210//4210
f 4792//4792 4789//4789 4758//4758
f 4596//4596 4792//4792 4758//4758
f 4724//4724 4768//4768 5019//5019
f 4789//4789 4792//4792 5046//5046
f 5019//5019 4768//4768 5538//5538
f 4685//4685 5549//5549 3292//3292
f 4790//4790 5764//5764 4768//4768
f 4768//4768 5539//5539 4790//4790
f 4253//4253 4816//4816 3192//3192
f 4267//4267 5167//5167 4850//4850
f 4260//4260 3192//3192 4816//4816
f 5557//5557 5046//5046 4792//4792
f 5046//5046 4819//4819 4789//4789
f 4592//4592 4743//4743 5034//5034
f 4792//4792 4596//4596 4603//4603
f 4809//4809 4813//4813 4629//4629
f 4842//4842 5226//5226 4832//4832
f 5034//5034 4602//4602 4592//4592
f 4746//4746 4841//4841 4459//4459
f 4814//4814 4631//4631 4486//4486
f 5331//5331 5029//5029 5215//5215
f 4474//4474 4850//4850 4269//4269
f 4120//4120 4827//4827 4403//4403
f 5034//5034 4743//4743 4810//4810
f 4631//4631 5254//5254 4486//4486
f 4827//4827 4828//4828 3195//3195
f 4792//4792 4603//4603 5557//5557
f 5034//5034 4810//4810 4807//4807
f 3805//3805 4486//4486 5254//5254
f 4270//4270 4828//4828 4262//4262
f 4825//4825 4842//4842 4847//4847
f 5034//5034 4807//4807 4604//4604
f 4836//4836 4805//4805 4614//4614
f 3763//3763 4263//4263 3870//3870
f 4850//4850 4268//4268 4269//4269
f 4459//4459 4841//4841 4843//4843
f 4061//4061 5092//5092 4503//4503
f 4841//4841 5108//5108 4843//4843
f 4836//4836 4614//4614 4938//4938
f 3661//3661 4656//4656 4379//4379
f 4886//4886 4832//4832 4463//4463
f 4822//4822 4820//4820 4823//4823
f 4465//4465 3749//3749 5000//5000
f 2735//2735 5332//5332 3189//3189
f 4050//4050 5332//5332 2735//2735
f 4247//4247 3531//3531 3532//3532
f 4844//4844 4843//4843 4612//4612
f 4940//4940 4836//4836 4938//4938
f 4503//4503 4639//4639 4496//4496
f 4810//4810 4917//4917 5249//5249
f 4844//4844 4612//4612 4846//4846
f 4810//4810 5249//5249 5340//5340
f 3746//3746 5036//5036 4188//4188
f 4819//4819 4188//4188 5036//5036
f 4422//4422 3668//3668 5132//5132
f 3816//3816 5866//5866 3250//3250
f 4188//4188 4819//4819 5640//5640
f 4847//4847 4842//4842 4832//4832
f 4188//4188 5640//5640 4818//4818
f 4607//4607 5539//5539 4602//4602
f 5640//5640 4819//4819 4821//4821
f 4422//4422 5132//5132 4427//4427
f 3865//3865 3285//3285 5132//5132
f 4832//4832 4886//4886 4847//4847
f 4471//4471 5885//5885 3535//3535
f 4831//4831 4639//4639 4823//4823
f 4831//4831 4823//4823 4434//4434
f 4846//4846 5386//5386 4844//4844
f 4853//4853 4336//4336 4836//4836
f 4428//4428 5132//5132 3285//3285
f 5132//5132 4428//4428 4427//4427
f 4831//4831 4496//4496 4639//4639
f 4940//4940 4853//4853 4836//4836
f 4854//4854 4825//4825 4847//4847
f 5867//5867 5018//5018 3250//3250
f 4032//4032 3768//3768 4410//4410
f 4620//4620 5886//5886 4410//4410
f 5586//5586 4061//4061 5107//5107
f 4825//4825 4854//4854 4501//4501
f 3783//3783 4270//4270 5147//5147
f 4410//4410 5365//5365 4957//4957
f 3497//3497 5135//5135 5134//5134
f 5878//5878 3497//3497 5134//5134
f 4416//4416 4410//4410 4621//4621
f 4410//4410 4957//4957 4621//4621
f 5461//5461 4863//4863 3399//3399
f 3497//3497 5878//5878 5137//5137
f 4501//4501 4854//4854 4556//4556
f 4812//4812 4840//4840 4839//4839
f 3785//3785 4399//4399 3992//3992
f 4853//4853 4940//4940 4525//4525
f 5867//5867 4866//4866 3255//3255
f 4276//4276 4854//4854 4847//4847
f 4290//4290 4399//4399 4892//4892
f 5273//5273 4982//4982 4251//4251
f 5149//5149 3828//3828 5607//5607
f 4669//4669 4671//4671 3964//3964
f 3964//3964 4671//4671 3965//3965
f 4844//4844 5386//5386 4488//4488
f 4067//4067 4648//4648 4249//4249
f 4982//4982 4648//4648 4251//4251
f 4244//4244 4854//4854 4276//4276
f 5386//5386 4482//4482 4488//4488
f 4556//4556 4854//4854 4244//4244
f 4972//4972 4482//4482 5386//5386
f 3897//3897 4430//4430 4397//4397
f 4840//4840 5273//5273 4251//4251
f 4447//4447 5400//5400 6008//6008
f 3691//3691 4862//4862 3859//3859
f 3577//3577 4447//4447 6008//6008
f 3577//3577 6008//6008 5280//5280
f 4251//4251 4849//4849 3916//3916
f 4275//4275 5330//5330 4485//4485
f 4490//4490 5000//5000 3749//3749
f 5684//5684 3359//3359 3658//3658
f 5945//5945 5684//5684 3658//3658
f 5253//5253 5426//5426 5082//5082
f 3727//3727 5661//5661 4275//4275
f 4250//4250 4513//4513 3691//3691
f 4067//4067 4849//4849 4251//4251
f 4892//4892 4399//4399 4858//4858
f 5009//5009 5945//5945 3658//3658
f 4399//4399 3785//3785 4858//4858
f 4675//4675 5661//5661 3727//3727
f 4502//4502 4465//4465 4519//4519
f 4834//4834 4833//4833 6181//6181
f 3782//3782 5281//5281 3834//3834
f 3837//3837 5151//5151 3971//3971
f 5152//5152 3971//3971 5151//5151
f 4889//4889 4882//4882 4860//4860
f 3198//3198 5130//5130 3782//3782
f 5061//5061 4199//4199 5052//5052
f 3613//3613 3479//3479 4517//4517
f 4618//4618 4860//4860 5251//5251
f 4350//4350 4517//4517 3479//3479
f 4835//4835 4834//4834 5052//5052
f 4674//4674 5687//5687 3844//3844
f 5333//5333 4866//4866 5554//5554
f 4336//4336 4525//4525 4258//4258
f 3933//3933 3934//3934 5342//5342
f 3660//3660 5151//5151 3363//3363
f 5342//5342 4670//4670 3933//3933
f 4010//4010 4279//4279 4524//4524
f 4870//4870 4524//4524 3999//3999
f 4676//4676 4504//4504 4879//4879
f 3785//3785 4417//4417 4858//4858
f 4618//4618 4889//4889 4860//4860
f 4091//4091 4856//4856 4089//4089
f 4848//4848 4864//4864 4411//4411
f 4091//4091 4857//4857 4856//4856
f 3714//3714 2814//2814 4473//4473
f 5472//5472 3440//3440 4017//4017
f 4856//4856 4857//4857 4817//4817
f 4670//4670 5417//5417 3957//3957
f 4899//4899 4858//4858 4417//4417
f 3736//3736 5576//5576 4017//4017
f 4618//4618 5114//5114 4874//4874
f 3777//3777 5002//5002 3889//3889
f 4889//4889 4618//4618 4874//4874
f 5002//5002 3777//3777 5003//5003
f 4394//4394 5409//5409 4391//4391
f 4437//4437 5061//5061 4212//4212
f 4091//4091 4093//4093 4857//4857
f 4105//4105 4857//4857 4093//4093
f 5702//5702 3514//3514 5160//5160
f 4437//4437 4212//4212 4852//4852
f 4640//4640 4482//4482 4972//4972
f 4299//4299 3900//3900 4509//4509
f 4073//4073 4942//4942 4546//4546
f 4851//4851 4852//4852 5809//5809
f 4470//4470 5702//5702 3672//3672
f 5809//5809 4633//4633 4851//4851
f 4883//4883 3900//3900 4299//4299
f 4273//4273 3672//3672 5967//5967
f 3672//3672 4273//4273 3675//3675
f 3809//3809 4872//4872 5342//5342
f 4273//4273 3852//3852 3675//3675
f 5241//5241 5732//5732 3224//3224
f 3224//3224 5732//5732 4468//4468
f 4482//4482 4640//4640 4530//4530
f 5892//5892 4971//4971 3652//3652
f 5101//5101 4867//4867 5409//5409
f 3009//3009 5279//5279 5574//5574
f 4282//4282 5363//5363 4073//4073
f 3854//3854 5705//5705 4477//4477
f 5361//5361 3518//3518 5347//5347
f 4441//4441 5574//5574 4638//4638
f 5974//5974 4638//4638 5574//5574
f 5361//5361 5065//5065 3518//3518
f 3854//3854 5016//5016 4679//4679
f 3519//3519 5016//5016 3854//3854
f 3519//3519 5180//5180 5016//5016
f 3480//3480 4219//4219 6138//6138
f 5139//5139 5136//5136 4911//4911
f 3764//3764 4164//4164 5569//5569
f 5314//5314 3990//3990 3856//3856
f 4877//4877 4425//4425 4912//4912
f 4417//4417 4877//4877 4899//4899
f 4868//4868 4105//4105 4111//4111
f 4566//4566 5710//5710 5183//5183
f 4899//4899 4912//4912 4910//4910
f 4566//4566 4682//4682 5710//5710
f 4912//4912 4899//4899 4877//4877
f 4882//4882 4886//4886 4463//4463
f 5363//5363 4282//4282 5184//5184
f 3906//3906 4864//4864 4855//4855
f 3666//3666 5293//5293 5295//5295
f 4103//4103 4678//4678 4096//4096
f 4882//4882 4889//4889 4886//4886
f 5358//5358 3467//3467 4265//4265
f 5184//5184 4096//4096 4678//4678
f 4224//4224 4650//4650 5311//5311
f 4867//4867 5101//5101 4425//4425
f 3996//3996 4682//4682 4566//4566
f 4681//4681 4682//4682 3996//3996
f 4535//4535 5612//5612 4873//4873
f 3265//3265 5319//5319 3996//3996
f 4483//4483 5429//5429 4103//4103
f 4640//4640 5612//5612 4535//4535
f 4455//4455 4453//4453 4650//4650
f 4530//4530 4640//4640 4535//4535
f 3561//3561 4455//4455 3262//3262
f 4811//4811 4001//4001 3688//3688
f 4864//4864 4859//4859 4855//4855
f 5072//5072 4425//4425 5101//5101
f 4912//4912 4425//4425 5072//5072
f 4125//4125 4875//4875 4483//4483
f 4811//4811 3861//3861 5597//5597
f 5692//5692 3483//3483 4871//4871
f 4264//4264 5049//5049 3281//3281
f 4876//4876 4542//4542 4210//4210
f 4277//4277 5597//5597 3271//3271
f 4815//4815 4277//4277 2841//2841
f 4542//4542 4876//4876 4547//4547
f 4889//4889 4874//4874 4218//4218
f 3752//3752 5049//5049 4498//4498
f 4210//4210 5194//5194 4876//4876
f 4686//4686 5197//5197 5030//5030
f 4886//4886 4889//4889 4218//4218
f 4006//4006 4686//4686 4687//4687
f 4864//4864 4848//4848 4878//4878
f 5356//5356 4438//4438 4238//4238
f 4276//4276 4847//4847 4886//4886
f 4584//4584 4662//4662 4577//4577
f 4817//4817 4105//4105 4876//4876
f 4830//4830 4829//4829 4826//4826
f 5409//5409 4394//4394 4438//4438
f 4830//4830 4826//4826 4723//4723
f 4864//4864 4878//4878 4228//4228
f 3037//3037 5321//5321 5733//5733
f 4876//4876 4105//4105 4868//4868
f 4886//4886 4900//4900 4276//4276
f 5356//5356 5409//5409 4438//4438
f 4886//4886 4218//4218 4900//4900
f 4876//4876 4868//4868 4547//4547
f 4312//4312 4830//4830 4313//4313
f 3864//3864 5493//5493 5492//5492
f 5077//5077 4830//4830 4312//4312
f 4662//4662 5118//5118 4880//4880
f 4494//4494 5493//5493 4018//4018
f 5139//5139 4905//4905 4874//4874
f 4547//4547 4884//4884 4549//4549
f 4892//4892 4858//4858 4894//4894
f 4228//4228 4859//4859 4864//4864
f 4662//4662 4880//4880 4881//4881
f 4547//4547 4868//4868 4884//4884
f 4881//4881 4880//4880 4661//4661
f 4905//4905 4218//4218 4874//4874
f 5177//5177 4881//4881 4663//4663
f 4881//4881 4661//4661 4663//4663
f 4884//4884 4868//4868 3687//3687
f 4242//4242 5840//5840 3777//3777
f 4688//4688 4960//4960 3569//3569
f 4451//4451 5154//5154 5410//5410
f 4385//4385 3969//3969 4228//4228
f 4689//4689 4274//4274 3235//3235
f 4894//4894 4858//4858 4899//4899
f 4894//4894 4899//4899 4908//4908
f 5154//5154 4451//4451 4926//4926
f 4385//4385 4878//4878 4229//4229
f 4228//4228 4878//4878 4385//4385
f 4677//4677 4885//4885 4890//4890
f 4890//4890 4885//4885 3823//3823
f 3687//3687 4549//4549 4884//4884
f 4549//4549 3687//3687 4898//4898
f 4888//4888 5325//5325 4462//4462
f 5621//5621 4677//4677 4466//4466
f 4677//4677 4890//4890 4466//4466
f 4899//4899 5124//5124 4908//4908
f 4680//4680 4893//4893 5015//5015
f 4549//4549 4898//4898 4555//4555
f 4469//4469 4630//4630 4909//4909
f 4893//4893 4680//4680 4895//4895
f 4555//4555 4898//4898 4204//4204
f 4680//4680 4475//4475 4895//4895
f 5136//5136 5161//5161 4469//4469
f 4911//4911 5136//5136 4469//4469
f 5112//5112 4908//4908 4635//4635
f 4893//4893 4895//4895 4479//4479
f 4907//4907 4906//4906 5112//5112
f 4896//4896 4893//4893 4897//4897
f 5112//5112 4635//4635 4907//4907
f 5328//5328 4235//4235 5788//5788
f 5328//5328 4684//4684 4235//4235
f 4204//4204 4206//4206 4555//4555
f 4469//4469 4915//4915 4911//4911
f 4469//4469 4909//4909 4915//4915
f 4316//4316 4204//4204 4898//4898
f 4915//4915 4909//4909 4913//4913
f 4903//4903 4684//4684 4897//4897
f 4897//4897 4901//4901 4903//4903
f 4901//4901 4479//4479 4481//4481
f 4908//4908 5124//5124 4914//4914
f 4481//4481 4718//4718 4902//4902
f 4651//4651 3835//3835 5842//5842
f 3835//3835 4651//4651 3786//3786
f 4684//4684 4903//4903 5204//5204
f 4651//4651 4936//4936 3786//3786
f 3786//3786 4936//4936 4654//4654
f 4654//4654 4936//4936 4653//4653
f 4653//4653 4936//4936 4651//4651
f 4654//4654 4654//4654 4653//4653
f 4654//4654 4937//4937 4654//4654
f 4654//4654 4937//4937 3786//3786
f 3786//3786 4937//4937 5614//5614
f 5614//5614 4937//4937 4654//4654
f 3786//3786 5614//5614 4256//4256
f 4177//4177 5204//5204 4255//4255
f 4255//4255 5204//5204 4903//4903
f 4899//4899 4910//4910 5124//5124
f 4902//4902 4904//4904 4255//4255
f 4255//4255 4904//4904 4777//4777
f 4912//4912 4641//4641 4910//4910
f 5796//5796 4077//4077 5462//5462
f 4161//4161 5205//5205 4257//4257
f 3833//3833 4257//4257 5443//5443
f 5145//5145 4910//4910 4641//4641
f 4544//4544 4232//4232 4489//4489
f 4646//4646 4913//4913 4916//4916
f 4029//4029 3797//3797 4660//4660
f 4660//4660 3797//3797 4266//4266
f 4029//4029 4266//4266 4558//4558
f 4660//4660 4266//4266 4029//4029
f 4914//4914 5124//5124 5432//5432
f 4913//4913 4646//4646 4237//4237
f 4920//4920 4237//4237 4646//4646
f 4647//4647 5145//5145 5131//5131
f 4848//4848 4411//4411 4229//4229
f 4229//4229 4878//4878 4848//4848
f 4646//4646 5175//5175 4920//4920
f 4921//4921 4920//4920 4919//4919
f 5422//5422 4049//4049 4052//4052
f 4303//4303 5159//5159 4478//4478
f 4558//4558 4266//4266 5791//5791
f 4232//4232 4229//4229 4411//4411
f 4911//4911 4915//4915 4924//4924
f 4515//4515 4229//4229 4232//4232
f 5422//5422 4052//4052 5629//5629
f 4232//4232 4544//4544 4515//4515
f 4915//4915 4913//4913 4925//4925
f 4915//4915 4925//4925 4924//4924
f 4303//4303 5545//5545 5159//5159
f 4704//4704 4478//4478 5159//5159
f 4999//4999 4704//4704 5159//5159
f 4927//4927 4926//4926 4924//4924
f 4704//4704 4999//4999 5288//5288
f 4544//4544 4956//4956 4238//4238
f 4924//4924 4925//4925 4928//4928
f 4928//4928 4927//4927 4924//4924
f 4956//4956 4544//4544 4540//4540
f 4657//4657 5165//5165 4284//4284
f 4259//4259 4928//4928 4491//4491
f 4928//4928 4259//4259 4927//4927
f 4668//4668 4956//4956 4540//4540
f 4928//4928 4932//4932 4491//4491
f 4668//4668 4540//4540 4183//4183
f 4925//4925 4913//4913 4237//4237
f 4932//4932 4925//4925 4237//4237
f 4237//4237 4920//4920 4932//4932
f 4920//4920 4931//4931 4932//4932
f 4920//4920 4930//4930 4599//4599
f 4921//4921 4930//4930 4920//4920
f 4920//4920 4599//4599 4931//4931
f 4922//4922 5336//5336 5039//5039
f 4714//4714 4922//4922 5039//5039
f 4931//4931 4599//4599 4742//4742
f 4923//4923 5336//5336 4922//4922
f 4932//4932 5421//5421 4491//4491
f 4932//4932 4497//4497 5033//5033
f 4932//4932 4931//4931 4497//4497
f 4672//4672 5140//5140 4929//4929
f 4497//4497 4931//4931 4742//4742
f 4746//4746 4497//4497 4742//4742
f 4929//4929 5140//5140 4309//4309
f 4430//4430 4309//4309 5140//5140
f 4407//4407 5410//5410 4659//4659
f 4659//4659 5410//5410 6064//6064
f 4934//4934 4491//4491 5421//5421
f 4259//4259 5050//5050 4992//4992
f 4259//4259 4934//4934 5050//5050
f 5050//5050 4934//4934 4935//4935
f 4935//4935 5055//5055 5050//5050
f 4965//4965 3459//3459 5116//5116
f 4962//4962 4344//4344 4150//4150
f 4923//4923 4550//4550 4963//4963
f 4146//4146 4938//4938 4614//4614
f 4963//4963 4550//4550 5229//5229
f 4550//4550 4939//4939 4397//4397
f 4940//4940 4938//4938 4148//4148
f 4939//4939 3897//3897 4397//4397
f 4525//4525 4940//4940 4148//4148
f 4147//4147 4411//4411 4864//4864
f 4147//4147 4864//4864 4939//4939
f 4864//4864 3906//3906 4939//4939
f 4487//4487 4802//4802 4158//4158
f 4923//4923 4922//4922 4550//4550
f 4694//4694 5334//5334 5033//5033
f 5355//5355 4037//4037 5690//5690
f 5334//5334 5035//5035 5033//5033
f 5051//5051 4980//4980 4146//4146
f 4707//4707 5793//5793 4705//4705
f 5334//5334 4694//4694 5044//5044
f 5350//5350 5343//5343 3949//3949
f 4737//4737 5178//5178 5051//5051
f 5053//5053 4737//4737 5051//5051
f 5352//5352 5350//5350 4395//4395
f 4586//4586 5572//5572 4321//4321
f 4570//4570 5040//5040 4571//4571
f 5041//5041 5040//5040 4570//4570
f 4570//4570 4572//4572 5041//5041
f 5054//5054 5041//5041 4572//4572
f 4572//4572 5074//5074 5054//5054
f 5037//5037 5044//5044 4587//4587
f 4712//4712 4175//4175 6946//6946
f 4587//4587 5044//5044 4302//4302
f 4175//4175 4334//4334 5244//5244
f 3875//3875 5358//5358 3873//3873
f 5054//5054 5339//5339 4165//4165
f 5043//5043 5054//5054 4165//4165
f 4571//4571 5043//5043 4165//4165
f 5040//5040 5043//5043 4571//4571
f 5040//5040 5041//5041 5054//5054
f 5054//5054 5043//5043 5040//5040
f 5245//5245 5691//5691 5050//5050
f 5358//5358 3875//3875 3467//3467
f 5353//5353 4766//4766 6020//6020
f 5372//5372 4715//4715 5695//5695
f 4611//4611 4944//4944 5373//5373
f 5353//5353 5352//5352 4616//4616
f 4766//4766 5353//5353 4616//4616
f 5055//5055 5058//5058 4952//4952
f 5059//5059 5066//5066 5039//5039
f 3802//3802 5652//5652 4588//4588
f 4935//4935 5037//5037 5058//5058
f 4614//4614 5051//5051 4146//4146
f 4781//4781 5579//5579 4766//4766
f 5063//5063 5579//5579 4781//4781
f 4872//4872 5347//5347 5342//5342
f 5060//5060 5338//5338 5123//5123
f 5362//5362 4950//4950 5360//5360
f 3745//3745 5704//5704 4804//4804
f 5387//5387 5680//5680 4185//4185
f 5034//5034 4604//4604 5679//5679
f 4819//4819 5036//5036 4789//4789
f 4944//4944 4454//4454 5370//5370
f 4454//4454 4624//4624 5370//5370
f 4169//4169 4590//4590 4737//4737
f 4624//4624 4979//4979 5370//5370
f 5037//5037 5571//5571 5058//5058
f 4226//4226 4467//4467 5941//5941
f 5048//5048 4804//4804 5704//5704
f 4917//4917 5441//5441 5249//5249
f 4226//4226 4625//4625 4467//4467
f 4587//4587 4302//4302 5068//5068
f 5240//5240 4603//4603 4596//4596
f 5340//5340 4807//4807 4810//4810
f 5049//5049 4804//4804 5048//5048
f 5073//5073 5049//5049 5048//5048
f 6063//6063 2802//2802 4606//4606
f 4809//4809 4627//4627 4797//4797
f 5085//5085 5068//5068 4302//4302
f 5085//5085 4302//4302 4304//4304
f 5557//5557 4603//4603 5038//5038
f 5085//5085 4304//4304 4560//4560
f 4607//4607 4604//4604 4807//4807
f 3047//3047 5578//5578 3607//3607
f 4818//4818 5345//5345 4000//4000
f 5345//5345 4818//4818 5047//5047
f 4949//4949 4000//4000 5345//5345
f 5048//5048 4265//4265 5073//5073
f 5349//5349 4819//4819 5046//5046
f 5349//5349 5884//5884 4819//4819
f 5047//5047 4818//4818 5640//5640
f 4614//4614 5053//5053 5051//5051
f 5049//5049 5073//5073 3281//3281
f 5053//5053 4614//4614 4776//4776
f 4949//4949 5047//5047 5648//5648
f 5250//5250 4967//4967 4599//4599
f 5254//5254 6273//6273 3805//3805
f 4949//4949 5648//5648 4824//4824
f 4824//4824 5648//5648 4620//4620
f 5380//5380 5820//5820 4600//4600
f 5819//5819 4600//4600 5820//5820
f 5084//5084 5368//5368 5854//5854
f 4833//4833 4621//4621 4957//4957
f 4195//4195 4961//4961 2806//2806
f 4830//4830 5077//5077 4829//4829
f 4796//4796 5854//5854 5368//5368
f 5711//5711 5099//5099 4600//4600
f 5934//5934 5088//5088 3365//3365
f 5368//5368 4608//4608 4796//4796
f 5062//5062 4948//4948 5079//5079
f 4835//4835 5052//5052 4199//4199
f 4272//4272 3572//3572 5087//5087
f 5079//5079 4948//4948 4943//4943
f 5052//5052 4834//4834 6186//6186
f 4822//4822 5579//5579 5063//5063
f 4318//4318 5854//5854 4796//4796
f 5365//5365 4410//4410 5886//5886
f 4822//4822 5063//5063 4820//4820
f 5356//5356 4238//4238 5357//5357
f 4822//4822 4639//4639 4974//4974
f 4763//4763 5099//5099 5381//5381
f 5088//5088 5403//5403 4367//4367
f 4421//4421 4626//4626 4964//4964
f 4822//4822 4823//4823 4639//4639
f 4626//4626 5057//5057 5256//5256
f 4763//4763 5381//5381 5108//5108
f 5103//5103 5108//5108 5381//5381
f 4974//4974 4639//4639 4503//4503
f 5066//5066 5059//5059 5067//5067
f 5111//5111 3826//3826 5113//5113
f 4736//4736 5095//5095 4734//4734
f 3652//3652 5657//5657 5892//5892
f 5274//5274 4736//4736 4377//4377
f 5824//5824 5106//5106 5103//5103
f 4982//4982 5107//5107 4249//4249
f 5805//5805 5061//5061 5659//5659
f 5246//5246 5426//5426 5253//5253
f 4612//4612 5108//5108 5103//5103
f 4840//4840 4812//4812 6273//6273
f 5103//5103 5106//5106 4846//4846
f 4940//4940 4958//4958 4853//4853
f 4940//4940 4853//4853 4958//4958
f 4633//4633 5809//5809 5570//5570
f 4839//4839 4840//4840 4383//4383
f 4741//4741 4740//4740 5844//5844
f 5082//5082 5426//5426 6017//6017
f 5069//5069 4633//4633 4969//4969
f 4648//4648 4982//4982 4249//4249
f 4969//4969 4633//4633 5374//5374
f 4251//4251 4648//4648 4067//4067
f 4973//4973 5260//5260 5111//5111
f 4358//4358 5251//5251 4860//4860
f 5067//5067 5059//5059 5402//5402
f 4849//4849 3919//3919 3916//3916
f 3826//3826 4973//4973 5113//5113
f 5543//5543 4961//4961 4747//4747
f 4358//4358 5150//5150 6084//6084
f 4785//4785 4976//4976 4973//4973
f 4971//4971 5892//5892 5279//5279
f 5067//5067 5081//5081 5039//5039
f 4976//4976 4785//4785 5396//5396
f 4198//4198 5396//5396 4785//4785
f 4817//4817 4857//4857 4105//4105
f 5067//5067 5039//5039 5066//5066
f 3771//3771 4652//4652 2709//2709
f 4219//4219 4638//4638 5676//5676
f 4943//4943 5907//5907 5079//5079
f 5251//5251 5114//5114 4618//4618
f 3775//3775 5285//5285 5589//5589
f 4837//4837 3231//3231 5376//5376
f 4837//4837 5568//5568 5097//5097
f 4073//4073 5361//5361 4942//4942
f 4073//4073 5056//5056 5361//5361
f 5397//5397 4622//4622 4210//4210
f 3942//3942 3485//3485 5651//5651
f 5357//5357 4956//4956 5391//5391
f 3569//3569 4960//4960 5376//5376
f 5056//5056 4073//4073 5363//5363
f 3327//3327 4274//4274 5087//5087
f 5098//5098 5083//5083 5351//5351
f 5395//5395 4954//4954 5136//5136
f 4436//4436 4665//4665 5444//5444
f 4436//4436 5444//5444 4667//4667
f 4689//4689 5718//5718 4274//4274
f 5718//5718 3488//3488 5580//5580
f 5098//5098 4953//4953 5508//5508
f 3488//3488 5718//5718 4689//4689
f 3575//3575 5811//5811 5580//5580
f 4817//4817 5133//5133 4856//4856
f 4619//4619 5133//5133 5142//5142
f 4666//4666 5447//5447 5456//5456
f 4666//4666 5126//5126 4767//4767
f 5126//5126 6219//6219 4767//4767
f 4874//4874 5114//5114 5139//5139
f 5954//5954 5130//5130 4174//4174
f 5674//5674 5790//5790 5552//5552
f 4765//4765 4968//4968 5477//5477
f 3781//3781 5589//5589 4174//4174
f 5395//5395 5136//5136 5139//5139
f 4288//4288 5071//5071 4574//4574
f 5534//5534 4892//4892 4894//4894
f 5678//5678 5301//5301 4770//4770
f 5678//5678 5797//5797 5301//5301
f 4770//4770 5797//5797 5678//5678
f 4968//4968 4765//4765 4047//4047
f 5496//5496 4968//4968 4047//4047
f 5603//5603 4567//4567 4951//4951
f 5603//5603 4955//4955 4567//4567
f 4622//4622 5401//5401 4210//4210
f 5797//5797 5134//5134 3819//3819
f 3819//3819 5134//5134 5135//5135
f 4908//4908 5112//5112 4894//4894
f 4622//4622 5267//5267 4619//4619
f 5730//5730 3946//3946 5729//5729
f 5142//5142 5401//5401 4622//4622
f 3218//3218 5292//5292 3382//3382
f 5154//5154 6064//6064 5410//5410
f 5716//5716 5292//5292 3218//3218
f 4906//4906 4907//4907 5423//5423
f 4575//4575 4163//4163 5110//5110
f 4907//4907 4635//4635 5424//5424
f 5142//5142 5133//5133 5194//5194
f 4907//4907 5424//5424 5423//5423
f 5115//5115 4476//4476 4775//4775
f 5730//5730 5394//5394 4162//4162
f 5115//5115 4778//4778 4476//4476
f 4288//4288 4574//4574 5076//5076
f 3369//3369 3788//3788 5922//5922
f 4908//4908 5425//5425 4635//4635
f 5425//5425 4908//4908 5262//5262
f 5394//5394 5110//5110 4163//4163
f 3788//3788 4989//4989 5922//5922
f 5424//5424 4635//4635 5428//5428
f 5425//5425 5428//5428 4635//4635
f 4671//4671 6097//6097 4674//4674
f 5364//5364 5375//5375 5202//5202
f 5535//5535 5425//5425 4637//4637
f 5115//5115 5477//5477 4778//4778
f 5304//5304 5303//5303 3249//3249
f 5133//5133 4817//4817 5194//5194
f 5477//5477 5141//5141 4778//4778
f 5304//5304 3249//3249 4673//4673
f 5081//5081 5067//5067 5105//5105
f 5124//5124 4910//4910 5145//5145
f 4476//4476 4778//4778 5141//5141
f 4977//4977 5577//5577 2826//2826
f 5161//5161 4954//4954 5093//5093
f 4210//4210 5142//5142 5194//5194
f 5945//5945 5009//5009 5468//5468
f 4469//4469 5093//5093 4628//4628
f 4641//4641 4912//4912 5072//5072
f 5161//5161 5093//5093 4469//4469
f 5136//5136 4954//4954 5161//5161
f 5402//5402 5105//5105 5067//5067
f 3971//3971 5009//5009 3970//3970
f 5152//5152 5814//5814 3971//3971
f 4641//4641 4991//4991 5145//5145
f 4476//4476 5141//5141 5162//5162
f 4630//4630 4469//4469 4628//4628
f 5131//5131 5145//5145 4991//4991
f 4641//4641 5072//5072 5131//5131
f 4630//4630 5653//5653 4909//4909
f 5438//5438 5131//5131 5072//5072
f 4643//4643 4642//4642 4861//4861
f 4803//4803 4861//4861 4642//4642
f 5687//5687 5307//5307 3844//3844
f 4721//4721 4388//4388 5411//5411
f 4691//4691 4672//4672 4929//4929
f 3660//3660 5152//5152 5151//5151
f 5078//5078 4861//4861 4445//4445
f 4637//4637 4914//4914 5432//5432
f 4637//4637 5432//5432 4994//4994
f 5311//5311 5078//5078 4445//4445
f 5000//5000 4490//4490 5404//5404
f 6052//6052 5158//5158 3392//3392
f 5124//5124 5263//5263 5432//5432
f 5124//5124 5145//5145 5263//5263
f 4465//4465 5000//5000 4519//4519
f 3988//3988 5013//5013 3986//3986
f 5906//5906 3480//3480 6138//6138
f 3480//3480 5906//5906 4222//4222
f 5906//5906 3438//3438 4222//4222
f 4519//4519 5000//5000 5170//5170
f 5404//5404 5170//5170 5000//5000
f 5699//5699 3032//3032 5307//5307
f 5404//5404 4490//4490 5170//5170
f 4344//4344 4962//4962 4583//4583
f 3032//3032 5699//5699 6174//6174
f 4916//4916 4913//4913 4909//4909
f 6055//6055 5293//5293 3438//3438
f 4916//4916 5786//5786 4646//4646
f 3666//3666 5295//5295 5581//5581
f 4906//4906 5441//5441 4917//4917
f 5786//5786 5546//5546 4919//4919
f 4646//4646 5786//5786 4919//4919
f 5441//5441 4906//4906 5742//5742
f 4919//4919 5175//5175 4646//4646
f 5742//5742 4906//4906 5423//5423
f 4919//4919 5546//5546 5264//5264
f 4921//4921 4919//4919 5264//5264
f 3514//3514 5702//5702 4470//4470
f 5002//5002 5170//5170 3889//3889
f 4920//4920 5175//5175 4919//4919
f 5967//5967 3672//3672 5702//5702
f 5915//5915 5583//5583 3487//3487
f 3483//3483 5915//5915 3487//3487
f 5162//5162 5486//5486 5494//5494
f 5692//5692 5915//5915 3483//3483
f 4628//4628 5093//5093 5914//5914
f 4231//4231 5583//5583 4453//4453
f 4231//4231 3487//3487 5583//5583
f 5405//5405 4926//4926 4927//4927
f 6127//6127 6467//6467 4511//4511
f 4703//4703 5377//5377 4181//4181
f 5146//5146 5156//5156 5148//5148
f 4287//4287 4580//4580 4569//4569
f 3516//3516 3852//3852 5315//5315
f 4580//4580 5377//5377 4582//4582
f 4320//4320 4569//4569 4580//4580
f 5080//5080 4580//4580 4582//4582
f 4972//4972 5189//5189 4640//4640
f 5377//5377 4703//4703 4582//4582
f 4582//4582 4703//4703 4959//4959
f 4662//4662 5100//5100 4577//4577
f 5496//5496 4802//4802 5488//5488
f 4679//4679 5705//5705 3854//3854
f 4959//4959 4703//4703 4180//4180
f 5218//5218 5100//5100 4662//4662
f 4932//4932 4928//4928 4925//4925
f 5180//5180 3990//3990 5313//5313
f 5159//5159 5545//5545 4999//4999
f 5314//5314 5588//5588 3990//3990
f 5089//5089 4731//4731 5091//5091
f 4876//4876 5194//5194 4817//4817
f 4732//4732 5091//5091 4731//4731
f 4932//4932 5033//5033 5421//5421
f 4662//4662 4584//4584 5118//5118
f 3996//3996 5318//5318 4682//4682
f 5094//5094 5091//5091 5385//5385
f 4962//4962 5388//5388 4583//4583
f 4584//4584 5408//5408 5118//5118
f 5685//5685 5385//5385 4298//4298
f 5591//5591 5022//5022 3266//3266
f 4702//4702 5459//5459 4284//4284
f 4507//4507 3647//3647 5975//5975
f 5125//5125 5102//5102 5104//5104
f 4681//4681 3996//3996 4682//4682
f 4881//4881 5176//5176 4662//4662
f 5785//5785 4702//4702 5944//5944
f 5024//5024 4683//4683 5317//5317
f 4651//4651 5842//5842 4653//4653
f 4654//4654 5239//5239 5614//5614
f 5614//5614 5239//5239 5842//5842
f 5842//5842 5239//5239 4653//4653
f 4653//4653 5239//5239 4654//4654
f 4320//4320 4580//4580 5080//5080
f 4683//4683 5024//5024 5025//5025
f 4582//4582 4598//4598 5080//5080
f 5119//5119 5060//5060 5123//5123
f 4487//4487 5642//5642 4802//4802
f 4880//4880 5118//5118 4661//4661
f 5319//5319 5318//5318 3996//3996
f 5163//5163 6007//6007 4779//4779
f 5118//5118 5121//5121 4661//4661
f 5208//5208 3832//3832 5980//5980
f 4001//4001 5027//5027 5193//5193
f 3791//3791 4256//4256 5843//5843
f 5252//5252 5389//5389 4752//4752
f 5595//5595 4001//4001 4811//4811
f 4720//4720 5181//5181 4722//4722
f 5595//5595 4811//4811 5596//5596
f 5802//5802 4933//4933 5208//5208
f 6184//6184 4658//4658 3791//3791
f 4661//4661 5121//5121 4663//4663
f 4601//4601 5389//5389 4978//4978
f 5842//5842 3835//3835 4933//4933
f 5658//5658 4487//4487 4644//4644
f 4381//4381 6005//6005 4380//4380
f 4978//4978 5936//5936 4341//4341
f 5864//5864 5121//5121 5173//5173
f 4663//4663 5121//5121 5864//5864
f 4341//4341 5936//5936 4828//4828
f 5524//5524 5658//5658 4644//4644
f 4686//4686 5030//5030 5197//5197
f 3797//3797 6135//6135 4266//4266
f 4720//4720 4167//4167 5291//5291
f 4687//4687 4686//4686 5197//5197
f 5406//5406 4584//4584 5166//5166
f 4720//4720 5291//5291 5181//5181
f 4560//4560 4042//4042 4589//4589
f 5148//5148 5156//5156 5483//5483
f 4042//4042 4561//4561 4589//4589
f 5001//5001 4632//4632 5004//5004
f 5789//5789 4561//4561 4049//4049
f 5164//5164 5483//5483 5156//5156
f 5037//5037 4934//4934 5689//5689
f 5128//5128 5499//5499 5192//5192
f 5128//5128 5138//5138 5143//5143
f 4934//4934 5037//5037 4935//4935
f 5525//5525 5128//5128 5192//5192
f 3610//3610 4324//4324 5399//5399
f 4993//4993 4691//4691 5156//5156
f 5138//5138 5128//5128 5525//5525
f 4221//4221 3525//3525 5122//5122
f 5605//5605 4787//4787 4354//4354
f 5524//5524 4644//4644 5190//5190
f 4615//4615 5662//5662 5660//5660
f 4573//4573 5164//5164 5156//5156
f 5560//5560 5629//5629 4057//4057
f 5597//5597 4277//4277 6147//6147
f 5185//5185 5478//5478 5476//5476
f 5188//5188 4573//4573 4168//4168
f 4289//4289 4692//4692 6165//6165
f 5492//5492 4815//4815 3864//3864
f 4987//4987 5744//5744 3340//3340
f 4196//4196 4987//4987 3340//3340
f 4695//4695 5143//5143 5138//5138
f 4494//4494 4493//4493 5322//5322
f 5322//5322 5493//5493 4494//4494
f 5138//5138 5528//5528 4695//4695
f 4722//4722 5181//5181 5010//5010
f 4762//4762 6043//6043 5598//5598
f 5121//5121 5155//5155 5173//5173
f 5033//5033 5035//5035 5421//5421
f 4722//4722 5010//5010 5212//5212
f 5188//5188 4892//4892 5534//5534
f 5460//5460 5455//5455 5198//5198
f 3241//3241 5564//5564 5298//5298
f 4374//4374 5117//5117 4225//4225
f 4791//4791 5117//5117 4374//4374
f 5689//5689 4934//4934 5421//5421
f 4578//4578 5875//5875 4719//4719
f 4719//4719 5875//5875 3716//3716
f 5261//5261 4133//4133 4376//4376
f 5010//5010 5478//5478 5212//5212
f 4173//4173 4713//4713 6145//6145
f 4695//4695 5528//5528 5178//5178
f 5212//5212 5478//5478 5220//5220
f 5201//5201 5209//5209 5083//5083
f 5201//5201 5098//5098 5673//5673
f 5083//5083 5098//5098 5201//5201
f 4980//4980 5178//5178 5528//5528
f 4980//4980 5526//5526 5190//5190
f 5656//5656 4178//4178 3918//3918
f 5075//5075 5125//5125 4642//4642
f 5125//5125 5127//5127 4803//4803
f 4642//4642 5125//5125 4803//4803
f 5127//5127 5125//5125 5104//5104
f 5217//5217 5218//5218 5221//5221
f 4623//4623 4593//4593 4751//4751
f 4254//4254 4245//4245 4253//4253
f 4717//4717 5195//5195 4695//4695
f 4662//4662 5221//5221 5218//5218
f 4737//4737 5195//5195 4717//4717
f 5420//5420 5173//5173 5155//5155
f 5155//5155 5174//5174 5420//5420
f 4737//4737 5247//5247 5195//5195
f 5173//5173 5420//5420 6214//6214
f 6214//6214 5864//5864 5173//5173
f 5469//5469 5206//5206 5211//5211
f 4758//4758 5220//5220 5221//5221
f 5247//5247 4737//4737 4590//4590
f 5211//5211 5206//5206 5257//5257
f 3668//3668 3865//3865 5132//5132
f 4758//4758 5221//5221 4774//4774
f 5221//5221 4662//4662 4774//4774
f 5176//5176 4881//4881 5177//5177
f 4403//4403 4263//4263 4816//4816
f 5051//5051 5178//5178 4980//4980
f 4816//4816 4263//4263 4260//4260
f 4774//4774 4662//4662 5176//5176
f 5662//5662 4615//4615 5481//5481
f 4801//4801 5460//5460 5481//5481
f 4786//4786 5501//5501 5498//5498
f 3746//3746 5498//5498 5297//5297
f 4263//4263 3763//3763 4260//4260
f 4774//4774 5500//5500 4596//4596
f 4596//4596 5500//5500 5038//5038
f 5144//5144 4260//4260 3763//3763
f 5191//5191 5005//5005 5238//5238
f 5500//5500 5187//5187 5038//5038
f 5005//5005 5191//5191 5259//5259
f 5172//5172 5238//5238 5005//5005
f 4270//4270 4262//4262 5833//5833
f 4270//4270 5833//5833 5147//5147
f 3823//3823 4885//4885 5637//5637
f 5992//5992 5442//5442 4739//4739
f 5527//5527 5011//5011 4581//4581
f 5992//5992 4739//4739 5023//5023
f 4233//4233 5621//5621 5325//5325
f 4233//4233 5325//5325 4888//4888
f 5232//5232 4710//4710 5011//5011
f 4233//4233 5584//5584 6036//6036
f 5140//5140 5229//5229 4397//4397
f 5140//5140 4672//4672 5229//5229
f 4466//4466 5325//5325 5621//5621
f 4581//4581 5011//5011 4710//4710
f 4285//4285 4891//4891 5327//5327
f 5140//5140 4397//4397 4430//4430
f 4584//4584 5529//5529 4581//4581
f 4584//4584 4577//4577 5529//5529
f 5015//5015 4893//4893 5200//5200
f 5623//5623 4896//4896 4684//4684
f 4897//4897 4684//4684 4896//4896
f 5328//5328 5623//5623 4684//4684
f 4574//4574 5788//5788 5076//5076
f 4238//4238 4956//4956 5357//5357
f 5076//5076 5788//5788 4235//4235
f 4684//4684 5204//5204 4235//4235
f 4235//4235 5204//5204 4177//4177
f 3841//3841 3415//3415 6234//6234
f 5523//5523 4668//4668 4183//4183
f 4996//4996 6234//6234 3415//3415
f 3783//3783 5147//5147 5606//5606
f 5231//5231 5230//5230 5532//5532
f 5232//5232 5011//5011 5230//5230
f 4998//4998 6056//6056 4240//4240
f 5230//5230 5231//5231 5232//5232
f 4239//4239 3436//3436 6240//6240
f 3245//3245 6011//6011 3522//3522
f 5336//5336 5059//5059 5039//5039
f 4634//4634 3199//3199 5618//5618
f 5231//5231 5533//5533 5232//5232
f 5232//5232 5533//5533 4592//4592
f 3629//3629 5618//5618 3199//3199
f 6105//6105 3525//3525 3699//3699
f 3770//3770 4812//4812 4636//4636
f 4414//4414 5870//5870 4449//4449
f 5157//5157 6039//6039 3220//3220
f 5870//5870 5196//5196 4449//4449
f 6629//6629 5281//5281 3782//3782
f 5855//5855 3895//3895 4379//4379
f 4636//4636 4812//4812 4839//4839
f 4592//4592 5237//5237 4743//4743
f 4636//4636 4839//4839 4645//4645
f 4227//4227 4764//4764 5727//5727
f 5007//5007 4645//4645 4839//4839
f 4386//4386 4645//4645 5007//5007
f 4383//4383 3789//3789 5007//5007
f 5169//5169 5347//5347 3803//3803
f 5342//5342 5169//5169 4670//4670
f 5014//5014 5234//5234 5237//5237
f 5237//5237 5234//5234 5235//5235
f 4268//4268 5450//5450 4753//4753
f 4850//4850 5450//5450 4268//4268
f 3292//3292 5549//5549 4241//4241
f 5549//5549 5645//5645 4241//4241
f 4239//4239 6240//6240 3534//3534
f 4379//4379 4656//4656 6079//6079
f 3958//3958 5418//5418 5179//5179
f 5234//5234 5236//5236 5235//5235
f 5236//5236 5534//5534 4894//4894
f 4468//4468 4875//4875 5179//5179
f 5184//5184 4678//4678 5241//5241
f 5112//5112 5236//5236 4894//4894
f 4656//4656 5631//5631 5862//5862
f 4485//4485 5635//5635 5631//5631
f 5330//5330 5635//5635 4485//4485
f 4483//4483 4875//4875 5429//5429
f 5866//5866 5867//5867 3250//3250
f 5235//5235 5236//5236 4743//4743
f 5237//5237 5235//5235 4743//4743
f 5332//5332 5215//5215 5029//5029
f 4743//4743 5236//5236 5112//5112
f 4592//4592 4710//4710 5232//5232
f 6164//6164 5296//5296 3881//3881
f 5584//5584 3833//3833 6036//6036
f 5533//5533 5237//5237 4592//4592
f 5538//5538 4768//4768 5764//5764
f 5191//5191 5238//5238 5019//5019
f 5191//5191 5019//5019 5259//5259
f 5023//5023 3891//3891 5021//5021
f 3196//3196 5451//5451 4406//4406
f 5451//5451 3196//3196 4945//4945
f 4194//4194 4279//4279 5210//5210
f 5215//5215 5332//5332 4050//4050
f 5523//5523 4183//4183 4941//4941
f 4738//4738 4396//4396 4220//4220
f 5451//5451 3800//3800 4406//4406
f 4473//4473 4471//4471 3714//3714
f 5467//5467 5225//5225 4745//4745
f 4471//4471 4473//4473 5227//5227
f 5213//5213 4745//4745 5465//5465
f 4473//4473 4782//4782 5227//5227
f 3823//3823 5637//5637 4246//4246
f 4104//4104 4246//4246 5637//5637
f 5867//5867 5554//5554 4866//4866
f 5804//5804 4243//4243 4104//4104
f 4605//4605 5042//5042 4442//4442
f 5216//5216 5032//5032 4243//4243
f 4798//4798 3873//3873 4783//4783
f 5223//5223 5042//5042 4605//4605
f 4595//4595 4108//4108 5032//5032
f 4597//4597 4108//4108 4595//4595
f 4595//4595 5219//5219 4597//4597
f 4759//4759 5219//5219 5222//5222
f 4759//4759 5224//5224 4597//4597
f 5219//5219 5634//5634 4418//4418
f 5457//5457 5223//5223 4605//4605
f 3878//3878 5225//5225 5911//5911
f 4504//4504 4676//4676 4675//4675
f 4944//4944 4611//4611 4034//4034
f 4034//4034 3943//3943 4944//4944
f 6489//6489 5663//5663 4617//4617
f 4617//4617 4772//4772 6489//6489
f 4617//4617 5228//5228 4772//4772
f 5487//5487 5663//5663 6235//6235
f 5226//5226 5329//5329 4772//4772
f 4800//4800 4772//4772 5228//5228
f 5569//5569 5287//5287 3764//3764
f 5228//5228 4271//4271 4800//4800
f 5214//5214 5793//5793 5474//5474
f 4164//4164 4160//4160 5903//5903
f 5903//5903 5569//5569 4164//4164
f 5339//5339 5346//5346 5116//5116
f 5679//5679 4607//4607 4602//4602
f 3189//3189 5698//5698 3745//3745
f 5336//5336 4923//4923 5341//5341
f 5335//5335 5123//5123 5338//5338
f 6014//6014 5668//5668 3754//3754
f 5690//5690 4171//4171 5355//5355
f 4171//4171 5690//5690 3872//3872
f 5249//5249 5441//5441 5248//5248
f 5119//5119 5619//5619 5060//5060
f 6014//6014 3949//3949 5343//5343
f 4872//4872 4546//4546 4942//4942
f 5059//5059 5336//5336 5351//5351
f 5619//5619 5344//5344 5060//5060
f 5679//5679 4604//4604 4607//4607
f 5336//5336 5341//5341 5351//5351
f 5037//5037 5689//5689 5044//5044
f 5539//5539 4607//4607 5681//5681
f 5706//5706 5704//5704 3745//3745
f 5339//5339 5434//5434 5346//5346
f 4872//4872 4942//4942 5347//5347
f 4942//4942 5361//5361 5347//5347
f 5572//5572 4586//4586 6087//6087
f 5681//5681 4607//4607 5354//5354
f 5689//5689 5334//5334 5044//5044
f 3746//3746 5297//5297 5036//5036
f 5452//5452 5451//5451 4945//4945
f 5691//5691 5675//5675 5050//5050
f 5619//5619 5743//5743 5348//5348
f 5054//5054 5074//5074 5339//5339
f 4586//4586 4712//4712 6946//6946
f 5366//5366 5434//5434 5339//5339
f 5352//5352 5353//5353 5350//5350
f 5339//5339 5074//5074 5366//5366
f 4175//4175 5244//5244 6946//6946
f 5045//5045 5042//5042 5223//5223
f 4945//4945 4611//4611 4946//4946
f 4941//4941 5042//5042 5045//5045
f 5363//5363 5361//5361 5056//5056
f 5704//5704 3873//3873 5358//5358
f 5371//5371 5695//5695 4715//4715
f 5074//5074 5364//5364 5366//5366
f 6020//6020 4766//4766 5964//5964
f 5363//5363 5065//5065 5361//5361
f 5363//5363 5241//5241 5065//5065
f 4588//4588 5652//5652 4337//4337
f 5241//5241 5363//5363 5184//5184
f 5373//5373 4946//4946 4611//4611
f 5704//5704 5358//5358 4265//4265
f 4265//4265 5048//5048 5704//5704
f 4952//4952 4950//4950 5055//5055
f 4952//4952 5360//5360 4950//4950
f 5071//5071 5243//5243 4574//4574
f 5409//5409 5356//5356 5723//5723
f 5603//5603 5243//5243 5071//5071
f 4955//4955 5603//5603 5071//5071
f 4287//4287 4567//4567 4955//4955
f 4114//4114 6178//6178 4951//4951
f 5723//5723 5356//5356 5712//5712
f 5356//5356 5357//5357 5712//5712
f 5680//5680 4947//4947 4185//4185
f 6178//6178 4114//4114 5089//5089
f 5074//5074 5081//5081 5364//5364
f 4944//4944 5370//5370 5378//5378
f 5087//5087 5383//5383 4272//4272
f 4952//4952 5058//5058 5360//5360
f 5245//5245 5362//5362 6071//6071
f 4596//4596 5038//5038 5240//5240
f 4956//4956 4668//4668 5391//5391
f 5803//5803 4837//4837 5376//5376
f 5378//5378 5373//5373 4944//4944
f 5364//5364 5081//5081 5375//5375
f 5373//5373 5378//5378 5639//5639
f 5393//5393 5045//5045 5223//5223
f 5037//5037 4587//4587 5571//5571
f 5240//5240 5038//5038 4603//4603
f 5575//5575 4814//4814 4629//4629
f 5058//5058 5571//5571 5360//5360
f 5382//5382 4923//4923 4963//4963
f 5360//5360 5571//5571 5369//5369
f 5373//5373 5639//5639 5644//5644
f 5777//5777 5854//5854 4318//4318
f 5644//5644 5427//5427 5373//5373
f 5640//5640 4821//4821 5242//5242
f 5884//5884 4821//4821 4819//4819
f 5778//5778 5777//5777 4318//4318
f 5778//5778 4318//4318 3826//3826
f 5047//5047 5640//5640 5648//5648
f 5369//5369 5086//5086 5360//5360
f 5111//5111 6023//6023 3826//3826
f 3805//3805 6273//6273 4812//4812
f 5242//5242 4821//4821 5884//5884
f 5341//5341 4923//4923 5382//5382
f 5369//5369 5085//5085 4560//4560
f 5349//5349 5046//5046 5557//5557
f 5391//5391 5523//5523 5717//5717
f 5391//5391 4668//4668 5523//5523
f 5086//5086 5369//5369 4560//4560
f 4822//4822 4974//4974 5579//5579
f 4949//4949 5345//5345 5047//5047
f 5341//5341 5412//5412 5351//5351
f 4946//4946 5452//5452 4945//4945
f 5250//5250 4921//4921 5573//5573
f 5092//5092 4061//4061 5586//5586
f 4967//4967 5250//5250 5573//5573
f 5452//5452 4946//4946 5062//5062
f 5379//5379 4967//4967 5573//5573
f 5337//5337 5045//5045 5709//5709
f 5081//5081 5105//5105 5375//5375
f 5457//5457 5452//5452 5414//5414
f 5380//5380 4967//4967 5379//5379
f 5890//5890 4834//4834 6181//6181
f 5890//5890 6186//6186 4834//4834
f 4600//4600 5819//5819 5711//5711
f 5202//5202 5375//5375 5469//5469
f 5107//5107 4982//4982 5273//5273
f 5365//5365 6031//6031 4957//4957
f 5105//5105 5469//5469 5375//5375
f 5414//5414 5452//5452 5062//5062
f 4833//4833 4957//4957 6031//6031
f 4840//4840 6604//6604 5273//5273
f 4964//4964 4626//4626 5256//5256
f 4959//4959 4180//4180 5604//5604
f 5383//5383 4274//4274 5718//5718
f 4946//4946 5427//5427 5062//5062
f 4180//4180 4700//4700 5604//5604
f 6177//6177 5578//5578 3047//3047
f 4962//4962 4965//4965 5388//5388
f 5091//5091 5094//5094 5089//5089
f 5258//5258 5101//5101 5409//5409
f 6111//6111 5812//5812 4690//4690
f 5258//5258 5409//5409 5865//5865
f 5414//5414 5062//5062 5079//5079
f 5385//5385 5683//5683 5094//5094
f 4301//4301 4300//4300 5685//5685
f 5419//5419 5414//5414 5079//5079
f 5072//5072 5101//5101 5258//5258
f 5393//5393 5419//5419 5907//5907
f 5097//5097 5729//5729 3946//3946
f 5729//5729 5097//5097 6385//6385
f 3533//3533 5933//5933 4613//4613
f 5907//5907 5419//5419 5079//5079
f 4965//4965 5116//5116 5346//5346
f 5589//5589 5289//5289 4174//4174
f 5954//5954 4174//4174 5289//5289
f 4965//4965 4975//4975 5388//5388
f 4965//4965 5346//5346 4975//4975
f 4978//4978 5986//5986 5936//5936
f 4613//4613 6074//6074 3821//3821
f 5109//5109 5394//5394 5730//5730
f 4975//4975 5346//5346 5434//5434
f 4946//4946 5373//5373 5427//5427
f 4845//4845 4964//4964 5256//5256
f 5256//5256 5897//5897 5367//5367
f 5367//5367 4845//4845 5256//5256
f 2806//2806 4961//4961 3533//3533
f 5897//5897 6134//6134 5367//5367
f 4828//4828 5936//5936 4262//4262
f 5367//5367 6134//6134 5657//5657
f 5423//5423 5424//5424 5742//5742
f 4700//4700 4787//4787 5935//5935
f 5292//5292 5701//5701 3656//3656
f 5277//5277 5577//5577 4977//4977
f 5659//5659 5061//5061 5052//5052
f 5052//5052 6186//6186 5659//5659
f 6007//6007 4381//4381 4779//4779
f 5090//5090 5403//5403 6198//6198
f 5427//5427 5644//5644 5665//5665
f 4212//4212 6441//6441 4852//4852
f 5730//5730 6047//6047 5109//5109
f 4908//4908 4914//4914 5262//5262
f 5062//5062 5427//5427 4948//4948
f 5109//5109 6047//6047 4579//4579
f 5805//5805 4212//4212 5061//5061
f 5381//5381 5824//5824 5103//5103
f 4579//4579 6047//6047 4170//4170
f 5088//5088 5956//5956 5403//5403
f 5390//5390 5636//5636 5395//5395
f 5427//5427 5665//5665 4948//4948
f 5809//5809 4852//4852 6441//6441
f 4736//4736 5934//5934 5095//5095
f 4981//4981 5590//5590 3286//3286
f 5390//5390 5395//5395 5114//5114
f 4948//4948 5665//5665 5437//5437
f 5251//5251 5390//5390 5114//5114
f 5114//5114 5395//5395 5139//5139
f 5276//5276 5274//5274 4377//4377
f 5105//5105 5402//5402 5206//5206
f 5106//5106 5386//5386 4846//4846
f 5276//5276 3466//3466 5620//5620
f 4988//4988 5261//5261 4376//4376
f 3466//3466 3892//3892 5620//5620
f 5206//5206 5402//5402 5209//5209
f 3863//3863 5937//5937 4988//4988
f 4387//4387 4721//4721 5716//5716
f 5083//5083 5402//5402 5059//5059
f 4637//4637 5262//5262 4914//4914
f 5059//5059 5351//5351 5083//5083
f 5070//5070 5844//5844 4740//4740
f 5907//5907 4943//4943 5740//5740
f 5111//5111 5113//5113 4973//4973
f 5937//5937 3863//3863 6190//6190
f 4943//4943 5430//5430 5740//5740
f 4973//4973 4976//4976 5260//5260
f 5149//5149 6190//6190 3863//3863
f 5428//5428 5425//5425 5535//5535
f 5260//5260 4976//4976 5392//5392
f 5425//5425 5262//5262 4637//4637
f 5402//5402 5083//5083 5209//5209
f 4799//4799 5901//5901 5396//5396
f 4652//4652 3771//3771 4747//4747
f 4943//4943 4948//4948 5430//5430
f 5057//5057 5664//5664 5667//5667
f 5131//5131 4991//4991 4641//4641
f 4976//4976 5396//5396 5392//5392
f 5871//5871 5411//5411 5309//5309
f 5430//5430 4948//4948 5437//5437
f 5435//5435 5430//5430 5437//5437
f 5437//5437 5665//5665 5454//5454
f 5672//5672 5685//5685 4300//4300
f 6026//6026 4984//4984 4324//4324
f 5075//5075 5672//5672 4300//4300
f 5432//5432 5263//5263 4994//4994
f 5740//5740 5430//5430 5439//5439
f 3206//3206 5853//5853 5767//5767
f 5279//5279 5892//5892 6045//6045
f 5279//5279 6045//6045 5574//5574
f 5647//5647 5853//5853 3206//3206
f 5397//5397 4210//4210 5905//5905
f 5455//5455 5434//5434 5366//5366
f 4873//4873 5905//5905 5398//5398
f 5974//5974 5676//5676 4638//4638
f 5901//5901 4799//4799 5724//5724
f 5202//5202 5455//5455 5366//5366
f 5651//5651 5647//5647 3942//3942
f 4966//4966 5437//5437 5454//5454
f 5455//5455 4975//4975 5434//5434
f 4975//4975 5455//5455 5460//5460
f 4788//4788 5615//5615 4196//4196
f 5075//5075 4642//4642 5384//5384
f 5439//5439 5430//5430 5435//5435
f 5441//5441 5742//5742 5787//5787
f 4801//4801 4975//4975 5460//5460
f 4861//4861 5078//5078 4643//4643
f 5311//5311 6140//6140 5078//5078
f 5435//5435 5437//5437 4966//4966
f 5258//5258 5449//5449 5072//5072
f 4966//4966 5757//5757 5435//5435
f 6127//6127 4519//4519 5170//5170
f 5120//5120 4664//4664 5983//5983
f 5072//5072 5449//5449 5438//5438
f 6127//6127 5170//5170 5002//5002
f 5464//5464 5460//5460 5198//5198
f 6393//6393 4664//4664 5120//5120
f 5983//5983 6393//6393 5120//5120
f 6055//6055 3438//3438 5906//5906
f 5202//5202 5366//5366 5364//5364
f 5757//5757 5484//5484 5453//5453
f 5840//5840 5003//5003 3777//3777
f 6393//6393 5444//5444 4665//4665
f 5453//5453 5439//5439 5435//5435
f 4519//4519 6127//6127 4511//4511
f 5548//5548 4667//4667 5444//5444
f 4476//4476 5162//5162 5490//5490
f 4511//4511 6467//6467 5608//5608
f 5453//5453 5435//5435 5757//5757
f 5299//5299 4995//4995 6218//6218
f 5446//5446 4666//4666 5456//5456
f 5311//5311 4650//4650 5582//5582
f 4979//4979 5490//5490 5735//5735
f 4476//4476 5490//5490 4979//4979
f 5198//5198 5455//5455 5469//5469
f 5189//5189 5612//5612 4640//4640
f 5469//5469 5455//5455 5202//5202
f 5582//5582 4650//4650 4453//4453
f 5583//5583 5582//5582 4453//4453
f 5150//5150 4649//4649 5858//5858
f 5130//5130 6629//6629 3782//3782
f 5829//5829 5583//5583 5915//5915
f 4871//4871 3120//3120 5581//5581
f 5469//5469 5105//5105 5206//5206
f 5342//5342 5347//5347 5169//5169
f 5442//5442 5992//5992 6311//6311
f 5548//5548 4985//4985 4990//4990
f 4990//4990 4985//4985 5129//5129
f 5129//5129 4985//4985 5446//5446
f 5129//5129 5446//5446 4990//4990
f 3841//3841 6234//6234 4016//4016
f 5630//5630 5469//5469 5211//5211
f 5447//5447 5446//5446 5456//5456
f 4670//4670 5169//5169 5417//5417
f 5141//5141 5486//5486 5162//5162
f 5552//5552 5300//5300 5674//5674
f 5118//5118 5408//5408 5121//5121
f 3843//3843 4236//4236 6216//6216
f 3496//3496 5674//5674 6092//6092
f 5198//5198 5469//5469 5630//5630
f 4240//4240 6216//6216 4236//4236
f 5198//5198 5630//5630 5464//5464
f 5976//5976 6064//6064 5154//5154
f 6056//6056 6216//6216 4240//4240
f 4770//4770 3496//3496 6092//6092
f 5486//5486 5477//5477 4968//4968
f 4256//4256 5614//5614 5843//5843
f 5797//5797 4770//4770 5677//5677
f 4926//4926 5976//5976 5154//5154
f 5678//5678 4770//4770 5301//5301
f 3957//3957 5417//5417 3958//3958
f 5417//5417 5418//5418 3958//3958
f 5141//5141 5477//5477 5486//5486
f 4187//4187 3766//3766 5618//5618
f 4584//4584 5406//5406 5408//5408
f 3766//3766 4634//4634 5618//5618
f 5878//5878 5800//5800 5137//5137
f 4658//4658 6184//6184 3797//3797
f 5166//5166 4997//4997 5406//5406
f 5732//5732 5429//5429 4468//4468
f 5305//5305 3522//3522 6282//6282
f 4468//4468 5429//5429 4875//4875
f 5418//5418 4468//4468 5179//5179
f 5494//5494 5490//5490 5162//5162
f 5155//5155 5408//5408 5406//5406
f 5155//5155 5121//5121 5408//5408
f 6097//6097 5888//5888 4674//4674
f 5303//5303 6149//6149 3421//3421
f 5155//5155 5406//5406 5413//5413
f 5732//5732 5241//5241 4678//4678
f 5697//5697 5155//5155 5413//5413
f 5429//5429 4678//4678 4103//4103
f 5789//5789 4589//4589 4561//4561
f 5860//5860 5545//5545 4380//4380
f 5406//5406 4997//4997 5413//5413
f 3359//3359 5684//5684 5806//5806
f 5413//5413 4997//4997 5416//5416
f 6005//6005 5860//5860 4380//4380
f 4049//4049 5422//5422 5789//5789
f 5416//5416 4997//4997 5238//5238
f 4693//4693 5938//5938 4568//4568
f 5938//5938 4693//4693 5281//5281
f 5172//5172 5416//5416 5238//5238
f 5413//5413 5416//5416 5587//5587
f 5587//5587 5416//5416 5172//5172
f 5946//5946 5009//5009 3971//3971
f 4558//4558 5791//5791 4559//4559
f 3971//3971 5814//5814 5946//5946
f 5251//5251 4358//4358 6084//6084
f 5832//5832 5587//5587 5172//5172
f 5341//5341 5146//5146 5412//5412
f 5859//5859 5251//5251 6084//6084
f 5146//5146 5415//5415 5412//5412
f 5155//5155 5697//5697 5174//5174
f 4289//4289 6165//6165 6164//6164
f 5891//5891 5307//5307 5687//5687
f 4559//4559 5791//5791 5799//5799
f 5545//5545 5861//5861 4999//4999
f 5152//5152 3660//3660 5815//5815
f 6503//6503 3836//3836 3541//3541
f 5470//5470 5815//5815 3660//3660
f 3660//3660 5013//5013 5470//5470
f 5308//5308 5470//5470 5013//5013
f 3836//3836 6037//6037 4166//4166
f 5471//5471 5013//5013 5895//5895
f 3988//3988 5895//5895 5013//5013
f 4953//4953 5412//5412 5415//5415
f 5654//5654 4909//4909 5653//5653
f 3988//3988 4477//4477 5895//5895
f 4477//4477 5312//5312 5895//5895
f 4953//4953 5415//5415 5148//5148
f 5832//5832 5420//5420 5174//5174
f 4999//4999 5861//5861 5288//5288
f 4909//4909 5654//5654 4916//4916
f 5485//5485 5271//5271 5270//5270
f 5351//5351 5412//5412 5098//5098
f 5412//5412 4953//4953 5098//5098
f 5636//5636 5626//5626 4954//4954
f 5395//5395 5636//5636 4954//4954
f 5176//5176 5921//5921 5187//5187
f 6174//6174 3847//3847 3032//3032
f 5508//5508 5673//5673 5098//5098
f 5282//5282 5776//5776 4284//4284
f 4657//4657 4284//4284 5776//5776
f 6243//6243 5466//5466 5751//5751
f 5177//5177 4663//4663 5431//5431
f 5187//5187 5433//5433 6075//6075
f 5855//5855 4379//4379 6079//6079
f 4414//4414 6070//6070 5870//5870
f 4273//4273 6195//6195 3852//3852
f 5093//5093 4954//4954 5626//5626
f 5626//5626 5475//5475 5093//5093
f 3852//3852 6195//6195 5315//5315
f 5196//5196 5870//5870 3818//3818
f 5486//5486 5488//5488 5494//5494
f 5445//5445 5448//5448 5167//5167
f 5445//5445 4838//4838 5448//5448
f 5268//5268 5491//5491 5485//5485
f 4838//4838 4753//4753 5448//5448
f 4066//4066 6082//6082 4713//4713
f 5448//5448 5450//5450 5167//5167
f 4850//4850 5167//5167 5450//5450
f 5313//5313 5016//5016 5180//5180
f 5480//5480 5484//5484 5756//5756
f 6240//6240 6081//6081 3534//3534
f 5314//5314 3856//3856 5182//5182
f 4685//4685 4227//4227 5549//5549
f 3534//3534 6081//6081 3536//3536
f 5182//5182 5183//5183 5017//5017
f 5710//5710 5479//5479 5183//5183
f 5489//5489 5484//5484 5480//5480
f 6082//6082 6145//6145 4713//4713
f 3536//3536 5310//5310 3816//3816
f 5005//5005 5616//5616 5172//5172
f 5172//5172 5616//5616 5832//5832
f 3816//3816 5310//5310 5866//5866
f 3266//3266 5315//5315 5591//5591
f 5862//5862 5863//5863 4656//4656
f 4585//4585 5608//5608 5656//5656
f 5168//5168 5459//5459 4702//4702
f 4885//4885 4677//4677 5948//5948
f 4677//4677 5621//5621 5324//5324
f 5269//5269 5271//5271 5502//5502
f 5484//5484 5489//5489 5507//5507
f 4178//4178 5656//5656 6209//6209
f 5024//5024 5317//5317 5025//5025
f 5645//5645 5331//5331 4241//4241
f 4683//4683 5025//5025 5594//5594
f 5331//5331 5889//5889 5029//5029
f 5029//5029 5889//5889 5899//5899
f 4001//4001 5193//5193 5027//5027
f 5595//5595 5027//5027 4001//4001
f 5271//5271 5503//5503 5502//5502
f 4001//4001 5027//5027 5193//5193
f 4993//4993 4963//4963 4672//4672
f 5952//5952 5327//5327 4891//4891
f 5489//5489 5686//5686 5511//5511
f 4811//4811 5597//5597 5596//5596
f 4680//4680 5015//5015 4891//4891
f 5491//5491 5268//5268 5203//5203
f 3802//3802 4863//4863 5461//5461
f 4507//4507 5980//5980 3832//3832
f 4963//4963 4993//4993 5382//5382
f 4893//4893 4896//4896 5547//5547
f 5802//5802 5208//5208 5980//5980
f 5652//5652 3802//3802 5646//5646
f 5547//5547 5200//5200 4893//4893
f 5646//5646 5463//5463 3416//3416
f 4869//4869 5646//5646 3416//3416
f 4933//4933 5802//5802 5842//5842
f 5146//5146 5341//5341 5382//5382
f 3800//3800 5451//5451 5028//5028
f 5028//5028 4605//4605 3800//3800
f 5452//5452 5028//5028 5451//5451
f 5476//5476 5203//5203 5268//5268
f 5625//5625 5328//5328 5788//5788
f 5185//5185 5476//5476 5268//5268
f 5661//5661 5330//5330 4275//4275
f 6594//6594 5462//5462 4698//4698
f 4605//4605 5028//5028 5457//5457
f 5268//5268 5688//5688 5185//5185
f 5502//5502 5522//5522 5278//5278
f 5028//5028 5452//5452 5457//5457
f 5382//5382 4993//4993 5146//5146
f 5675//5675 4992//4992 5050//5050
f 5499//5499 5143//5143 5715//5715
f 4979//4979 5735//5735 5731//5731
f 5278//5278 5522//5522 5217//5217
f 4672//4672 4691//4691 4993//4993
f 5879//5879 5333//5333 5554//5554
f 5661//5661 4675//4675 4676//4676
f 5197//5197 6297//6297 4687//4687
f 5414//5414 5419//5419 5457//5457
f 5272//5272 5715//5715 5511//5511
f 5708//5708 5749//5749 5494//5494
f 5457//5457 5419//5419 5223//5223
f 5419//5419 5393//5393 5223//5223
f 5472//5472 4879//4879 3440//3440
f 5511//5511 5715//5715 5506//5506
f 5185//5185 5482//5482 5478//5478
f 5837//5837 5599//5599 4280//4280
f 5010//5010 5785//5785 5203//5203
f 5181//5181 5785//5785 5010//5010
f 5511//5511 5506//5506 5504//5504
f 5031//5031 5599//5599 6212//6212
f 5203//5203 5476//5476 5010//5010
f 4783//4783 5227//5227 4782//4782
f 4672//4672 4963//4963 5229//5229
f 5472//5472 4017//4017 5576//5576
f 4815//4815 6147//6147 4277//4277
f 5415//5415 5146//5146 5148//5148
f 5476//5476 5478//5478 5010//5010
f 3189//3189 5332//5332 5698//5698
f 5322//5322 4009//4009 5733//5733
f 5213//5213 5467//5467 4745//4745
f 5482//5482 5185//5185 5688//5688
f 5474//5474 5793//5793 6241//6241
f 5492//5492 5493//5493 5322//5322
f 5497//5497 5688//5688 5278//5278
f 5715//5715 5143//5143 5153//5153
f 5497//5497 5482//5482 5688//5688
f 5146//5146 4993//4993 5156//5156
f 5804//5804 5216//5216 4243//4243
f 5220//5220 5478//5478 5482//5482
f 5220//5220 5482//5482 5221//5221
f 5148//5148 5436//5436 4953//4953
f 5482//5482 5497//5497 5221//5221
f 5290//5290 5506//5506 5153//5153
f 5148//5148 5483//5483 5436//5436
f 5032//5032 5960//5960 4252//4252
f 5483//5483 5012//5012 5436//5436
f 5634//5634 5219//5219 4252//4252
f 5960//5960 5634//5634 4252//4252
f 5278//5278 5217//5217 5497//5497
f 5221//5221 5497//5497 5217//5217
f 5507//5507 5489//5489 5559//5559
f 5559//5559 5458//5458 5507//5507
f 5559//5559 5509//5509 5458//5458
f 5849//5849 5505//5505 5708//5708
f 3878//3878 5911//5911 5909//5909
f 5649//5649 5505//5505 5849//5849
f 3878//3878 5909//5909 5473//5473
f 5187//5187 5500//5500 4774//4774
f 5187//5187 6075//6075 5038//5038
f 5483//5483 5164//5164 5495//5495
f 4789//4789 5501//5501 4786//4786
f 5511//5511 5559//5559 5489//5489
f 5559//5559 5511//5511 5725//5725
f 4487//4487 5658//5658 5642//5642
f 5226//5226 5473//5473 5329//5329
f 4772//4772 5329//5329 6287//6287
f 5495//5495 5164//5164 5233//5233
f 4573//4573 5233//5233 5164//5164
f 5515//5515 5505//5505 5670//5670
f 5663//5663 5487//5487 4617//4617
f 4649//4649 6126//6126 5858//5858
f 4649//4649 6235//6235 6126//6126
f 5233//5233 4573//4573 5234//5234
f 5725//5725 5511//5511 5284//5284
f 5286//5286 5284//5284 5511//5511
f 5206//5206 5209//5209 5257//5257
f 5209//5209 5611//5611 5257//5257
f 5515//5515 5513//5513 5192//5192
f 5201//5201 5611//5611 5209//5209
f 5283//5283 5284//5284 5286//5286
f 5283//5283 5286//5286 5123//5123
f 5201//5201 5641//5641 5627//5627
f 5283//5283 5123//5123 5335//5335
f 5516//5516 5524//5524 5525//5525
f 5628//5628 5515//5515 5192//5192
f 5513//5513 5516//5516 5192//5192
f 5286//5286 5511//5511 5504//5504
f 5504//5504 5506//5506 5286//5286
f 5628//5628 5192//5192 5499//5499
f 5201//5201 5673//5673 5641//5641
f 5516//5516 5525//5525 5192//5192
f 5739//5739 5286//5286 5506//5506
f 4953//4953 5436//5436 5508//5508
f 5012//5012 5508//5508 5436//5436
f 5286//5286 5119//5119 5123//5123
f 5508//5508 5012//5012 5510//5510
f 5510//5510 5012//5012 5230//5230
f 5143//5143 5499//5499 5128//5128
f 5641//5641 5510//5510 5512//5512
f 5527//5527 5514//5514 5641//5641
f 5525//5525 5528//5528 5138//5138
f 5530//5530 5523//5523 4941//4941
f 5527//5527 5641//5641 5512//5512
f 4941//4941 5045//5045 5337//5337
f 4695//4695 5153//5153 5143//5143
f 5510//5510 5230//5230 5512//5512
f 5195//5195 5153//5153 4695//4695
f 5530//5530 5717//5717 5523//5523
f 5190//5190 5525//5525 5524//5524
f 5011//5011 5512//5512 5230//5230
f 5527//5527 5512//5512 5011//5011
f 5503//5503 5624//5624 5518//5518
f 5518//5518 5624//5624 5517//5517
f 5526//5526 5528//5528 5525//5525
f 5525//5525 5190//5190 5526//5526
f 5530//5530 4941//4941 5531//5531
f 5337//5337 5531//5531 4941//4941
f 5528//5528 5526//5526 4980//4980
f 5520//5520 5517//5517 5624//5624
f 5520//5520 5514//5514 5519//5519
f 5529//5529 5517//5517 5520//5520
f 5520//5520 5519//5519 5529//5529
f 5519//5519 5514//5514 5529//5529
f 5521//5521 5522//5522 5517//5517
f 5195//5195 5247//5247 5613//5613
f 5522//5522 5521//5521 5217//5217
f 5217//5217 5521//5521 5218//5218
f 5218//5218 5521//5521 5100//5100
f 5100//5100 5521//5521 4577//4577
f 5517//5517 5529//5529 5521//5521
f 5521//5521 5529//5529 4577//4577
f 5514//5514 4581//4581 5529//5529
f 5514//5514 5527//5527 4581//4581
f 5014//5014 5532//5532 5012//5012
f 5532//5532 5230//5230 5012//5012
f 5483//5483 5495//5495 5012//5012
f 5012//5012 5495//5495 5014//5014
f 5532//5532 5014//5014 5231//5231
f 5014//5014 5533//5533 5231//5231
f 5014//5014 5237//5237 5533//5533
f 5233//5233 5014//5014 5495//5495
f 5233//5233 5234//5234 5014//5014
f 4573//4573 5188//5188 5534//5534
f 5234//5234 4573//4573 5534//5534
f 5234//5234 5534//5534 5236//5236
f 4343//4343 5926//5926 5544//5544
f 4637//4637 4994//4994 5535//5535
f 5323//5323 5431//5431 4663//4663
f 5838//5838 5934//5934 4736//4736
f 5433//5433 5187//5187 5921//5921
f 6503//6503 3541//3541 5296//5296
f 5544//5544 6218//6218 4995//4995
f 6203//6203 5274//5274 5276//5276
f 5258//5258 5609//5609 5449//5449
f 5323//5323 4663//4663 5864//5864
f 6007//6007 6005//6005 4381//4381
f 6218//6218 6232//6232 5299//5299
f 5163//5163 4615//4615 6152//6152
f 3892//3892 3421//3421 6149//6149
f 6007//6007 5163//5163 5776//5776
f 5257//5257 5611//5611 5503//5503
f 3891//3891 4166//4166 6167//6167
f 3891//3891 6167//6167 5021//5021
f 5761//5761 5762//5762 5693//5693
f 5503//5503 5611//5611 5624//5624
f 6075//6075 5433//5433 6348//6348
f 5844//5844 4970//4970 4741//4741
f 5624//5624 5611//5611 5520//5520
f 5520//5520 5611//5611 5627//5627
f 5259//5259 5873//5873 5005//5005
f 5660//5660 6152//6152 4615//4615
f 5026//5026 5207//5207 4294//4294
f 5693//5693 5762//5762 5703//5703
f 5783//5783 5782//5782 5026//5026
f 5611//5611 5201//5201 5627//5627
f 5266//5266 5660//5660 5491//5491
f 5543//5543 3771//3771 4970//4970
f 4747//4747 3771//3771 5543//5543
f 6234//6234 4998//4998 4016//4016
f 5858//5858 5540//5540 5150//5150
f 5630//5630 5255//5255 5464//5464
f 6074//6074 5643//5643 3821//3821
f 5378//5378 5370//5370 5720//5720
f 6162//6162 5841//5841 5335//5335
f 5211//5211 5257//5257 5630//5630
f 5762//5762 5628//5628 5707//5707
f 5720//5720 5639//5639 5378//5378
f 5503//5503 5630//5630 5257//5257
f 5344//5344 5619//5619 5348//5348
f 5843//5843 6184//6184 3791//3791
f 5287//5287 6459//6459 5440//5440
f 5743//5743 5541//5541 5348//5348
f 5708//5708 5642//5642 5849//5849
f 5440//5440 5771//5771 4761//4761
f 3797//3797 6184//6184 6532//6532
f 5541//5541 5846//5846 5348//5348
f 5615//5615 4788//4788 6216//6216
f 6216//6216 4788//4788 3843//3843
f 5514//5514 5627//5627 5641//5641
f 5662//5662 5481//5481 5485//5485
f 5764//5764 5873//5873 5259//5259
f 5983//5983 4664//4664 4983//4983
f 5514//5514 5520//5520 5627//5627
f 5764//5764 5617//5617 5873//5873
f 6393//6393 6086//6086 5444//5444
f 3436//3436 5931//5931 6240//6240
f 4985//4985 5548//5548 6217//6217
f 5746//5746 5541//5541 5743//5743
f 5541//5541 5746//5746 5542//5542
f 4666//4666 6219//6219 5126//5126
f 5326//5326 5622//5622 4233//4233
f 5641//5641 5673//5673 5510//5510
f 6036//6036 5326//5326 4233//4233
f 5508//5508 5510//5510 5673//5673
f 5649//5649 5849//5849 5670//5670
f 6092//6092 5674//5674 5300//5300
f 5849//5849 5642//5642 5658//5658
f 5849//5849 5658//5658 5670//5670
f 4590//4590 5746//5746 5247//5247
f 6090//6090 5797//5797 5677//5677
f 6383//6383 5200//5200 5547//5547
f 5746//5746 4757//4757 5542//5542
f 4757//4757 5746//5746 4590//4590
f 5515//5515 5670//5670 5658//5658
f 4770//4770 6092//6092 5677//5677
f 6019//6019 5291//5291 5288//5288
f 4896//4896 5623//5623 5547//5547
f 6030//6030 4757//4757 6173//6173
f 4770//4770 5678//5678 5301//5301
f 5200//5200 6163//6163 5015//5015
f 4248//4248 5773//5773 3629//3629
f 5677//5677 6093//6093 5797//5797
f 5797//5797 6093//6093 5677//5677
f 5947//5947 4702//4702 5785//5785
f 5632//5632 5294//5294 6511//6511
f 5491//5491 5662//5662 5485//5485
f 5880//5880 5797//5797 5877//5877
f 4757//4757 4608//4608 6173//6173
f 5460//5460 5464//5464 5481//5481
f 5134//5134 5880//5880 5878//5878
f 5368//5368 5851//5851 6173//6173
f 5368//5368 6173//6173 4608//4608
f 5203//5203 5940//5940 5491//5491
f 5515//5515 5658//5658 5513//5513
f 5327//5327 4698//4698 4285//4285
f 5462//5462 5561//5561 5796//5796
f 4414//4414 4632//4632 5001//5001
f 5658//5658 5516//5516 5513//5513
f 5259//5259 5019//5019 5538//5538
f 5297//5297 5498//5498 5501//5501
f 5205//5205 5792//5792 4257//4257
f 5524//5524 5516//5516 5658//5658
f 4789//4789 5036//5036 5501//5501
f 6075//6075 5869//5869 5038//5038
f 4602//4602 5034//5034 5679//5679
f 5960//5960 5465//5465 5634//5634
f 5557//5557 5038//5038 6472//6472
f 5464//5464 5255//5255 5485//5485
f 5298//5298 6259//6259 4578//4578
f 5481//5481 5464//5464 5485//5485
f 5249//5249 6436//6436 5340//5340
f 5531//5531 5713//5713 5530//5530
f 5648//5648 5640//5640 5242//5242
f 5875//5875 5560//5560 3716//3716
f 5006//5006 5836//5836 4429//4429
f 5242//5242 5884//5884 5359//5359
f 5660//5660 5662//5662 5491//5491
f 5359//5359 5648//5648 5242//5242
f 5637//5637 4885//4885 6278//6278
f 5637//5637 5904//5904 4104//4104
f 5804//5804 4104//4104 5904//5904
f 5349//5349 5557//5557 5949//5949
f 5696//5696 5531//5531 5337//5337
f 5940//5940 5266//5266 5491//5491
f 3194//3194 5766//5766 4433//4433
f 5268//5268 5485//5485 5270//5270
f 5359//5359 5794//5794 5562//5562
f 6410//6410 5216//5216 5804//5804
f 5216//5216 6119//6119 5960//5960
f 5648//5648 5359//5359 5562//5562
f 6243//6243 5896//5896 5466//5466
f 5032//5032 5216//5216 5960//5960
f 5648//5648 5562//5562 4620//4620
f 6243//6243 5650//5650 5896//5896
f 6031//6031 5365//5365 5886//5886
f 5268//5268 5270//5270 5688//5688
f 5467//5467 5911//5911 5225//5225
f 5045//5045 5393//5393 5551//5551
f 5045//5045 5551//5551 6048//6048
f 5057//5057 5667//5667 5256//5256
f 6048//6048 5709//5709 5045//5045
f 5485//5485 5255//5255 5271//5271
f 5302//5302 4178//4178 6211//6211
f 5657//5657 6134//6134 5892//5892
f 5255//5255 5630//5630 5271//5271
f 5712//5712 5357//5357 5391//5391
f 4772//4772 6287//6287 6489//6489
f 6098//6098 5093//5093 5475//5475
f 5391//5391 5717//5717 5712//5712
f 5271//5271 5269//5269 5270//5270
f 5663//5663 6333//6333 6235//6235
f 5093//5093 6098//6098 5914//5914
f 6011//6011 6282//6282 3522//3522
f 5857//5857 5713//5713 5531//5531
f 5570//5570 5809//5809 5810//5810
f 4633//4633 5570//5570 5807//5807
f 5374//5374 4633//4633 5807//5807
f 5374//5374 5807//5807 6249//6249
f 5271//5271 5630//5630 5503//5503
f 5788//5788 5243//5243 6419//6419
f 5243//5243 5788//5788 4574//4574
f 5531//5531 5719//5719 5857//5857
f 5666//5666 5668//5668 6400//6400
f 5306//5306 3525//3525 6105//6105
f 4969//4969 5664//5664 5057//5057
f 5756//5756 5669//5669 5480//5480
f 4969//4969 5374//5374 5664//5664
f 5518//5518 5502//5502 5503//5503
f 5717//5717 5881//5881 5712//5712
f 5517//5517 5522//5522 5518//5518
f 5084//5084 5851//5851 5368//5368
f 6178//6178 5603//5603 4951//4951
f 5774//5774 5084//5084 5854//5854
f 5343//5343 5350//5350 6014//6014
f 5696//5696 5719//5719 5531//5531
f 5353//5353 6014//6014 5350//5350
f 5278//5278 5269//5269 5502//5502
f 5137//5137 5800//5800 5566//5566
f 5685//5685 5672//5672 5671//5671
f 5269//5269 5688//5688 5270//5270
f 5818//5818 5672//5672 5075//5075
f 5935//5935 5604//5604 4700//4700
f 6023//6023 5778//5778 3826//3826
f 5688//5688 5269//5269 5278//5278
f 4669//4669 6096//6096 4671//4671
f 4959//4959 5604//5604 5252//5252
f 6096//6096 6097//6097 4671//4671
f 5502//5502 5518//5518 5522//5522
f 5480//5480 5669//5669 5686//5686
f 5859//5859 5390//5390 5251//5251
f 5644//5644 5639//5639 5665//5665
f 5574//5574 6045//6045 5974//5974
f 5693//5693 5686//5686 5669//5669
f 4766//4766 5579//5579 5964//5964
f 5089//5089 5094//5094 6421//6421
f 5825//5825 5964//5964 5579//5579
f 5683//5683 6421//6421 5094//5094
f 4673//4673 3359//3359 5806//5806
f 5385//5385 5685//5685 5671//5671
f 5806//5806 5684//5684 5808//5808
f 5945//5945 5808//5808 5684//5684
f 4926//4926 6486//6486 5976//5976
f 5252//5252 5986//5986 5389//5389
f 5480//5480 5686//5686 5489//5489
f 5389//5389 5986//5986 4978//4978
f 5946//5946 5468//5468 5009//5009
f 5950//5950 5653//5653 4630//4630
f 4814//4814 5575//5575 4631//4631
f 5888//5888 5687//5687 4674//4674
f 4813//4813 5575//5575 4629//4629
f 5891//5891 6432//6432 5307//5307
f 5511//5511 5686//5686 5272//5272
f 5727//5727 5871//5871 4227//4227
f 5653//5653 5784//5784 5654//5654
f 5605//5605 5935//5935 4787//4787
f 5871//5871 5549//5549 4227//4227
f 5654//5654 5784//5784 4916//4916
f 6390//6390 5676//5676 5974//5974
f 4916//4916 5784//5784 5786//5786
f 4035//4035 5871//5871 5309//5309
f 5786//5786 6264//6264 5546//5546
f 5448//5448 4753//4753 5450//5450
f 5261//5261 6426//6426 5605//5605
f 4643//4643 5384//5384 4642//4642
f 5254//5254 6474//6474 6273//6273
f 5496//5496 5486//5486 4968//4968
f 5405//5405 6486//6486 4926//4926
f 5633//5633 4035//4035 5638//5638
f 5471//5471 5308//5308 5013//5013
f 5337//5337 5709//5709 5696//5696
f 5825//5825 5579//5579 4974//4974
f 5959//5959 5895//5895 5312//5312
f 4506//4506 4659//4659 6477//6477
f 5936//5936 5833//5833 4262//4262
f 6526//6526 6477//6477 4659//4659
f 5078//5078 6140//6140 5682//5682
f 5863//5863 6079//6079 4656//4656
f 4506//4506 5975//5975 3647//3647
f 4506//4506 6477//6477 5975//5975
f 6081//6081 5310//5310 3536//3536
f 6561//6561 5160//5160 3847//3847
f 6190//6190 5149//5149 5607//5607
f 5693//5693 5703//5703 5686//5686
f 5881//5881 5717//5717 5713//5713
f 5736//5736 5709//5709 6048//6048
f 5273//5273 5586//5586 5107//5107
f 5708//5708 5494//5494 5488//5488
f 5703//5703 5272//5272 5686//5686
f 5713//5713 5717//5717 5530//5530
f 5645//5645 5889//5889 5331//5331
f 5899//5899 5332//5332 5029//5029
f 5703//5703 5715//5715 5272//5272
f 6273//6273 6604//6604 4840//4840
f 5635//5635 5862//5862 5631//5631
f 5707//5707 5703//5703 5762//5762
f 5486//5486 5496//5496 5488//5488
f 5703//5703 5707//5707 5715//5715
f 6040//6040 5312//5312 4477//4477
f 5295//5295 5692//5692 4871//4871
f 5295//5295 4871//4871 5581//5581
f 5705//5705 6040//6040 4477//4477
f 5908//5908 6040//6040 5705//5705
f 5707//5707 5628//5628 5499//5499
f 5707//5707 5499//5499 5715//5715
f 5705//5705 4679//4679 5908//5908
f 5285//5285 3220//3220 6039//6039
f 5912//5912 4679//4679 5016//5016
f 5995//5995 5550//5550 5736//5736
f 5565//5565 5227//5227 4783//4783
f 3990//3990 5588//5588 5313//5313
f 5550//5550 5995//5995 5750//5750
f 5826//5826 5588//5588 5314//5314
f 3203//3203 5701//5701 4989//4989
f 5506//5506 5715//5715 5153//5153
f 5182//5182 5017//5017 5314//5314
f 3828//3828 4568//4568 6485//6485
f 5393//5393 5907//5907 5551//5551
f 5017//5017 5183//5183 5020//5020
f 5479//5479 5183//5183 5977//5977
f 4989//4989 5701//5701 5918//5918
f 5710//5710 5183//5183 5479//5479
f 5292//5292 5918//5918 5701//5701
f 5183//5183 5834//5834 5020//5020
f 5710//5710 5834//5834 5183//5183
f 5311//5311 5582//5582 5822//5822
f 5899//5899 5698//5698 5332//5332
f 5509//5509 5559//5559 5555//5555
f 5409//5409 5712//5712 5865//5865
f 5555//5555 5559//5559 5726//5726
f 5565//5565 4783//4783 5698//5698
f 5698//5698 4783//4783 5706//5706
f 6214//6214 6473//6473 5864//5864
f 5197//5197 5022//5022 5592//5592
f 3873//3873 5706//5706 4783//4783
f 5555//5555 5726//5726 5728//5728
f 5413//5413 5587//5587 5832//5832
f 5710//5710 5316//5316 5834//5834
f 5642//5642 5708//5708 5488//5488
f 5723//5723 5712//5712 5409//5409
f 5697//5697 5413//5413 5832//5832
f 5740//5740 5439//5439 6223//6223
f 5706//5706 3873//3873 5704//5704
f 5559//5559 5725//5725 5734//5734
f 5461//5461 5463//5463 5646//5646
f 5318//5318 5710//5710 4682//4682
f 3745//3745 5698//5698 5706//5706
f 5726//5726 5559//5559 5728//5728
f 4802//4802 5642//5642 5488//5488
f 5461//5461 5646//5646 3802//3802
f 5439//5439 5453//5453 5747//5747
f 5370//5370 4979//4979 5731//5731
f 5370//5370 5731//5731 5720//5720
f 5832//5832 5174//5174 5697//5697
f 5025//5025 5317//5317 5594//5594
f 5728//5728 5559//5559 5558//5558
f 5317//5317 4683//4683 5594//5594
f 5284//5284 5558//5558 5559//5559
f 5405//5405 4927//4927 4259//4259
f 5646//5646 4869//4869 5652//5652
f 5555//5555 5728//5728 5845//5845
f 5318//5318 5319//5319 5320//5320
f 5563//5563 5405//5405 4259//4259
f 5320//5320 5920//5920 5318//5318
f 4869//4869 5199//5199 5874//5874
f 5320//5320 5027//5027 6200//6200
f 5595//5595 6200//6200 5027//5027
f 5484//5484 5507//5507 5453//5453
f 5320//5320 5193//5193 5027//5027
f 5652//5652 4869//4869 5874//5874
f 5845//5845 5728//5728 5536//5536
f 5728//5728 5917//5917 5536//5536
f 5841//5841 5917//5917 5728//5728
f 5734//5734 5725//5725 5284//5284
f 5284//5284 5559//5559 5734//5734
f 5421//5421 5035//5035 5689//5689
f 5334//5334 5689//5689 5035//5035
f 5747//5747 5453//5453 5458//5458
f 5567//5567 5747//5747 5458//5458
f 5458//5458 5453//5453 5507//5507
f 5554//5554 5330//5330 5661//5661
f 5596//5596 5597//5597 6498//6498
f 5865//5865 5868//5868 5258//5258
f 5253//5253 6226//6226 5246//5246
f 6297//6297 5197//5197 6338//6338
f 6297//6297 5837//5837 4687//4687
f 5558//5558 5284//5284 5841//5841
f 5876//5876 5712//5712 5881//5881
f 5841//5841 5284//5284 5283//5283
f 5675//5675 5691//5691 5245//5245
f 5731//5731 5735//5735 5738//5738
f 5253//5253 5082//5082 6073//6073
f 5841//5841 5283//5283 5335//5335
f 6017//6017 6010//6010 5082//5082
f 5383//5383 5087//5087 4274//4274
f 4678//4678 5429//5429 5732//5732
f 5290//5290 5739//5739 5506//5506
f 5639//5639 5720//5720 5753//5753
f 5585//5585 6111//6111 3244//3244
f 5568//5568 6385//6385 5097//5097
f 5720//5720 5731//5731 5753//5753
f 5362//5362 5360//5360 5994//5994
f 5601//5601 4721//4721 5411//5411
f 5729//5729 6385//6385 5730//5730
f 5599//5599 5837//5837 5997//5997
f 5086//5086 5994//5994 5360//5360
f 5571//5571 4587//4587 5996//5996
f 5411//5411 5714//5714 5601//5601
f 5286//5286 5739//5739 5741//5741
f 6212//6212 5599//5599 6210//6210
f 5321//5321 5031//5031 5600//5600
f 5996//5996 4587//4587 5068//5068
f 5286//5286 5741//5741 5119//5119
f 5731//5731 5754//5754 5753//5753
f 5085//5085 5996//5996 5068//5068
f 5721//5721 5411//5411 5727//5727
f 5119//5119 5743//5743 5619//5619
f 5119//5119 5741//5741 5743//5743
f 5754//5754 5731//5731 5738//5738
f 5492//5492 5928//5928 4815//4815
f 5760//5760 5754//5754 5738//5738
f 5741//5741 5739//5739 5613//5613
f 5322//5322 5928//5928 5492//5492
f 5573//5573 6109//6109 5379//5379
f 5158//5158 6052//6052 5602//5602
f 5742//5742 5424//5424 5428//5428
f 5743//5743 5741//5741 5746//5746
f 5750//5750 5751//5751 5466//5466
f 5942//5942 5380//5380 5379//5379
f 6047//6047 6046//6046 4170//4170
f 5380//5380 5942//5942 5820//5820
f 5275//5275 4170//4170 6046//6046
f 5263//5263 5145//5145 6159//6159
f 5735//5735 5490//5490 5494//5494
f 5741//5741 5613//5613 5746//5746
f 6010//6010 5265//5265 5751//5751
f 5247//5247 5746//5746 5613//5613
f 5265//5265 6010//6010 5655//5655
f 5735//5735 5749//5749 5738//5738
f 4994//4994 5263//5263 6159//6159
f 4647//4647 5131//5131 6113//6113
f 6017//6017 5426//5426 6136//6136
f 6015//6015 5824//5824 5381//5381
f 5441//5441 5787//5787 6172//6172
f 5509//5509 5567//5567 5458//5458
f 6325//6325 3286//3286 5399//5399
f 5554//5554 5661//5661 4676//4676
f 6172//6172 5898//5898 5441//5441
f 5248//5248 5441//5441 5898//5898
f 5290//5290 5153//5153 5195//5195
f 5494//5494 5749//5749 5735//5735
f 5386//5386 5106//5106 6115//6115
f 5742//5742 5428//5428 5535//5535
f 4984//4984 5399//5399 4324//4324
f 5613//5613 5739//5739 5290//5290
f 5738//5738 5749//5749 5745//5745
f 5290//5290 5195//5195 5613//5613
f 5396//5396 5901//5901 5392//5392
f 5738//5738 5745//5745 5760//5760
f 5879//5879 5554//5554 4676//4676
f 5901//5901 5724//5724 5722//5722
f 4187//4187 4986//4986 3622//3622
f 4196//4196 5615//5615 4987//4987
f 5752//5752 5760//5760 5745//5745
f 5397//5397 5724//5724 4622//4622
f 6043//6043 5958//5958 5598//5598
f 5505//5505 5749//5749 5708//5708
f 5612//5612 5905//5905 4873//4873
f 5931//5931 4762//4762 5598//5598
f 5398//5398 5905//5905 4210//4210
f 5745//5745 5749//5749 5752//5752
f 5267//5267 4622//4622 5724//5724
f 4343//4343 5122//5122 6353//6353
f 5505//5505 5649//5649 5670//5670
f 5333//5333 5910//5910 5199//5199
f 5910//5910 5874//5874 5199//5199
f 5505//5505 5752//5752 5749//5749
f 5753//5753 5665//5665 5639//5639
f 5333//5333 5879//5879 5894//5894
f 5758//5758 5665//5665 5753//5753
f 5474//5474 6241//6241 4160//4160
f 5758//5758 5454//5454 5665//5665
f 5758//5758 5753//5753 5754//5754
f 5287//5287 5569//5569 5770//5770
f 5755//5755 5758//5758 5754//5754
f 4707//4707 6148//6148 5793//5793
f 4707//4707 5572//5572 6148//6148
f 5754//5754 5760//5760 5755//5755
f 6196//6196 5694//5694 5090//5090
f 5694//5694 5695//5695 5371//5371
f 5757//5757 4966//4966 5454//5454
f 5454//5454 5756//5756 5757//5757
f 5454//5454 5758//5758 5756//5756
f 4334//4334 6946//6946 5244//5244
f 5801//5801 6946//6946 4334//4334
f 5372//5372 5801//5801 4334//4334
f 5755//5755 5756//5756 5758//5758
f 5484//5484 5757//5757 5756//5756
f 5652//5652 5874//5874 4337//4337
f 4337//4337 5910//5910 5387//5387
f 5910//5910 5680//5680 5387//5387
f 5761//5761 5693//5693 5755//5755
f 5755//5755 5693//5693 5759//5759
f 5755//5755 5759//5759 5756//5756
f 5756//5756 5759//5759 5669//5669
f 5693//5693 5669//5669 5759//5759
f 5760//5760 5752//5752 5761//5761
f 5761//5761 5755//5755 5760//5760
f 5752//5752 5505//5505 5515//5515
f 5761//5761 5752//5752 5762//5762
f 5767//5767 6177//6177 3047//3047
f 5762//5762 5515//5515 5628//5628
f 5515//5515 5762//5762 5752//5752
f 5933//5933 5817//5817 4613//4613
f 5817//5817 6074//6074 4613//4613
f 4961//4961 5933//5933 3533//3533
f 5088//5088 5934//5934 5956//5956
f 5433//5433 5177//5177 5431//5431
f 5433//5433 5921//5921 5177//5177
f 5535//5535 4994//4994 6823//6823
f 5004//5004 5602//5602 5001//5001
f 5763//5763 5838//5838 5839//5839
f 5838//5838 4736//4736 5839//5839
f 4736//4736 5274//5274 5839//5839
f 5917//5917 5841//5841 6368//6368
f 5841//5841 6162//6162 6368//6368
f 6070//6070 4414//4414 5001//5001
f 6162//6162 5335//5335 5338//5338
f 5666//5666 4242//4242 4887//4887
f 5610//5610 5932//5932 5555//5555
f 5338//5338 5060//5060 5957//5957
f 5765//5765 5537//5537 5932//5932
f 6106//6106 6203//6203 5276//5276
f 5276//5276 5620//5620 6106//6106
f 5957//5957 5060//5060 5344//5344
f 5765//5765 5932//5932 5610//5610
f 5555//5555 5845//5845 5610//5610
f 5848//5848 5344//5344 5348//5348
f 5776//5776 5163//5163 4657//4657
f 5163//5163 6152//6152 4657//4657
f 2923//2923 5870//5870 5766//5766
f 5873//5873 5616//5616 5005//5005
f 4998//4998 6234//6234 6056//6056
f 4657//4657 6152//6152 5165//5165
f 5542//5542 5847//5847 5541//5541
f 5873//5873 5617//5617 6352//6352
f 5006//5006 4433//4433 5836//5836
f 6152//6152 6154//6154 5165//5165
f 5438//5438 5449//5449 6192//6192
f 6030//6030 5542//5542 4757//4757
f 6532//6532 6664//6664 3797//3797
f 6664//6664 6135//6135 3797//3797
f 4429//4429 5836//5836 5171//5171
f 6009//6009 5622//5622 5326//5326
f 6009//6009 5326//5326 5775//5775
f 5858//5858 6233//6233 5540//5540
f 5543//5543 4970//4970 5844//5844
f 6116//6116 5851//5851 5852//5852
f 4233//4233 5324//5324 5621//5621
f 5618//5618 3629//3629 4986//4986
f 4986//4986 3629//3629 5773//5773
f 5992//5992 5023//5023 6193//6193
f 6084//6084 5150//5150 5540//5540
f 4248//4248 3895//3895 5773//5773
f 5084//5084 5852//5852 5851//5851
f 5773//5773 3895//3895 5855//5855
f 6005//6005 5282//5282 5860//5860
f 4284//4284 5860//5860 5282//5282
f 5774//5774 5852//5852 5084//5084
f 5861//5861 5545//5545 5860//5860
f 6617//6617 5783//5783 5186//5186
f 5861//5861 5860//5860 4284//4284
f 5015//5015 6683//6683 4891//4891
f 5459//5459 5861//5861 4284//4284
f 6163//6163 6683//6683 5015//5015
f 6197//6197 5008//5008 5171//5171
f 5629//5629 5560//5560 6077//6077
f 5165//5165 6154//6154 5944//5944
f 3836//3836 6503//6503 6037//6037
f 6094//6094 6011//6011 5008//5008
f 6158//6158 4630//4630 4628//4628
f 6158//6158 5950//5950 4630//4630
f 5643//5643 5853//5853 5856//5856
f 4066//4066 6078//6078 6082//6082
f 5853//5853 5647//5647 5856//5856
f 5625//5625 5882//5882 5328//5328
f 5459//5459 5168//5168 6236//6236
f 5647//5647 5651//5651 5856//5856
f 5950//5950 5784//5784 5653//5653
f 4702//4702 5947//5947 5168//5168
f 4559//4559 6511//6511 5294//5294
f 6105//6105 5305//5305 6282//6282
f 6263//6263 5786//5786 5784//5784
f 5462//5462 6594//6594 5561//5561
f 5205//5205 5561//5561 5792//5792
f 5561//5561 5205//5205 5796//5796
f 5264//5264 5546//5546 6265//6265
f 6259//6259 5875//5875 4578//4578
f 4257//4257 5792//5792 5443//5443
f 6036//6036 5443//5443 5775//5775
f 3833//3833 5443//5443 6036//6036
f 6091//6091 5475//5475 5779//5779
f 5863//5863 5862//5862 5866//5866
f 5772//5772 5779//5779 5626//5626
f 5310//5310 5863//5863 5866//5866
f 3818//3818 5870//5870 2923//2923
f 5947//5947 5785//5785 5181//5181
f 5181//5181 5291//5291 5947//5947
f 5467//5467 5213//5213 5963//5963
f 4659//4659 6064//6064 6526//6526
f 6037//6037 6167//6167 4166//4166
f 5867//5867 5866//5866 5862//5862
f 5465//5465 6329//6329 5213//5213
f 5963//5963 5962//5962 5467//5467
f 5779//5779 5475//5475 5626//5626
f 6019//6019 5947//5947 5291//5291
f 5960//5960 6329//6329 5465//5465
f 5637//5637 6278//6278 5904//5904
f 6086//6086 5548//5548 5444//5444
f 6086//6086 5985//5985 5553//5553
f 5859//5859 5772//5772 5390//5390
f 5872//5872 6217//6217 5548//5548
f 5390//5390 5772//5772 5626//5626
f 5998//5998 6490//6490 5446//5446
f 5636//5636 5390//5390 5626//5626
f 6490//6490 4666//4666 5446//5446
f 5501//5501 5036//5036 5297//5297
f 5869//5869 6472//6472 5038//5038
f 6065//6065 5750//5750 5896//5896
f 5896//5896 5769//5769 6065//6065
f 5466//5466 5896//5896 5750//5750
f 5259//5259 5538//5538 5764//5764
f 5862//5862 5635//5635 5867//5867
f 4035//4035 5633//5633 5871//5871
f 5329//5329 5473//5473 6049//6049
f 5681//5681 4790//4790 5539//5539
f 6243//6243 5751//5751 5265//5265
f 6142//6142 5781//5781 5207//5207
f 5871//5871 5633//5633 5549//5549
f 5884//5884 5794//5794 5359//5359
f 6567//6567 6287//6287 5329//5329
f 5300//5300 6269//6269 5677//5677
f 5769//5769 5896//5896 5650//5650
f 5949//5949 5884//5884 5349//5349
f 5909//5909 5911//5911 5467//5467
f 5949//5949 5557//5557 5556//5556
f 6092//6092 5300//5300 5677//5677
f 5249//5249 5248//5248 5898//5898
f 5867//5867 5635//5635 5554//5554
f 6269//6269 6090//6090 5677//5677
f 5884//5884 5949//5949 5794//5794
f 6089//6089 5677//5677 6093//6093
f 5473//5473 5909//5909 6049//6049
f 5675//5675 5245//5245 6800//6800
f 6071//6071 6800//6800 5245//5245
f 4607//4607 4807//4807 5354//5354
f 5768//5768 5340//5340 6436//6436
f 6029//6029 4620//4620 5562//5562
f 5340//5340 5768//5768 4807//4807
f 5930//5930 6593//6593 5655//5655
f 5798//5798 6089//6089 6092//6092
f 5874//5874 5910//5910 4337//4337
f 6089//6089 5798//5798 5677//5677
f 5677//5677 5798//5798 6093//6093
f 5886//5886 4620//4620 6027//6027
f 5696//5696 5883//5883 5719//5719
f 6436//6436 5249//5249 5898//5898
f 5877//5877 5878//5878 5880//5880
f 6027//6027 6031//6031 5886//5886
f 5880//5880 5134//5134 5797//5797
f 5635//5635 5330//5330 5554//5554
f 6031//6031 6027//6027 6107//6107
f 5916//5916 6419//6419 5243//5243
f 5879//5879 4676//4676 4879//4879
f 6899//6899 4669//4669 5566//5566
f 5610//5610 5536//5536 6018//6018
f 5603//5603 5916//5916 5243//5243
f 6091//6091 5939//5939 5475//5475
f 5894//5894 5910//5910 5333//5333
f 5659//5659 6131//6131 5805//5805
f 6493//6493 6178//6178 5089//5089
f 5916//5916 5603//5603 6178//6178
f 4212//4212 5805//5805 6129//6129
f 5645//5645 5638//5638 5889//5889
f 5570//5570 6035//6035 5807//5807
f 4589//4589 6479//6479 5086//5086
f 5570//5570 5810//5810 6035//6035
f 4628//4628 5914//5914 6158//6158
f 5609//5609 5258//5258 5868//5868
f 5894//5894 5879//5879 4879//4879
f 5252//5252 5604//5604 5986//5986
f 5696//5696 5709//5709 5736//5736
f 4879//4879 5472//5472 5894//5894
f 6076//6076 5609//5609 5868//5868
f 5302//5302 6211//6211 5813//5813
f 5712//5712 5876//5876 5865//5865
f 5696//5696 5736//5736 5550//5550
f 5885//5885 4471//4471 5565//5565
f 5885//5885 5565//5565 5889//5889
f 5227//5227 5565//5565 4471//4471
f 5736//5736 6048//6048 5995//5995
f 5385//5385 6310//6310 5683//5683
f 5571//5571 5996//5996 5369//5369
f 5889//5889 5565//5565 5899//5899
f 5894//5894 5472//5472 5680//5680
f 5369//5369 5996//5996 5085//5085
f 5610//5610 5845//5845 5536//5536
f 5696//5696 5550//5550 5883//5883
f 6006//6006 5264//5264 6408//6408
f 6249//6249 6442//6442 5374//5374
f 6006//6006 4921//4921 5264//5264
f 6442//6442 6722//6722 5664//5664
f 5374//5374 6442//6442 5664//5664
f 5728//5728 5558//5558 5841//5841
f 5573//5573 4921//4921 6006//6006
f 5887//5887 5883//5883 5550//5550
f 6400//6400 5668//5668 6014//6014
f 5667//5667 5897//5897 5256//5256
f 6109//6109 5573//5573 6006//6006
f 5903//5903 4160//4160 6776//6776
f 5888//5888 5891//5891 5687//5687
f 5698//5698 5899//5899 5565//5565
f 5942//5942 5379//5379 6109//6109
f 5713//5713 5857//5857 5881//5881
f 5569//5569 5903//5903 6776//6776
f 5605//5605 6426//6426 6141//6141
f 5353//5353 6570//6570 6014//6014
f 5307//5307 6432//6432 5699//5699
f 5868//5868 5865//5865 5876//5876
f 6041//6041 5887//5887 6044//6044
f 5815//5815 5814//5814 5152//5152
f 6261//6261 5683//5683 6310//6310
f 6044//6044 5887//5887 6065//6065
f 6148//6148 5572//5572 6372//6372
f 5819//5819 6013//6013 5711//5711
f 6248//6248 6013//6013 5819//5819
f 5671//5671 6310//6310 5385//5385
f 5572//5572 6087//6087 6372//6372
f 5308//5308 5816//5816 5470//5470
f 5672//5672 5818//5818 5671//5671
f 6015//6015 5711//5711 6013//6013
f 5816//5816 5308//5308 5471//5471
f 5876//5876 5881//5881 5857//5857
f 6251//6251 6015//6015 6013//6013
f 5075//5075 5384//5384 5818//5818
f 5099//5099 5711//5711 5381//5381
f 5711//5711 6015//6015 5381//5381
f 5893//5893 6003//6003 5876//5876
f 5893//5893 5876//5876 5857//5857
f 4625//4625 4226//4226 6033//6033
f 6065//6065 5887//5887 5550//5550
f 5695//5695 5694//5694 5372//5372
f 5471//5471 5895//5895 5959//5959
f 5857//5857 5719//5719 5893//5893
f 6256//6256 5959//5959 5312//5312
f 5106//5106 5824//5824 6115//6115
f 5386//5386 6115//6115 4972//4972
f 6024//6024 6023//6023 5111//5111
f 5261//5261 4988//4988 6247//6247
f 6065//6065 5550//5550 5750//5750
f 5392//5392 5900//5900 5260//5260
f 6247//6247 4988//4988 5937//5937
f 4219//4219 5676//5676 6138//6138
f 4994//4994 6159//6159 5780//5780
f 5392//5392 5901//5901 5900//5900
f 6308//6308 5145//5145 4647//4647
f 4647//4647 6113//6113 6308//6308
f 5438//5438 6113//6113 5131//5131
f 5384//5384 4643//4643 5078//5078
f 5907//5907 6066//6066 5551//5551
f 5902//5902 5722//5722 5724//5724
f 6068//6068 5907//5907 5740//5740
f 5830//5830 5902//5902 5724//5724
f 6033//6033 5575//5575 4813//4813
f 5147//5147 5700//5700 5606//5606
f 5912//5912 5908//5908 4679//4679
f 4631//4631 6272//6272 5254//5254
f 5822//5822 6140//6140 5311//5311
f 4947//4947 5680//5680 5472//5472
f 6122//6122 5397//5397 5905//5905
f 5472//5472 5576//5576 4947//4947
f 5908//5908 5912//5912 5968//5968
f 5397//5397 5830//5830 5724//5724
f 6008//6008 5400//5400 6478//6478
f 5968//5968 5912//5912 5016//5016
f 5246//5246 6366//6366 5426//5426
f 6276//6276 5588//5588 6125//6125
f 5003//5003 6127//6127 5002//5002
f 6125//6125 5588//5588 5826//5826
f 6202//6202 5295//5295 5293//5293
f 3828//3828 6485//6485 5607//5607
f 5295//5295 6202//6202 5692//5692
f 5314//5314 5017//5017 5826//5826
f 5827//5827 5826//5826 5017//5017
f 5827//5827 5017//5017 5834//5834
f 5479//5479 5977//5977 5183//5183
f 5834//5834 5017//5017 5020//5020
f 5280//5280 6322//6322 5157//5157
f 5315//5315 6195//6195 5978//5978
f 4272//4272 6028//6028 4688//4688
f 6322//6322 6039//6039 5157//5157
f 5383//5383 6028//6028 4272//4272
f 5315//5315 5978//5978 5591//5591
f 5692//5692 6202//6202 5915//5915
f 5979//5979 6051//6051 5827//5827
f 5591//5591 6335//6335 5022//5022
f 5592//5592 5022//5022 6335//6335
f 4347//4347 4947//4947 5576//5576
f 5376//5376 4960//4960 6365//6365
f 5832//5832 5616//5616 6153//6153
f 5082//5082 6010//6010 6073//6073
f 5832//5832 6340//6340 5420//5420
f 6028//6028 4960//4960 4688//4688
f 5578//5578 4347//4347 5576//5576
f 5316//5316 5710//5710 5834//5834
f 6058//6058 5710//5710 5318//5318
f 5834//5834 5710//5710 6058//6058
f 6059//6059 6058//6058 5318//5318
f 5920//5920 6059//6059 5318//5318
f 5655//5655 6021//6021 5930//5930
f 5925//5925 5578//5578 6177//6177
f 5594//5594 5919//5919 5593//5593
f 5811//5811 5718//5718 5580//5580
f 5922//5922 4989//4989 5918//5918
f 5320//5320 6200//6200 5920//5920
f 4606//4606 4347//4347 5943//5943
f 5193//5193 5320//5320 5319//5319
f 6200//6200 5835//5835 5923//5923
f 5509//5509 5929//5929 5567//5567
f 6200//6200 5595//5595 5835//5835
f 5595//5595 5596//5596 5924//5924
f 5929//5929 5509//5509 5555//5555
f 5596//5596 6498//6498 5924//5924
f 5716//5716 5918//5918 5292//5292
f 6501//6501 6498//6498 5597//5597
f 6147//6147 6501//6501 5597//5597
f 5601//5601 5922//5922 5918//5918
f 5592//5592 6338//6338 5197//5197
f 6021//6021 6022//6022 5930//5930
f 5730//5730 6385//6385 6047//6047
f 5537//5537 6244//6244 5930//5930
f 5930//5930 6022//6022 5537//5537
f 6022//6022 5932//5932 5537//5537
f 5277//5277 5275//5275 6046//6046
f 5932//5932 6022//6022 5555//5555
f 5997//5997 6210//6210 5599//5599
f 5918//5918 5716//5716 5601//5601
f 5844//5844 5070//5070 4961//4961
f 4721//4721 5601//5601 5716//5716
f 6212//6212 5600//5600 5031//5031
f 5733//5733 5321//5321 5600//5600
f 5714//5714 5922//5922 5601//5601
f 5721//5721 5714//5714 5411//5411
f 3286//3286 6325//6325 4981//4981
f 4815//4815 5927//5927 6147//6147
f 5928//5928 5927//5927 4815//4815
f 5411//5411 5871//5871 5727//5727
f 5733//5733 6298//6298 5322//5322
f 5602//5602 6052//6052 6054//6054
f 5442//5442 6311//6311 5982//5982
f 6052//6052 5737//5737 6054//6054
f 5070//5070 5933//5933 4961//4961
f 6026//6026 5407//5407 5744//5744
f 5844//5844 4961//4961 5543//5543
f 6198//6198 6196//6196 5090//5090
f 6198//6198 5403//5403 5823//5823
f 5403//5403 5956//5956 5823//5823
f 5838//5838 5956//5956 5934//5934
f 6353//6353 5926//5926 4343//4343
f 5941//5941 5302//5302 5813//5813
f 5939//5939 6098//6098 5475//5475
f 6357//6357 5303//5303 6099//6099
f 5578//5578 5925//5925 4347//4347
f 5304//5304 6099//6099 5303//5303
f 6098//6098 6157//6157 5914//5914
f 6005//6005 6007//6007 5282//5282
f 5282//5282 6007//6007 5776//5776
f 5925//5925 5943//5943 4347//4347
f 6170//6170 5806//5806 5808//5808
f 5186//5186 5590//5590 6453//6453
f 5443//5443 5792//5792 6102//6102
f 6102//6102 5775//5775 5443//5443
f 6018//6018 5536//5536 5955//5955
f 5946//5946 6171//6171 5468//5468
f 4606//4606 5943//5943 6063//6063
f 5660//5660 6154//6154 6152//6152
f 5622//5622 6840//6840 4233//4233
f 5536//5536 5917//5917 5955//5955
f 5955//5955 5917//5917 6368//6368
f 5955//5955 6368//6368 6160//6160
f 6026//6026 5744//5744 6038//6038
f 5324//5324 4233//4233 6840//6840
f 6177//6177 5943//5943 5925//5925
f 5681//5681 6155//6155 4790//4790
f 6840//6840 6016//6016 5324//5324
f 5764//5764 4790//4790 6155//6155
f 5338//5338 5957//5957 6162//6162
f 5848//5848 5957//5957 5344//5344
f 6300//6300 5957//5957 5848//5848
f 5681//5681 5354//5354 6155//6155
f 6100//6100 6155//6155 5354//5354
f 4885//4885 5948//5948 6377//6377
f 6016//6016 4677//4677 5324//5324
f 5767//5767 6080//6080 6177//6177
f 5891//5891 6504//6504 6432//6432
f 6017//6017 6150//6150 6010//6010
f 6191//6191 5817//5817 5943//5943
f 5847//5847 5961//5961 5541//5541
f 5775//5775 5326//5326 6036//6036
f 6381//6381 5327//5327 5952//5952
f 5846//5846 5848//5848 5348//5348
f 6021//6021 5655//5655 6150//6150
f 6136//6136 5426//5426 5748//5748
f 6262//6262 5952//5952 4891//4891
f 6033//6033 6487//6487 5821//5821
f 5768//5768 6436//6436 6646//6646
f 6063//6063 6069//6069 5064//5064
f 5645//5645 5633//5633 5638//5638
f 5549//5549 5633//5633 5645//5645
f 6272//6272 4631//4631 5575//5575
f 5541//5541 5961//5961 5847//5847
f 5354//5354 4807//4807 5768//5768
f 5542//5542 6030//6030 5847//5847
f 5638//5638 5885//5885 5889//5889
f 5070//5070 5064//5064 6069//6069
f 5951//5951 6034//6034 5815//5815
f 5868//5868 6003//6003 6076//6076
f 5788//5788 6419//6419 6108//6108
f 5470//5470 5951//5951 5815//5815
f 5965//5965 6169//6169 6116//6116
f 5851//5851 6116//6116 6169//6169
f 5200//5200 6383//6383 6163//6163
f 5816//5816 5471//5471 5959//5959
f 4987//4987 6038//6038 5744//5744
f 6063//6063 5943//5943 5933//5933
f 5933//5933 5943//5943 5817//5817
f 5882//5882 6112//6112 5328//5328
f 5328//5328 6112//6112 5623//5623
f 6069//6069 6063//6063 5933//5933
f 5868//5868 5876//5876 6003//6003
f 5623//5623 6112//6112 5547//5547
f 5817//5817 6191//6191 6074//6074
f 5774//5774 5854//5854 5777//5777
f 5792//5792 5561//5561 6520//6520
f 6561//6561 3847//3847 6438//6438
f 5778//5778 6176//6176 5777//5777
f 5254//5254 6272//6272 6474//6474
f 6023//6023 6319//6319 5778//5778
f 6257//6257 6256//6256 5312//5312
f 5312//5312 6040//6040 6257//6257
f 6577//6577 6414//6414 5941//5941
f 6329//6329 5960//5960 6483//6483
f 4226//4226 5941//5941 6414//6414
f 5544//5544 5926//5926 6362//6362
f 6264//6264 6265//6265 5546//5546
f 4503//4503 5092//5092 4974//4974
f 5070//5070 6069//6069 5933//5933
f 6012//6012 5940//5940 5203//5203
f 6033//6033 4226//4226 6487//6487
f 5908//5908 6600//6600 6040//6040
f 5544//5544 6362//6362 6369//6369
f 5544//5544 6369//6369 6218//6218
f 5555//5555 6022//6022 5929//5929
f 6012//6012 5203//5203 5785//5785
f 5970//5970 5313//5313 5972//5972
f 5313//5313 5588//5588 5972//5972
f 5947//5947 6236//6236 5168//5168
f 5588//5588 6276//6276 5972//5972
f 5765//5765 5610//5610 6334//6334
f 5913//5913 6123//6123 6276//6276
f 5838//5838 5763//5763 5956//5956
f 6051//6051 5913//5913 6276//6276
f 6050//6050 5913//5913 6051//6051
f 6053//6053 6051//6051 5826//5826
f 5826//5826 5827//5827 6053//6053
f 5763//5763 5839//5839 5274//5274
f 6051//6051 6053//6053 5827//5827
f 3892//3892 6106//6106 5620//5620
f 5145//5145 6308//6308 6159//6159
f 6234//6234 4996//4996 6057//6057
f 5780//5780 6159//6159 6255//6255
f 5869//5869 6075//6075 6472//6472
f 6053//6053 6051//6051 5979//5979
f 6183//6183 5966//5966 6004//6004
f 5557//5557 6472//6472 5556//5556
f 5831//5831 6335//6335 5591//5591
f 6627//6627 6335//6335 5831//5831
f 5853//5853 6074//6074 6080//6080
f 6172//6172 5787//5787 5969//5969
f 5969//5969 5898//5898 6172//6172
f 5853//5853 6080//6080 5767//5767
f 6104//6104 5562//5562 5794//5794
f 6074//6074 5853//5853 5643//5643
f 5979//5979 5827//5827 6053//6053
f 5827//5827 5834//5834 6133//6133
f 5618//5618 4986//4986 4187//4187
f 6008//6008 6734//6734 5280//5280
f 4994//4994 6313//6313 6823//6823
f 5535//5535 6823//6823 5971//5971
f 5802//5802 5980//5980 6286//6286
f 6059//6059 5920//5920 6058//6058
f 6029//6029 6027//6027 4620//4620
f 6058//6058 5920//5920 6060//6060
f 5919//5919 5594//5594 5593//5593
f 5842//5842 5802//5802 6286//6286
f 5780//5780 6313//6313 4994//4994
f 6032//6032 6031//6031 6107//6107
f 5923//5923 6060//6060 6200//6200
f 6031//6031 6181//6181 4833//4833
f 6059//6059 5920//5920 6200//6200
f 6181//6181 6440//6440 5890//5890
f 5924//5924 5835//5835 5595//5595
f 6130//6130 6315//6315 5771//5771
f 6434//6434 6006//6006 6619//6619
f 6629//6629 5938//5938 5281//5281
f 6612//6612 6800//6800 6071//6071
f 4983//4983 5771//5771 5983//5983
f 5807//5807 6035//6035 6249//6249
f 6240//6240 6238//6238 6081//6081
f 5809//5809 6441//6441 5810//5810
f 5819//5819 5820//5820 5942//5942
f 4992//4992 5563//5563 4259//4259
f 6079//6079 6238//6238 5855//5855
f 4212//4212 6129//6129 6441//6441
f 5985//5985 6086//6086 5553//5553
f 5997//5997 5837//5837 6297//6297
f 6615//6615 5963//5963 5213//5213
f 6086//6086 5872//5872 5548//5548
f 6079//6079 6081//6081 6238//6238
f 5962//5962 6283//6283 5467//5467
f 6210//6210 5997//5997 6146//6146
f 6131//6131 5659//5659 6186//6186
f 5609//5609 6076//6076 6225//6225
f 4985//4985 6217//6217 5998//5998
f 6185//6185 6612//6612 6071//6071
f 4985//4985 5998//5998 5446//5446
f 6079//6079 5310//5310 6081//6081
f 6071//6071 5362//5362 6185//6185
f 6015//6015 6568//6568 5824//5824
f 6079//6079 5863//5863 5310//5310
f 5664//5664 6723//6723 5667//5667
f 5362//5362 5994//5994 6185//6185
f 5733//5733 5600//5600 6213//6213
f 6115//6115 6443//6443 4972//4972
f 5449//5449 5609//5609 6192//6192
f 6117//6117 6024//6024 5111//5111
f 5260//5260 6117//6117 5111//5111
f 6219//6219 5790//5790 4767//4767
f 6192//6192 5609//5609 6225//6225
f 5300//5300 5552//5552 5999//5999
f 6047//6047 6385//6385 6046//6046
f 5999//5999 6269//6269 5300//5300
f 4972//4972 6443//6443 5189//5189
f 6443//6443 5612//5612 5189//5189
f 6076//6076 6003//6003 6225//6225
f 6134//6134 6189//6189 5892//5892
f 5590//5590 4981//4981 6354//6354
f 6476//6476 5216//5216 6410//6410
f 6476//6476 6119//6119 5216//5216
f 5612//5612 6122//6122 5905//5905
f 5781//5781 6142//6142 4692//4692
f 6326//6326 6325//6325 5399//5399
f 6049//6049 6565//6565 5329//5329
f 5608//5608 6467//6467 5993//5993
f 6044//6044 6065//6065 6221//6221
f 5273//5273 6285//6285 5586//5586
f 6567//6567 5329//5329 6565//6565
f 6326//6326 5399//5399 4984//4984
f 5909//5909 5467//5467 6283//6283
f 6283//6283 6535//6535 5909//5909
f 6004//6004 6222//6222 5893//5893
f 6067//6067 3525//3525 5306//5306
f 5966//5966 6222//6222 6004//6004
f 6604//6604 6285//6285 5273//5273
f 5680//5680 5910//5910 5894//5894
f 6479//6479 5994//5994 5086//5086
f 5289//5289 5285//5285 6039//6039
f 5285//5285 5289//5289 5589//5589
f 6489//6489 6333//6333 5663//5663
f 6776//6776 5770//5770 5569//5569
f 6371//6371 6776//6776 4160//4160
f 6241//6241 6371//6371 4160//4160
f 6241//6241 5793//5793 6714//6714
f 5928//5928 5322//5322 6298//6298
f 5892//5892 6189//6189 6045//6045
f 6221//6221 6065//6065 5769//5769
f 6179//6179 6493//6493 5089//5089
f 5614//5614 6182//6182 5843//5843
f 6268//6268 6087//6087 4586//4586
f 6946//6946 6268//6268 4586//4586
f 5604//5604 5935//5935 5986//5986
f 5694//5694 6196//6196 6101//6101
f 6261//6261 6421//6421 5683//5683
f 5694//5694 6857//6857 5372//5372
f 5737//5737 6061//6061 6054//6054
f 6054//6054 6061//6061 5836//5836
f 6142//6142 5207//5207 5782//5782
f 5737//5737 5982//5982 6061//6061
f 5605//5605 6141//6141 5935//5935
f 5782//5782 5207//5207 5026//5026
f 4589//4589 5789//5789 6281//6281
f 6062//6062 6061//6061 5982//5982
f 6062//6062 5836//5836 6061//6061
f 5850//5850 5769//5769 5795//5795
f 6091//6091 6088//6088 5850//5850
f 6350//6350 5791//5791 4266//4266
f 5850//5850 5795//5795 6091//6091
f 5682//5682 5384//5384 5078//5078
f 5582//5582 6336//6336 5822//5822
f 5991//5991 5682//5682 6140//6140
f 6231//6231 6083//6083 5540//5540
f 6083//6083 6084//6084 5540//5540
f 6336//6336 6140//6140 5822//5822
f 6576//6576 5799//5799 5791//5791
f 6284//6284 5906//5906 6138//6138
f 5629//5629 5988//5988 5422//5422
f 6083//6083 6000//6000 6084//6084
f 6077//6077 6653//6653 5629//5629
f 6078//6078 5632//5632 6511//6511
f 5582//5582 5583//5583 6206//6206
f 6084//6084 6000//6000 5859//5859
f 6456//6456 6585//6585 5829//5829
f 5583//5583 5829//5829 6206//6206
f 5915//5915 6456//6456 5829//5829
f 4559//4559 5799//5799 5990//5990
f 5001//5001 5602//5602 6180//6180
f 4559//4559 5990//5990 6511//6511
f 5832//5832 6153//6153 6208//6208
f 5177//5177 5921//5921 5176//5176
f 5564//5564 6259//6259 5298//5298
f 5323//5323 6671//6671 5431//5431
f 5001//5001 6072//6072 6070//6070
f 5864//5864 6671//6671 5323//5323
f 6473//6473 6671//6671 5864//5864
f 5875//5875 6435//6435 5560//5560
f 6090//6090 6670//6670 5797//5797
f 5608//5608 6558//6558 5656//5656
f 6093//6093 5798//5798 6089//6089
f 5540//5540 6233//6233 6231//6231
f 6070//6070 6072//6072 5870//5870
f 4242//4242 5666//5666 6266//6266
f 5800//5800 5878//5878 6229//6229
f 5893//5893 5719//5719 6004//6004
f 6072//6072 5766//5766 5870//5870
f 6126//6126 6233//6233 5858//5858
f 5800//5800 6898//6898 5566//5566
f 6000//6000 5772//5772 5859//5859
f 5700//5700 6478//6478 5400//5400
f 6004//6004 5883//5883 6183//6183
f 6209//6209 6211//6211 4178//4178
f 6236//6236 5861//5861 5459//5459
f 5861//5861 6236//6236 5288//5288
f 6019//6019 5288//5288 6236//6236
f 6004//6004 5719//5719 5883//5883
f 4433//4433 6054//6054 5836//5836
f 5772//5772 6088//6088 5779//5779
f 6242//6242 6088//6088 6000//6000
f 6088//6088 5772//5772 6000//6000
f 6054//6054 4433//4433 5989//5989
f 6062//6062 5171//5171 5836//5836
f 6197//6197 5171//5171 6062//6062
f 5989//5989 4433//4433 5766//5766
f 6183//6183 5883//5883 5887//5887
f 6088//6088 6091//6091 5779//5779
f 6041//6041 6183//6183 5887//5887
f 6048//6048 6226//6226 5995//5995
f 6243//6243 6894//6894 5650//5650
f 5655//5655 6593//6593 5265//5265
f 5265//5265 6593//6593 6243//6243
f 5907//5907 6068//6068 6066//6066
f 5650//5650 5795//5795 5769//5769
f 6048//6048 5551//5551 5984//5984
f 6091//6091 5795//5795 5939//5939
f 5984//5984 6220//6220 5246//5246
f 6223//6223 6068//6068 5740//5740
f 6220//6220 6366//6366 5246//5246
f 5426//5426 6366//6366 5748//5748
f 6334//6334 5610//5610 6018//6018
f 5747//5747 6223//6223 5439//5439
f 6017//6017 6136//6136 6150//6150
f 5995//5995 6073//6073 5750//5750
f 6010//6010 5751//5751 5750//5750
f 5939//5939 6695//6695 6095//6095
f 6408//6408 6619//6619 6006//6006
f 5303//5303 6357//6357 6149//6149
f 6154//6154 5940//5940 6012//6012
f 6006//6006 6434//6434 6109//6109
f 6012//6012 5944//5944 6154//6154
f 5266//5266 6154//6154 5660//5660
f 4673//4673 6554//6554 5304//5304
f 5942//5942 6109//6109 5819//5819
f 6554//6554 4673//4673 6170//6170
f 5940//5940 6154//6154 5266//5266
f 5806//5806 6170//6170 4673//4673
f 6013//6013 6395//6395 6251//6251
f 6568//6568 6015//6015 6251//6251
f 6171//6171 5945//5945 5468//5468
f 6362//6362 5926//5926 6359//6359
f 6359//6359 6026//6026 6362//6362
f 6748//6748 6014//6014 6570//6570
f 6026//6026 6038//6038 6362//6362
f 6506//6506 5946//5946 5814//5814
f 5947//5947 6019//6019 6236//6236
f 6097//6097 6912//6912 5888//5888
f 6157//6157 6158//6158 5914//5914
f 4987//4987 6362//6362 6038//6038
f 6158//6158 6157//6157 5950//5950
f 6320//6320 6319//6319 6024//6024
f 6024//6024 6319//6319 6023//6023
f 5891//5891 5888//5888 6504//6504
f 5964//5964 6271//6271 6020//6020
f 6506//6506 5814//5814 6034//6034
f 5938//5938 6156//6156 4568//4568
f 5260//5260 6445//6445 6117//6117
f 5260//5260 5900//5900 6445//6445
f 6034//6034 5814//5814 5815//5815
f 6472//6472 6075//6075 6001//6001
f 5951//5951 5470//5470 5816//5816
f 5900//5900 5901//5901 6447//6447
f 5901//5901 6323//6323 6447//6447
f 5280//5280 6734//6734 6322//6322
f 5722//5722 6323//6323 5901//5901
f 5556//5556 6472//6472 6638//6638
f 5953//5953 5722//5722 5902//5902
f 5699//5699 6432//6432 6174//6174
f 6255//6255 6159//6159 6308//6308
f 5794//5794 5949//5949 6104//6104
f 5969//5969 5787//5787 6583//6583
f 5830//5830 5397//5397 6122//6122
f 6458//6458 4974//4974 5092//5092
f 6458//6458 5825//5825 4974//4974
f 6027//6027 6029//6029 6107//6107
f 5742//5742 5535//5535 6583//6583
f 5742//5742 6583//6583 5787//5787
f 6181//6181 6031//6031 6032//6032
f 6018//6018 5955//5955 6103//6103
f 5586//5586 5828//5828 5092//5092
f 6698//6698 5967//5967 5702//5702
f 6192//6192 6113//6113 5438//5438
f 6286//6286 6661//6661 5842//5842
f 6182//6182 5842//5842 6661//6661
f 6182//6182 5614//5614 5842//5842
f 6042//6042 6600//6600 5908//5908
f 5968//5968 6042//6042 5908//5908
f 6042//6042 5968//5968 6321//6321
f 6735//6735 6629//6629 5130//5130
f 5810//5810 6441//6441 6642//6642
f 6321//6321 5968//5968 5970//5970
f 5968//5968 5016//5016 5970//5970
f 6368//6368 6162//6162 6161//6161
f 6519//6519 6035//6035 5810//5810
f 6642//6642 6519//6519 5810//5810
f 6094//6094 6175//6175 6011//6011
f 6118//6118 6448//6448 6512//6512
f 6254//6254 6186//6186 5890//5890
f 6448//6448 6121//6121 6512//6512
f 6512//6512 6121//6121 6403//6403
f 6121//6121 5973//5973 6403//6403
f 6131//6131 6186//6186 6254//6254
f 5970//5970 5016//5016 5313//5313
f 6302//6302 6162//6162 5957//5957
f 4987//4987 6216//6216 6362//6362
f 6142//6142 6165//6165 4692//4692
f 6479//6479 4589//4589 6417//6417
f 5667//5667 6134//6134 5897//5897
f 6121//6121 6123//6123 6188//6188
f 4266//4266 6135//6135 6552//6552
f 5973//5973 6121//6121 6188//6188
f 6276//6276 6123//6123 5913//5913
f 6354//6354 6453//6453 5590//5590
f 6276//6276 6125//6125 6124//6124
f 6276//6276 6124//6124 6051//6051
f 6110//6110 5846//5846 5541//5541
f 5848//5848 5846//5846 6110//6110
f 6451//6451 6051//6051 6124//6124
f 6276//6276 6050//6050 6451//6451
f 5913//5913 6050//6050 6276//6276
f 6051//6051 6451//6451 6050//6050
f 5826//5826 6051//6051 6125//6125
f 6025//6025 6110//6110 5541//5541
f 5848//5848 6110//6110 6307//6307
f 6232//6232 6218//6218 6370//6370
f 5764//5764 6155//6155 5617//5617
f 6010//6010 6150//6150 5655//5655
f 5541//5541 5847//5847 6025//6025
f 5591//5591 5978//5978 5831//5831
f 6002//6002 5873//5873 6352//6352
f 5789//5789 5422//5422 6139//6139
f 6153//6153 5616//5616 6002//6002
f 6282//6282 6364//6364 6105//6105
f 6169//6169 6025//6025 5847//5847
f 6617//6617 5782//5782 5783//5783
f 6173//6173 6309//6309 6030//6030
f 5629//5629 6653//6653 5988//5988
f 6627//6627 5831//5831 6624//6624
f 6025//6025 6169//6169 6114//6114
f 6169//6169 5965//5965 6114//6114
f 6335//6335 6627//6627 6465//6465
f 6465//6465 5592//5592 6335//6335
f 6102//6102 6009//6009 5775//5775
f 6169//6169 6173//6173 5851//5851
f 5828//5828 5586//5586 6299//6299
f 6285//6285 6299//6299 5586//5586
f 6053//6053 5827//5827 6132//6132
f 6132//6132 5827//5827 6133//6133
f 4677//4677 6944//6944 5948//5948
f 6944//6944 6377//6377 5948//5948
f 6082//6082 6078//6078 6252//6252
f 6252//6252 6145//6145 6082//6082
f 6058//6058 6199//6199 5834//5834
f 6466//6466 5965//5965 6116//6116
f 6060//6060 6199//6199 6058//6058
f 6059//6059 6060//6060 5920//5920
f 4698//4698 5327//5327 6382//6382
f 6343//6343 6060//6060 5923//5923
f 6200//6200 6060//6060 6059//6059
f 5923//5923 5835//5835 6293//6293
f 5835//5835 5924//5924 6293//6293
f 6295//6295 6204//6204 6205//6205
f 6205//6205 6347//6347 6207//6207
f 6207//6207 6144//6144 6205//6205
f 5924//5924 5923//5923 6293//6293
f 5993//5993 6558//6558 5608//5608
f 6498//6498 6501//6501 6428//6428
f 5818//5818 6310//6310 5671//5671
f 6500//6500 6297//6297 6338//6338
f 6355//6355 5997//5997 6297//6297
f 4837//4837 6564//6564 5568//5568
f 6318//6318 5567//5567 5929//5929
f 5997//5997 6355//6355 6146//6146
f 6318//6318 5929//5929 6136//6136
f 6045//6045 6189//6189 6380//6380
f 6516//6516 5774//5774 6176//6176
f 5774//5774 5777//5777 6176//6176
f 6209//6209 6399//6399 6211//6211
f 5974//5974 6045//6045 6525//6525
f 6841//6841 5974//5974 6525//6525
f 5376//5376 6454//6454 5803//5803
f 5376//5376 6365//6365 6454//6454
f 6390//6390 6137//6137 5676//5676
f 5676//5676 6137//6137 6138//6138
f 6564//6564 6385//6385 5568//5568
f 6147//6147 5927//5927 6562//6562
f 6021//6021 5929//5929 6022//6022
f 6136//6136 5929//5929 6021//6021
f 5682//5682 5991//5991 5384//5384
f 5927//5927 5928//5928 6298//6298
f 5982//5982 6311//6311 6062//6062
f 6055//6055 5906//5906 6534//6534
f 6055//6055 6456//6456 5293//5293
f 6180//6180 5602//5602 5989//5989
f 5602//5602 6054//6054 5989//5989
f 6180//6180 5989//5989 6072//6072
f 5943//5943 6177//6177 6080//6080
f 5293//5293 6456//6456 6202//6202
f 5001//5001 6180//6180 6072//6072
f 6080//6080 6191//6191 5943//5943
f 6072//6072 5989//5989 5766//5766
f 6486//6486 6398//6398 5976//5976
f 6206//6206 5829//5829 6585//6585
f 6456//6456 5915//5915 6202//6202
f 6606//6606 6128//6128 4992//4992
f 6183//6183 6041//6041 6187//6187
f 5832//5832 6208//6208 6340//6340
f 5675//5675 6606//6606 4992//4992
f 6074//6074 6191//6191 6080//6080
f 6533//6533 5980//5980 6845//6845
f 5023//5023 5021//5021 6193//6193
f 5975//5975 5980//5980 4507//4507
f 5992//5992 6306//6306 6311//6311
f 5980//5980 6533//6533 6286//6286
f 6196//6196 6198//6198 6101//6101
f 6192//6192 6225//6225 6404//6404
f 6113//6113 6192//6192 6658//6658
f 5992//5992 6193//6193 6306//6306
f 6683//6683 6262//6262 4891//4891
f 6163//6163 6383//6383 6683//6683
f 6062//6062 6311//6311 6312//6312
f 6003//6003 6222//6222 6225//6225
f 5788//5788 6108//6108 5625//5625
f 6197//6197 6094//6094 5008//5008
f 6388//6388 6111//6111 5585//5585
f 6388//6388 5585//5585 5577//5577
f 5277//5277 6388//6388 5577//5577
f 4992//4992 6128//6128 5563//5563
f 4690//4690 6573//6573 3575//3575
f 6222//6222 6003//6003 5893//5893
f 5561//5561 6594//6594 6520//6520
f 5431//5431 6292//6292 5433//5433
f 6292//6292 5431//5431 6671//6671
f 5264//5264 6265//6265 6408//6408
f 6385//6385 6391//6391 6046//6046
f 6391//6391 5277//5277 6046//6046
f 6329//6329 6615//6615 5213//5213
f 6001//6001 6075//6075 6348//6348
f 5804//5804 5904//5904 6280//6280
f 6354//6354 4981//4981 6325//6325
f 6066//6066 5984//5984 5551//5551
f 6410//6410 5804//5804 6280//6280
f 5873//5873 6002//6002 5616//5616
f 6048//6048 5984//5984 6226//6226
f 6535//6535 6049//6049 5909//5909
f 6226//6226 5984//5984 5246//5246
f 6068//6068 6220//6220 6066//6066
f 6068//6068 6223//6223 6220//6220
f 6220//6220 6223//6223 6366//6366
f 3525//3525 6067//6067 5122//5122
f 6067//6067 6353//6353 5122//5122
f 6318//6318 5747//5747 5567//5567
f 6493//6493 6179//6179 5981//5981
f 6421//6421 6179//6179 5089//5089
f 6222//6222 5966//5966 6085//6085
f 6228//6228 6222//6222 6085//6085
f 6226//6226 6073//6073 5995//5995
f 6073//6073 6226//6226 5253//5253
f 6073//6073 6010//6010 5750//5750
f 5986//5986 5935//5935 6141//6141
f 5986//5986 6141//6141 6345//6345
f 6426//6426 6345//6345 6141//6141
f 5261//5261 6247//6247 6426//6426
f 5936//5936 6143//6143 5833//5833
f 6301//6301 5823//5823 5956//5956
f 5956//5956 5763//5763 6301//6301
f 5274//5274 6389//6389 5763//5763
f 5833//5833 6425//6425 5147//5147
f 5147//5147 6478//6478 5700//5700
f 6485//6485 4568//4568 6156//6156
f 3892//3892 6149//6149 6106//6106
f 6234//6234 6370//6370 6056//6056
f 6459//6459 5287//5287 5770//5770
f 5440//5440 6459//6459 5771//5771
f 6232//6232 6234//6234 6057//6057
f 6234//6234 6232//6232 6370//6370
f 5771//5771 6316//6316 5983//5983
f 6216//6216 4987//4987 5615//5615
f 6393//6393 5983//5983 6316//6316
f 6043//6043 4986//4986 6237//6237
f 6237//6237 4986//4986 5773//5773
f 6043//6043 6237//6237 5958//5958
f 5958//5958 6237//6237 5598//5598
f 6237//6237 5773//5773 5855//5855
f 6237//6237 5855//5855 6238//6238
f 6237//6237 6238//6238 5598//5598
f 5877//5877 6670//6670 7025//7025
f 6240//6240 5931//5931 5598//5598
f 6670//6670 5877//5877 5797//5797
f 5598//5598 6238//6238 6240//6240
f 5798//5798 6092//6092 6089//6089
f 6183//6183 6187//6187 5966//5966
f 6187//6187 6041//6041 6194//6194
f 6194//6194 6041//6041 6044//6044
f 6085//6085 5966//5966 6363//6363
f 6120//6120 6227//6227 6085//6085
f 6120//6120 6085//6085 6230//6230
f 6239//6239 5966//5966 6187//6187
f 6085//6085 6363//6363 6230//6230
f 6363//6363 5966//5966 6239//6239
f 6230//6230 6363//6363 6231//6231
f 6233//6233 6230//6230 6231//6231
f 6187//6187 6194//6194 6215//6215
f 6215//6215 6239//6239 6187//6187
f 6224//6224 6215//6215 6194//6194
f 6235//6235 6333//6333 6126//6126
f 6194//6194 6044//6044 6224//6224
f 5850//5850 6224//6224 6044//6044
f 6224//6224 5850//5850 6088//6088
f 6088//6088 6242//6242 6224//6224
f 6221//6221 5850//5850 6044//6044
f 6148//6148 6714//6714 5793//5793
f 5850//5850 6221//6221 5769//5769
f 6268//6268 6372//6372 6087//6087
f 5801//5801 5372//5372 6499//6499
f 5694//5694 6101//6101 6857//6857
f 6000//6000 6083//6083 6239//6239
f 6239//6239 6215//6215 6000//6000
f 6215//6215 6242//6242 6000//6000
f 6224//6224 6242//6242 6215//6215
f 5795//5795 6695//6695 5939//5939
f 6244//6244 6151//6151 5930//5930
f 6151//6151 6244//6244 6267//6267
f 6244//6244 5537//5537 6328//6328
f 5537//5537 6331//6331 6328//6328
f 5537//5537 5765//5765 6331//6331
f 6331//6331 5765//5765 6245//6245
f 5765//5765 6334//6334 6245//6245
f 6334//6334 6018//6018 6245//6245
f 6245//6245 6018//6018 6103//6103
f 5792//5792 6520//6520 6725//6725
f 6161//6161 6162//6162 6302//6302
f 6155//6155 6100//6100 6563//6563
f 6354//6354 6325//6325 6304//6304
f 6300//6300 6302//6302 5957//5957
f 6392//6392 6109//6109 6434//6434
f 6100//6100 5354//5354 6828//6828
f 6009//6009 6833//6833 5622//5622
f 5622//5622 6833//6833 6840//6840
f 6622//6622 6394//6394 6248//6248
f 5819//5819 6622//6622 6248//6248
f 5792//5792 6373//6373 6102//6102
f 5959//5959 6433//6433 5816//5816
f 6944//6944 4677//4677 6016//6016
f 6303//6303 6300//6300 5848//5848
f 6013//6013 6248//6248 6395//6395
f 6307//6307 6711//6711 5848//5848
f 6251//6251 6395//6395 6515//6515
f 6307//6307 6166//6166 6305//6305
f 6115//6115 5824//5824 6568//6568
f 6166//6166 6307//6307 6110//6110
f 6110//6110 6114//6114 6460//6460
f 6190//6190 5607//5607 6485//6485
f 6110//6110 6460//6460 6166//6166
f 6030//6030 6309//6309 5847//5847
f 6326//6326 6304//6304 6325//6325
f 6304//6304 6326//6326 6351//6351
f 6440//6440 6181//6181 6032//6032
f 6594//6594 4698//4698 6382//6382
f 5847//5847 6309//6309 6169//6169
f 5969//5969 6436//6436 5898//5898
f 6254//6254 5890//5890 6440//6440
f 6169//6169 6309//6309 6173//6173
f 6025//6025 6114//6114 6110//6110
f 6519//6519 6249//6249 6035//6035
f 5965//5965 6460//6460 6114//6114
f 5780//5780 6783//6783 6313//6313
f 6783//6783 5780//5780 6250//6250
f 6062//6062 6312//6312 6197//6197
f 6524//6524 5967//5967 6698//6698
f 6166//6166 6460//6460 6253//6253
f 6339//6339 6197//6197 6312//6312
f 6807//6807 5965//5965 6555//6555
f 5965//5965 6466//6466 6555//6555
f 5852//5852 6466//6466 6116//6116
f 6326//6326 4984//4984 6356//6356
f 6321//6321 5970//5970 6513//6513
f 5875//5875 6556//6556 6435//6435
f 6513//6513 6448//6448 6321//6321
f 6252//6252 6078//6078 6511//6511
f 6039//6039 6322//6322 5289//5289
f 6475//6475 6383//6383 6112//6112
f 5547//5547 6112//6112 6383//6383
f 6478//6478 6610//6610 6008//6008
f 5805//5805 6717//6717 6129//6129
f 5852//5852 5774//5774 6703//6703
f 5973//5973 6324//6324 6403//6403
f 6311//6311 6306//6306 6312//6312
f 6306//6306 6339//6339 6312//6312
f 6145//6145 6259//6259 5564//5564
f 6469//6469 6516//6516 6176//6176
f 5970//5970 6274//6274 6513//6513
f 6175//6175 6339//6339 6306//6306
f 5664//5664 6722//6722 6723//6723
f 6469//6469 6176//6176 6471//6471
f 6259//6259 6556//6556 5875//5875
f 6275//6275 6121//6121 6448//6448
f 6274//6274 6123//6123 6121//6121
f 6444//6444 6175//6175 6306//6306
f 6275//6275 6386//6386 6121//6121
f 6274//6274 5972//5972 6123//6123
f 6471//6471 6176//6176 6319//6319
f 6123//6123 5972//5972 6276//6276
f 6176//6176 5778//5778 6319//6319
f 6471//6471 6319//6319 6320//6320
f 5973//5973 6188//6188 6550//6550
f 6544//6544 6263//6263 5784//5784
f 6451//6451 6124//6124 6276//6276
f 6279//6279 6124//6124 6451//6451
f 6197//6197 6339//6339 6094//6094
f 6124//6124 6279//6279 6451//6451
f 6339//6339 6175//6175 6094//6094
f 6125//6125 6051//6051 6053//6053
f 5818//5818 5384//5384 6768//6768
f 6263//6263 6264//6264 5786//5786
f 6404//6404 6225//6225 6601//6601
f 6380//6380 6525//6525 6045//6045
f 6402//6402 5978//5978 6195//6195
f 6841//6841 6390//6390 5974//5974
f 6324//6324 5973//5973 6452//6452
f 6327//6327 6225//6225 6222//6222
f 6225//6225 6327//6327 6227//6227
f 6400//6400 6266//6266 5666//5666
f 6138//6138 6137//6137 6284//6284
f 5978//5978 6613//6613 5831//5831
f 6477//6477 6526//6526 6728//6728
f 6288//6288 5973//5973 6550//6550
f 6477//6477 6886//6886 5975//5975
f 6282//6282 6175//6175 6446//6446
f 5656//5656 6737//6737 6209//6209
f 6175//6175 6282//6282 6011//6011
f 6291//6291 6288//6288 6289//6289
f 5748//5748 6318//6318 6136//6136
f 6288//6288 6291//6291 6405//6405
f 6279//6279 6188//6188 6451//6451
f 5991//5991 6581//6581 5384//5384
f 6279//6279 6132//6132 6406//6406
f 6064//6064 5976//5976 6398//6398
f 6336//6336 5991//5991 6140//6140
f 5991//5991 6336//6336 6531//6531
f 6291//6291 6461//6461 6405//6405
f 6291//6291 6455//6455 6461//6461
f 6623//6623 6461//6461 6455//6455
f 6389//6389 6301//6301 5763//5763
f 6284//6284 6534//6534 5906//5906
f 6203//6203 6389//6389 5274//5274
f 6450//6450 6282//6282 6446//6446
f 6260//6260 6351//6351 6067//6067
f 6021//6021 6150//6150 6136//6136
f 6067//6067 5306//5306 6260//6260
f 6336//6336 5582//5582 6206//6206
f 6545//6545 6203//6203 6106//6106
f 5975//5975 6845//6845 5980//5980
f 5289//5289 6322//6322 5954//5954
f 6443//6443 6122//6122 5612//5612
f 6416//6416 6628//6628 6627//6627
f 6627//6627 6628//6628 6465//6465
f 6222//6222 6228//6228 6327//6327
f 6735//6735 5130//5130 5954//5954
f 6340//6340 6208//6208 6153//6153
f 6335//6335 6465//6465 6463//6463
f 6465//6465 6335//6335 6463//6463
f 5771//5771 6459//6459 6130//6130
f 6627//6627 6463//6463 6465//6465
f 6465//6465 6628//6628 6337//6337
f 6340//6340 7122//7122 5420//5420
f 6085//6085 6227//6227 6327//6327
f 6327//6327 6228//6228 6085//6085
f 6315//6315 6130//6130 6314//6314
f 6315//6315 6316//6316 5771//5771
f 6505//6505 6503//6503 5296//5296
f 6271//6271 6570//6570 5353//5353
f 6931//6931 6227//6227 6528//6528
f 6340//6340 6153//6153 6514//6514
f 6539//6539 6283//6283 5962//5962
f 6020//6020 6271//6271 5353//5353
f 6164//6164 6165//6165 6142//6142
f 6465//6465 6492//6492 5592//5592
f 6709//6709 6120//6120 6230//6230
f 6337//6337 6628//6628 6338//6338
f 6337//6337 6338//6338 5592//5592
f 6338//6338 6628//6628 6295//6295
f 6393//6393 6836//6836 6086//6086
f 6037//6037 6507//6507 6167//6167
f 6572//6572 6577//6577 5941//5941
f 6483//6483 5960//5960 6119//6119
f 6341//6341 6133//6133 5834//5834
f 6292//6292 6348//6348 5433//5433
f 6587//6587 6348//6348 6292//6292
f 5872//5872 6317//6317 6217//6217
f 6630//6630 5979//5979 5987//5987
f 5979//5979 6630//6630 5987//5987
f 6341//6341 5834//5834 6199//6199
f 6199//6199 6630//6630 6341//6341
f 6582//6582 5964//5964 5825//5825
f 4885//4885 6678//6678 6278//6278
f 4242//4242 6266//6266 5840//5840
f 6193//6193 5021//5021 6277//6277
f 6033//6033 5821//5821 5575//5575
f 4666//4666 6490//6490 6219//6219
f 6413//6413 6233//6233 6126//6126
f 6356//6356 6353//6353 6351//6351
f 6495//6495 6060//6060 6343//6343
f 6343//6343 5923//5923 6201//6201
f 6067//6067 6351//6351 6353//6353
f 5785//5785 5944//5944 6012//6012
f 6356//6356 6351//6351 6326//6326
f 6205//6205 6204//6204 6294//6294
f 6294//6294 6347//6347 6205//6205
f 5617//5617 6155//6155 6481//6481
f 6294//6294 6346//6346 6347//6347
f 6352//6352 6663//6663 6002//6002
f 5556//5556 6638//6638 5949//5949
f 6666//6666 6269//6269 5999//5999
f 6002//6002 6514//6514 6153//6153
f 6295//6295 6205//6205 6423//6423
f 6638//6638 6639//6639 5949//5949
f 6364//6364 6282//6282 6450//6450
f 6423//6423 6205//6205 6144//6144
f 6207//6207 6347//6347 6496//6496
f 6450//6450 6354//6354 6304//6304
f 6514//6514 6002//6002 6820//6820
f 6029//6029 5562//5562 6367//6367
f 6536//6536 6290//6290 6287//6287
f 6290//6290 6489//6489 6287//6287
f 5926//5926 6353//6353 6356//6356
f 5877//5877 6229//6229 5878//5878
f 5924//5924 6349//6349 5923//5923
f 5924//5924 6296//6296 6349//6349
f 6498//6498 6296//6296 5924//5924
f 6542//6542 6367//6367 5562//5562
f 6414//6414 6590//6590 4226//4226
f 6487//6487 4226//4226 6590//6590
f 4984//4984 6026//6026 6359//6359
f 6359//6359 6356//6356 4984//4984
f 6715//6715 6107//6107 6029//6029
f 6281//6281 6417//6417 4589//4589
f 6357//6357 6330//6330 6149//6149
f 6260//6260 6105//6105 6364//6364
f 6356//6356 6359//6359 5926//5926
f 6178//6178 6881//6881 5916//5916
f 6105//6105 6260//6260 5306//5306
f 6229//6229 6549//6549 5800//5800
f 6744//6744 6355//6355 6500//6500
f 6355//6355 6744//6744 6146//6146
f 6744//6744 6636//6636 6146//6146
f 6552//6552 6135//6135 6592//6592
f 6146//6146 6636//6636 6210//6210
f 6549//6549 6898//6898 5800//5800
f 6898//6898 6899//6899 5566//5566
f 6210//6210 6637//6637 6212//6212
f 6083//6083 6363//6363 6239//6239
f 6899//6899 6096//6096 4669//4669
f 6231//6231 6363//6363 6083//6083
f 6139//6139 6837//6837 5789//5789
f 6369//6369 6362//6362 6216//6216
f 6358//6358 6168//6168 6270//6270
f 6358//6358 6270//6270 6168//6168
f 6358//6358 6099//6099 5304//5304
f 5986//5986 6345//6345 5936//5936
f 6345//6345 6344//6344 5936//5936
f 4960//4960 6028//6028 6365//6365
f 6028//6028 5383//5383 6848//6848
f 5945//5945 6170//6170 5808//5808
f 6593//6593 5930//5930 6151//6151
f 6218//6218 6369//6369 6370//6370
f 6369//6369 6056//6056 6370//6370
f 5799//5799 6576//6576 6701//6701
f 5803//5803 6564//6564 4837//4837
f 5650//5650 6894//6894 6695//6695
f 5650//5650 6695//6695 5795//5795
f 6494//6494 6345//6345 6426//6426
f 6142//6142 5782//5782 6508//6508
f 5936//5936 6344//6344 6143//6143
f 6244//6244 6328//6328 6267//6267
f 6328//6328 6331//6331 6332//6332
f 6379//6379 6332//6332 6331//6331
f 6379//6379 6331//6331 6245//6245
f 6245//6245 6103//6103 6379//6379
f 6379//6379 6103//6103 6246//6246
f 6220//6220 5984//5984 6066//6066
f 6632//6632 6098//6098 5939//5939
f 6098//6098 6632//6632 6157//6157
f 5747//5747 6366//6366 6223//6223
f 6056//6056 6369//6369 6216//6216
f 5747//5747 5748//5748 6366//6366
f 5748//5748 5747//5747 6318//6318
f 5946//5946 6361//6361 6171//6171
f 6148//6148 6372//6372 6387//6387
f 6101//6101 6198//6198 5823//5823
f 6595//6595 6034//6034 5951//5951
f 6853//6853 6544//6544 5950//5950
f 5950//5950 6544//6544 5784//5784
f 5955//5955 6160//6160 6103//6103
f 6103//6103 6160//6160 6484//6484
f 6161//6161 6302//6302 6641//6641
f 6563//6563 6481//6481 6155//6155
f 6351//6351 6260//6260 6304//6304
f 6641//6641 6302//6302 6705//6705
f 6705//6705 6302//6302 6643//6643
f 6665//6665 6100//6100 6828//6828
f 5354//5354 5768//5768 6828//6828
f 6440//6440 6032//6032 6750//6750
f 6392//6392 6810//6810 6109//6109
f 6032//6032 6753//6753 6750//6750
f 6302//6302 6300//6300 6303//6303
f 6622//6622 6109//6109 6746//6746
f 6109//6109 6622//6622 5819//5819
f 6441//6441 6129//6129 6647//6647
f 5848//5848 6711//6711 6303//6303
f 6395//6395 6248//6248 6394//6394
f 6642//6642 6441//6441 6647//6647
f 6515//6515 6395//6395 6396//6396
f 6711//6711 6307//6307 6305//6305
f 6145//6145 6252//6252 6376//6376
f 6518//6518 6255//6255 6308//6308
f 6376//6376 6259//6259 6145//6145
f 6253//6253 6305//6305 6166//6166
f 6131//6131 6717//6717 5805//5805
f 6113//6113 6518//6518 6308//6308
f 6717//6717 6647//6647 6129//6129
f 6714//6714 6981//6981 6241//6241
f 6464//6464 6253//6253 6460//6460
f 6371//6371 6241//6241 6981//6981
f 6460//6460 5965//5965 6464//6464
f 6571//6571 6320//6320 6024//6024
f 5971//5971 6583//6583 5535//5535
f 5965//5965 6807//6807 6464//6464
f 6258//6258 6722//6722 6442//6442
f 6193//6193 6444//6444 6306//6306
f 6193//6193 6277//6277 6620//6620
f 6620//6620 6444//6444 6193//6193
f 6620//6620 6446//6446 6444//6444
f 6436//6436 5969//5969 6869//6869
f 6268//6268 6946//6946 6855//6855
f 6117//6117 6445//6445 5900//5900
f 6516//6516 6703//6703 5774//5774
f 6134//6134 5667//5667 6723//6723
f 6134//6134 6723//6723 6189//6189
f 6449//6449 6447//6447 6323//6323
f 6946//6946 5801//5801 6693//6693
f 5186//5186 6453//6453 6617//6617
f 6575//6575 5830//5830 6122//6122
f 6857//6857 6499//6499 5372//5372
f 6857//6857 6101//6101 6992//6992
f 6113//6113 6658//6658 6826//6826
f 6444//6444 6446//6446 6175//6175
f 5830//5830 5953//5953 5902//5902
f 6310//6310 6727//6727 6261//6261
f 6243//6243 6593//6593 6894//6894
f 6797//6797 6263//6263 6544//6544
f 5792//5792 6725//6725 6373//6373
f 6522//6522 6264//6264 6263//6263
f 6102//6102 6943//6943 6009//6009
f 6408//6408 6265//6265 6616//6616
f 6009//6009 6943//6943 6833//6833
f 6931//6931 6225//6225 6227//6227
f 6225//6225 6931//6931 6601//6601
f 6267//6267 6470//6470 6151//6151
f 6390//6390 6284//6284 6137//6137
f 5003//5003 6467//6467 6127//6127
f 6450//6450 6453//6453 6354//6354
f 6120//6120 6528//6528 6227//6227
f 6328//6328 6332//6332 6267//6267
f 6844//6844 6534//6534 6284//6284
f 6467//6467 5003//5003 5840//5840
f 6304//6304 6260//6260 6450//6450
f 6364//6364 6450//6450 6260//6260
f 6377//6377 6944//6944 7221//7221
f 6598//6598 6467//6467 5840//5840
f 6230//6230 6411//6411 6709//6709
f 6598//6598 5840//5840 6266//6266
f 6233//6233 6411//6411 6230//6230
f 6651//6651 6028//6028 6848//6848
f 6709//6709 6411//6411 6233//6233
f 6382//6382 5327//5327 6381//6381
f 6233//6233 6413//6413 6709//6709
f 6388//6388 6850//6850 6111//6111
f 6126//6126 6893//6893 6413//6413
f 6534//6534 6584//6584 6055//6055
f 6246//6246 6103//6103 6640//6640
f 6595//6595 5816//5816 6433//6433
f 6095//6095 6921//6921 5939//5939
f 6055//6055 6584//6584 6456//6456
f 6433//6433 5959//5959 6927//6927
f 5656//5656 6558//6558 6737//6737
f 6606//6606 6733//6733 6128//6128
f 6639//6639 6712//6712 5949//5949
f 6206//6206 6586//6586 6336//6336
f 6437//6437 6174//6174 6374//6374
f 6375//6375 6437//6437 6374//6374
f 6438//6438 6437//6437 6375//6375
f 6174//6174 6437//6437 3847//3847
f 6438//6438 3847//3847 6437//6437
f 6585//6585 6586//6586 6206//6206
f 6632//6632 5939//5939 6921//6921
f 6561//6561 6517//6517 5160//5160
f 6340//6340 6462//6462 7122//7122
f 5811//5811 5383//5383 5718//5718
f 6517//6517 6799//6799 5160//5160
f 7052//7052 6184//6184 5843//5843
f 6573//6573 5811//5811 3575//3575
f 5823//5823 6992//6992 6101//6101
f 6257//6257 6040//6040 6596//6596
f 5812//5812 6573//6573 4690//4690
f 6848//6848 6573//6573 5812//5812
f 6040//6040 6600//6600 6596//6596
f 6671//6671 6473//6473 6540//6540
f 5160//5160 6799//6799 5702//5702
f 6532//6532 6184//6184 6415//6415
f 6799//6799 6698//6698 5702//5702
f 5675//5675 6849//6849 6606//6606
f 6800//6800 6849//6849 5675//5675
f 6572//6572 5941//5941 5813//5813
f 6157//6157 6851//6851 5950//5950
f 6384//6384 6321//6321 6448//6448
f 6486//6486 5405//5405 5563//5563
f 5563//5563 6128//6128 6486//6486
f 6384//6384 6448//6448 6118//6118
f 6851//6851 6700//6700 5950//5950
f 6135//6135 6664//6664 6592//6592
f 6403//6403 6324//6324 6529//6529
f 6529//6529 6512//6512 6403//6403
f 6403//6403 6512//6512 6608//6608
f 6403//6403 6608//6608 6512//6512
f 6111//6111 6850//6850 5812//5812
f 6589//6589 6472//6472 6001//6001
f 6274//6274 5970//5970 5972//5972
f 6484//6484 6640//6640 6103//6103
f 6774//6774 6391//6391 6385//6385
f 6274//6274 6448//6448 6513//6513
f 6275//6275 6448//6448 6274//6274
f 6274//6274 6121//6121 6386//6386
f 6368//6368 6161//6161 6160//6160
f 6484//6484 6160//6160 6641//6641
f 6275//6275 6608//6608 6550//6550
f 6188//6188 6551//6551 6550//6550
f 6550//6550 6551//6551 6275//6275
f 6275//6275 6551//6551 6188//6188
f 6123//6123 6124//6124 6188//6188
f 6124//6124 6123//6123 6276//6276
f 4266//4266 6552//6552 6350//6350
f 6880//6880 6214//6214 5420//5420
f 6451//6451 6188//6188 6621//6621
f 6124//6124 6125//6125 6609//6609
f 6475//6475 6112//6112 5882//5882
f 6124//6124 6609//6609 6279//6279
f 6451//6451 6124//6124 6279//6279
f 6605//6605 6520//6520 6594//6594
f 6125//6125 6053//6053 6609//6609
f 6279//6279 6053//6053 6132//6132
f 6675//6675 4273//4273 5967//5967
f 4273//4273 6675//6675 6195//6195
f 6675//6675 6402//6402 6195//6195
f 6452//6452 5973//5973 6403//6403
f 6350//6350 6574//6574 5791//5791
f 5973//5973 6452//6452 6403//6403
f 6548//6548 6352//6352 5617//5617
f 6539//6539 5962//5962 5963//5963
f 5617//5617 6481//6481 6548//6548
f 6402//6402 6613//6613 5978//5978
f 6574//6574 6576//6576 5791//5791
f 6329//6329 6480//6480 6934//6934
f 6613//6613 6624//6624 5831//5831
f 6806//6806 6619//6619 6408//6408
f 6701//6701 5990//5990 5799//5799
f 6618//6618 6550//6550 6403//6403
f 6543//6543 6301//6301 6389//6389
f 6188//6188 6550//6550 6551//6551
f 5973//5973 6288//6288 6452//6452
f 6288//6288 6550//6550 6618//6618
f 6480//6480 6483//6483 6119//6119
f 6563//6563 6100//6100 6491//6491
f 6139//6139 5422//5422 5988//5988
f 6329//6329 6483//6483 6480//6480
f 6543//6543 6389//6389 6203//6203
f 6550//6550 6188//6188 6289//6289
f 6615//6615 6329//6329 6607//6607
f 6291//6291 6289//6289 6188//6188
f 6618//6618 6452//6452 6288//6288
f 6545//6545 6543//6543 6203//6203
f 6678//6678 6892//6892 6278//6278
f 6288//6288 6405//6405 6289//6289
f 6457//6457 6289//6289 6405//6405
f 6678//6678 4885//4885 6377//6377
f 6014//6014 6748//6748 6400//6400
f 6406//6406 6188//6188 6279//6279
f 6455//6455 6291//6291 6188//6188
f 5904//5904 6278//6278 6752//6752
f 6188//6188 6406//6406 6455//6455
f 6752//6752 6280//6280 5904//5904
f 6435//6435 6509//6509 5560//5560
f 6455//6455 6406//6406 6623//6623
f 6410//6410 6860//6860 6782//6782
f 6721//6721 5979//5979 6406//6406
f 5560//5560 6509//6509 6077//6077
f 6406//6406 5979//5979 6623//6623
f 6280//6280 6860//6860 6410//6410
f 6457//6457 6461//6461 6455//6455
f 6455//6455 6461//6461 6623//6623
f 5979//5979 6721//6721 6630//6630
f 6623//6623 5979//5979 6630//6630
f 5937//5937 6578//6578 6247//6247
f 6553//6553 6624//6624 6416//6416
f 6627//6627 6624//6624 6553//6553
f 6511//6511 5990//5990 6707//6707
f 6416//6416 6412//6412 6628//6628
f 6461//6461 6457//6457 6405//6405
f 6536//6536 6287//6287 6567//6567
f 6049//6049 6535//6535 6565//6565
f 6459//6459 5770//5770 6776//6776
f 6459//6459 6314//6314 6130//6130
f 6489//6489 6290//6290 6333//6333
f 6627//6627 6465//6465 6463//6463
f 6465//6465 6337//6337 6418//6418
f 6881//6881 6976//6976 5916//5916
f 6976//6976 6419//6419 5916//5916
f 6881//6881 6178//6178 6493//6493
f 6582//6582 6271//6271 5964//5964
f 5872//5872 6086//6086 6836//6836
f 6492//6492 6465//6465 6418//6418
f 6492//6492 6418//6418 5592//5592
f 5592//5592 6418//6418 6337//6337
f 6338//6338 6295//6295 6825//6825
f 6425//6425 6478//6478 5147//5147
f 6338//6338 6825//6825 6500//6500
f 6133//6133 6341//6341 6199//6199
f 6199//6199 6341//6341 6420//6420
f 6630//6630 6420//6420 6341//6341
f 5575//5575 5821//5821 6272//6272
f 6630//6630 6199//6199 6420//6420
f 6630//6630 6420//6420 6631//6631
f 6272//6272 6407//6407 6474//6474
f 6317//6317 5998//5998 6217//6217
f 6272//6272 5821//5821 6407//6407
f 6578//6578 5937//5937 6190//6190
f 6560//6560 6199//6199 6060//6060
f 6485//6485 6578//6578 6190//6190
f 6495//6495 6560//6560 6060//6060
f 6604//6604 6474//6474 6407//6407
f 5790//5790 6219//6219 6777//6777
f 5790//5790 6777//6777 5552//5552
f 6494//6494 6344//6344 6345//6345
f 6474//6474 6604//6604 6273//6273
f 6204//6204 6295//6295 6294//6294
f 5999//5999 5552//5552 6579//6579
f 6431//6431 5999//5999 6666//6666
f 6588//6588 6485//6485 6597//6597
f 6295//6295 6423//6423 6294//6294
f 5999//5999 6431//6431 6666//6666
f 6423//6423 6496//6496 6347//6347
f 6496//6496 6423//6423 6144//6144
f 6156//6156 6597//6597 6485//6485
f 6269//6269 6696//6696 6090//6090
f 6425//6425 5833//5833 6143//6143
f 6670//6670 6090//6090 6696//6696
f 6207//6207 6496//6496 6144//6144
f 5092//5092 6482//6482 6458//6458
f 6344//6344 6494//6494 6143//6143
f 5828//5828 6482//6482 5092//5092
f 5923//5923 6687//6687 6201//6201
f 6349//6349 6687//6687 5923//5923
f 5877//5877 7025//7025 6229//6229
f 6296//6296 6635//6635 6349//6349
f 6426//6426 6247//6247 6578//6578
f 6149//6149 6547//6547 6106//6106
f 6501//6501 6689//6689 6428//6428
f 6825//6825 6634//6634 6500//6500
f 6744//6744 6500//6500 6634//6634
f 6297//6297 6500//6500 6355//6355
f 6488//6488 5821//5821 6487//6487
f 6637//6637 6210//6210 6636//6636
f 6407//6407 5821//5821 6488//6488
f 6429//6429 6360//6360 6689//6689
f 6899//6899 6898//6898 6876//6876
f 6212//6212 6637//6637 5600//5600
f 6097//6097 6096//6096 7018//7018
f 6213//6213 5600//5600 6847//6847
f 6298//6298 5733//5733 6213//6213
f 6554//6554 6358//6358 5304//5304
f 6554//6554 6170//6170 6730//6730
f 6502//6502 6730//6730 6170//6170
f 5945//5945 6502//6502 6170//6170
f 5945//5945 6171//6171 6502//6502
f 5562//5562 6104//6104 6542//6542
f 6912//6912 6097//6097 7018//7018
f 6953//6953 6107//6107 6715//6715
f 6890//6890 6862//6862 5946//5946
f 6107//6107 6953//6953 6032//6032
f 6506//6506 6890//6890 5946//5946
f 6367//6367 6542//6542 6029//6029
f 7084//7084 5888//5888 6912//6912
f 6504//6504 5888//5888 7084//7084
f 6034//6034 6864//6864 6506//6506
f 6864//6864 6034//6034 6595//6595
f 5816//5816 6595//6595 5951//5951
f 6322//6322 6734//6734 5954//5954
f 6164//6164 6505//6505 5296//5296
f 6142//6142 6505//6505 6164//6164
f 6510//6510 6167//6167 6507//6507
f 6167//6167 6510//6510 6430//6430
f 5021//5021 6167//6167 6430//6430
f 6037//6037 6503//6503 6507//6507
f 6508//6508 6503//6503 6142//6142
f 6503//6503 6505//6505 6142//6142
f 6508//6508 5782//5782 6591//6591
f 6510//6510 6508//6508 6591//6591
f 5021//5021 6430//6430 6277//6277
f 6617//6617 6591//6591 5782//5782
f 6257//6257 6668//6668 6256//6256
f 6350//6350 6773//6773 6574//6574
f 6983//6983 6568//6568 6251//6251
f 6569//6569 6469//6469 6471//6471
f 7012//7012 5999//5999 6579//6579
f 6439//6439 6518//6518 6113//6113
f 6439//6439 6960//6960 6518//6518
f 6666//6666 5999//5999 7012//7012
f 6507//6507 6503//6503 6510//6510
f 6481//6481 6563//6563 6491//6491
f 6117//6117 6699//6699 6024//6024
f 6391//6391 6901//6901 5277//5277
f 6491//6491 6100//6100 6665//6665
f 5990//5990 6701//6701 6707//6707
f 6797//6797 6522//6522 6263//6263
f 6378//6378 6600//6600 6042//6042
f 6508//6508 6510//6510 6503//6503
f 6388//6388 6901//6901 6846//6846
f 5277//5277 6901//6901 6388//6388
f 7025//7025 6866//6866 6229//6229
f 6573//6573 6848//6848 5383//5383
f 6430//6430 6510//6510 6591//6591
f 6449//6449 6323//6323 6657//6657
f 6042//6042 6321//6321 6602//6602
f 6575//6575 6122//6122 6659//6659
f 6149//6149 6330//6330 6547//6547
f 6602//6602 6321//6321 6384//6384
f 6323//6323 5722//5722 5953//5953
f 6102//6102 6373//6373 6943//6943
f 7010//7010 6330//6330 6357//6357
f 6611//6611 6277//6277 6430//6430
f 6564//6564 6774//6774 6385//6385
f 6676//6676 6016//6016 7001//7001
f 6016//6016 6676//6676 6944//6944
f 6384//6384 6118//6118 6530//6530
f 6430//6430 6617//6617 6611//6611
f 6840//6840 6833//6833 6523//6523
f 6617//6617 6430//6430 6591//6591
f 6512//6512 6530//6530 6118//6118
f 6384//6384 6529//6529 6324//6324
f 6398//6398 6526//6526 6064//6064
f 6443//6443 6659//6659 6122//6122
f 6608//6608 6512//6512 6529//6529
f 6608//6608 6529//6529 6403//6403
f 5970//5970 6537//6537 6513//6513
f 5970//5970 6513//6513 6537//6537
f 6598//6598 5993//5993 6467//6467
f 6275//6275 6274//6274 6386//6386
f 7017//7017 6096//6096 6899//6899
f 7018//7018 6096//6096 7017//7017
f 6486//6486 6128//6128 6398//6398
f 6398//6398 6128//6128 6599//6599
f 6608//6608 6275//6275 6551//6551
f 6551//6551 6275//6275 6188//6188
f 6925//6925 6182//6182 6661//6661
f 6729//6729 6357//6357 6099//6099
f 6099//6099 6358//6358 6729//6729
f 6124//6124 6551//6551 6188//6188
f 6551//6551 6124//6124 6817//6817
f 6621//6621 6124//6124 6451//6451
f 6817//6817 6124//6124 6621//6621
f 6182//6182 7052//7052 5843//5843
f 6279//6279 6609//6609 6053//6053
f 6986//6986 6387//6387 6372//6372
f 6268//6268 6986//6986 6372//6372
f 6675//6675 6401//6401 6402//6402
f 6184//6184 7052//7052 6409//6409
f 6678//6678 6377//6377 7221//7221
f 6452//6452 6401//6401 6324//6324
f 6403//6403 6529//6529 6452//6452
f 6401//6401 6452//6452 6402//6402
f 6403//6403 6452//6452 6538//6538
f 6361//6361 6502//6502 6171//6171
f 6403//6403 6538//6538 6618//6618
f 6452//6452 6618//6618 6538//6538
f 6693//6693 5801//5801 6499//6499
f 6566//6566 6261//6261 6649//6649
f 6738//6738 6594//6594 6381//6381
f 5946//5946 6557//6557 6361//6361
f 6550//6550 6608//6608 6403//6403
f 5946//5946 6862//6862 6557//6557
f 5952//5952 6681//6681 6381//6381
f 6680//6680 6618//6618 6550//6550
f 6289//6289 6188//6188 6551//6551
f 6289//6289 6551//6551 6550//6550
f 6289//6289 6621//6621 6188//6188
f 6262//6262 6681//6681 5952//5952
f 6594//6594 6382//6382 6381//6381
f 6332//6332 6470//6470 6267//6267
f 6801//6801 6992//6992 5823//5823
f 6383//6383 6468//6468 6683//6683
f 6133//6133 6406//6406 6132//6132
f 6720//6720 6721//6721 6406//6406
f 6623//6623 6720//6720 6455//6455
f 6623//6623 6455//6455 6720//6720
f 6504//6504 6863//6863 6432//6432
f 6455//6455 6623//6623 6457//6457
f 6332//6332 6379//6379 6781//6781
f 5625//5625 6872//6872 5882//5882
f 5882//5882 6872//6872 6475//6475
f 6721//6721 6720//6720 6623//6623
f 6702//6702 6707//6707 6701//6701
f 6623//6623 6461//6461 6457//6457
f 6623//6623 6630//6630 6726//6726
f 6632//6632 6921//6921 6541//6541
f 6845//6845 5975//5975 6886//6886
f 5813//5813 6747//6747 6572//6572
f 6624//6624 6679//6679 6613//6613
f 6624//6624 6822//6822 6412//6412
f 6747//6747 6271//6271 6572//6572
f 6157//6157 6632//6632 7040//7040
f 6624//6624 6412//6412 6416//6416
f 6577//6577 6572//6572 6271//6271
f 7040//7040 6700//6700 6157//6157
f 6461//6461 6412//6412 6457//6457
f 6684//6684 6623//6623 6726//6726
f 6461//6461 6623//6623 6684//6684
f 6511//6511 6376//6376 6252//6252
f 6108//6108 6685//6685 5625//5625
f 6290//6290 6536//6536 6928//6928
f 6928//6928 6835//6835 6290//6290
f 6684//6684 6628//6628 6412//6412
f 6376//6376 6708//6708 6259//6259
f 6736//6736 6628//6628 6684//6684
f 6626//6626 6627//6627 6553//6553
f 6416//6416 6627//6627 6626//6626
f 6628//6628 6736//6736 6295//6295
f 6350//6350 6552//6552 6773//6773
f 6582//6582 6458//6458 6577//6577
f 6281//6281 5789//5789 6837//6837
f 6582//6582 6577//6577 6271//6271
f 6896//6896 6800//6800 6612//6612
f 5981//5981 6179//6179 6881//6881
f 6179//6179 6421//6421 6566//6566
f 6493//6493 5981//5981 6881//6881
f 6420//6420 6630//6630 6721//6721
f 6458//6458 6582//6582 5825//5825
f 6721//6721 6133//6133 6420//6420
f 6133//6133 6199//6199 6420//6420
f 6738//6738 6605//6605 6594//6594
f 6185//6185 6761//6761 6612//6612
f 6410//6410 7019//7019 6476//6476
f 6631//6631 6422//6422 6827//6827
f 6559//6559 6422//6422 6631//6631
f 6422//6422 6342//6342 6827//6827
f 6199//6199 6560//6560 6420//6420
f 6342//6342 6422//6422 6827//6827
f 6577//6577 6482//6482 6414//6414
f 6266//6266 6400//6400 6598//6598
f 6559//6559 6827//6827 6422//6422
f 6494//6494 6426//6426 6580//6580
f 6559//6559 6560//6560 6780//6780
f 6458//6458 6482//6482 6577//6577
f 6261//6261 6566//6566 6421//6421
f 6749//6749 6595//6595 6433//6433
f 6143//6143 6494//6494 6580//6580
f 6519//6519 6442//6442 6249//6249
f 6819//6819 6806//6806 6616//6616
f 6143//6143 6580//6580 6425//6425
f 6731//6731 6343//6343 6560//6560
f 6343//6343 6731//6731 6495//6495
f 6616//6616 6806//6806 6408//6408
f 6825//6825 6295//6295 6736//6736
f 5959//5959 6256//6256 6927//6927
f 6607//6607 5963//5963 6615//6615
f 6607//6607 6539//6539 5963//5963
f 6294//6294 6423//6423 6347//6347
f 6346//6346 6294//6294 6347//6347
f 6374//6374 6644//6644 6375//6375
f 6375//6375 6644//6644 6985//6985
f 6985//6985 6644//6644 6174//6174
f 6174//6174 6644//6644 6374//6374
f 6374//6374 6375//6375 6375//6375
f 6438//6438 6645//6645 6985//6985
f 6985//6985 6645//6645 6375//6375
f 6375//6375 6645//6645 6375//6375
f 6375//6375 6645//6645 6438//6438
f 6619//6619 6810//6810 6434//6434
f 6414//6414 6482//6482 6590//6590
f 7124//7124 6869//6869 5969//5969
f 6201//6201 6633//6633 6343//6343
f 5969//5969 6583//6583 7124//7124
f 6985//6985 6561//6561 6438//6438
f 6810//6810 6392//6392 6434//6434
f 6737//6737 6399//6399 6209//6209
f 6700//6700 6853//6853 5950//5950
f 6810//6810 6746//6746 6109//6109
f 6687//6687 6633//6633 6201//6201
f 6838//6838 6380//6380 6189//6189
f 6250//6250 5780//5780 6255//6255
f 6119//6119 6614//6614 6480//6480
f 6825//6825 6788//6788 6634//6634
f 6826//6826 6439//6439 6113//6113
f 6278//6278 6892//6892 7197//7197
f 6831//6831 6424//6424 6497//6497
f 6310//6310 5818//5818 6941//6941
f 6424//6424 6831//6831 6832//6832
f 6497//6497 6424//6424 6832//6832
f 6349//6349 6296//6296 6843//6843
f 6687//6687 6349//6349 6635//6635
f 6349//6349 6427//6427 6296//6296
f 6296//6296 6427//6427 6843//6843
f 6941//6941 5818//5818 6942//6942
f 6160//6160 6161//6161 6641//6641
f 6404//6404 6658//6658 6192//6192
f 6658//6658 6404//6404 6603//6603
f 6635//6635 6296//6296 6428//6428
f 6296//6296 6498//6498 6428//6428
f 6581//6581 6768//6768 5384//5384
f 6601//6601 6603//6603 6404//6404
f 6484//6484 6641//6641 6705//6705
f 6525//6525 6380//6380 6838//6838
f 6428//6428 6689//6689 6742//6742
f 6488//6488 6487//6487 6590//6590
f 6603//6603 6601//6601 6931//6931
f 6744//6744 6634//6634 6743//6743
f 6211//6211 6747//6747 5813//5813
f 6390//6390 6660//6660 6284//6284
f 6482//6482 5828//5828 6590//6590
f 6705//6705 6643//6643 6854//6854
f 6299//6299 6590//6590 5828//5828
f 6120//6120 6709//6709 6933//6933
f 6643//6643 6302//6302 6303//6303
f 6590//6590 6299//6299 6488//6488
f 6643//6643 6303//6303 6710//6710
f 6360//6360 6429//6429 6689//6689
f 6488//6488 6299//6299 6285//6285
f 6303//6303 6711//6711 6710//6710
f 6747//6747 6748//6748 6570//6570
f 6501//6501 6147//6147 6689//6689
f 6147//6147 6562//6562 6689//6689
f 6305//6305 6803//6803 6713//6713
f 6637//6637 6937//6937 5600//5600
f 6803//6803 6305//6305 6253//6253
f 6488//6488 6604//6604 6407//6407
f 6285//6285 6604//6604 6488//6488
f 6298//6298 6213//6213 6690//6690
f 6562//6562 5927//5927 6690//6690
f 6835//6835 6893//6893 6333//6333
f 6466//6466 5852//5852 6555//6555
f 6298//6298 6690//6690 5927//5927
f 6893//6893 6126//6126 6333//6333
f 5991//5991 7039//7039 7038//7038
f 6531//6531 7039//7039 5991//5991
f 6638//6638 6472//6472 6639//6639
f 6620//6620 6611//6611 6617//6617
f 6611//6611 6620//6620 6277//6277
f 6584//6584 6585//6585 6456//6456
f 6340//6340 6514//6514 6462//6462
f 6106//6106 6547//6547 6545//6545
f 6104//6104 5949//5949 6712//6712
f 6446//6446 6620//6620 6450//6450
f 6453//6453 6620//6620 6617//6617
f 6450//6450 6620//6620 6453//6453
f 6426//6426 6578//6578 6580//6580
f 6348//6348 6589//6589 6001//6001
f 6454//6454 6365//6365 6651//6651
f 6587//6587 6589//6589 6348//6348
f 6365//6365 6028//6028 6651//6651
f 6580//6580 6578//6578 6425//6425
f 6715//6715 6029//6029 6542//6542
f 6473//6473 6214//6214 6880//6880
f 6588//6588 6478//6478 6425//6425
f 6032//6032 6953//6953 6753//6753
f 6751//6751 6254//6254 6440//6440
f 6750//6750 6751//6751 6440//6440
f 6548//6548 6481//6481 6491//6491
f 6425//6425 6578//6578 6588//6588
f 6578//6578 6485//6485 6588//6588
f 6519//6519 6642//6642 6755//6755
f 6254//6254 6808//6808 6131//6131
f 6717//6717 6131//6131 6808//6808
f 6478//6478 6588//6588 6610//6610
f 6610//6610 6588//6588 6597//6597
f 6314//6314 7027//7027 6315//6315
f 6316//6316 6315//6315 7027//7027
f 6316//6316 6836//6836 6393//6393
f 6610//6610 6597//6597 6625//6625
f 6836//6836 6766//6766 5872//5872
f 6597//6597 6156//6156 6625//6625
f 5938//5938 6625//6625 6156//6156
f 6008//6008 6610//6610 6734//6734
f 6317//6317 7282//7282 5998//5998
f 6956//6956 7282//7282 6317//6317
f 5998//5998 7282//7282 6397//6397
f 6490//6490 5998//5998 6397//6397
f 5938//5938 6629//6629 6625//6625
f 6734//6734 6735//6735 5954//5954
f 5852//5852 6756//6756 6555//6555
f 6703//6703 6756//6756 5852//5852
f 6646//6646 7071//7071 5768//5768
f 6395//6395 6394//6394 6396//6396
f 6668//6668 6865//6865 6256//6256
f 6871//6871 7071//7071 6646//6646
f 6703//6703 6569//6569 6998//6998
f 6515//6515 6983//6983 6251//6251
f 6257//6257 6596//6596 6668//6668
f 6516//6516 6469//6469 6703//6703
f 6983//6983 6984//6984 6568//6568
f 6960//6960 6439//6439 6648//6648
f 6569//6569 6471//6471 6878//6878
f 6596//6596 6669//6669 6668//6668
f 6320//6320 6878//6878 6471//6471
f 6596//6596 6600//6600 6669//6669
f 6139//6139 5988//5988 6697//6697
f 6544//6544 6704//6704 6797//6797
f 6115//6115 6568//6568 6887//6887
f 6652//6652 6583//6583 5971//5971
f 6600//6600 6378//6378 6669//6669
f 6115//6115 6887//6887 6443//6443
f 6719//6719 6522//6522 6797//6797
f 6697//6697 5988//5988 6653//6653
f 6470//6470 6332//6332 7033//7033
f 6646//6646 6436//6436 6867//6867
f 6718//6718 6719//6719 6797//6797
f 6867//6867 6436//6436 6869//6869
f 6522//6522 6719//6719 6718//6718
f 6926//6926 6332//6332 6781//6781
f 6852//6852 6576//6576 6574//6574
f 6819//6819 6522//6522 6718//6718
f 6524//6524 6672//6672 5967//5967
f 6571//6571 6024//6024 6699//6699
f 6378//6378 6042//6042 6673//6673
f 6673//6673 6042//6042 6602//6602
f 6509//6509 6653//6653 6077//6077
f 6576//6576 6852//6852 6702//6702
f 6616//6616 6522//6522 6819//6819
f 6809//6809 6527//6527 6674//6674
f 6824//6824 6313//6313 6783//6783
f 6522//6522 6616//6616 6264//6264
f 6265//6265 6264//6264 6616//6616
f 6699//6699 6117//6117 5900//5900
f 6576//6576 6702//6702 6701//6701
f 5900//5900 6447//6447 6656//6656
f 6809//6809 6602//6602 6384//6384
f 7040//7040 6632//6632 6541//6541
f 6313//6313 6824//6824 6823//6823
f 6728//6728 6886//6886 6477//6477
f 5967//5967 6672//6672 6675//6675
f 6700//6700 6851//6851 6157//6157
f 6384//6384 6530//6530 6529//6529
f 6657//6657 6323//6323 5953//5953
f 6608//6608 6530//6530 6512//6512
f 6398//6398 6655//6655 6526//6526
f 6707//6707 6708//6708 6511//6511
f 6853//6853 6704//6704 6544//6544
f 6675//6675 6324//6324 6401//6401
f 6677//6677 6529//6529 6530//6530
f 6452//6452 6529//6529 6677//6677
f 6538//6538 6452//6452 6677//6677
f 6452//6452 6538//6538 6402//6402
f 6402//6402 6538//6538 6613//6613
f 6762//6762 6613//6613 6538//6538
f 6708//6708 6707//6707 6556//6556
f 6526//6526 6655//6655 6769//6769
f 6435//6435 6556//6556 6707//6707
f 6821//6821 6613//6613 6762//6762
f 6933//6933 6528//6528 6120//6120
f 6624//6624 6613//6613 6679//6679
f 6655//6655 6398//6398 6599//6599
f 6484//6484 6705//6705 7079//7079
f 6919//6919 6608//6608 6551//6551
f 6509//6509 6435//6435 6702//6702
f 6817//6817 6680//6680 6551//6551
f 6551//6551 6680//6680 6919//6919
f 6618//6618 6680//6680 6550//6550
f 6706//6706 7079//7079 6705//6705
f 6599//6599 6128//6128 6733//6733
f 6705//6705 6854//6854 6706//6706
f 6762//6762 6816//6816 6821//6821
f 6415//6415 6818//6818 6532//6532
f 6621//6621 6682//6682 6817//6817
f 6406//6406 6133//6133 6720//6720
f 6856//6856 6854//6854 6643//6643
f 6710//6710 6856//6856 6643//6643
f 6621//6621 6289//6289 6457//6457
f 6621//6621 6457//6457 6682//6682
f 6259//6259 6708//6708 6556//6556
f 6457//6457 6623//6623 6682//6682
f 6682//6682 6623//6623 6720//6720
f 6290//6290 6835//6835 6333//6333
f 6457//6457 6922//6922 6623//6623
f 6721//6721 6623//6623 6922//6922
f 6283//6283 7023//7023 6535//6535
f 6624//6624 6613//6613 6821//6821
f 6822//6822 6624//6624 6821//6821
f 6822//6822 6821//6821 6816//6816
f 6764//6764 6822//6822 6816//6816
f 6511//6511 6708//6708 6376//6376
f 6412//6412 6822//6822 6764//6764
f 6710//6710 6711//6711 6713//6713
f 6626//6626 6553//6553 6416//6416
f 6565//6565 6535//6535 7050//7050
f 6713//6713 6711//6711 6305//6305
f 7050//7050 6567//6567 6565//6565
f 6457//6457 6412//6412 6922//6922
f 6684//6684 6412//6412 6461//6461
f 6271//6271 6747//6747 6570//6570
f 6712//6712 7082//7082 6104//6104
f 5993//5993 6598//6598 6739//6739
f 6736//6736 6684//6684 6870//6870
f 6976//6976 6775//6775 6419//6419
f 6558//6558 5993//5993 6739//6739
f 6963//6963 6849//6849 6800//6800
f 6721//6721 6720//6720 6133//6133
f 6631//6631 6726//6726 6630//6630
f 6874//6874 6258//6258 6442//6442
f 6726//6726 6631//6631 6778//6778
f 6940//6940 6953//6953 6715//6715
f 6938//6938 6722//6722 6258//6258
f 6870//6870 6684//6684 6778//6778
f 6722//6722 6938//6938 6723//6723
f 6631//6631 6870//6870 6778//6778
f 6870//6870 6631//6631 6827//6827
f 6420//6420 6559//6559 6631//6631
f 6560//6560 6559//6559 6420//6420
f 6442//6442 6519//6519 6874//6874
f 6732//6732 6870//6870 6827//6827
f 6612//6612 6758//6758 6896//6896
f 6491//6491 6665//6665 6667//6667
f 6560//6560 6343//6343 6780//6780
f 6559//6559 6732//6732 6827//6827
f 6559//6559 6780//6780 6732//6732
f 6560//6560 6495//6495 6731//6731
f 6464//6464 6803//6803 6253//6253
f 6651//6651 6650//6650 6454//6454
f 6916//6916 6642//6642 6647//6647
f 5768//5768 7071//7071 6828//6828
f 6870//6870 6732//6732 6736//6736
f 6642//6642 6916//6916 6755//6755
f 6732//6732 6780//6780 6633//6633
f 6830//6830 6185//6185 5994//5994
f 6736//6736 6633//6633 6686//6686
f 6732//6732 6633//6633 6736//6736
f 6727//6727 6879//6879 6261//6261
f 6736//6736 6787//6787 6825//6825
f 6879//6879 6649//6649 6261//6261
f 6780//6780 6343//6343 6633//6633
f 6941//6941 6727//6727 6310//6310
f 6610//6610 6625//6625 6735//6735
f 6409//6409 6415//6415 6184//6184
f 6521//6521 6989//6989 6373//6373
f 6725//6725 6521//6521 6373//6373
f 6625//6625 6629//6629 6735//6735
f 5818//5818 6768//6768 6942//6942
f 6610//6610 6735//6735 6734//6734
f 6622//6622 6746//6746 6980//6980
f 6807//6807 6555//6555 6756//6756
f 6525//6525 6838//6838 6883//6883
f 6394//6394 6622//6622 6771//6771
f 6558//6558 6739//6739 6737//6737
f 6390//6390 6841//6841 6660//6660
f 6523//6523 6970//6970 6840//6840
f 6016//6016 6840//6840 7001//7001
f 6947//6947 6592//6592 6664//6664
f 6592//6592 6948//6948 6552//6552
f 6724//6724 6825//6825 6787//6787
f 6788//6788 6825//6825 6787//6787
f 6605//6605 6738//6738 6967//6967
f 6787//6787 6785//6785 6788//6788
f 6281//6281 6837//6837 6417//6417
f 6788//6788 6785//6785 6831//6831
f 6634//6634 6788//6788 6831//6831
f 6633//6633 6785//6785 6686//6686
f 6785//6785 6633//6633 6791//6791
f 6687//6687 6791//6791 6633//6633
f 6785//6785 6791//6791 6831//6831
f 6349//6349 6843//6843 6687//6687
f 6687//6687 6635//6635 6349//6349
f 6427//6427 6349//6349 6635//6635
f 6737//6737 6739//6739 6399//6399
f 6475//6475 6872//6872 6770//6770
f 6427//6427 6635//6635 6843//6843
f 6740//6740 6635//6635 6428//6428
f 6685//6685 6745//6745 5625//5625
f 6739//6739 6598//6598 6400//6400
f 6419//6419 6917//6917 6108//6108
f 6636//6636 6744//6744 6634//6634
f 6739//6739 6400//6400 6741//6741
f 6634//6634 6831//6831 6636//6636
f 6475//6475 6996//6996 6383//6383
f 6741//6741 6400//6400 6748//6748
f 6497//6497 6832//6832 6831//6831
f 6831//6831 6832//6832 6636//6636
f 6636//6636 6832//6832 6688//6688
f 6739//6739 6741//6741 6399//6399
f 6637//6637 6636//6636 6688//6688
f 6688//6688 6740//6740 6637//6637
f 6937//6937 6637//6637 6740//6740
f 6741//6741 6211//6211 6399//6399
f 6278//6278 7197//7197 6546//6546
f 6847//6847 6689//6689 6562//6562
f 5600//5600 6937//6937 6847//6847
f 6847//6847 6562//6562 6690//6690
f 6690//6690 6213//6213 6847//6847
f 6741//6741 6748//6748 6211//6211
f 7105//7105 6539//6539 6607//6607
f 6607//6607 6329//6329 6973//6973
f 6934//6934 6973//6973 6329//6329
f 6211//6211 6748//6748 6747//6747
f 6614//6614 6119//6119 6476//6476
f 6752//6752 6278//6278 6546//6546
f 5383//5383 5811//5811 6573//6573
f 6280//6280 6752//6752 6860//6860
f 7023//7023 6784//6784 6535//6535
f 6850//6850 6848//6848 5812//5812
f 7047//7047 7023//7023 6539//6539
f 7023//7023 6283//6283 6539//6539
f 6268//6268 6855//6855 6911//6911
f 6693//6693 6499//6499 6875//6875
f 6499//6499 6857//6857 6859//6859
f 6545//6545 6547//6547 6694//6694
f 6776//6776 6957//6957 6459//6459
f 6760//6760 7027//7027 6314//6314
f 6660//6660 6844//6844 6284//6284
f 6662//6662 6844//6844 7075//7075
f 6662//6662 6534//6534 6844//6844
f 6490//6490 7157//7157 6219//6219
f 5991//5991 7078//7078 6581//6581
f 7038//7038 7078//7078 5991//5991
f 6586//6586 6531//6531 6336//6336
f 6584//6584 6534//6534 6662//6662
f 6777//6777 7008//7008 5552//5552
f 5552//5552 7008//7008 6579//6579
f 7043//7043 6462//6462 6514//6514
f 6540//6540 6473//6473 7002//7002
f 7002//7002 6473//6473 6880//6880
f 7010//7010 6357//6357 6729//6729
f 6866//6866 7162//7162 6229//6229
f 6229//6229 7162//7162 6549//6549
f 6898//6898 6549//6549 6716//6716
f 6358//6358 6554//6554 6729//6729
f 6861//6861 6554//6554 6730//6730
f 6861//6861 6502//6502 6361//6361
f 6557//6557 6862//6862 6361//6361
f 6890//6890 6506//6506 6796//6796
f 6254//6254 6751//6751 6802//6802
f 6808//6808 6254//6254 6802//6802
f 7084//7084 6691//6691 6504//6504
f 6766//6766 6317//6317 5872//5872
f 6432//6432 6798//6798 6174//6174
f 6864//6864 6595//6595 6749//6749
f 6927//6927 6692//6692 6433//6433
f 6927//6927 6256//6256 6865//6865
f 6561//6561 6985//6985 6929//6929
f 6871//6871 6646//6646 6867//6867
f 6713//6713 7054//7054 6710//6710
f 7010//7010 6729//6729 7089//7089
f 6915//6915 6668//6668 6669//6669
f 6830//6830 6761//6761 6185//6185
f 7162//7162 6716//6716 6549//6549
f 6301//6301 6801//6801 5823//5823
f 6713//6713 6803//6803 6907//6907
f 6801//6801 6301//6301 7143//7143
f 6619//6619 6806//6806 6765//6765
f 6750//6750 7035//7035 6751//6751
f 6869//6869 7124//7124 6952//6952
f 7055//7055 6810//6810 6619//6619
f 6802//6802 6751//6751 7035//7035
f 6918//6918 6808//6808 6802//6802
f 6900//6900 6301//6301 6543//6543
f 6650//6650 6811//6811 6454//6454
f 6454//6454 6811//6811 5803//5803
f 6543//6543 6545//6545 6900//6900
f 6808//6808 6757//6757 6717//6717
f 6907//6907 6803//6803 6804//6804
f 6757//6757 6808//6808 6918//6918
f 6811//6811 6564//6564 5803//5803
f 7141//7141 6545//6545 6954//6954
f 6807//6807 6803//6803 6464//6464
f 6807//6807 6804//6804 6803//6803
f 6717//6717 6757//6757 6814//6814
f 6771//6771 6622//6622 7123//7123
f 6811//6811 6901//6901 6564//6564
f 6717//6717 6813//6813 6647//6647
f 6717//6717 6814//6814 6813//6813
f 6882//6882 6394//6394 6771//6771
f 6807//6807 6756//6756 6805//6805
f 6396//6396 6394//6394 6882//6882
f 6774//6774 6901//6901 6391//6391
f 6396//6396 6882//6882 6515//6515
f 7086//7086 6813//6813 6814//6814
f 6998//6998 6756//6756 6703//6703
f 6757//6757 7086//7086 6814//6814
f 6861//6861 6730//6730 6502//6502
f 6846//6846 6978//6978 6388//6388
f 6314//6314 6459//6459 6760//6760
f 6388//6388 6978//6978 6850//6850
f 6361//6361 6905//6905 6861//6861
f 6569//6569 6703//6703 6469//6469
f 6984//6984 7201//7201 6568//6568
f 6790//6790 6966//6966 6912//6912
f 6790//6790 6912//6912 7018//7018
f 6799//6799 6990//6990 6698//6698
f 7069//7069 6443//6443 6887//6887
f 6990//6990 6915//6915 6698//6698
f 6878//6878 6815//6815 6569//6569
f 6571//6571 6779//6779 6320//6320
f 6779//6779 6878//6878 6320//6320
f 6862//6862 7022//7022 6361//6361
f 6378//6378 6673//6673 6669//6669
f 6763//6763 6874//6874 6519//6519
f 6755//6755 6763//6763 6519//6519
f 6766//6766 6956//6956 6317//6317
f 5900//5900 6656//6656 6699//6699
f 6759//6759 6818//6818 6415//6415
f 6656//6656 6447//6447 7081//7081
f 6674//6674 6527//6527 6809//6809
f 6938//6938 7009//7009 6723//6723
f 6864//6864 6796//6796 6506//6506
f 6809//6809 6674//6674 6602//6602
f 7282//7282 6956//6956 7186//7186
f 6447//6447 6449//6449 7081//7081
f 7124//7124 6583//6583 6652//6652
f 6532//6532 6818//6818 6664//6664
f 6761//6761 6758//6758 6612//6612
f 6728//6728 6526//6526 6769//6769
f 6723//6723 6654//6654 6189//6189
f 6911//6911 6986//6986 6268//6268
f 6838//6838 6189//6189 6654//6654
f 6818//6818 6947//6947 6664//6664
f 6255//6255 7000//7000 6250//6250
f 7000//7000 6255//6255 6518//6518
f 6946//6946 6693//6693 7255//7255
f 6947//6947 6948//6948 6592//6592
f 6941//6941 6879//6879 6727//6727
f 6693//6693 6875//6875 7255//7255
f 6826//6826 6648//6648 6439//6439
f 6479//6479 6830//6830 5994//5994
f 6728//6728 6769//6769 6886//6886
f 6992//6992 6859//6859 6857//6857
f 6842//6842 6655//6655 6733//6733
f 6662//6662 6531//6531 6586//6586
f 7063//7063 6904//6904 6826//6826
f 6417//6417 6948//6948 6479//6479
f 6584//6584 6662//6662 6585//6585
f 6599//6599 6733//6733 6655//6655
f 6383//6383 6996//6996 6468//6468
f 6462//6462 7043//7043 7122//7122
f 6883//6883 6841//6841 6525//6525
f 6672//6672 6812//6812 6675//6675
f 6809//6809 6812//6812 6672//6672
f 6886//6886 7125//7125 6845//6845
f 6812//6812 6809//6809 6384//6384
f 6872//6872 5625//5625 6745//6745
f 6384//6384 6324//6324 6812//6812
f 6660//6660 6841//6841 6883//6883
f 6826//6826 6658//6658 6793//6793
f 6397//6397 7056//7056 6490//6490
f 6417//6417 6837//6837 6948//6948
f 7056//7056 7157//7157 6490//6490
f 6658//6658 6603//6603 7007//7007
f 6919//6919 6677//6677 6530//6530
f 6608//6608 6919//6919 6530//6530
f 6108//6108 6917//6917 6685//6685
f 7032//7032 6917//6917 6419//6419
f 6677//6677 6919//6919 6538//6538
f 6775//6775 7032//7032 6419//6419
f 6292//6292 6671//6671 7185//7185
f 6996//6996 6475//6475 6770//6770
f 6842//6842 6733//6733 6606//6606
f 6821//6821 6762//6762 6993//6993
f 6849//6849 6842//6842 6606//6606
f 6587//6587 6292//6292 7185//7185
f 6762//6762 6538//6538 6919//6919
f 6773//6773 6552//6552 6772//6772
f 6919//6919 6680//6680 6816//6816
f 7157//7157 7265//7265 6219//6219
f 6585//6585 6662//6662 6586//6586
f 6139//6139 6772//6772 6837//6837
f 6659//6659 7003//7003 6575//6575
f 6579//6579 7008//7008 7012//7012
f 6817//6817 6682//6682 6922//6922
f 6721//6721 6682//6682 6720//6720
f 5830//5830 6575//6575 6839//6839
f 6721//6721 6922//6922 6682//6682
f 5830//5830 6839//6839 5953//5953
f 6786//6786 5420//5420 7122//7122
f 6443//6443 7069//7069 6659//6659
f 6773//6773 6139//6139 6697//6697
f 6269//6269 7070//7070 6696//6696
f 6922//6922 6412//6412 6764//6764
f 6794//6794 6603//6603 6931//6931
f 6924//6924 6684//6684 6726//6726
f 6670//6670 6696//6696 6949//6949
f 6773//6773 6697//6697 6574//6574
f 6923//6923 6684//6684 6924//6924
f 6778//6778 6684//6684 6923//6923
f 6574//6574 6697//6697 6852//6852
f 6663//6663 6820//6820 6002//6002
f 6514//6514 6820//6820 6910//6910
f 6870//6870 6827//6827 6778//6778
f 6653//6653 6852//6852 6697//6697
f 6893//6893 7014//7014 6413//6413
f 6828//6828 6979//6979 6665//6665
f 6665//6665 6979//6979 7108//7108
f 6472//6472 6795//6795 6639//6639
f 6472//6472 6589//6589 6795//6795
f 6897//6897 6639//6639 6795//6795
f 6736//6736 6829//6829 6787//6787
f 6932//6932 6732//6732 6829//6829
f 6547//6547 6330//6330 6955//6955
f 6979//6979 6828//6828 6891//6891
f 6712//6712 6639//6639 7082//7082
f 7221//7221 6944//6944 7117//7117
f 6724//6724 6787//6787 6825//6825
f 6104//6104 6951//6951 6542//6542
f 7221//7221 6892//6892 6678//6678
f 6509//6509 6852//6852 6653//6653
f 6798//6798 6985//6985 6174//6174
f 7030//7030 6951//6951 6104//6104
f 6791//6791 6785//6785 6788//6788
f 6686//6686 6785//6785 6791//6791
f 6982//6982 6715//6715 6542//6542
f 6509//6509 6702//6702 6852//6852
f 6687//6687 6789//6789 6791//6791
f 6832//6832 6831//6831 6791//6791
f 6702//6702 6435//6435 6707//6707
f 6789//6789 6832//6832 6791//6791
f 6692//6692 6749//6749 6433//6433
f 6688//6688 6832//6832 6789//6789
f 6688//6688 6789//6789 6740//6740
f 6520//6520 6605//6605 6994//6994
f 6687//6687 6843//6843 6792//6792
f 6725//6725 6520//6520 6834//6834
f 6843//6843 6635//6635 6936//6936
f 6989//6989 6943//6943 6373//6373
f 6635//6635 6740//6740 6936//6936
f 6789//6789 6936//6936 6740//6740
f 6428//6428 6742//6742 6740//6740
f 6743//6743 6634//6634 6744//6744
f 6937//6937 6740//6740 6742//6742
f 6689//6689 6937//6937 6742//6742
f 6937//6937 6689//6689 6847//6847
f 7050//7050 6767//6767 6567//6567
f 6767//6767 6536//6536 6567//6567
f 7146//7146 7019//7019 6410//6410
f 6607//6607 6973//6973 7042//7042
f 7047//7047 6539//6539 7105//7105
f 6607//6607 7042//7042 7105//7105
f 6934//6934 6480//6480 6614//6614
f 6546//6546 6858//6858 6752//6752
f 6858//6858 6860//6860 6752//6752
f 6151//6151 7029//7029 6593//6593
f 6410//6410 6782//6782 7146//7146
f 7050//7050 6535//6535 6784//6784
f 6561//6561 6929//6929 6517//6517
f 6332//6332 6926//6926 6964//6964
f 6246//6246 6640//6640 6379//6379
f 6379//6379 6640//6640 7072//7072
f 6332//6332 6964//6964 7033//7033
f 6921//6921 7128//7128 6541//6541
f 6541//6541 7128//7128 7040//7040
f 6710//6710 6903//6903 6856//6856
f 6903//6903 6710//6710 7054//7054
f 6589//6589 7041//7041 6971//6971
f 6589//6589 6971//6971 6795//6795
f 7010//7010 6955//6955 6330//6330
f 7010//7010 7206//7206 6955//6955
f 6668//6668 6799//6799 6517//6517
f 7041//7041 6589//6589 6587//6587
f 6651//6651 6977//6977 6650//6650
f 6906//6906 7054//7054 6713//6713
f 6729//6729 7020//7020 7089//7089
f 6906//6906 6713//6713 6907//6907
f 6668//6668 6990//6990 6799//6799
f 6907//6907 6804//6804 6974//6974
f 6651//6651 6848//6848 6978//6978
f 6805//6805 6804//6804 6807//6807
f 6848//6848 6850//6850 6978//6978
f 6884//6884 7143//7143 6301//6301
f 6673//6673 6915//6915 6669//6669
f 6898//6898 7076//7076 6876//6876
f 6765//6765 7015//7015 6619//6619
f 6673//6673 6524//6524 6915//6915
f 6754//6754 7035//7035 6750//6750
f 6915//6915 6524//6524 6698//6698
f 7055//7055 6619//6619 7149//7149
f 7092//7092 6899//6899 6876//6876
f 7099//7099 6753//6753 6953//6953
f 6846//6846 6811//6811 6650//6650
f 6301//6301 6900//6900 7060//7060
f 6846//6846 6901//6901 6811//6811
f 6673//6673 6809//6809 6524//6524
f 6753//6753 7099//7099 6750//6750
f 6750//6750 7099//7099 6754//6754
f 7119//7119 6810//6810 7055//7055
f 7017//7017 6899//6899 7092//7092
f 6564//6564 6901//6901 6774//6774
f 7141//7141 6900//6900 6545//6545
f 6694//6694 6954//6954 6545//6545
f 6805//6805 6756//6756 6913//6913
f 6674//6674 6673//6673 6602//6602
f 6809//6809 6673//6673 6674//6674
f 6746//6746 6810//6810 7119//7119
f 6524//6524 6809//6809 6672//6672
f 5971//5971 6823//6823 6873//6873
f 6459//6459 6957//6957 7057//7057
f 6971//6971 6897//6897 6795//6795
f 6675//6675 6812//6812 6324//6324
f 6998//6998 6913//6913 6756//6756
f 6802//6802 7035//7035 6918//6918
f 6920//6920 6762//6762 6919//6919
f 6846//6846 6977//6977 6978//6978
f 6554//6554 7020//7020 6729//6729
f 6993//6993 6762//6762 6920//6920
f 6861//6861 7020//7020 6554//6554
f 7020//7020 6861//6861 7021//7021
f 6815//6815 6998//6998 6569//6569
f 6878//6878 6779//6779 6902//6902
f 6757//6757 6918//6918 7188//7188
f 6920//6920 6919//6919 6816//6816
f 6776//6776 6371//6371 6958//6958
f 6587//6587 7044//7044 7041//7041
f 6905//6905 7021//7021 6861//6861
f 6776//6776 6958//6958 6957//6957
f 6920//6920 6816//6816 6762//6762
f 6981//6981 6958//6958 6371//6371
f 6762//6762 6821//6821 6920//6920
f 6905//6905 7097//7097 7021//7021
f 7152//7152 6881//6881 6179//6179
f 6817//6817 6816//6816 6680//6680
f 7022//7022 6905//6905 6361//6361
f 6882//6882 7094//7094 6515//6515
f 6922//6922 6816//6816 6817//6817
f 6922//6922 6764//6764 6816//6816
f 6813//6813 7086//7086 7158//7158
f 6819//6819 6718//6718 7218//7218
f 7185//7185 6671//6671 6540//6540
f 6821//6821 6993//6993 6920//6920
f 6981//6981 6714//6714 6908//6908
f 6593//6593 7029//7029 6894//6894
f 6908//6908 6714//6714 6148//6148
f 6983//6983 6515//6515 6885//6885
f 7029//7029 6151//6151 7155//7155
f 6726//6726 6923//6923 6924//6924
f 6387//6387 6908//6908 6148//6148
f 6819//6819 7218//7218 6806//6806
f 6965//6965 6916//6916 6647//6647
f 6813//6813 6965//6965 6647//6647
f 6921//6921 6095//6095 6695//6695
f 6568//6568 7201//7201 7069//7069
f 6695//6695 6894//6894 7024//7024
f 6769//6769 6655//6655 6842//6842
f 7024//7024 6894//6894 7029//7029
f 7069//7069 6887//6887 6568//6568
f 6778//6778 6923//6923 6726//6726
f 6827//6827 6870//6870 6778//6778
f 6786//6786 6880//6880 5420//5420
f 6470//6470 7209//7209 6151//6151
f 6732//6732 6932//6932 6829//6829
f 7229//7229 7122//7122 7043//7043
f 6571//6571 6987//6987 6779//6779
f 6886//6886 6769//6769 6930//6930
f 6566//6566 6935//6935 6179//6179
f 6911//6911 6855//6855 6946//6946
f 6987//6987 6571//6571 6699//6699
f 6935//6935 6566//6566 6649//6649
f 7084//7084 6912//6912 6966//6966
f 7255//7255 7190//7190 6946//6946
f 6686//6686 6829//6829 6736//6736
f 6874//6874 6938//6938 6258//6258
f 6787//6787 6686//6686 6785//6785
f 6829//6829 6686//6686 6787//6787
f 6968//6968 7255//7255 6875//6875
f 6926//6926 6781//6781 6964//6964
f 7022//7022 6862//6862 6914//6914
f 6785//6785 6791//6791 6788//6788
f 6791//6791 6785//6785 6686//6686
f 6449//6449 6657//6657 6991//6991
f 6910//6910 6909//6909 6514//6514
f 6968//6968 6875//6875 6499//6499
f 6687//6687 6792//6792 6789//6789
f 6792//6792 6936//6936 6789//6789
f 6514//6514 6909//6909 7043//7043
f 6499//6499 6859//6859 6968//6968
f 6936//6936 6792//6792 6843//6843
f 6995//6995 6657//6657 6839//6839
f 6533//6533 6845//6845 7132//7132
f 6909//6909 6910//6910 7043//7043
f 7128//7128 7174//7174 7040//7040
f 6938//6938 7116//7116 7009//7009
f 7003//7003 6995//6995 6575//6575
f 6691//6691 7135//7135 6504//6504
f 6995//6995 6839//6839 6575//6575
f 6504//6504 7135//7135 6863//6863
f 6661//6661 6286//6286 6959//6959
f 6352//6352 6889//6889 6663//6663
f 6657//6657 5953//5953 6839//6839
f 7262//7262 6352//6352 6548//6548
f 6863//6863 7085//7085 6432//6432
f 7085//7085 6798//6798 6432//6432
f 6896//6896 6758//6758 6759//6759
f 6759//6759 6758//6758 6818//6818
f 6925//6925 7052//7052 6182//6182
f 6381//6381 6972//6972 6738//6738
f 7006//7006 6262//6262 6683//6683
f 6692//6692 6927//6927 6865//6865
f 6865//6865 6929//6929 6692//6692
f 6929//6929 6865//6865 6517//6517
f 7163//7163 6660//6660 6883//6883
f 6660//6660 7163//7163 6945//6945
f 6517//6517 6865//6865 6668//6668
f 6945//6945 7073//7073 6660//6660
f 6660//6660 7073//7073 6844//6844
f 7075//7075 6844//6844 7073//7073
f 6761//6761 6818//6818 6758//6758
f 7262//7262 6889//6889 6352//6352
f 7254//7254 6853//6853 6700//6700
f 6842//6842 6849//6849 7005//7005
f 6947//6947 6818//6818 6761//6761
f 6761//6761 6830//6830 6947//6947
f 6665//6665 7341//7341 6667//6667
f 6491//6491 6667//6667 7107//7107
f 6917//6917 7032//7032 6685//6685
f 6800//6800 7147//7147 6963//6963
f 6871//6871 7036//7036 7071//7071
f 6640//6640 6484//6484 7072//7072
f 7072//7072 6484//6484 7079//7079
f 6858//6858 7197//7197 7037//7037
f 6858//6858 6546//6546 7197//7197
f 6860//6860 6858//6858 6782//6782
f 6895//6895 7079//7079 6706//6706
f 7140//7140 6856//6856 6903//6903
f 7048//7048 7023//7023 7047//7047
f 6994//6994 6605//6605 6967//6967
f 6994//6994 6834//6834 6520//6520
f 6725//6725 6834//6834 6521//6521
f 6840//6840 6970//6970 7001//7001
f 7074//7074 6944//6944 6676//6676
f 6947//6947 6830//6830 6948//6948
f 6948//6948 6830//6830 6479//6479
f 6552//6552 6948//6948 6772//6772
f 6772//6772 6948//6948 6837//6837
f 6773//6773 6772//6772 6139//6139
f 6956//6956 6766//6766 7151//7151
f 6783//6783 6250//6250 7000//7000
f 6823//6823 6824//6824 6873//6873
f 6873//6873 6824//6824 7177//7177
f 6960//6960 7000//7000 6518//6518
f 6904//6904 6648//6648 6826//6826
f 6877//6877 7063//7063 6826//6826
f 6777//6777 6219//6219 7265//7265
f 6826//6826 6793//6793 6877//6877
f 6658//6658 7007//7007 6793//6793
f 7012//7012 7068//7068 6666//6666
f 7068//7068 7070//7070 6666//6666
f 6536//6536 6767//6767 6928//6928
f 6269//6269 6666//6666 7070//7070
f 7070//7070 6949//6949 6696//6696
f 7237//7237 7025//7025 6670//6670
f 6413//6413 6933//6933 6709//6709
f 7014//7014 6933//6933 6413//6413
f 6639//6639 6897//6897 7082//7082
f 6542//6542 6951//6951 6982//6982
f 6982//6982 6940//6940 6715//6715
f 6997//6997 7058//7058 6913//6913
f 7082//7082 6950//6950 6104//6104
f 6670//6670 6949//6949 7237//7237
f 6950//6950 7030//7030 6104//6104
f 6866//6866 7025//7025 7316//7316
f 6998//6998 6997//6997 6913//6913
f 6864//6864 7059//7059 7046//7046
f 6749//6749 7059//7059 6864//6864
f 6978//6978 6977//6977 6651//6651
f 7061//7061 7059//7059 6749//6749
f 6770//6770 6872//6872 6996//6996
f 6998//6998 6815//6815 6999//6999
f 6942//6942 7067//7067 6941//6941
f 6470//6470 7033//7033 7209//7209
f 7108//7108 6979//6979 6891//6891
f 7026//7026 6872//6872 6745//6745
f 6846//6846 6650//6650 6977//6977
f 6798//6798 7061//7061 6985//6985
f 6985//6985 7061//7061 7062//7062
f 6692//6692 7061//7061 6749//6749
f 6781//6781 7091//7091 6964//6964
f 7051//7051 7032//7032 6775//6775
f 7078//7078 6768//6768 6581//6581
f 7072//7072 6781//6781 6379//6379
f 6685//6685 7026//7026 6745//6745
f 6665//6665 7108//7108 7341//7341
f 6838//6838 6654//6654 7196//7196
f 7032//7032 7026//7026 6685//6685
f 6883//6883 6838//6838 7196//7196
f 7071//7071 6891//6891 6828//6828
f 6985//6985 7062//7062 6929//6929
f 6955//6955 6694//6694 6547//6547
f 6929//6929 7062//7062 6692//6692
f 7163//7163 7073//7073 6945//6945
f 6986//6986 6908//6908 6387//6387
f 6915//6915 6990//6990 6668//6668
f 7117//7117 6944//6944 7074//7074
f 6911//6911 7153//7153 6986//6986
f 6866//6866 7222//7222 7162//7162
f 6869//6869 6868//6868 6867//6867
f 6662//6662 7075//7075 7165//7165
f 6962//6962 7093//7093 6614//6614
f 6911//6911 6946//6946 7190//7190
f 6980//6980 7123//7123 6622//6622
f 7037//7037 6782//6782 6858//6858
f 7038//7038 7039//7039 7215//7215
f 6771//6771 7123//7123 6882//6882
f 7094//7094 6882//6882 7123//7123
f 6769//6769 6842//6842 6930//6930
f 6704//6704 7304//7304 6797//6797
f 6898//6898 6716//6716 7121//7121
f 7019//7019 6962//6962 6476//6476
f 6833//6833 6969//6969 7096//7096
f 6930//6930 7125//7125 6886//6886
f 6515//6515 7094//7094 6885//6885
f 7203//7203 6757//6757 7188//7188
f 6718//6718 7306//7306 7218//7218
f 7027//7027 7228//7228 6316//6316
f 6983//6983 7175//7175 6984//6984
f 6316//6316 7228//7228 6836//6836
f 6813//6813 7159//7159 6965//6965
f 6813//6813 7158//7158 7159//7159
f 7044//7044 6587//6587 7185//7185
f 6871//6871 6867//6867 7088//7088
f 7092//7092 6790//6790 7017//7017
f 6902//6902 6779//6779 6987//6987
f 6967//6967 6834//6834 6994//6994
f 7017//7017 6790//6790 7018//7018
f 6869//6869 6952//6952 6868//6868
f 6935//6935 7204//7204 6179//6179
f 7132//7132 6959//6959 6286//6286
f 6533//6533 7132//7132 6286//6286
f 7134//7134 6699//6699 6888//6888
f 6649//6649 6879//6879 7205//7205
f 6834//6834 6989//6989 6521//6521
f 7124//7124 6652//6652 7292//7292
f 6943//6943 6969//6969 6833//6833
f 6699//6699 6656//6656 6888//6888
f 6992//6992 6801//6801 7169//7169
f 5971//5971 6873//6873 6652//6652
f 6755//6755 6916//6916 6965//6965
f 7087//7087 6755//6755 6965//6965
f 7056//7056 6397//6397 7282//7282
f 7000//7000 7031//7031 6783//6783
f 7001//7001 7074//7074 6676//6676
f 6849//6849 6939//6939 7005//7005
f 6874//6874 6763//6763 6938//6938
f 6884//6884 6301//6301 7060//7060
f 7177//7177 6824//6824 6783//6783
f 6966//6966 7130//7130 7084//7084
f 6804//6804 6805//6805 7058//7058
f 6913//6913 7058//7058 6805//6805
f 7116//7116 6938//6938 6763//6763
f 6449//6449 6991//6991 7081//7081
f 6738//6738 6972//6972 6967//6967
f 7000//7000 6960//6960 7127//7127
f 6723//6723 7011//7011 6654//6654
f 6995//6995 6991//6991 6657//6657
f 6971//6971 7181//7181 6897//6897
f 7138//7138 6991//6991 6995//6995
f 6491//6491 7107//7107 6548//6548
f 6663//6663 7261//7261 6820//6820
f 6889//6889 7261//7261 6663//6663
f 6897//6897 7181//7181 7082//7082
f 6648//6648 6904//6904 7129//7129
f 6862//6862 6890//6890 6796//6796
f 6896//6896 7147//7147 6800//6800
f 7265//7265 7008//7008 6777//6777
f 6820//6820 7261//7261 6910//6910
f 7004//7004 7147//7147 6896//6896
f 7008//7008 7182//7182 7012//7012
f 6972//6972 6681//6681 7217//7217
f 7066//7066 7068//7068 7012//7012
f 6681//6681 6972//6972 6381//6381
f 6796//6796 6864//6864 7046//7046
f 6877//6877 6793//6793 7063//7063
f 7069//7069 7003//7003 6659//6659
f 6863//6863 7135//7135 7085//7085
f 6949//6949 7070//7070 7118//7118
f 7093//7093 6973//6973 6934//6934
f 7093//7093 6934//6934 6614//6614
f 6959//6959 6925//6925 6661//6661
f 6962//6962 6614//6614 6476//6476
f 6603//6603 7077//7077 7007//7007
f 7213//7213 6784//6784 7023//7023
f 6767//6767 7049//7049 6928//6928
f 6775//6775 6976//6976 7051//7051
f 7139//7139 7004//7004 6759//6759
f 7014//7014 7013//7013 6933//6933
f 6975//6975 7013//7013 6893//6893
f 7014//7014 6893//6893 7013//7013
f 7016//7016 6835//6835 6928//6928
f 6893//6893 6835//6835 7016//7016
f 7155//7155 6151//6151 7209//7209
f 6409//6409 7139//7139 6415//6415
f 6415//6415 7139//7139 6759//6759
f 6896//6896 6759//6759 7004//7004
f 7166//7166 7058//7058 7250//7250
f 6760//6760 6459//6459 7057//7057
f 7088//7088 6867//6867 6868//6868
f 6768//6768 7067//7067 6942//6942
f 6798//6798 7085//7085 7210//7210
f 6957//6957 6958//6958 7148//7148
f 7246//7246 6889//6889 7262//7262
f 7110//7110 6695//6695 7024//7024
f 6958//6958 6981//6981 7148//7148
f 6548//6548 7107//7107 7262//7262
f 6866//6866 7316//7316 7222//7222
f 6908//6908 7148//7148 6981//6981
f 6695//6695 7110//7110 6921//6921
f 6873//6873 7170//7170 6652//6652
f 7239//7239 6872//6872 7336//7336
f 7336//7336 6872//6872 7026//7026
f 7228//7228 6766//6766 6836//6836
f 7341//7341 7107//7107 6667//6667
f 7196//7196 7164//7164 6883//6883
f 6954//6954 6694//6694 6955//6955
f 6692//6692 7062//7062 7061//7061
f 6883//6883 7164//7164 7163//7163
f 7156//7156 6986//6986 7034//7034
f 6781//6781 7072//7072 7211//7211
f 6986//6986 7153//7153 7034//7034
f 7177//7177 6783//6783 7031//7031
f 7240//7240 7153//7153 6911//6911
f 7031//7031 7000//7000 7127//7127
f 7127//7127 6960//6960 7133//7133
f 7151//7151 7186//7186 6956//6956
f 7221//7221 7366//7366 6892//6892
f 7129//7129 6960//6960 6648//6648
f 7128//7128 6921//6921 7110//7110
f 6968//6968 6859//6859 7207//7207
f 7073//7073 7163//7163 7075//7075
f 6859//6859 6992//6992 7169//7169
f 6960//6960 7129//7129 7100//7100
f 7100//7100 7133//7133 6960//6960
f 6716//6716 7257//7257 6961//6961
f 7131//7131 7040//7040 7174//7174
f 7100//7100 7129//7129 6904//6904
f 7039//7039 7165//7165 7075//7075
f 7131//7131 6700//6700 7040//7040
f 6662//6662 7165//7165 6531//6531
f 6898//6898 7121//7121 7076//7076
f 7076//7076 6716//6716 6961//6961
f 7247//7247 7078//7078 7038//7038
f 7104//7104 6853//6853 7254//7254
f 6982//6982 6951//6951 7030//7030
f 7010//7010 7089//7089 7167//7167
f 6940//6940 6982//6982 6953//6953
f 7304//7304 7306//7306 6797//6797
f 6797//6797 7306//7306 6718//6718
f 6982//6982 7350//7350 6953//6953
f 6961//6961 6876//6876 7076//7076
f 6876//6876 6961//6961 7267//7267
f 7079//7079 7136//7136 7072//7072
f 6895//6895 6706//6706 7053//7053
f 6706//6706 6854//6854 7053//7053
f 7136//7136 7079//7079 6895//6895
f 7136//7136 6895//6895 7080//7080
f 6895//6895 7083//7083 7080//7080
f 7039//7039 6531//6531 7165//7165
f 7182//7182 7066//7066 7012//7012
f 7035//7035 7200//7200 6918//6918
f 6854//6854 6856//6856 7106//7106
f 7140//7140 7106//7106 6856//6856
f 7173//7173 6523//6523 6833//6833
f 7070//7070 7068//7068 7118//7118
f 6790//6790 7126//7126 6966//6966
f 6966//6966 7126//7126 7130//7130
f 7097//7097 6905//6905 7022//7022
f 7022//7022 7130//7130 7097//7097
f 6989//6989 6834//6834 7269//7269
f 7054//7054 7113//7113 6903//6903
f 7111//7111 7086//7086 7160//7160
f 6989//6989 7269//7269 6943//6943
f 7093//7093 6962//6962 7179//7179
f 7058//7058 6997//6997 6999//6999
f 7037//7037 7146//7146 6782//6782
f 6907//6907 6974//6974 6906//6906
f 7086//7086 7159//7159 7158//7158
f 7019//7019 7146//7146 7297//7297
f 7019//7019 7297//7297 6962//6962
f 7063//7063 6793//6793 7313//7313
f 7028//7028 6999//6999 6815//6815
f 6757//6757 7203//7203 7160//7160
f 6757//6757 7160//7160 7086//7086
f 6796//6796 6914//6914 6862//6862
f 6804//6804 7058//7058 7166//7166
f 6691//6691 6914//6914 7135//7135
f 7093//7093 7042//7042 6973//6973
f 6904//6904 7063//7063 7313//7313
f 7204//7204 7152//7152 6179//6179
f 7154//7154 7028//7028 6878//6878
f 6878//6878 7234//7234 7154//7154
f 6878//6878 7028//7028 6815//6815
f 6878//6878 6902//6902 7234//7234
f 7007//7007 7064//7064 6793//6793
f 6796//6796 7046//7046 7103//7103
f 6987//6987 7363//7363 6902//6902
f 7135//7135 6796//6796 7085//7085
f 7103//7103 7085//7085 6796//6796
f 7048//7048 7047//7047 7184//7184
f 7077//7077 7064//7064 7007//7007
f 6603//6603 6794//6794 7077//7077
f 6889//6889 7216//7216 7261//7261
f 7023//7023 7048//7048 7202//7202
f 6763//6763 7212//7212 7114//7114
f 6755//6755 7212//7212 6763//6763
f 7125//7125 7132//7132 6845//6845
f 6755//6755 7087//7087 7212//7212
f 7050//7050 7303//7303 6767//6767
f 6885//6885 7094//7094 7198//7198
f 7049//7049 6767//6767 7112//7112
f 6262//6262 7311//7311 6681//6681
f 6885//6885 7175//7175 6983//6983
f 7077//7077 6794//6794 6931//6931
f 7077//7077 6931//6931 6528//6528
f 6468//6468 7006//7006 6683//6683
f 6528//6528 6933//6933 7013//7013
f 6984//6984 7175//7175 7201//7201
f 7011//7011 6723//6723 7009//7009
f 6930//6930 7005//7005 7125//7125
f 7150//7150 7051//7051 6976//6976
f 6842//6842 7005//7005 6930//6930
f 6881//6881 7152//7152 6976//6976
f 7016//7016 6928//6928 7049//7049
f 7125//7125 7005//7005 7137//7137
f 7134//7134 6987//6987 6699//6699
f 7005//7005 6939//6939 7065//7065
f 6963//6963 6939//6939 6849//6849
f 6988//6988 6888//6888 6656//6656
f 6656//6656 7081//7081 6988//6988
f 6963//6963 7147//7147 7142//7142
f 6988//6988 7081//7081 6991//6991
f 6988//6988 6991//6991 7138//7138
f 7144//7144 7147//7147 7004//7004
f 7003//7003 7138//7138 6995//6995
f 6806//6806 7218//7218 6765//6765
f 6619//6619 7015//7015 7149//7149
f 7052//7052 7139//7139 6409//6409
f 7144//7144 7139//7139 7052//7052
f 7077//7077 6528//6528 7013//7013
f 7301//7301 6968//6968 7207//7207
f 7124//7124 6868//6868 6952//6952
f 6746//6746 7441//7441 6980//6980
f 7143//7143 7169//7169 6801//6801
f 6868//6868 7124//7124 7320//7320
f 7209//7209 7033//7033 7355//7355
f 7049//7049 6975//6975 6893//6893
f 7008//7008 7066//7066 7182//7182
f 6893//6893 7016//7016 7049//7049
f 6884//6884 7145//7145 7143//7143
f 6964//6964 7347//7347 7033//7033
f 6876//6876 7267//7267 7092//7092
f 7189//7189 7002//7002 6880//6880
f 7060//7060 7293//7293 6884//6884
f 7009//7009 7116//7116 7193//7193
f 7092//7092 7231//7231 6790//6790
f 7328//7328 7197//7197 6892//6892
f 6999//6999 6997//6997 6998//6998
f 6999//6999 7250//7250 7058//7058
f 6781//6781 7211//7211 7091//7091
f 6760//6760 7057//7057 7260//7260
f 7233//7233 7020//7020 7021//7021
f 7091//7091 7211//7211 7095//7095
f 6957//6957 7148//7148 7057//7057
f 6892//6892 7366//7366 7328//7328
f 6885//6885 7198//7198 7175//7175
f 7037//7037 7197//7197 7176//7176
f 7097//7097 7233//7233 7021//7021
f 7272//7272 6953//6953 7350//7350
f 7233//7233 7097//7097 7126//7126
f 7099//7099 6953//6953 7272//7272
f 7136//7136 7211//7211 7072//7072
f 7065//7065 7125//7125 7137//7137
f 6760//6760 7260//7260 7027//7027
f 7009//7009 7090//7090 7011//7011
f 7027//7027 7260//7260 7228//7228
f 7099//7099 7102//7102 6754//6754
f 7125//7125 7065//7065 7132//7132
f 7231//7231 7126//7126 6790//6790
f 7201//7201 7302//7302 7069//7069
f 7199//7199 7031//7031 7127//7127
f 7095//7095 7211//7211 7136//7136
f 7065//7065 7144//7144 7132//7132
f 7127//7127 7133//7133 7236//7236
f 7130//7130 7126//7126 7098//7098
f 7097//7097 7130//7130 7098//7098
f 7188//7188 6918//6918 7200//7200
f 7100//7100 6904//6904 7227//7227
f 7132//7132 7144//7144 6925//6925
f 6959//6959 7132//7132 6925//6925
f 6914//6914 7130//7130 7022//7022
f 7134//7134 6888//6888 6988//6988
f 7128//7128 7110//7110 7348//7348
f 6654//6654 7011//7011 7196//7196
f 7084//7084 7130//7130 6691//6691
f 7128//7128 7348//7348 7174//7174
f 7011//7011 7090//7090 7270//7270
f 7130//7130 6914//6914 6691//6691
f 6965//6965 7159//7159 7242//7242
f 7087//7087 6965//6965 7344//7344
f 7135//7135 6914//6914 6796//6796
f 7111//7111 7159//7159 7086//7086
f 6941//6941 7172//7172 6879//6879
f 7228//7228 7260//7260 7101//7101
f 7069//7069 7138//7138 7003//7003
f 7161//7161 7160//7160 7203//7203
f 7104//7104 7299//7299 6853//6853
f 7103//7103 7046//7046 7059//7059
f 7299//7299 6704//6704 6853//6853
f 6879//6879 7172//7172 7205//7205
f 7103//7103 7210//7210 7085//7085
f 7204//7204 6935//6935 7161//7161
f 6925//6925 7144//7144 7052//7052
f 7223//7223 7050//7050 6784//6784
f 7210//7210 7061//7061 6798//6798
f 7137//7137 7005//7005 7065//7065
f 7210//7210 7059//7059 7061//7061
f 7078//7078 7273//7273 6768//6768
f 7083//7083 7235//7235 7080//7080
f 7300//7300 7212//7212 7087//7087
f 6763//6763 7114//7114 7116//7116
f 7053//7053 7106//7106 7083//7083
f 7083//7083 6895//6895 7053//7053
f 7196//7196 7230//7230 7164//7164
f 6854//6854 7106//7106 7053//7053
f 7228//7228 7151//7151 6766//6766
f 7106//7106 7140//7140 7083//7083
f 7156//7156 6908//6908 6986//6986
f 7075//7075 7163//7163 7215//7215
f 7083//7083 7390//7390 7235//7235
f 7083//7083 7140//7140 7266//7266
f 7113//7113 7140//7140 6903//6903
f 7065//7065 6939//6939 7142//7142
f 6963//6963 7142//7142 6939//6939
f 7113//7113 7054//7054 7115//7115
f 7247//7247 7038//7038 7215//7215
f 7105//7105 7308//7308 7047//7047
f 6911//6911 7252//7252 7240//7240
f 7075//7075 7215//7215 7039//7039
f 7054//7054 6906//6906 7354//7354
f 6540//6540 7391//7391 7185//7185
f 7002//7002 7241//7241 6540//6540
f 6974//6974 7354//7354 6906//6906
f 7142//7142 7144//7144 7065//7065
f 7142//7142 7147//7147 7144//7144
f 7056//7056 7282//7282 7361//7361
f 7202//7202 7213//7213 7023//7023
f 7185//7185 7391//7391 7045//7045
f 7213//7213 7223//7223 6784//6784
f 6911//6911 7190//7190 7252//7252
f 7144//7144 7004//7004 7139//7139
f 6786//6786 7189//7189 6880//6880
f 7152//7152 7150//7150 6976//6976
f 7226//7226 7015//7015 7375//7375
f 7149//7149 7015//7015 7226//7226
f 7265//7265 7157//7157 7225//7225
f 7149//7149 7226//7226 7055//7055
f 7055//7055 7226//7226 7119//7119
f 7024//7024 7029//7029 7208//7208
f 7389//7389 7002//7002 7189//7189
f 7096//7096 7173//7173 6833//6833
f 6902//6902 7363//7363 7234//7234
f 7293//7293 7060//7060 6900//6900
f 6834//6834 6967//6967 7269//7269
f 7269//7269 6969//6969 6943//6943
f 7118//7118 7237//7237 6949//6949
f 7001//7001 6970//6970 7074//7074
f 6971//6971 7041//7041 7180//7180
f 7181//7181 6971//6971 7180//7180
f 6900//6900 7141//7141 7191//7191
f 7253//7253 6954//6954 6955//6955
f 7006//7006 7311//7311 6262//6262
f 6955//6955 7206//7206 7258//7258
f 7261//7261 7214//7214 6910//6910
f 6910//6910 7214//7214 7043//7043
f 7222//7222 7256//7256 7162//7162
f 7162//7162 7257//7257 6716//6716
f 6468//6468 7109//7109 7006//7006
f 7121//7121 6716//6716 7076//7076
f 6996//6996 7284//7284 6468//6468
f 7206//7206 7010//7010 7167//7167
f 7239//7239 7284//7284 6996//6996
f 7239//7239 6996//6996 6872//6872
f 6889//6889 7246//7246 7216//7216
f 7108//7108 6891//6891 7219//7219
f 7108//7108 7219//7219 7268//7268
f 7071//7071 7248//7248 6891//6891
f 7036//7036 6871//6871 7321//7321
f 7117//7117 7074//7074 7220//7220
f 7221//7221 7117//7117 7393//7393
f 7301//7301 7298//7298 6968//6968
f 7193//7193 7116//7116 7090//7090
f 7255//7255 6968//6968 7298//7298
f 7124//7124 7224//7224 7320//7320
f 7090//7090 7009//7009 7193//7193
f 7363//7363 6987//6987 7251//7251
f 6964//6964 7091//7091 7347//7347
f 7089//7089 7020//7020 7267//7267
f 7090//7090 7116//7116 7194//7194
f 7095//7095 7347//7347 7091//7091
f 7077//7077 7013//7013 6975//6975
f 6980//6980 7263//7263 7448//7448
f 7292//7292 7224//7224 7124//7124
f 6980//6980 7448//7448 7123//7123
f 7088//7088 7321//7321 6871//6871
f 7259//7259 7267//7267 6961//6961
f 7028//7028 7250//7250 6999//6999
f 7270//7270 7090//7090 7194//7194
f 7122//7122 7229//7229 6786//6786
f 7401//7401 6652//6652 7170//7170
f 7066//7066 7008//7008 7305//7305
f 7136//7136 7080//7080 7095//7095
f 6873//6873 7177//7177 7171//7171
f 7123//7123 7198//7198 7094//7094
f 7197//7197 7275//7275 7176//7176
f 6982//6982 7030//7030 7264//7264
f 7011//7011 7270//7270 7196//7196
f 7218//7218 7315//7315 6765//6765
f 7015//7015 6765//6765 7315//7315
f 7196//7196 7270//7270 7230//7230
f 7037//7037 7275//7275 7146//7146
f 7177//7177 7199//7199 7307//7307
f 7176//7176 7275//7275 7037//7037
f 7344//7344 6965//6965 7242//7242
f 7375//7375 7015//7015 7317//7317
f 7199//7199 7127//7127 7309//7309
f 7217//7217 7290//7290 6972//6972
f 7179//7179 6962//6962 7297//7297
f 7381//7381 7131//7131 7174//7174
f 7236//7236 7133//7133 7100//7100
f 7293//7293 6900//6900 7191//7191
f 6700//6700 7131//7131 7254//7254
f 7042//7042 7331//7331 7105//7105
f 7102//7102 7035//7035 6754//6754
f 7067//7067 7172//7172 6941//6941
f 6967//6967 7286//7286 7269//7269
f 7171//7171 7177//7177 7307//7307
f 7102//7102 7232//7232 7035//7035
f 7035//7035 7232//7232 7200//7200
f 7409//7409 7237//7237 7118//7118
f 7120//7120 7316//7316 7025//7025
f 7025//7025 7237//7237 7120//7120
f 7365//7365 7246//7246 7262//7262
f 7308//7308 7184//7184 7047//7047
f 7299//7299 7304//7304 6704//6704
f 6768//6768 7178//7178 7067//7067
f 7273//7273 7178//7178 6768//6768
f 6523//6523 7195//7195 6970//6970
f 7216//7216 7246//7246 7383//7383
f 7184//7184 7312//7312 7048//7048
f 7041//7041 7044//7044 7287//7287
f 7202//7202 7048//7048 7312//7312
f 7191//7191 7141//7141 6954//6954
f 7041//7041 7287//7287 7288//7288
f 7041//7041 7288//7288 7180//7180
f 7258//7258 7253//7253 6955//6955
f 7155//7155 7208//7208 7029//7029
f 7313//7313 7227//7227 6904//6904
f 7218//7218 7306//7306 7406//7406
f 7233//7233 7126//7126 7231//7231
f 7302//7302 7201//7201 7175//7175
f 7110//7110 7024//7024 7314//7314
f 7406//7406 7327//7327 7218//7218
f 7256//7256 7257//7257 7162//7162
f 7064//7064 7313//7313 6793//6793
f 7164//7164 7230//7230 7247//7247
f 7024//7024 7208//7208 7314//7314
f 7126//7126 7097//7097 7271//7271
f 7064//7064 7077//7077 7318//7318
f 7163//7163 7164//7164 7247//7247
f 7108//7108 7268//7268 7341//7341
f 7247//7247 7215//7215 7163//7163
f 7098//7098 7271//7271 7097//7097
f 7134//7134 7251//7251 6987//6987
f 7219//7219 6891//6891 7248//7248
f 7071//7071 7036//7036 7248//7248
f 6961//6961 7257//7257 7259//7259
f 7159//7159 7111//7111 7242//7242
f 7059//7059 7210//7210 7103//7103
f 7390//7390 7083//7083 7266//7266
f 7138//7138 7369//7369 6988//6988
f 7248//7248 7036//7036 7219//7219
f 7219//7219 7036//7036 7321//7321
f 7138//7138 7069//7069 7302//7302
f 6540//6540 7241//7241 7391//7391
f 7140//7140 7113//7113 7266//7266
f 7192//7192 6970//6970 7195//7195
f 7074//7074 6970//6970 7192//7192
f 7148//7148 7260//7260 7057//7057
f 7115//7115 7478//7478 7113//7113
f 7204//7204 7161//7161 7203//7203
f 7192//7192 7220//7220 7074//7074
f 7115//7115 7054//7054 7325//7325
f 7205//7205 7160//7160 7161//7161
f 7354//7354 7325//7325 7054//7054
f 7218//7218 7327//7327 7315//7315
f 7354//7354 6974//6974 6804//6804
f 6804//6804 7386//7386 7354//7354
f 7367//7367 7043//7043 7214//7214
f 7111//7111 7160//7160 7205//7205
f 7114//7114 7194//7194 7116//7116
f 7082//7082 7181//7181 7352//7352
f 7186//7186 7151//7151 7183//7183
f 7153//7153 7156//7156 7034//7034
f 7229//7229 7043//7043 7367//7367
f 7006//7006 7109//7109 7311//7311
f 7311//7311 7217//7217 6681//6681
f 7157//7157 7056//7056 7252//7252
f 7262//7262 7107//7107 7294//7294
f 7082//7082 7352//7352 6950//6950
f 7338//7338 6868//6868 7320//7320
f 7257//7257 7253//7253 7258//7258
f 7190//7190 7225//7225 7252//7252
f 7225//7225 7157//7157 7252//7252
f 7348//7348 7349//7349 7174//7174
f 7190//7190 7255//7255 7225//7225
f 7401//7401 7292//7292 6652//6652
f 7361//7361 7252//7252 7056//7056
f 7320//7320 7224//7224 7427//7427
f 7045//7045 7346//7346 7185//7185
f 7287//7287 7044//7044 7185//7185
f 7131//7131 7381//7381 7254//7254
f 7031//7031 7199//7199 7177//7177
f 7381//7381 7299//7299 7254//7254
f 6468//6468 7395//7395 7109//7109
f 7199//7199 7309//7309 7295//7295
f 7283//7283 7395//7395 6468//6468
f 7284//7284 7283//7283 6468//6468
f 7236//7236 7309//7309 7127//7127
f 7236//7236 7100//7100 7227//7227
f 7225//7225 7255//7255 7265//7265
f 7255//7255 7298//7298 7265//7265
f 7206//7206 7259//7259 7258//7258
f 7259//7259 7206//7206 7167//7167
f 7265//7265 7305//7305 7008//7008
f 7298//7298 7305//7305 7265//7265
f 7051//7051 7377//7377 7032//7032
f 7287//7287 7185//7185 7346//7346
f 7088//7088 6868//6868 7338//7338
f 7259//7259 7167//7167 7267//7267
f 7267//7267 7167//7167 7089//7089
f 7233//7233 7267//7267 7020//7020
f 6649//6649 7161//7161 6935//6935
f 7205//7205 7161//7161 6649//6649
f 7400//7400 7241//7241 7002//7002
f 7267//7267 7233//7233 7231//7231
f 7389//7389 7400//7400 7002//7002
f 7267//7267 7231//7231 7092//7092
f 7212//7212 7194//7194 7114//7114
f 7237//7237 7187//7187 7280//7280
f 7212//7212 7300//7300 7194//7194
f 7199//7199 7295//7295 7307//7307
f 7351//7351 7120//7120 7237//7237
f 7243//7243 6967//6967 6972//6972
f 7270//7270 7245//7245 7230//7230
f 7126//7126 7271//7271 7098//7098
f 7286//7286 6967//6967 7243//7243
f 7335//7335 7181//7181 7180//7180
f 7386//7386 6804//6804 7166//7166
f 7172//7172 7242//7242 7111//7111
f 7064//7064 7318//7318 7238//7238
f 7168//7168 7166//7166 7250//7250
f 7251//7251 7134//7134 6988//6988
f 7168//7168 7250//7250 7359//7359
f 7244//7244 7261//7261 7216//7216
f 7250//7250 7028//7028 7359//7359
f 7067//7067 7178//7178 7172//7172
f 7194//7194 7300//7300 7245//7245
f 7028//7028 7154//7154 7277//7277
f 7270//7270 7194//7194 7245//7245
f 6859//6859 7169//7169 7207//7207
f 7202//7202 7312//7312 7213//7213
f 7268//7268 7249//7249 7341//7341
f 7169//7169 7143//7143 7145//7145
f 7420//7420 7119//7119 7226//7226
f 7293//7293 7145//7145 6884//6884
f 7268//7268 7219//7219 7249//7249
f 7112//7112 7330//7330 7049//7049
f 7101//7101 7260//7260 7148//7148
f 7300//7300 7178//7178 7273//7273
f 7219//7219 7274//7274 7249//7249
f 7321//7321 7274//7274 7219//7219
f 6746//6746 7119//7119 7441//7441
f 7223//7223 7296//7296 7303//7303
f 7223//7223 7303//7303 7050//7050
f 6767//6767 7303//7303 7112//7112
f 6975//6975 7318//7318 7077//7077
f 7148//7148 6908//6908 7310//7310
f 7330//7330 6975//6975 7049//7049
f 7328//7328 7275//7275 7197//7197
f 7310//7310 6908//6908 7156//7156
f 7273//7273 7078//7078 7245//7245
f 7263//7263 6980//6980 7441//7441
f 7247//7247 7245//7245 7078//7078
f 7310//7310 7156//7156 7345//7345
f 7345//7345 7156//7156 7322//7322
f 7350//7350 6982//6982 7399//7399
f 7198//7198 7123//7123 7448//7448
f 7275//7275 7297//7297 7146//7146
f 7183//7183 7151//7151 7345//7345
f 7156//7156 7153//7153 7322//7322
f 7331//7331 7308//7308 7105//7105
f 7357//7357 7322//7322 7153//7153
f 7240//7240 7357//7357 7153//7153
f 7102//7102 7099//7099 7232//7232
f 7093//7093 7326//7326 7042//7042
f 7240//7240 7252//7252 7361//7361
f 7183//7183 7356//7356 7186//7186
f 7377//7377 7051//7051 7353//7353
f 7150//7150 7353//7353 7051//7051
f 7200//7200 7232//7232 7334//7334
f 7279//7279 7200//7200 7334//7334
f 7279//7279 7188//7188 7200//7200
f 7188//7188 7279//7279 7203//7203
f 7203//7203 7279//7279 7204//7204
f 7279//7279 7152//7152 7204//7204
f 7172//7172 7111//7111 7205//7205
f 7352//7352 7181//7181 7335//7335
f 7168//7168 7386//7386 7166//7166
f 7312//7312 7340//7340 7213//7213
f 7340//7340 7223//7223 7213//7213
f 7368//7368 7369//7369 7302//7302
f 7460//7460 7168//7168 7438//7438
f 7107//7107 7341//7341 7379//7379
f 7030//7030 6950//6950 7411//7411
f 7095//7095 7080//7080 7285//7285
f 7298//7298 7301//7301 7305//7305
f 7359//7359 7028//7028 7277//7277
f 7297//7297 7275//7275 7465//7465
f 7302//7302 7369//7369 7138//7138
f 7300//7300 7087//7087 7344//7344
f 6988//6988 7369//7369 7398//7398
f 7242//7242 7172//7172 7178//7178
f 7195//7195 6523//6523 7192//7192
f 7300//7300 7344//7344 7178//7178
f 6873//6873 7428//7428 7170//7170
f 6873//6873 7171//7171 7428//7428
f 7273//7273 7245//7245 7300//7300
f 7145//7145 7332//7332 7169//7169
f 7220//7220 7393//7393 7117//7117
f 7307//7307 7339//7339 7171//7171
f 7293//7293 7332//7332 7145//7145
f 7393//7393 7408//7408 7221//7221
f 7042//7042 7326//7326 7331//7331
f 7229//7229 7367//7367 7343//7343
f 7299//7299 7104//7104 7254//7254
f 7118//7118 7066//7066 7370//7370
f 7068//7068 7066//7066 7118//7118
f 7296//7296 7382//7382 7303//7303
f 7148//7148 7310//7310 7101//7101
f 7362//7362 7432//7432 7154//7154
f 7234//7234 7362//7362 7154//7154
f 7214//7214 7261//7261 7281//7281
f 7367//7367 7214//7214 7281//7281
f 7101//7101 7310//7310 7228//7228
f 7295//7295 7309//7309 7307//7307
f 7247//7247 7230//7230 7245//7245
f 7155//7155 7397//7397 7208//7208
f 7362//7362 7234//7234 7363//7363
f 7096//7096 7380//7380 7281//7281
f 7223//7223 7385//7385 7296//7296
f 7236//7236 7419//7419 7309//7309
f 6969//6969 7380//7380 7096//7096
f 7261//7261 7244//7244 7281//7281
f 7303//7303 7382//7382 7112//7112
f 7364//7364 7363//7363 7251//7251
f 7191//7191 7253//7253 7256//7256
f 7191//7191 6954//6954 7253//7253
f 7348//7348 7110//7110 7314//7314
f 7314//7314 7208//7208 7396//7396
f 7308//7308 7312//7312 7184//7184
f 7278//7278 7332//7332 7293//7293
f 7399//7399 6982//6982 7264//7264
f 7209//7209 7355//7355 7155//7155
f 7228//7228 7345//7345 7151//7151
f 7032//7032 7416//7416 7026//7026
f 6786//6786 7229//7229 7392//7392
f 7448//7448 7319//7319 7198//7198
f 7113//7113 7415//7415 7266//7266
f 7033//7033 7347//7347 7355//7355
f 7356//7356 7183//7183 7345//7345
f 7173//7173 7329//7329 6523//6523
f 7096//7096 7244//7244 7173//7173
f 6988//6988 7398//7398 7251//7251
f 7316//7316 7256//7256 7222//7222
f 7095//7095 7285//7285 7347//7347
f 7357//7357 7240//7240 7358//7358
f 7439//7439 7286//7286 7243//7243
f 7198//7198 7319//7319 7175//7175
f 7361//7361 7358//7358 7240//7240
f 7302//7302 7175//7175 7319//7319
f 7286//7286 6969//6969 7269//7269
f 7259//7259 7257//7257 7258//7258
f 7186//7186 7356//7356 7360//7360
f 7282//7282 7186//7186 7360//7360
f 7315//7315 7317//7317 7015//7015
f 7233//7233 7276//7276 7231//7231
f 7280//7280 7237//7237 7409//7409
f 7187//7187 7237//7237 7280//7280
f 7290//7290 7392//7392 6972//6972
f 7238//7238 7291//7291 7064//7064
f 7233//7233 7231//7231 7276//7276
f 7280//7280 7351//7351 7237//7237
f 7064//7064 7291//7291 7313//7313
f 7293//7293 7191//7191 7351//7351
f 7436//7436 7232//7232 7099//7099
f 7316//7316 7120//7120 7351//7351
f 7216//7216 7383//7383 7244//7244
f 7318//7318 6975//6975 7324//7324
f 7324//7324 6975//6975 7330//7330
f 7249//7249 7342//7342 7341//7341
f 7152//7152 7279//7279 7150//7150
f 7318//7318 7291//7291 7238//7238
f 7323//7323 7291//7291 7318//7318
f 7347//7347 7285//7285 7426//7426
f 7323//7323 7318//7318 7324//7324
f 7178//7178 7344//7344 7242//7242
f 7285//7285 7080//7080 7431//7431
f 7346//7346 7045//7045 7337//7337
f 7045//7045 7391//7391 7337//7337
f 6786//6786 7392//7392 7189//7189
f 7299//7299 7381//7381 7422//7422
f 7424//7424 7304//7304 7299//7299
f 7306//7306 7304//7304 7333//7333
f 7390//7390 7266//7266 7489//7489
f 7415//7415 7113//7113 7478//7478
f 7370//7370 7429//7429 7118//7118
f 7296//7296 7385//7385 7450//7450
f 7382//7382 7296//7296 7450//7450
f 7118//7118 7429//7429 7409//7409
f 7478//7478 7115//7115 7325//7325
f 7293//7293 7351//7351 7278//7278
f 7375//7375 7315//7315 7327//7327
f 7351//7351 7191//7191 7256//7256
f 7317//7317 7315//7315 7375//7375
f 7351//7351 7256//7256 7316//7316
f 7371//7371 7217//7217 7311//7311
f 7371//7371 7311//7311 7372//7372
f 7350//7350 7387//7387 7272//7272
f 7253//7253 7257//7257 7256//7256
f 7387//7387 7099//7099 7272//7272
f 7334//7334 7232//7232 7436//7436
f 7226//7226 7375//7375 7378//7378
f 7243//7243 6972//6972 7392//7392
f 7279//7279 7334//7334 7150//7150
f 7386//7386 7168//7168 7460//7460
f 7026//7026 7416//7416 7418//7418
f 7168//7168 7359//7359 7438//7438
f 7297//7297 7485//7485 7179//7179
f 7179//7179 7485//7485 7093//7093
f 7420//7420 7226//7226 7378//7378
f 7320//7320 7472//7472 7338//7338
f 7088//7088 7338//7338 7472//7472
f 7328//7328 7465//7465 7275//7275
f 7471//7471 7088//7088 7472//7472
f 7321//7321 7088//7088 7464//7464
f 7334//7334 7377//7377 7150//7150
f 7353//7353 7150//7150 7377//7377
f 7208//7208 7397//7397 7396//7396
f 7314//7314 7396//7396 7348//7348
f 7396//7396 7349//7349 7348//7348
f 7345//7345 7228//7228 7310//7310
f 7322//7322 7356//7356 7345//7345
f 7236//7236 7227//7227 7434//7434
f 7434//7434 7227//7227 7340//7340
f 7339//7339 7374//7374 7171//7171
f 7428//7428 7171//7171 7374//7374
f 7362//7362 7363//7363 7364//7364
f 7289//7289 7339//7339 7307//7307
f 7448//7448 7376//7376 7319//7319
f 7309//7309 7289//7289 7307//7307
f 7364//7364 7251//7251 7398//7398
f 7289//7289 7309//7309 7419//7419
f 7322//7322 7357//7357 7356//7356
f 7360//7360 7356//7356 7357//7357
f 7357//7357 7358//7358 7360//7360
f 7361//7361 7282//7282 7360//7360
f 7319//7319 7368//7368 7302//7302
f 7358//7358 7361//7361 7360//7360
f 7289//7289 7312//7312 7308//7308
f 7227//7227 7313//7313 7340//7340
f 7244//7244 7096//7096 7281//7281
f 7180//7180 7405//7405 7335//7335
f 7264//7264 7030//7030 7417//7417
f 7305//7305 7301//7301 7455//7455
f 7370//7370 7066//7066 7455//7455
f 7305//7305 7455//7455 7066//7066
f 7425//7425 7169//7169 7278//7278
f 7394//7394 7249//7249 7274//7274
f 7365//7365 7262//7262 7192//7192
f 7262//7262 7294//7294 7192//7192
f 7220//7220 7463//7463 7342//7342
f 7342//7342 7249//7249 7393//7393
f 7342//7342 7393//7393 7220//7220
f 7408//7408 7366//7366 7221//7221
f 7396//7396 7397//7397 7454//7454
f 7498//7498 7263//7263 7441//7441
f 7154//7154 7432//7432 7277//7277
f 7433//7433 7246//7246 7365//7365
f 7433//7433 7329//7329 7246//7246
f 7207//7207 7425//7425 7455//7455
f 7109//7109 7372//7372 7311//7311
f 7373//7373 7432//7432 7362//7362
f 7376//7376 7373//7373 7362//7362
f 7433//7433 6523//6523 7329//7329
f 7362//7362 7364//7364 7376//7376
f 7395//7395 7372//7372 7109//7109
f 7223//7223 7458//7458 7385//7385
f 7394//7394 7393//7393 7249//7249
f 7292//7292 7401//7401 7461//7461
f 7224//7224 7292//7292 7461//7461
f 7354//7354 7410//7410 7325//7325
f 7490//7490 7384//7384 7327//7327
f 7294//7294 7107//7107 7379//7379
f 7497//7497 7403//7403 7350//7350
f 7384//7384 7375//7375 7327//7327
f 7398//7398 7376//7376 7364//7364
f 7403//7403 7387//7387 7350//7350
f 7398//7398 7319//7319 7376//7376
f 7032//7032 7377//7377 7416//7416
f 7354//7354 7386//7386 7410//7410
f 7319//7319 7398//7398 7368//7368
f 7439//7439 7392//7392 7229//7229
f 7369//7369 7368//7368 7398//7398
f 7241//7241 7400//7400 7391//7391
f 7391//7391 7400//7400 7337//7337
f 7119//7119 7420//7420 7441//7441
f 7342//7342 7379//7379 7341//7341
f 7192//7192 7463//7463 7220//7220
f 7088//7088 7471//7471 7464//7464
f 7483//7483 7472//7472 7320//7320
f 7389//7389 7189//7189 7290//7290
f 7365//7365 7192//7192 7433//7433
f 7189//7189 7392//7392 7290//7290
f 7392//7392 7439//7439 7243//7243
f 6523//6523 7433//7433 7192//7192
f 7396//7396 7454//7454 7349//7349
f 7408//7408 7393//7393 7394//7394
f 7217//7217 7389//7389 7290//7290
f 7280//7280 7278//7278 7351//7351
f 7343//7343 7367//7367 7466//7466
f 7099//7099 7387//7387 7436//7436
f 7421//7421 7174//7174 7349//7349
f 7381//7381 7174//7174 7421//7421
f 7422//7422 7381//7381 7421//7421
f 7439//7439 7229//7229 7343//7343
f 7422//7422 7423//7423 7299//7299
f 7279//7279 7334//7334 7388//7388
f 7407//7407 7431//7431 7080//7080
f 7080//7080 7235//7235 7407//7407
f 7279//7279 7388//7388 7334//7334
f 7299//7299 7423//7423 7424//7424
f 7304//7304 7424//7424 7333//7333
f 7339//7339 7289//7289 7331//7331
f 7406//7406 7306//7306 7333//7333
f 7331//7331 7289//7289 7308//7308
f 7406//7406 7490//7490 7327//7327
f 7430//7430 7489//7489 7266//7266
f 7419//7419 7236//7236 7434//7434
f 7266//7266 7415//7415 7430//7430
f 7207//7207 7455//7455 7301//7301
f 7340//7340 7312//7312 7419//7419
f 7312//7312 7289//7289 7419//7419
f 7443//7443 7380//7380 6969//6969
f 7207//7207 7169//7169 7425//7425
f 7446//7446 7340//7340 7313//7313
f 7286//7286 7443//7443 6969//6969
f 7329//7329 7383//7383 7246//7246
f 7244//7244 7383//7383 7329//7329
f 7291//7291 7458//7458 7313//7313
f 7329//7329 7173//7173 7244//7244
f 7465//7465 7485//7485 7297//7297
f 7332//7332 7278//7278 7169//7169
f 7439//7439 7443//7443 7286//7286
f 7486//7486 7093//7093 7485//7485
f 7326//7326 7093//7093 7486//7486
f 7180//7180 7288//7288 7405//7405
f 7493//7493 7287//7287 7346//7346
f 7287//7287 7412//7412 7288//7288
f 7352//7352 7411//7411 6950//6950
f 7411//7411 7417//7417 7030//7030
f 7334//7334 7436//7436 7377//7377
f 7469//7469 7155//7155 7355//7355
f 7500//7500 7283//7283 7239//7239
f 7469//7469 7397//7397 7155//7155
f 7284//7284 7239//7239 7283//7283
f 7469//7469 7454//7454 7397//7397
f 7352//7352 7335//7335 7404//7404
f 7428//7428 7401//7401 7170//7170
f 7411//7411 7352//7352 7404//7404
f 7414//7414 7335//7335 7405//7405
f 7335//7335 7414//7414 7495//7495
f 7399//7399 7476//7476 7350//7350
f 7400//7400 7389//7389 7402//7402
f 7455//7455 7425//7425 7370//7370
f 7497//7497 7350//7350 7476//7476
f 7427//7427 7224//7224 7461//7461
f 7459//7459 7456//7456 7386//7386
f 7336//7336 7026//7026 7449//7449
f 7492//7492 7264//7264 7417//7417
f 7386//7386 7460//7460 7459//7459
f 7374//7374 7339//7339 7428//7428
f 7411//7411 7492//7492 7417//7417
f 7331//7331 7428//7428 7339//7339
f 7425//7425 7429//7429 7370//7370
f 7428//7428 7331//7331 7444//7444
f 7321//7321 7440//7440 7274//7274
f 7408//7408 7274//7274 7440//7440
f 7425//7425 7278//7278 7429//7429
f 7367//7367 7281//7281 7380//7380
f 7379//7379 7463//7463 7294//7294
f 7507//7507 7285//7285 7491//7491
f 7407//7407 7390//7390 7489//7489
f 7294//7294 7463//7463 7192//7192
f 7431//7431 7491//7491 7285//7285
f 7343//7343 7380//7380 7443//7443
f 7443//7443 7439//7439 7343//7343
f 7280//7280 7409//7409 7457//7457
f 7379//7379 7342//7342 7463//7463
f 7457//7457 7278//7278 7280//7280
f 7454//7454 7421//7421 7349//7349
f 7416//7416 7377//7377 7436//7436
f 7394//7394 7274//7274 7408//7408
f 7467//7467 7277//7277 7432//7432
f 7402//7402 7217//7217 7371//7371
f 7427//7427 7483//7483 7320//7320
f 7415//7415 7413//7413 7430//7430
f 7371//7371 7372//7372 7437//7437
f 7287//7287 7493//7493 7412//7412
f 7235//7235 7390//7390 7407//7407
f 7464//7464 7440//7440 7321//7321
f 7372//7372 7395//7395 7437//7437
f 7487//7487 7424//7424 7423//7423
f 7263//7263 7470//7470 7448//7448
f 7408//7408 7440//7440 7366//7366
f 7346//7346 7337//7337 7493//7493
f 7328//7328 7366//7366 7440//7440
f 7399//7399 7264//7264 7492//7492
f 7458//7458 7446//7446 7313//7313
f 7376//7376 7448//7448 7373//7373
f 7438//7438 7435//7435 7460//7460
f 7438//7438 7359//7359 7435//7435
f 7340//7340 7446//7446 7223//7223
f 7223//7223 7446//7446 7458//7458
f 7355//7355 7447//7447 7469//7469
f 7458//7458 7291//7291 7450//7450
f 7291//7291 7323//7323 7450//7450
f 7498//7498 7441//7441 7420//7420
f 7323//7323 7324//7324 7451//7451
f 7347//7347 7426//7426 7355//7355
f 7355//7355 7426//7426 7488//7488
f 7488//7488 7447//7447 7355//7355
f 7478//7478 7325//7325 7456//7456
f 7325//7325 7410//7410 7456//7456
f 7435//7435 7359//7359 7442//7442
f 7359//7359 7277//7277 7442//7442
f 7450//7450 7484//7484 7382//7382
f 7112//7112 7382//7382 7484//7484
f 7442//7442 7277//7277 7445//7445
f 7467//7467 7445//7445 7277//7277
f 7470//7470 7467//7467 7432//7432
f 7403//7403 7416//7416 7387//7387
f 7387//7387 7416//7416 7436//7436
f 7498//7498 7470//7470 7263//7263
f 7477//7477 7400//7400 7503//7503
f 7333//7333 7424//7424 7505//7505
f 7386//7386 7456//7456 7410//7410
f 7471//7471 7485//7485 7465//7465
f 7400//7400 7402//7402 7503//7503
f 7427//7427 7474//7474 7483//7483
f 7333//7333 7490//7490 7406//7406
f 7402//7402 7389//7389 7217//7217
f 7385//7385 7458//7458 7450//7450
f 7454//7454 7447//7447 7488//7488
f 7401//7401 7428//7428 7461//7461
f 7461//7461 7428//7428 7444//7444
f 7323//7323 7451//7451 7450//7450
f 7490//7490 7415//7415 7384//7384
f 7486//7486 7468//7468 7326//7326
f 7451//7451 7324//7324 7330//7330
f 7285//7285 7507//7507 7426//7426
f 7326//7326 7468//7468 7444//7444
f 7331//7331 7326//7326 7444//7444
f 7421//7421 7454//7454 7479//7479
f 7421//7421 7479//7479 7509//7509
f 7278//7278 7457//7457 7429//7429
f 7422//7422 7421//7421 7480//7480
f 7429//7429 7457//7457 7409//7409
f 7415//7415 7499//7499 7384//7384
f 7375//7375 7384//7384 7499//7499
f 7453//7453 7431//7431 7475//7475
f 7375//7375 7499//7499 7378//7378
f 7462//7462 7415//7415 7478//7478
f 7407//7407 7475//7475 7431//7431
f 7449//7449 7026//7026 7418//7418
f 7456//7456 7452//7452 7478//7478
f 7239//7239 7336//7336 7500//7500
f 7497//7497 7416//7416 7403//7403
f 7497//7497 7418//7418 7416//7416
f 7434//7434 7340//7340 7419//7419
f 7465//7465 7328//7328 7464//7464
f 7464//7464 7328//7328 7440//7440
f 7464//7464 7471//7471 7465//7465
f 7380//7380 7466//7466 7367//7367
f 7343//7343 7466//7466 7380//7380
f 7459//7459 7435//7435 7506//7506
f 7435//7435 7459//7459 7460//7460
f 7288//7288 7414//7414 7405//7405
f 7412//7412 7414//7414 7288//7288
f 7395//7395 7494//7494 7437//7437
f 7445//7445 7467//7467 7470//7470
f 7432//7432 7373//7373 7470//7470
f 7473//7473 7404//7404 7335//7335
f 7335//7335 7495//7495 7473//7473
f 7448//7448 7470//7470 7373//7373
f 7496//7496 7283//7283 7500//7500
f 7283//7283 7496//7496 7395//7395
f 7437//7437 7501//7501 7371//7371
f 7402//7402 7371//7371 7503//7503
f 7449//7449 7399//7399 7492//7492
f 7427//7427 7461//7461 7474//7474
f 7507//7507 7488//7488 7426//7426
f 7470//7470 7498//7498 7445//7445
f 7468//7468 7482//7482 7444//7444
f 7499//7499 7415//7415 7462//7462
f 7484//7484 7451//7451 7330//7330
f 7487//7487 7505//7505 7424//7424
f 7330//7330 7112//7112 7484//7484
f 7378//7378 7508//7508 7420//7420
f 7487//7487 7475//7475 7505//7505
f 7461//7461 7482//7482 7474//7474
f 7337//7337 7400//7400 7477//7477
f 7444//7444 7482//7482 7461//7461
f 7474//7474 7482//7482 7468//7468
f 7486//7486 7474//7474 7468//7468
f 7483//7483 7471//7471 7472//7472
f 7420//7420 7506//7506 7442//7442
f 7483//7483 7485//7485 7471//7471
f 7442//7442 7506//7506 7435//7435
f 7333//7333 7505//7505 7504//7504
f 7442//7442 7498//7498 7420//7420
f 7490//7490 7333//7333 7504//7504
f 7437//7437 7493//7493 7337//7337
f 7483//7483 7474//7474 7485//7485
f 7493//7493 7437//7437 7494//7494
f 7486//7486 7485//7485 7474//7474
f 7454//7454 7469//7469 7447//7447
f 7494//7494 7412//7412 7493//7493
f 7492//7492 7502//7502 7449//7449
f 7414//7414 7412//7412 7510//7510
f 7445//7445 7498//7498 7442//7442
f 7454//7454 7488//7488 7479//7479
f 7507//7507 7491//7491 7481//7481
f 7481//7481 7491//7491 7431//7431
f 7399//7399 7449//7449 7476//7476
f 7431//7431 7453//7453 7481//7481
f 7510//7510 7494//7494 7395//7395
f 7480//7480 7481//7481 7422//7422
f 7423//7423 7422//7422 7481//7481
f 7481//7481 7453//7453 7423//7423
f 7475//7475 7487//7487 7453//7453
f 7453//7453 7487//7487 7423//7423
f 7476//7476 7449//7449 7497//7497
f 7505//7505 7413//7413 7490//7490
f 7449//7449 7418//7418 7497//7497
f 7413//7413 7415//7415 7490//7490
f 7459//7459 7452//7452 7456//7456
f 7500//7500 7336//7336 7449//7449
f 7404//7404 7473//7473 7411//7411
f 7411//7411 7473//7473 7492//7492
f 7437//7437 7337//7337 7501//7501
f 7451//7451 7484//7484 7450//7450
f 7508//7508 7506//7506 7420//7420
f 7412//7412 7494//7494 7510//7510
f 7502//7502 7500//7500 7449//7449
f 7475//7475 7407//7407 7489//7489
f 7478//7478 7452//7452 7462//7462
f 7475//7475 7489//7489 7505//7505
f 7507//7507 7481//7481 7480//7480
f 7504//7504 7505//7505 7490//7490
f 7505//7505 7489//7489 7430//7430
f 7413//7413 7505//7505 7430//7430
f 7378//7378 7499//7499 7462//7462
f 7492//7492 7473//7473 7495//7495
f 7495//7495 7500//7500 7492//7492
f 7414//7414 7496//7496 7495//7495
f 7495//7495 7496//7496 7500//7500
f 7492//7492 7500//7500 7502//7502
f 7337//7337 7477//7477 7501//7501
f 7503//7503 7371//7371 7501//7501
f 7414//7414 7510//7510 7496//7496
f 7477//7477 7503//7503 7501//7501
f 7496//7496 7510//7510 7395//7395
f 7479//7479 7488//7488 7507//7507
f 7509//7509 7479//7479 7507//7507
f 7452//7452 7459//7459 7508//7508
f 7508//7508 7459//7459 7506//7506
f 7378//7378 7462//7462 7452//7452
f 7508//7508 7378//7378 7452//7452
f 7480//7480 7509//7509 7507//7507
f 7480//7480 7421//7421 7509//7509
